ensemble,technique,entry_time,exit_time,direction,entry,stop,target_r,gross_r,net_r,reason,priority,strategy,balance_before_rm,balance_after_rm,support_count,opposition_count,route_rank
ANY-FIRST,V1 Legacy M15,2026-01-02 01:00:00+00:00,2026-01-02 08:45:00+00:00,1,4353.695,4337.149156295635,2.0,2.0,1.973687077686757,target,3,Ensemble ANY-FIRST,100.0,109.86843538843378,,,
ANY-FIRST,V1 Legacy M15,2026-01-02 13:15:00+00:00,2026-01-02 13:30:00+00:00,1,4399.425,4384.061197101517,2.0,-1.0,-1.0286350002604778,stop,3,Ensemble ANY-FIRST,109.86843538843378,104.21770948521379,,,
ANY-FIRST,Structural Frequency M15,2026-01-02 15:00:00+00:00,2026-01-05 00:15:00+00:00,-1,4352.955,4378.587032157783,3.0,-1.0,-1.0169824810346855,stop,4,Ensemble ANY-FIRST,104.21770948521379,98.91833024721255,,,
ANY-FIRST,M15-0591 MTF,2026-01-05 00:15:00+00:00,2026-01-05 09:00:00+00:00,1,4377.625,4359.882088653809,3.0,3.0,2.9753274707031676,target,0,Ensemble ANY-FIRST,98.91833024721255,113.63405151424352,,,
ANY-FIRST,Outcome First M15,2026-01-05 11:30:00+00:00,2026-01-05 15:00:00+00:00,-1,4416.945,4440.459698997234,3.0,-1.0,-1.0187837615974564,stop,2,Ensemble ANY-FIRST,113.63405151424352,107.84562519188151,,,
ANY-FIRST,V1 Legacy M15,2026-01-05 23:00:00+00:00,2026-01-06 00:00:00+00:00,1,4446.615,4437.043498435291,2.0,-1.0,-1.0464568173545035,stop,3,Ensemble ANY-FIRST,107.84562519188151,102.20283570668636,,,
ANY-FIRST,V1 Legacy M15,2026-01-06 03:15:00+00:00,2026-01-06 19:30:00+00:00,1,4462.345,4437.305677294084,2.0,0.7320485547985144,0.7142272061446007,time_exit,3,Ensemble ANY-FIRST,102.20283570668636,105.85263799702848,,,
ANY-FIRST,V1 Legacy M15,2026-01-06 23:15:00+00:00,2026-01-07 01:00:00+00:00,1,4497.305,4487.690809936411,2.0,-1.0,-1.0467777833624496,stop,3,Ensemble ANY-FIRST,105.85263799702848,100.31242850874862,,,
ANY-FIRST,M15-0591 MTF,2026-01-07 02:00:00+00:00,2026-01-07 03:30:00+00:00,-1,4465.255,4478.500203791301,3.0,-1.0,-1.0337122408258654,stop,0,Ensemble ANY-FIRST,100.31242850874862,95.12771924592548,,,
ANY-FIRST,V1 Legacy M15,2026-01-07 05:45:00+00:00,2026-01-07 08:45:00+00:00,-1,4452.119,4472.356732081212,2.0,-1.0,-1.0219991004038105,stop,3,Ensemble ANY-FIRST,95.12771924592548,90.26669707128538,,,
ANY-FIRST,V1 Legacy M15,2026-01-07 11:45:00+00:00,2026-01-08 05:00:00+00:00,-1,4450.185,4468.183005335041,2.0,1.0506719854774254,1.0259459954737677,time_exit,3,Ensemble ANY-FIRST,90.26669707128538,94.89713489053183,,,
ANY-FIRST,V1 Legacy M15,2026-01-08 05:15:00+00:00,2026-01-08 15:15:00+00:00,-1,4426.995,4443.2153601280825,2.0,-1.0,-1.0272928280571,stop,3,Ensemble ANY-FIRST,94.89713489053183,90.0227775867213,,,
ANY-FIRST,V1 Legacy M15,2026-01-08 16:45:00+00:00,2026-01-09 10:00:00+00:00,1,4460.485,4441.940438262482,2.0,0.5570366205581984,0.5329838278142434,time_exit,3,Ensemble ANY-FIRST,90.0227775867213,92.42181181615335,,,
ANY-FIRST,Outcome First M15,2026-01-09 12:00:00+00:00,2026-01-09 12:45:00+00:00,1,4474.995,4466.298939202062,3.0,-1.0,-1.0514600243027399,stop,2,Ensemble ANY-FIRST,92.42181181615335,87.56291979123756,,,
ANY-FIRST,Structural Portfolio MTF,2026-01-09 14:00:00+00:00,2026-01-12 00:45:00+00:00,1,4482.178,4457.757192841831,4.0,4.0,3.981646069390869,target,1,Ensemble ANY-FIRST,87.56291979123756,104.99514756179602,,,
ANY-FIRST,M15-0591 MTF,2026-01-12 01:30:00+00:00,2026-01-12 11:45:00+00:00,1,4582.325,4560.545551210942,4.0,0.43710931769693656,0.41606964380811806,time_exit,0,Ensemble ANY-FIRST,104.99514756179602,107.17941224417689,,,
ANY-FIRST,Structural Portfolio MTF,2026-01-12 13:00:00+00:00,2026-01-12 23:15:00+00:00,1,4590.285,4577.452279810825,4.0,-1.0,-1.0357701635532583,stop,1,Ensemble ANY-FIRST,107.17941224417689,101.62875037669222,,,
ANY-FIRST,Structural Portfolio MTF,2026-01-13 00:15:00+00:00,2026-01-13 01:45:00+00:00,1,4592.115,4576.383411445114,4.0,-1.0,-1.029190408737036,stop,1,Ensemble ANY-FIRST,101.62875037669222,96.39898361971113,,,
ANY-FIRST,Structural Portfolio MTF,2026-01-13 03:00:00+00:00,2026-01-13 06:45:00+00:00,1,4593.865,4574.350970562461,4.0,-1.0,-1.0235413450343724,stop,1,Ensemble ANY-FIRST,96.39898361971113,91.46556635200785,,,
ANY-FIRST,Outcome First M15,2026-01-13 13:00:00+00:00,2026-01-13 20:45:00+00:00,1,4592.995,4576.9553120003175,3.0,-1.0,-1.0286351891638474,stop,2,Ensemble ANY-FIRST,91.46556635200785,86.76133134468405,,,
ANY-FIRST,M15-0591 MTF,2026-01-14 00:30:00+00:00,2026-01-14 10:45:00+00:00,1,4609.485,4595.722300672016,4.0,1.8993367054709893,1.8658441115390159,time_exit,0,Ensemble ANY-FIRST,86.76133134468405,94.85548730462226,,,
ANY-FIRST,M15-0591 MTF,2026-01-14 15:30:00+00:00,2026-01-14 19:00:00+00:00,-1,4615.135,4635.929290602496,3.0,-1.0,-1.022194241141586,stop,0,Ensemble ANY-FIRST,94.85548730462226,90.00745066144908,,,
ANY-FIRST,V1 Legacy M15,2026-01-14 23:30:00+00:00,2026-01-15 15:45:00+00:00,-1,4608.825,4633.8355856509725,2.0,-0.09715886040860423,-0.115586357726408,time_exit,3,Ensemble ANY-FIRST,90.00745066144908,89.48726899193927,,,
ANY-FIRST,V1 Legacy M15,2026-01-15 16:15:00+00:00,2026-01-16 01:00:00+00:00,1,4621.845,4599.001141813756,2.0,-1.0,-1.0202323309938206,stop,3,Ensemble ANY-FIRST,89.48726899193927,84.92237874004341,,,
ANY-FIRST,V1 Legacy M15,2026-01-16 11:30:00+00:00,2026-01-16 13:00:00+00:00,1,4610.935,4597.643577179371,2.0,-1.0,-1.034691056497304,stop,3,Ensemble ANY-FIRST,84.92237874004341,80.52895745110344,,,
ANY-FIRST,V1 Legacy M15,2026-01-16 15:15:00+00:00,2026-01-16 15:30:00+00:00,1,4615.848,4594.861089929656,2.0,-1.0,-1.021993938052475,stop,3,Ensemble ANY-FIRST,80.52895745110344,76.41395213346777,,,
ANY-FIRST,M15-0591 MTF,2026-01-19 00:00:00+00:00,2026-01-19 10:15:00+00:00,1,4672.375,4651.682709466431,3.0,-0.11115250852818544,-0.13373277818185236,time_exit,0,Ensemble ANY-FIRST,76.41395213346777,75.90299962793459,,,
ANY-FIRST,Structural Portfolio MTF,2026-01-19 12:45:00+00:00,2026-01-20 08:00:00+00:00,1,4671.465,4658.80448262264,4.0,4.0,3.963102100326852,target,1,Ensemble ANY-FIRST,75.90299962793459,90.94356649026338,,,
ANY-FIRST,V1 Legacy M15,2026-01-20 08:15:00+00:00,2026-01-20 23:45:00+00:00,1,4724.235,4708.387623820498,3.0,3.0,2.970189166039291,target,3,Ensemble ANY-FIRST,90.94356649026338,104.4495462857811,,,
ANY-FIRST,M15-0591 MTF,2026-01-21 00:15:00+00:00,2026-01-21 04:30:00+00:00,1,4776.445,4757.521033022679,4.0,4.0,3.9747598111657862,target,0,Ensemble ANY-FIRST,104.4495462857811,125.20763922934226,,,
ANY-FIRST,V1 Legacy M15,2026-01-21 04:30:00+00:00,2026-01-21 15:30:00+00:00,1,4849.595,4825.614362607531,3.0,-1.0,-1.0202229612192164,stop,3,Ensemble ANY-FIRST,125.20763922934226,118.82065380625092,,,
ANY-FIRST,V1 Legacy M15,2026-01-21 17:45:00+00:00,2026-01-22 11:00:00+00:00,-1,4809.645,4854.295064085302,3.0,-0.42889076180079927,-0.4396626276391358,time_exit,3,Ensemble ANY-FIRST,118.82065380625092,116.20860376273811,,,
ANY-FIRST,Structural Portfolio MTF,2026-01-22 15:00:00+00:00,2026-01-22 21:45:00+00:00,1,4834.498,4809.584054275333,4.0,4.0,3.9805952134060663,target,1,Ensemble ANY-FIRST,116.20860376273811,139.33757435746597,,,
ANY-FIRST,M15-0591 MTF,2026-01-22 23:15:00+00:00,2026-01-23 08:30:00+00:00,1,4942.745,4922.7549122646,4.0,-1.0,-1.0247259795225758,stop,0,Ensemble ANY-FIRST,139.33757435746597,132.19843273907827,,,
ANY-FIRST,Outcome First M15,2026-01-23 10:30:00+00:00,2026-01-25 23:15:00+00:00,1,4929.048,4898.426853247447,3.0,3.0,2.983903124073598,target,2,Ensemble ANY-FIRST,132.19843273907827,151.92179856146674,,,
ANY-FIRST,V1 Legacy M15,2026-01-26 01:15:00+00:00,2026-01-26 17:30:00+00:00,1,5057.505,5023.385597157784,3.0,0.9000743694729174,0.885251410749436,time_exit,3,Ensemble ANY-FIRST,151.92179856146674,158.64624788647325,,,
ANY-FIRST,M15-0591 MTF,2026-01-26 20:00:00+00:00,2026-01-27 01:15:00+00:00,-1,5028.265,5063.524607887628,3.0,-1.0,-1.0142606946056378,stop,0,Ensemble ANY-FIRST,158.64624788647325,150.60081520757763,,,
ANY-FIRST,V1 Legacy M15,2026-01-27 06:00:00+00:00,2026-01-27 14:15:00+00:00,1,5082.855,5055.604888137156,2.0,-1.0,-1.0186526023290594,stop,3,Ensemble ANY-FIRST,150.60081520757763,142.93031959137377,,,
ANY-FIRST,Structural Frequency M15,2026-01-27 16:00:00+00:00,2026-01-28 02:00:00+00:00,1,5090.575,5045.9684976196795,3.0,3.0,2.9885878185278973,target,4,Ensemble ANY-FIRST,142.93031959137377,164.2883101928277,,,
ANY-FIRST,M15-0591 MTF,2026-01-28 02:15:00+00:00,2026-01-28 12:30:00+00:00,1,5209.785,5183.960197207335,4.0,1.9868496349011602,1.9666760636184406,time_exit,0,Ensemble ANY-FIRST,164.2883101928277,180.4434045522555,,,
ANY-FIRST,Outcome First M15,2026-01-28 12:45:00+00:00,2026-01-28 15:15:00+00:00,1,5269.395,5244.809985321155,3.0,-1.0,-1.0214333612114301,stop,2,Ensemble ANY-FIRST,180.4434045522555,171.22785889124327,,,
ANY-FIRST,Structural Portfolio MTF,2026-01-28 16:30:00+00:00,2026-01-28 23:45:00+00:00,1,5287.265,5233.357980896434,4.0,4.0,3.9901918802265026,target,1,Ensemble ANY-FIRST,171.22785889124327,205.3894595020637,,,
ANY-FIRST,Structural Portfolio MTF,2026-01-29 11:45:00+00:00,2026-01-29 15:15:00+00:00,1,5514.305,5468.287330678566,4.0,-1.0,-1.0119830167005688,stop,1,Ensemble ANY-FIRST,205.3894595020637,194.9969272607938,,,
ANY-FIRST,M15-0591 MTF,2026-01-30 03:15:00+00:00,2026-01-30 13:30:00+00:00,-1,5179.845,5318.068286765141,3.0,1.120918215924482,1.1171707684999381,time_exit,0,Ensemble ANY-FIRST,194.9969272607938,205.8891706149472,,,
ANY-FIRST,M15-0591 MTF,2026-01-30 18:00:00+00:00,2026-01-30 20:00:00+00:00,-1,4848.798,4931.706554040554,3.0,-1.0,-1.00584836879151,stop,0,Ensemble ANY-FIRST,205.8891706149472,195.5345062942031,,,
ANY-FIRST,V1 Legacy M15,2026-02-01 23:15:00+00:00,2026-02-02 06:30:00+00:00,-1,4746.198,4901.941579905819,2.0,2.0,1.9969525562447774,target,3,Ensemble ANY-FIRST,195.5345062942031,215.0581629031166,,,
ANY-FIRST,Structural Portfolio MTF,2026-02-02 10:45:00+00:00,2026-02-02 11:15:00+00:00,-1,4672.418,4738.32452955156,3.0,-1.0,-1.0070894614415171,stop,1,Ensemble ANY-FIRST,215.0581629031166,204.2290224302815,,,
ANY-FIRST,Structural Frequency M15,2026-02-02 13:45:00+00:00,2026-02-03 00:30:00+00:00,-1,4684.959,4816.921213353567,2.0,-1.0,-1.003550227660586,stop,4,Ensemble ANY-FIRST,204.2290224302815,193.98131833254112,,,
ANY-FIRST,V1 Legacy M15,2026-02-03 01:30:00+00:00,2026-02-03 02:30:00+00:00,1,4852.935,4761.28335907044,2.0,-1.0,-1.005294978846838,stop,3,Ensemble ANY-FIRST,193.98131833254112,184.23089606705145,,,
ANY-FIRST,V1 Legacy M15,2026-02-03 05:30:00+00:00,2026-02-03 07:45:00+00:00,1,4839.145,4797.111590884896,2.0,2.0,1.9884873839598676,target,3,Ensemble ANY-FIRST,184.23089606705145,202.54793669529914,,,
ANY-FIRST,V1 Legacy M15,2026-02-03 08:30:00+00:00,2026-02-04 01:45:00+00:00,1,4936.205,4868.786758718909,2.0,1.415195623424849,1.407873858712211,time_exit,3,Ensemble ANY-FIRST,202.54793669529914,216.80603395576952,,,
ANY-FIRST,V1 Legacy M15,2026-02-04 02:15:00+00:00,2026-02-04 14:45:00+00:00,1,5059.485,4981.728394431187,2.0,-1.0,-1.00650682339203,stop,3,Ensemble ANY-FIRST,216.80603395576952,205.8951963293172,,,
ANY-FIRST,M15-0591 MTF,2026-02-04 23:30:00+00:00,2026-02-05 01:30:00+00:00,1,5019.125,4955.129976416347,3.0,-1.0,-1.007842992656201,stop,0,Ensemble ANY-FIRST,205.8951963293172,195.51969478721344,,,
ANY-FIRST,Structural Portfolio MTF,2026-02-05 09:15:00+00:00,2026-02-06 02:30:00+00:00,-1,4862.245,4946.273119218704,4.0,0.5032839053547036,0.49749745547910323,time_exit,1,Ensemble ANY-FIRST,195.51969478721344,200.38322231984793,,,
ANY-FIRST,V1 Legacy M15,2026-02-06 12:15:00+00:00,2026-02-06 15:15:00+00:00,1,4895.655,4861.354985696249,2.0,2.0,1.9857269593048985,target,3,Ensemble ANY-FIRST,200.38322231984793,220.27854065749338,,,
ANY-FIRST,M15-0591 MTF,2026-02-09 00:30:00+00:00,2026-02-09 00:45:00+00:00,1,5034.795,5017.356624133614,3.0,-1.0,-1.0288719261390904,stop,0,Ensemble ANY-FIRST,220.27854065749338,208.94662033682422,,,
ANY-FIRST,M15-0591 MTF,2026-02-09 10:45:00+00:00,2026-02-09 12:00:00+00:00,-1,4986.615,5017.054161603965,3.0,-1.0,-1.0163822350460217,stop,0,Ensemble ANY-FIRST,208.94662033682422,198.32813868766152,,,
ANY-FIRST,V1 Legacy M15,2026-02-09 13:15:00+00:00,2026-02-09 13:30:00+00:00,1,5021.895,5005.569982859593,2.0,-1.0,-1.0307619585131707,stop,3,Ensemble ANY-FIRST,198.32813868766152,188.10668365456323,,,
ANY-FIRST,V1 Legacy M15,2026-02-09 14:45:00+00:00,2026-02-09 23:15:00+00:00,1,5036.275,4993.290375005117,2.0,-1.0,-1.0117164567577352,stop,3,Ensemble ANY-FIRST,188.10668365456323,178.59115228059107,,,
ANY-FIRST,Outcome First M15,2026-02-10 08:45:00+00:00,2026-02-10 15:45:00+00:00,1,5048.485,5017.93539750195,3.0,-1.0,-1.0165255341712625,stop,2,Ensemble ANY-FIRST,178.59115228059107,169.51402895707662,,,
ANY-FIRST,V1 Legacy M15,2026-02-11 05:45:00+00:00,2026-02-11 11:30:00+00:00,1,5062.085,5042.291327841401,2.0,2.0,1.9744257409163928,target,3,Ensemble ANY-FIRST,169.51402895707662,186.24867206804157,,,
ANY-FIRST,M15-0591 MTF,2026-02-11 11:45:00+00:00,2026-02-11 12:30:00+00:00,1,5108.315,5088.095362559558,4.0,-1.0,-1.0252641275841223,stop,0,Ensemble ANY-FIRST,186.24867206804157,176.70096795396447,,,
ANY-FIRST,V1 Legacy M15,2026-02-11 17:15:00+00:00,2026-02-12 10:30:00+00:00,1,5084.548,5040.782481638103,3.0,-0.5376378683654586,-0.5492555715032481,time_exit,3,Ensemble ANY-FIRST,176.70096795396447,171.84826839702785,,,
ANY-FIRST,Outcome First M15,2026-02-12 10:30:00+00:00,2026-02-12 14:00:00+00:00,-1,5061.018,5081.515275319403,3.0,-1.0,-1.0246911744177485,stop,2,Ensemble ANY-FIRST,171.84826839702785,163.0436981987575,,,
ANY-FIRST,Outcome First M15,2026-02-12 14:30:00+00:00,2026-02-12 16:15:00+00:00,-1,5059.695,5084.521370262245,3.0,3.0,2.9796196747790615,target,2,Ensemble ANY-FIRST,163.0436981987575,187.33410874884538,,,
ANY-FIRST,Structural Portfolio MTF,2026-02-13 05:00:00+00:00,2026-02-13 13:45:00+00:00,-1,4976.375,4998.413391220377,3.0,-1.0,-1.022580482169673,stop,1,Ensemble ANY-FIRST,187.33410874884538,177.75589858628436,,,
ANY-FIRST,Structural Portfolio MTF,2026-02-13 16:15:00+00:00,2026-02-13 16:30:00+00:00,-1,4997.275,5022.038199128185,3.0,-1.0,-1.020180248012916,stop,1,Ensemble ANY-FIRST,177.75589858628436,168.68874575100864,,,
ANY-FIRST,V1 Legacy M15,2026-02-13 16:30:00+00:00,2026-02-16 04:00:00+00:00,1,5027.235,4971.668793666686,2.0,-1.0,-1.009047288508134,stop,3,Ensemble ANY-FIRST,168.68874575100864,160.17799967591398,,,
ANY-FIRST,Structural Frequency M15,2026-02-16 11:30:00+00:00,2026-02-16 15:15:00+00:00,-1,5004.845,5017.821491810377,2.0,2.0,1.9614314479357362,target,4,Ensemble ANY-FIRST,160.17799967591398,175.88690796750288,,,
ANY-FIRST,V1 Legacy M15,2026-02-16 15:15:00+00:00,2026-02-16 23:30:00+00:00,-1,4976.265,5000.280701206649,2.0,-1.0,-1.0207208815482032,stop,3,Ensemble ANY-FIRST,175.88690796750288,166.91033597983403,,,
ANY-FIRST,V1 Legacy M15,2026-02-17 00:15:00+00:00,2026-02-17 01:00:00+00:00,-1,4978.985,5001.447168026961,2.0,2.0,1.977833907243398,target,3,Ensemble ANY-FIRST,166.91033597983403,183.41638207834922,,,
ANY-FIRST,V1 Legacy M15,2026-02-18 00:00:00+00:00,2026-02-18 01:15:00+00:00,-1,4858.855,4885.549656440332,3.0,-1.0,-1.0182016015484614,stop,3,Ensemble ANY-FIRST,183.41638207834922,174.07863937922923,,,
ANY-FIRST,V1 Legacy M15,2026-02-18 03:30:00+00:00,2026-02-18 15:00:00+00:00,1,4918.975,4884.964737743721,2.0,2.0,1.9855367919161169,target,3,Ensemble ANY-FIRST,174.07863937922923,191.36061653793712,,,
ANY-FIRST,M15-0591 MTF,2026-02-18 15:30:00+00:00,2026-02-18 18:30:00+00:00,1,5004.445,4989.81180700227,3.0,-1.0,-1.034199268750002,stop,0,Ensemble ANY-FIRST,191.36061653793712,181.46536605338292,,,
ANY-FIRST,V1 Legacy M15,2026-02-19 04:00:00+00:00,2026-02-19 07:00:00+00:00,1,4981.115,4965.308329236989,2.0,2.0,1.968487260380874,target,3,Ensemble ANY-FIRST,181.46536605338292,199.32597911720475,,,
ANY-FIRST,Structural Portfolio MTF,2026-02-19 14:00:00+00:00,2026-02-19 14:45:00+00:00,1,4996.795,4971.003308264412,3.0,-1.0,-1.0193736612984767,stop,1,Ensemble ANY-FIRST,199.32597911720475,189.16659646097432,,,
ANY-FIRST,Structural Portfolio MTF,2026-02-19 15:15:00+00:00,2026-02-20 08:30:00+00:00,1,4999.735,4961.343812083542,3.0,0.481881416127507,0.46885828433257587,time_exit,1,Ensemble ANY-FIRST,189.16659646097432,193.6012127544606,,,
ANY-FIRST,Structural Portfolio MTF,2026-02-20 08:45:00+00:00,2026-02-20 15:15:00+00:00,1,5022.365,5003.727267712849,3.0,-1.0,-1.0269472966057283,stop,1,Ensemble ANY-FIRST,193.6012127544606,183.6603006515714,,,
ANY-FIRST,Outcome First M15,2026-02-20 15:30:00+00:00,2026-02-20 16:45:00+00:00,-1,5025.135,5065.418417284665,3.0,-1.0,-1.012474450626891,stop,2,Ensemble ANY-FIRST,183.6603006515714,174.36273255136294,,,
ANY-FIRST,V1 Legacy M15,2026-02-20 20:00:00+00:00,2026-02-22 23:15:00+00:00,1,5079.165,5055.8944814426395,2.0,2.0,1.9781733914202206,target,3,Ensemble ANY-FIRST,174.36273255136294,191.60871845078427,,,
ANY-FIRST,V1 Legacy M15,2026-02-23 02:45:00+00:00,2026-02-23 07:15:00+00:00,1,5174.095,5144.600700207859,3.0,-1.0,-1.017542694813791,stop,3,Ensemble ANY-FIRST,191.60871845078427,181.86021586467285,,,
ANY-FIRST,Outcome First M15,2026-02-23 09:00:00+00:00,2026-02-23 15:00:00+00:00,1,5139.925,5120.691658539846,3.0,3.0,2.9732759644981694,target,2,Ensemble ANY-FIRST,181.86021586467285,208.89624630111686,,,
ANY-FIRST,V1 Legacy M15,2026-02-23 16:30:00+00:00,2026-02-24 01:30:00+00:00,1,5214.485,5174.178100102379,2.0,-1.0,-1.0129369537554236,stop,3,Ensemble ANY-FIRST,208.89624630111686,198.31630993215705,,,
ANY-FIRST,Structural Frequency M15,2026-02-24 07:45:00+00:00,2026-02-24 12:30:00+00:00,1,5179.515,5155.143262192281,2.0,-1.0,-1.0212521365561364,stop,4,Ensemble ANY-FIRST,198.31630993215705,188.18976217054984,,,
ANY-FIRST,Structural Frequency M15,2026-02-24 15:00:00+00:00,2026-02-25 05:45:00+00:00,1,5127.615,5091.688360212849,2.0,2.0,1.9857275408154538,target,4,Ensemble ANY-FIRST,188.18976217054984,206.87444185262837,,,
ANY-FIRST,M15-0591 MTF,2026-02-25 11:00:00+00:00,2026-02-25 12:30:00+00:00,-1,5174.715,5185.656193247514,3.0,-1.0,-1.0472957097360083,stop,0,Ensemble ANY-FIRST,206.87444185262837,196.0415060823139,,,
ANY-FIRST,V1 Legacy M15,2026-02-25 16:30:00+00:00,2026-02-25 21:00:00+00:00,1,5202.595,5170.569811752662,2.0,-1.0,-1.016245322150237,stop,3,Ensemble ANY-FIRST,196.0415060823139,186.08019290714196,,,
ANY-FIRST,M15-0591 MTF,2026-02-25 23:00:00+00:00,2026-02-26 00:30:00+00:00,-1,5157.898,5182.6772763611,3.0,-1.0,-1.0208153697663958,stop,0,Ensemble ANY-FIRST,186.08019290714196,176.58251686070665,,,
ANY-FIRST,V1 Legacy M15,2026-02-26 04:15:00+00:00,2026-02-26 08:45:00+00:00,1,5196.445,5174.510605395773,2.0,-1.0,-1.023690852169673,stop,3,Ensemble ANY-FIRST,176.58251686070665,167.54422150253654,,,
ANY-FIRST,M15-0591 MTF,2026-02-26 08:45:00+00:00,2026-02-26 16:00:00+00:00,-1,5173.855,5191.700465608923,3.0,-1.0,-1.028992546977384,stop,0,Ensemble ANY-FIRST,167.54422150253654,158.92413374177465,,,
ANY-FIRST,V1 Legacy M15,2026-02-26 20:15:00+00:00,2026-02-26 23:15:00+00:00,1,5196.585,5177.534745483742,3.0,-1.0,-1.0272782969674503,stop,3,Ensemble ANY-FIRST,158.92413374177465,150.76116806891076,,,
ANY-FIRST,Structural Portfolio MTF,2026-02-27 02:00:00+00:00,2026-02-27 18:15:00+00:00,1,5193.775,5165.51536264865,4.0,1.398460974875634,1.3800822004581628,time_exit,1,Ensemble ANY-FIRST,150.76116806891076,161.16430829752002,,,
ANY-FIRST,M15-0591 MTF,2026-03-02 00:00:00+00:00,2026-03-02 00:30:00+00:00,1,5386.675,5350.088917849996,4.0,-1.0,-1.0147232900694707,stop,0,Ensemble ANY-FIRST,161.16430829752002,152.98744943964851,,,
ANY-FIRST,V1 Legacy M15,2026-03-02 03:45:00+00:00,2026-03-02 14:30:00+00:00,1,5361.905,5323.926761752887,3.0,-1.0,-1.0141183615867373,stop,3,Ensemble ANY-FIRST,152.98744943964851,145.230080361195,,,
ANY-FIRST,V1 Legacy M15,2026-03-03 01:15:00+00:00,2026-03-03 06:00:00+00:00,1,5367.785,5328.042211404394,3.0,-1.0,-1.0135063119365346,stop,3,Ensemble ANY-FIRST,145.230080361195,137.87050020473896,,,
ANY-FIRST,M15-0591 MTF,2026-03-03 10:15:00+00:00,2026-03-03 11:15:00+00:00,-1,5272.585,5304.896556691013,3.0,3.0,2.9836820458685405,target,0,Ensemble ANY-FIRST,137.87050020473896,158.4385870105287,,,
ANY-FIRST,M15-0591 MTF,2026-03-03 11:45:00+00:00,2026-03-03 13:00:00+00:00,-1,5123.498,5213.124131896004,3.0,-1.0,-1.0057165225047813,stop,0,Ensemble ANY-FIRST,158.4385870105287,150.4713717725887,,,
ANY-FIRST,V1 Legacy M15,2026-03-03 14:45:00+00:00,2026-03-04 02:15:00+00:00,-1,5070.935,5189.680378352312,2.0,-1.0,-1.004270427253981,stop,3,Ensemble ANY-FIRST,150.4713717725887,142.91567433161117,,,
ANY-FIRST,V1 Legacy M15,2026-03-04 09:45:00+00:00,2026-03-04 15:00:00+00:00,1,5182.465,5150.387242033309,2.0,-1.0,-1.016155945204716,stop,3,Ensemble ANY-FIRST,142.91567433161117,135.65444372486078,,,
ANY-FIRST,M15-0591 MTF,2026-03-04 15:15:00+00:00,2026-03-05 01:15:00+00:00,-1,5134.125,5181.480318466312,3.0,-1.0,-1.0108417072596656,stop,0,Ensemble ANY-FIRST,135.65444372486078,128.79818525025084,,,
ANY-FIRST,V1 Legacy M15,2026-03-05 03:00:00+00:00,2026-03-05 05:45:00+00:00,1,5191.705,5165.937198103271,2.0,-1.0,-1.0201480321092466,stop,3,Ensemble ANY-FIRST,128.79818525025084,122.22852448913656,,,
ANY-FIRST,M15-0591 MTF,2026-03-06 09:15:00+00:00,2026-03-06 13:45:00+00:00,-1,5095.545,5118.627456961871,4.0,-1.0,-1.0220754012816624,stop,0,Ensemble ANY-FIRST,122.22852448913656,115.98218607837158,,,
ANY-FIRST,V1 Legacy M15,2026-03-06 18:45:00+00:00,2026-03-08 22:15:00+00:00,1,5165.195,5130.844050472892,2.0,-1.0,-1.0150365421366998,stop,3,Ensemble ANY-FIRST,115.98218607837158,110.0958782230493,,,
ANY-FIRST,Structural Portfolio MTF,2026-03-08 22:30:00+00:00,2026-03-08 23:45:00+00:00,-1,5154.995,5198.538486756206,2.0,2.0,1.9881612719053436,target,1,Ensemble ANY-FIRST,110.0958782230493,121.04029628702298,,,
ANY-FIRST,V1 Legacy M15,2026-03-09 13:45:00+00:00,2026-03-09 14:45:00+00:00,-1,5075.205,5113.385342844912,2.0,-1.0,-1.0132927171990451,stop,3,Ensemble ANY-FIRST,121.04029628702298,114.90783375126023,,,
ANY-FIRST,V1 Legacy M15,2026-03-09 18:45:00+00:00,2026-03-10 02:00:00+00:00,1,5117.795,5087.376946896695,2.0,2.0,1.9831751395047572,target,3,Ensemble ANY-FIRST,114.90783375126023,126.30195171275248,,,
ANY-FIRST,M15-0591 MTF,2026-03-10 02:30:00+00:00,2026-03-10 03:30:00+00:00,1,5179.415,5162.213381964635,3.0,-1.0,-1.030110045400099,stop,0,Ensemble ANY-FIRST,126.30195171275248,119.79670625210525,,,
ANY-FIRST,V1 Legacy M15,2026-03-10 06:00:00+00:00,2026-03-10 07:30:00+00:00,1,5177.755,5159.998769187495,2.0,-1.0,-1.0291602145448202,stop,3,Ensemble ANY-FIRST,119.79670625210525,113.63220605669628,,,
ANY-FIRST,V1 Legacy M15,2026-03-10 08:00:00+00:00,2026-03-10 10:45:00+00:00,1,5180.815,5157.242722420411,2.0,-1.0,-1.0219784235210523,stop,3,Ensemble ANY-FIRST,113.63220605669628,107.82572291634418,,,
ANY-FIRST,Structural Frequency M15,2026-03-10 11:30:00+00:00,2026-03-10 16:00:00+00:00,1,5182.858,5155.127090234181,2.0,2.0,1.9813101768251817,target,4,Ensemble ANY-FIRST,107.82572291634418,118.50753302322842,,,
ANY-FIRST,V1 Legacy M15,2026-03-11 00:30:00+00:00,2026-03-11 07:45:00+00:00,1,5212.065,5185.304056405388,3.0,-1.0,-1.01947638722668,stop,3,Ensemble ANY-FIRST,118.50753302322842,112.46675144194505,,,
ANY-FIRST,V1 Legacy M15,2026-03-11 13:00:00+00:00,2026-03-12 06:15:00+00:00,-1,5167.265,5197.104801053866,2.0,0.43632998680176077,0.4190132996339334,time_exit,3,Ensemble ANY-FIRST,112.46675144194505,114.82300467298498,,,
ANY-FIRST,M15-0591 MTF,2026-03-12 08:00:00+00:00,2026-03-12 12:30:00+00:00,1,5182.225,5166.710807566204,3.0,-1.0,-1.0334031244108512,stop,0,Ensemble ANY-FIRST,114.82300467298498,108.89008208381975,,,
ANY-FIRST,Structural Frequency M15,2026-03-12 13:00:00+00:00,2026-03-12 13:30:00+00:00,1,5181.015,5162.732050277156,3.0,-1.0,-1.0283379601133316,stop,4,Ensemble ANY-FIRST,108.89008208381975,103.29129183948733,,,
ANY-FIRST,V1 Legacy M15,2026-03-12 18:45:00+00:00,2026-03-13 02:00:00+00:00,-1,5098.428,5123.843127558019,2.0,-1.0,-1.020060603624204,stop,3,Ensemble ANY-FIRST,103.29129183948733,98.02312296434177,,,
ANY-FIRST,Structural Portfolio MTF,2026-03-13 02:45:00+00:00,2026-03-13 07:30:00+00:00,-1,5117.845,5129.151366363907,4.0,4.0,3.9547348384505066,target,1,Ensemble ANY-FIRST,98.02312296434177,117.40589593238178,,,
ANY-FIRST,Outcome First M15,2026-03-13 14:15:00+00:00,2026-03-15 23:30:00+00:00,-1,5090.095,5122.808378265805,3.0,3.0,2.9844403260383516,target,2,Ensemble ANY-FIRST,117.40589593238178,134.9254404491449,,,
ANY-FIRST,M15-0591 MTF,2026-03-16 08:15:00+00:00,2026-03-16 11:30:00+00:00,-1,4988.575,5008.509087088142,4.0,-1.0,-1.0250253496833943,stop,0,Ensemble ANY-FIRST,134.9254404491449,128.01034061026635,,,
ANY-FIRST,Structural Portfolio MTF,2026-03-16 14:45:00+00:00,2026-03-17 04:45:00+00:00,-1,5000.825,5038.997253162894,3.0,-1.0,-1.013100680692491,stop,1,Ensemble ANY-FIRST,128.01034061026635,121.52597244986943,,,
ANY-FIRST,M15-0591 MTF,2026-03-17 05:15:00+00:00,2026-03-17 06:00:00+00:00,1,5040.425,5031.048205639054,3.0,-1.0,-1.053754244851449,stop,0,Ensemble ANY-FIRST,121.52597244986943,115.12304698343192,,,
ANY-FIRST,Structural Portfolio MTF,2026-03-17 06:00:00+00:00,2026-03-17 23:15:00+00:00,-1,5020.575,5045.203452989421,3.0,0.8778464489542486,0.857461185608002,time_exit,1,Ensemble ANY-FIRST,115.12304698343192,120.05872420129288,,,
ANY-FIRST,Structural Portfolio MTF,2026-03-18 02:00:00+00:00,2026-03-18 12:00:00+00:00,-1,4998.515,5016.452006298488,4.0,4.0,3.972132947288861,target,1,Ensemble ANY-FIRST,120.05872420129288,143.90318490176398,,,
ANY-FIRST,M15-0591 MTF,2026-03-18 12:30:00+00:00,2026-03-18 23:45:00+00:00,-1,4901.365,4934.113717129551,4.0,2.05992801895516,2.0449614326897785,time_exit,0,Ensemble ANY-FIRST,143.90318490176398,158.61700806003066,,,
ANY-FIRST,V1 Legacy M15,2026-03-19 05:45:00+00:00,2026-03-19 06:45:00+00:00,-1,4833.505,4854.637344332692,2.0,2.0,1.9771274548440774,target,3,Ensemble ANY-FIRST,158.61700806003066,174.2973101320662,,,
ANY-FIRST,M15-0591 MTF,2026-03-19 08:00:00+00:00,2026-03-19 13:00:00+00:00,-1,4727.525,4773.436787728821,4.0,4.0,3.9897030256632062,target,0,Ensemble ANY-FIRST,174.2973101320662,209.06703541200935,,,
ANY-FIRST,Structural Portfolio MTF,2026-03-19 23:00:00+00:00,2026-03-20 01:15:00+00:00,-1,4635.565,4679.080907788337,4.0,-1.0,-1.010652575657039,stop,1,Ensemble ANY-FIRST,209.06703541200935,198.50232852080293,,,
ANY-FIRST,V1 Legacy M15,2026-03-20 03:15:00+00:00,2026-03-20 06:45:00+00:00,1,4717.165,4668.200756581016,2.0,-1.0,-1.0096338974537715,stop,3,Ensemble ANY-FIRST,198.50232852080293,188.48159454089756,,,
ANY-FIRST,V1 Legacy M15,2026-03-20 11:00:00+00:00,2026-03-20 12:15:00+00:00,-1,4645.155,4694.140369345191,2.0,-1.0,-1.009482739565086,stop,3,Ensemble ANY-FIRST,188.48159454089756,178.9681487201605,,,
ANY-FIRST,M15-0591 MTF,2026-03-20 15:00:00+00:00,2026-03-20 16:30:00+00:00,-1,4563.705,4591.208474866107,4.0,-1.0,-1.0165931942135205,stop,0,Ensemble ANY-FIRST,178.9681487201605,169.8712586216651,,,
ANY-FIRST,V1 Legacy M15,2026-03-20 18:45:00+00:00,2026-03-23 00:45:00+00:00,-1,4525.698,4585.183662435518,3.0,3.0,2.9923919515817685,target,3,Ensemble ANY-FIRST,169.8712586216651,195.28732797689187,,,
ANY-FIRST,V1 Legacy M15,2026-03-23 05:45:00+00:00,2026-03-23 07:15:00+00:00,-1,4321.755,4384.580972740001,3.0,3.0,2.993121069501168,target,3,Ensemble ANY-FIRST,195.28732797689187,224.51325877560288,,,
ANY-FIRST,Outcome First M15,2026-03-23 08:00:00+00:00,2026-03-24 01:15:00+00:00,1,4203.695,4093.642868469857,3.0,1.154725476309321,1.1509057456584444,time_exit,2,Ensemble ANY-FIRST,224.51325877560288,237.43293875067002,,,
ANY-FIRST,M15-0591 MTF,2026-03-24 01:15:00+00:00,2026-03-24 06:30:00+00:00,-1,4330.805,4390.8062424830505,4.0,-1.0,-1.007217858865545,stop,0,Ensemble ANY-FIRST,237.43293875067002,225.47560394103982,,,
ANY-FIRST,V1 Legacy M15,2026-03-24 11:00:00+00:00,2026-03-24 11:15:00+00:00,1,4438.445,4402.780344482875,2.0,-1.0,-1.0124449400552007,stop,3,Ensemble ANY-FIRST,225.47560394103982,214.06152222524,,,
ANY-FIRST,Structural Frequency M15,2026-03-24 12:45:00+00:00,2026-03-24 20:30:00+00:00,-1,4369.365,4434.112363370131,2.0,-1.0,-1.0067483288470334,stop,4,Ensemble ANY-FIRST,214.06152222524,203.28621823670437,,,
ANY-FIRST,V1 Legacy M15,2026-03-24 20:30:00+00:00,2026-03-25 02:00:00+00:00,1,4455.395,4386.164923347217,2.0,2.0,1.9935643650629689,target,3,Ensemble ANY-FIRST,203.28621823670437,223.54942626595974,,,
ANY-FIRST,V1 Legacy M15,2026-03-25 11:30:00+00:00,2026-03-25 12:30:00+00:00,1,4579.705,4549.61508635188,2.0,-1.0,-1.0152200669418874,stop,3,Ensemble ANY-FIRST,223.54942626595974,212.20183309103234,,,
ANY-FIRST,V1 Legacy M15,2026-03-25 23:45:00+00:00,2026-03-26 01:00:00+00:00,-1,4494.435,4536.450552755353,2.0,-1.0,-1.0106970745480135,stop,3,Ensemble ANY-FIRST,212.20183309103234,201.47824449509073,,,
ANY-FIRST,V1 Legacy M15,2026-03-26 03:00:00+00:00,2026-03-26 06:00:00+00:00,-1,4508.395,4538.955803992998,2.0,2.0,1.985247786671342,target,3,Ensemble ANY-FIRST,201.47824449509073,221.47745644240607,,,
ANY-FIRST,Outcome First M15,2026-03-26 12:00:00+00:00,2026-03-26 14:00:00+00:00,-1,4422.775,4458.2465135434795,3.0,-1.0,-1.0124685263135973,stop,2,Ensemble ANY-FIRST,221.47745644240607,210.26550874560974,,,
ANY-FIRST,Outcome First M15,2026-03-26 15:45:00+00:00,2026-03-27 09:00:00+00:00,-1,4439.925,4481.40060181662,3.0,0.38890333819186595,0.37819843023265015,time_exit,2,Ensemble ANY-FIRST,210.26550874560974,214.24161301259272,,,
ANY-FIRST,M15-0591 MTF,2026-03-27 11:00:00+00:00,2026-03-27 12:30:00+00:00,-1,4414.498,4431.610772232452,4.0,-1.0,-1.0257965099987034,stop,0,Ensemble ANY-FIRST,214.24161301259272,203.25319806635218,,,
ANY-FIRST,M15-0591 MTF,2026-03-30 00:00:00+00:00,2026-03-30 01:45:00+00:00,-1,4448.675,4474.508499523283,3.0,-1.0,-1.017220566636706,stop,0,Ensemble ANY-FIRST,203.25319806635218,192.91553140096332,,,
ANY-FIRST,V1 Legacy M15,2026-03-30 03:15:00+00:00,2026-03-30 19:30:00+00:00,1,4504.145,4456.562469089823,2.0,-0.058004480787504364,-0.06747044426999035,time_exit,3,Ensemble ANY-FIRST,192.91553140096332,192.2647265704531,,,
ANY-FIRST,V1 Legacy M15,2026-03-31 05:45:00+00:00,2026-03-31 07:30:00+00:00,1,4576.435,4545.815682127865,2.0,-1.0,-1.0149462343319045,stop,3,Ensemble ANY-FIRST,192.2647265704531,182.50780855907638,,,
ANY-FIRST,V1 Legacy M15,2026-03-31 14:00:00+00:00,2026-03-31 22:45:00+00:00,1,4606.295,4565.920260014904,2.0,2.0,1.9885911463412511,target,3,Ensemble ANY-FIRST,182.50780855907638,200.65447917101253,,,
ANY-FIRST,V1 Legacy M15,2026-04-01 00:15:00+00:00,2026-04-01 16:00:00+00:00,1,4702.748,4660.16644225589,2.0,2.0,1.9889559042713731,target,3,Ensemble ANY-FIRST,200.65447917101253,220.60912472429663,,,
ANY-FIRST,V1 Legacy M15,2026-04-02 05:45:00+00:00,2026-04-02 14:45:00+00:00,-1,4634.305,4682.286134529788,2.0,-1.0,-1.0096585982082664,stop,3,Ensemble ANY-FIRST,220.60912472429663,209.47212974324233,,,
ANY-FIRST,V1 Legacy M15,2026-04-02 19:15:00+00:00,2026-04-05 22:15:00+00:00,1,4674.188,4643.908882240736,2.0,-1.0,-1.0154370019534993,stop,3,Ensemble ANY-FIRST,209.47212974324233,198.83684217227773,,,
ANY-FIRST,V1 Legacy M15,2026-04-06 00:30:00+00:00,2026-04-06 02:30:00+00:00,-1,4603.035,4652.1737242271565,2.0,-1.0,-1.009367428789403,stop,3,Ensemble ANY-FIRST,198.83684217227773,188.80187056567593,,,
ANY-FIRST,V1 Legacy M15,2026-04-06 05:15:00+00:00,2026-04-06 22:30:00+00:00,1,4673.395,4628.929720477072,2.0,-0.2590785467582666,-0.26958875843385083,time_exit,3,Ensemble ANY-FIRST,188.80187056567593,186.25692747188646,,,
ANY-FIRST,V1 Legacy M15,2026-04-07 05:30:00+00:00,2026-04-07 08:15:00+00:00,-1,4632.015,4664.991044488621,2.0,-1.0,-1.0140466058674757,stop,3,Ensemble ANY-FIRST,186.25692747188646,176.8132672157779,,,
ANY-FIRST,Structural Portfolio MTF,2026-04-07 10:00:00+00:00,2026-04-07 19:30:00+00:00,-1,4670.438,4695.347573037925,3.0,-1.0,-1.0187495706686311,stop,1,Ensemble ANY-FIRST,176.8132672157779,167.80684521254832,,,
ANY-FIRST,V1 Legacy M15,2026-04-07 19:30:00+00:00,2026-04-07 22:15:00+00:00,1,4687.125,4655.420224176568,2.0,2.0,1.9852163439788908,target,3,Ensemble ANY-FIRST,167.80684521254832,184.46348979992268,,,
ANY-FIRST,M15-0591 MTF,2026-04-07 23:15:00+00:00,2026-04-08 09:30:00+00:00,1,4817.825,4758.3163418093,4.0,-0.3330607780885441,-0.3411567848655091,time_exit,0,Ensemble ANY-FIRST,184.46348979992268,181.31694124466202,,,
ANY-FIRST,V1 Legacy M15,2026-04-08 12:15:00+00:00,2026-04-08 12:30:00+00:00,1,4805.065,4776.523079722421,2.0,-1.0,-1.0168351146428458,stop,3,Ensemble ANY-FIRST,181.31694124466202,172.09846960780172,,,
ANY-FIRST,V1 Legacy M15,2026-04-08 18:00:00+00:00,2026-04-09 11:15:00+00:00,-1,4733.525,4766.719780091277,2.0,-0.16116991844166942,-0.17542976588450215,time_exit,3,Ensemble ANY-FIRST,172.09846960780172,170.58890989618283,,,
ANY-FIRST,V1 Legacy M15,2026-04-09 11:45:00+00:00,2026-04-10 05:00:00+00:00,1,4750.755,4722.507897710607,2.0,0.26551396044670494,0.24869540344454513,time_exit,3,Ensemble ANY-FIRST,170.58890989618283,172.71014378467262,,,
ANY-FIRST,V1 Legacy M15,2026-04-10 06:45:00+00:00,2026-04-10 12:15:00+00:00,-1,4750.565,4769.719796068241,2.0,-1.0,-1.0248009166115661,stop,3,Ensemble ANY-FIRST,172.71014378467262,163.86046810174022,,,
ANY-FIRST,V1 Legacy M15,2026-04-10 12:45:00+00:00,2026-04-10 16:15:00+00:00,1,4772.485,4753.248030465594,2.0,-1.0,-1.024808923211446,stop,3,Ensemble ANY-FIRST,163.86046810174022,155.46418460812683,,,
ANY-FIRST,V1 Legacy M15,2026-04-10 20:30:00+00:00,2026-04-12 22:15:00+00:00,-1,4745.158,4771.243131161012,2.0,2.0,1.981808954799919,target,3,Ensemble ANY-FIRST,155.46418460812683,170.8692002684795,,,
ANY-FIRST,Structural Frequency M15,2026-04-13 08:45:00+00:00,2026-04-13 14:00:00+00:00,-1,4721.205,4740.743310963524,2.0,-1.0,-1.0241638338585868,stop,4,Ensemble ANY-FIRST,170.8692002684795,162.11929750671365,,,
ANY-FIRST,Structural Frequency M15,2026-04-13 14:30:00+00:00,2026-04-13 17:00:00+00:00,-1,4715.065,4745.471153244038,2.0,-1.0,-1.0155069434865933,stop,4,Ensemble ANY-FIRST,162.11929750671365,153.88763389215183,,,
ANY-FIRST,V1 Legacy M15,2026-04-13 23:00:00+00:00,2026-04-14 13:45:00+00:00,1,4757.395,4737.043649984432,2.0,2.0,1.9766236883727093,target,3,Ensemble ANY-FIRST,153.88763389215183,169.09653101709455,,,
ANY-FIRST,M15-0591 MTF,2026-04-14 15:00:00+00:00,2026-04-14 15:15:00+00:00,1,4803.645,4793.372838904492,4.0,-1.0,-1.0467637233814444,stop,0,Ensemble ANY-FIRST,169.09653101709455,160.24632529617756,,,
ANY-FIRST,V1 Legacy M15,2026-04-14 17:15:00+00:00,2026-04-15 09:15:00+00:00,1,4826.835,4803.542136452364,3.0,-1.0,-1.020722377006711,stop,3,Ensemble ANY-FIRST,160.24632529617756,152.0679747930323,,,
ANY-FIRST,Outcome First M15,2026-04-15 12:00:00+00:00,2026-04-15 15:45:00+00:00,1,4812.495,4791.844560727004,3.0,-1.0,-1.0233045647909933,stop,2,Ensemble ANY-FIRST,152.0679747930323,144.28738215482073,,,
ANY-FIRST,M15-0591 MTF,2026-04-16 00:45:00+00:00,2026-04-16 01:45:00+00:00,1,4832.245,4813.399157099728,4.0,-1.0,-1.0256409067271288,stop,0,Ensemble ANY-FIRST,144.28738215482073,136.88803008169302,,,
ANY-FIRST,V1 Legacy M15,2026-04-16 04:45:00+00:00,2026-04-16 06:30:00+00:00,1,4830.215,4818.069410340375,2.0,-1.0,-1.039769291861199,stop,3,Ensemble ANY-FIRST,136.88803008169302,129.77143157657719,,,
ANY-FIRST,Outcome First M15,2026-04-16 11:00:00+00:00,2026-04-16 14:00:00+00:00,1,4817.035,4804.094671369596,3.0,-1.0,-1.0372249819736576,stop,2,Ensemble ANY-FIRST,129.77143157657719,123.04132303769164,,,
ANY-FIRST,Outcome First M15,2026-04-16 14:15:00+00:00,2026-04-17 07:30:00+00:00,-1,4800.595,4824.590062660631,2.0,0.3792446858215971,0.3592380908487217,time_exit,2,Ensemble ANY-FIRST,123.04132303769164,125.2513795368697,,,
ANY-FIRST,Structural Frequency M15,2026-04-17 09:00:00+00:00,2026-04-17 13:00:00+00:00,1,4795.865,4777.846248229514,2.0,2.0,1.9733840331389916,target,4,Ensemble ANY-FIRST,125.2513795368697,137.6098331622042,,,
ANY-FIRST,M15-0591 MTF,2026-04-17 13:45:00+00:00,2026-04-17 21:00:00+00:00,1,4864.215,4833.28733113761,3.0,-1.0,-1.0157277130120697,stop,0,Ensemble ANY-FIRST,137.6098331622042,130.6211271059133,,,
ANY-FIRST,V1 Legacy M15,2026-04-20 04:45:00+00:00,2026-04-20 07:15:00+00:00,-1,4787.175,4797.549015010091,2.0,-1.0,-1.0461458268119272,stop,3,Ensemble ANY-FIRST,130.6211271059133,123.78868975514722,,,
ANY-FIRST,M15-0591 MTF,2026-04-20 12:15:00+00:00,2026-04-20 15:00:00+00:00,1,4810.915,4793.566036944109,3.0,-1.0,-1.0277302740486642,stop,0,Ensemble ANY-FIRST,123.78868975514722,117.42762055283809,,,
ANY-FIRST,Outcome First M15,2026-04-20 15:15:00+00:00,2026-04-20 22:15:00+00:00,-1,4798.005,4828.507177025809,2.0,-1.0,-1.0157300411571941,stop,2,Ensemble ANY-FIRST,117.42762055283809,111.4638824599818,,,
ANY-FIRST,M15-0591 MTF,2026-04-20 22:45:00+00:00,2026-04-21 00:45:00+00:00,1,4830.315,4818.538533318275,4.0,-1.0,-1.041016674445281,stop,0,Ensemble ANY-FIRST,111.4638824599818,105.6620944480193,,,
ANY-FIRST,V1 Legacy M15,2026-04-21 05:00:00+00:00,2026-04-21 12:45:00+00:00,-1,4789.055,4800.267254085736,2.0,2.0,1.957287312940109,target,3,Ensemble ANY-FIRST,105.6620944480193,116.0026482941087,,,
ANY-FIRST,Structural Frequency M15,2026-04-21 12:45:00+00:00,2026-04-21 17:00:00+00:00,-1,4778.615,4798.853295009045,3.0,3.0,2.9763882530723844,target,4,Ensemble ANY-FIRST,116.0026482941087,133.2660942795023,,,
ANY-FIRST,V1 Legacy M15,2026-04-22 03:30:00+00:00,2026-04-22 10:15:00+00:00,1,4762.835,4748.834147514626,2.0,-1.0,-1.0340181785714517,stop,3,Ensemble ANY-FIRST,133.2660942795023,126.37611607589119,,,
ANY-FIRST,Outcome First M15,2026-04-22 14:00:00+00:00,2026-04-22 14:45:00+00:00,1,4752.685,4735.3505886271005,2.0,-1.0,-1.027417631310113,stop,2,Ensemble ANY-FIRST,126.37611607589119,119.884063584248,,,
ANY-FIRST,M15-0591 MTF,2026-04-22 15:30:00+00:00,2026-04-22 19:00:00+00:00,-1,4735.105,4745.524258215566,3.0,-1.0,-1.0454457016232277,stop,0,Ensemble ANY-FIRST,119.884063584248,113.6174496358841,,,
ANY-FIRST,Structural Portfolio MTF,2026-04-23 01:30:00+00:00,2026-04-23 17:45:00+00:00,-1,4728.045,4754.677099848227,3.0,1.9048441650904149,1.887090983677967,time_exit,1,Ensemble ANY-FIRST,113.6174496358841,124.33777287570223,,,
ANY-FIRST,V1 Legacy M15,2026-04-24 02:30:00+00:00,2026-04-24 11:30:00+00:00,-1,4683.365,4711.958753620276,2.0,-1.0,-1.01637897934701,stop,3,Ensemble ANY-FIRST,124.33777287570223,118.0190579412179,,,
ANY-FIRST,M15-0591 MTF,2026-04-24 12:00:00+00:00,2026-04-24 13:00:00+00:00,1,4706.705,4691.048052856111,3.0,-1.0,-1.0300614478464092,stop,0,Ensemble ANY-FIRST,118.0190579412179,111.94071385639789,,,
ANY-FIRST,Structural Frequency M15,2026-04-24 13:00:00+00:00,2026-04-24 14:15:00+00:00,-1,4700.765,4718.200107449765,3.0,-1.0,-1.0269614914249554,stop,4,Ensemble ANY-FIRST,111.94071385639789,106.19277373374086,,,
ANY-FIRST,M15-0591 MTF,2026-04-24 14:45:00+00:00,2026-04-24 20:15:00+00:00,1,4730.235,4705.215754507767,3.0,-1.0,-1.0189063854921945,stop,0,Ensemble ANY-FIRST,106.19277373374086,100.78274897121904,,,
ANY-FIRST,M15-0591 MTF,2026-04-24 20:45:00+00:00,2026-04-27 00:15:00+00:00,-1,4707.105,4718.195560645279,3.0,3.0,2.9575575559202827,target,0,Ensemble ANY-FIRST,100.78274897121904,115.68628800753133,,,
ANY-FIRST,M15-0591 MTF,2026-04-27 04:15:00+00:00,2026-04-27 05:45:00+00:00,1,4727.245,4713.9552439390045,3.0,-1.0,-1.035570592705416,stop,0,Ensemble ANY-FIRST,115.68628800753133,109.69622211553889,,,
ANY-FIRST,Outcome First M15,2026-04-27 12:45:00+00:00,2026-04-28 05:15:00+00:00,-1,4698.585,4713.148868309352,3.0,3.0,2.967738069994887,target,2,Ensemble ANY-FIRST,109.69622211553889,125.97370484088387,,,
ANY-FIRST,V1 Legacy M15,2026-04-28 08:15:00+00:00,2026-04-28 12:00:00+00:00,-1,4620.075,4640.246658430207,3.0,3.0,2.9770962064622246,target,3,Ensemble ANY-FIRST,125.97370484088387,144.72549678067324,,,
ANY-FIRST,V1 Legacy M15,2026-04-28 23:15:00+00:00,2026-04-29 00:15:00+00:00,-1,4590.515,4600.167722389093,2.0,-1.0,-1.0475566872739157,stop,3,Ensemble ANY-FIRST,144.72549678067324,137.14508868209154,,,
ANY-FIRST,M15-0591 MTF,2026-04-29 01:30:00+00:00,2026-04-29 02:15:00+00:00,-1,4580.255,4601.198889180988,4.0,-1.0,-1.02186917129106,stop,0,Ensemble ANY-FIRST,137.14508868209154,130.13787177618113,,,
ANY-FIRST,V1 Legacy M15,2026-04-29 06:00:00+00:00,2026-04-29 10:00:00+00:00,-1,4590.775,4608.417929681308,2.0,2.0,1.9739795199384396,target,3,Ensemble ANY-FIRST,130.13787177618113,142.98234645890892,,,
ANY-FIRST,M15-0591 MTF,2026-04-29 13:30:00+00:00,2026-04-29 16:15:00+00:00,-1,4537.595,4560.955135728091,4.0,-1.0,-1.0194245232682597,stop,0,Ensemble ANY-FIRST,142.98234645890892,135.6943609401764,,,
ANY-FIRST,V1 Legacy M15,2026-04-29 18:15:00+00:00,2026-04-30 00:00:00+00:00,-1,4525.375,4555.46022370506,2.0,-1.0,-1.0150418525863871,stop,3,Ensemble ANY-FIRST,135.6943609401764,128.80758816446428,,,
ANY-FIRST,V1 Legacy M15,2026-04-30 01:30:00+00:00,2026-04-30 04:15:00+00:00,1,4579.615,4555.296734336005,2.0,-1.0,-1.0188319967520567,stop,3,Ensemble ANY-FIRST,128.80758816446428,122.2459235521434,,,
ANY-FIRST,M15-0591 MTF,2026-04-30 05:00:00+00:00,2026-04-30 05:30:00+00:00,-1,4541.725,4557.72869167275,4.0,-1.0,-1.0283792333223558,stop,0,Ensemble ANY-FIRST,122.2459235521434,115.96016509517656,,,
ANY-FIRST,V1 Legacy M15,2026-04-30 06:45:00+00:00,2026-04-30 08:15:00+00:00,1,4575.025,4550.905076043635,2.0,2.0,1.9810321748597688,target,3,Ensemble ANY-FIRST,115.96016509517656,127.44620599795634,,,
ANY-FIRST,V1 Legacy M15,2026-04-30 10:30:00+00:00,2026-04-30 14:00:00+00:00,1,4643.655,4613.315500775621,2.0,-1.0,-1.0153056415521478,stop,3,Ensemble ANY-FIRST,127.44620599795634,120.97636340074922,,,
ANY-FIRST,V1 Legacy M15,2026-04-30 22:15:00+00:00,2026-05-01 04:45:00+00:00,1,4631.155,4613.553739490906,2.0,-1.0,-1.0263114962568012,stop,3,Ensemble ANY-FIRST,120.97636340074922,114.76839177407274,,,
ANY-FIRST,V1 Legacy M15,2026-05-01 06:00:00+00:00,2026-05-01 08:00:00+00:00,-1,4604.655,4618.434034018671,2.0,2.0,1.9665821639328236,target,3,Ensemble ANY-FIRST,114.76839177407274,126.05346538638003,,,
ANY-FIRST,V1 Legacy M15,2026-05-01 10:00:00+00:00,2026-05-01 10:45:00+00:00,-1,4562.595,4573.491443726716,3.0,-1.0,-1.041872331142439,stop,3,Ensemble ANY-FIRST,126.05346538638003,119.4868844948455,,,
ANY-FIRST,Structural Portfolio MTF,2026-05-01 15:00:00+00:00,2026-05-04 08:15:00+00:00,-1,4631.965,4661.386331409556,3.0,1.7664054449663893,1.7506618848415216,time_exit,1,Ensemble ANY-FIRST,119.4868844948455,129.94594121602486,,,
ANY-FIRST,M15-0591 MTF,2026-05-04 08:30:00+00:00,2026-05-04 16:15:00+00:00,-1,4574.778,4591.849965936565,4.0,4.0,3.97320298074048,target,0,Ensemble ANY-FIRST,129.94594121602486,155.76102126475672,,,
ANY-FIRST,Structural Portfolio MTF,2026-05-05 04:00:00+00:00,2026-05-05 05:45:00+00:00,-1,4534.395,4547.237706781855,4.0,-1.0,-1.0353071597523862,stop,1,Ensemble ANY-FIRST,155.76102126475672,147.69799623846941,,,
ANY-FIRST,V1 Legacy M15,2026-05-05 09:00:00+00:00,2026-05-05 11:00:00+00:00,1,4558.255,4542.327691622383,2.0,-1.0,-1.0286191168773113,stop,3,Ensemble ANY-FIRST,147.69799623846941,140.10174711570127,,,
ANY-FIRST,M15-0591 MTF,2026-05-05 12:15:00+00:00,2026-05-05 17:15:00+00:00,1,4565.075,4553.163782684797,3.0,-1.0,-1.0383258476375332,stop,0,Ensemble ANY-FIRST,140.10174711570127,132.82818384923078,,,
ANY-FIRST,V1 Legacy M15,2026-05-05 22:15:00+00:00,2026-05-05 23:00:00+00:00,-1,4550.515,4560.496411742549,3.0,-1.0,-1.0455898936680688,stop,3,Ensemble ANY-FIRST,132.82818384923078,125.88399351787879,,,
ANY-FIRST,M15-0591 MTF,2026-05-05 23:45:00+00:00,2026-05-06 03:00:00+00:00,1,4584.965,4567.8542922892875,3.0,3.0,2.9732041182777644,target,0,Ensemble ANY-FIRST,125.88399351787879,144.59793391550923,,,
ANY-FIRST,M15-0591 MTF,2026-05-06 03:45:00+00:00,2026-05-06 08:00:00+00:00,1,4647.505,4637.192874381802,3.0,3.0,2.9549316487010375,target,0,Ensemble ANY-FIRST,144.59793391550923,165.9617844786952,,,
ANY-FIRST,M15-0591 MTF,2026-05-06 08:45:00+00:00,2026-05-06 09:15:00+00:00,1,4677.465,4669.025617792491,3.0,3.0,2.9445757416243312,target,0,Ensemble ANY-FIRST,165.9617844786952,190.39613670932775,,,
ANY-FIRST,V1 Legacy M15,2026-05-06 10:45:00+00:00,2026-05-06 12:15:00+00:00,1,4714.145,4690.254861471269,2.0,-1.0,-1.0197325980103902,stop,3,Ensemble ANY-FIRST,190.39613670932775,180.68847935244054,,,
ANY-FIRST,V1 Legacy M15,2026-05-06 19:15:00+00:00,2026-05-07 06:45:00+00:00,1,4695.075,4679.436333577293,2.0,2.0,1.9699777789672464,target,3,Ensemble ANY-FIRST,180.68847935244054,198.48609381442503,,,
ANY-FIRST,Outcome First M15,2026-05-07 08:45:00+00:00,2026-05-07 13:45:00+00:00,-1,4735.045,4754.249205744635,3.0,-1.0,-1.024656291767353,stop,2,Ensemble ANY-FIRST,198.48609381442503,188.31709257166125,,,
ANY-FIRST,Outcome First M15,2026-05-07 15:45:00+00:00,2026-05-08 09:00:00+00:00,-1,4738.735,4765.7730803225695,3.0,0.8595284769755034,0.8420023251797178,time_exit,2,Ensemble ANY-FIRST,188.31709257166125,196.2452640624824,,,
ANY-FIRST,V1 Legacy M15,2026-05-08 10:45:00+00:00,2026-05-08 12:15:00+00:00,1,4724.195,4706.387298149036,2.0,-1.0,-1.0265289425864028,stop,3,Ensemble ANY-FIRST,196.2452640624824,186.17269189219994,,,
ANY-FIRST,Outcome First M15,2026-05-08 14:30:00+00:00,2026-05-11 07:45:00+00:00,-1,4717.965,4750.518212491512,3.0,1.4207507173695935,1.4062576316219726,time_exit,2,Ensemble ANY-FIRST,186.17269189219994,199.26303033085057,,,
ANY-FIRST,Structural Portfolio MTF,2026-05-11 14:30:00+00:00,2026-05-11 23:00:00+00:00,-1,4724.865,4749.680189521355,3.0,-1.0,-1.0190402132368723,stop,1,Ensemble ANY-FIRST,199.26303033085057,189.1101782849218,,,
ANY-FIRST,M15-0591 MTF,2026-05-12 05:15:00+00:00,2026-05-12 14:45:00+00:00,-1,4712.535,4725.991857657167,3.0,3.0,2.96498042024328,target,0,Ensemble ANY-FIRST,189.1101782849218,217.14557707909728,,,
ANY-FIRST,M15-0591 MTF,2026-05-12 15:00:00+00:00,2026-05-12 19:30:00+00:00,-1,4672.785,4702.776836673628,3.0,-1.0,-1.0155801895390713,stop,0,Ensemble ANY-FIRST,217.14557707909728,206.11913976271924,,,
ANY-FIRST,V1 Legacy M15,2026-05-13 06:15:00+00:00,2026-05-13 09:30:00+00:00,1,4710.485,4692.4935045002185,2.0,-1.0,-1.0261817312521757,stop,3,Ensemble ANY-FIRST,206.11913976271924,195.54335497842342,,,
ANY-FIRST,V1 Legacy M15,2026-05-13 12:30:00+00:00,2026-05-13 16:30:00+00:00,-1,4683.555,4706.081280097056,2.0,-1.0,-1.0207915154203029,stop,3,Ensemble ANY-FIRST,195.54335497842342,185.56290509548367,,,
ANY-FIRST,Structural Portfolio MTF,2026-05-13 23:45:00+00:00,2026-05-14 00:30:00+00:00,-1,4694.605,4702.418677984853,2.0,-1.0,-1.0600818847295752,stop,1,Ensemble ANY-FIRST,185.56290509548367,175.7273113870079,,,
ANY-FIRST,Structural Portfolio MTF,2026-05-14 01:30:00+00:00,2026-05-14 04:45:00+00:00,-1,4692.615,4707.619602289596,2.0,-1.0,-1.031274504378259,stop,1,Ensemble ANY-FIRST,175.7273113870079,166.66615658918985,,,
ANY-FIRST,Structural Portfolio MTF,2026-05-14 08:15:00+00:00,2026-05-15 00:30:00+00:00,-1,4698.715,4719.603643955884,3.0,3.0,2.977505887840668,target,1,Ensemble ANY-FIRST,166.66615658918985,191.4786297165942,,,
ANY-FIRST,V1 Legacy M15,2026-05-15 04:45:00+00:00,2026-05-15 05:45:00+00:00,-1,4605.965,4622.539368026824,2.0,2.0,1.972210312981191,target,3,Ensemble ANY-FIRST,191.4786297165942,210.3604361287229,,,
ANY-FIRST,Outcome First M15,2026-05-15 10:30:00+00:00,2026-05-15 13:45:00+00:00,1,4551.575,4530.369548496929,3.0,-1.0,-1.0214641739617802,stop,2,Ensemble ANY-FIRST,210.3604361287229,199.61665367249964,,,
ANY-FIRST,V1 Legacy M15,2026-05-15 13:45:00+00:00,2026-05-15 14:30:00+00:00,-1,4519.785,4560.027336533821,3.0,-1.0,-1.0112314179277375,stop,3,Ensemble ANY-FIRST,199.61665367249964,189.52372208573803,,,
ANY-FIRST,V1 Legacy M15,2026-05-15 20:00:00+00:00,2026-05-18 00:45:00+00:00,-1,4545.665,4563.620474751008,2.0,2.0,1.974683682481051,target,3,Ensemble ANY-FIRST,189.52372208573803,208.23619215802705,,,
ANY-FIRST,M15-0591 MTF,2026-05-18 01:15:00+00:00,2026-05-18 02:00:00+00:00,-1,4495.795,4520.339370111507,4.0,-1.0,-1.0183170111091675,stop,0,Ensemble ANY-FIRST,208.23619215802705,197.63366931787124,,,
ANY-FIRST,V1 Legacy M15,2026-05-18 11:45:00+00:00,2026-05-19 05:00:00+00:00,1,4562.255,4528.663830030089,2.0,-0.5968830504552198,-0.6104647595891578,time_exit,3,Ensemble ANY-FIRST,197.63366931787124,191.60124979652838,,,
ANY-FIRST,Structural Frequency M15,2026-05-19 08:30:00+00:00,2026-05-19 13:30:00+00:00,-1,4538.135,4560.162226497827,2.0,2.0,1.9793976104960478,target,4,Ensemble ANY-FIRST,191.60124979652838,210.56400259729364,,,
ANY-FIRST,M15-0591 MTF,2026-05-19 14:15:00+00:00,2026-05-20 01:30:00+00:00,-1,4492.475,4527.468634344485,4.0,0.5443847247321677,0.5315467469566237,time_exit,0,Ensemble ANY-FIRST,210.56400259729364,216.1602331276315,,,
ANY-FIRST,V1 Legacy M15,2026-05-20 12:45:00+00:00,2026-05-20 13:30:00+00:00,1,4502.815,4489.889967690373,2.0,-1.0,-1.0348379399921985,stop,3,Ensemble ANY-FIRST,216.1602331276315,204.97569260972992,,,
ANY-FIRST,Structural Frequency M15,2026-05-20 13:30:00+00:00,2026-05-20 14:30:00+00:00,-1,4489.265,4506.903102144406,2.0,-1.0,-1.0254520864163599,stop,4,Ensemble ANY-FIRST,204.97569260972992,194.46605502716562,,,
ANY-FIRST,V1 Legacy M15,2026-05-21 01:15:00+00:00,2026-05-21 02:45:00+00:00,1,4559.655,4536.25314928974,2.0,-1.0,-1.0194841641221175,stop,3,Ensemble ANY-FIRST,194.46605502716562,184.55330184919083,,,
ANY-FIRST,Outcome First M15,2026-05-21 08:15:00+00:00,2026-05-21 10:30:00+00:00,1,4534.085,4510.89020372813,3.0,-1.0,-1.0195478543844712,stop,2,Ensemble ANY-FIRST,184.55330184919083,175.14525570319523,,,
ANY-FIRST,M15-0591 MTF,2026-05-22 01:45:00+00:00,2026-05-22 12:00:00+00:00,-1,4524.855,4539.588844797539,3.0,0.29659603857979816,0.26588541917137654,time_exit,0,Ensemble ANY-FIRST,175.14525570319523,177.47368418962134,,,
ANY-FIRST,M15-0591 MTF,2026-05-22 15:00:00+00:00,2026-05-22 15:30:00+00:00,-1,4500.445,4514.512333015151,4.0,-1.0,-1.0319921693412162,stop,0,Ensemble ANY-FIRST,177.47368418962134,168.31611157223008,,,
ANY-FIRST,M15-0591 MTF,2026-05-25 00:15:00+00:00,2026-05-25 01:15:00+00:00,1,4572.495,4563.34050359166,3.0,-1.0,-1.0499480779285089,stop,0,Ensemble ANY-FIRST,168.31611157223008,159.47995268074692,,,
ANY-FIRST,M15-0591 MTF,2026-05-25 06:00:00+00:00,2026-05-25 07:15:00+00:00,-1,4553.185,4564.28091586545,3.0,-1.0,-1.0410347830247857,stop,0,Ensemble ANY-FIRST,159.47995268074692,151.1787437839567,,,
ANY-FIRST,Structural Frequency M15,2026-05-25 07:15:00+00:00,2026-05-26 00:15:00+00:00,1,4560.548,4549.663454021024,2.0,-1.0,-1.0418992947322667,stop,4,Ensemble ANY-FIRST,151.1787437839567,143.30309245760597,,,
ANY-FIRST,V1 Legacy M15,2026-05-26 01:45:00+00:00,2026-05-26 18:00:00+00:00,-1,4532.085,4553.991049582074,2.0,1.8798460144862597,1.8591572774183556,time_exit,3,Ensemble ANY-FIRST,143.30309245760597,156.62424181856167,,,
ANY-FIRST,M15-0591 MTF,2026-05-26 18:15:00+00:00,2026-05-26 19:30:00+00:00,-1,4487.165,4502.021466920874,4.0,-1.0,-1.030203446242627,stop,0,Ensemble ANY-FIRST,156.62424181856167,148.55650013423062,,,
ANY-FIRST,V1 Legacy M15,2026-05-27 02:15:00+00:00,2026-05-27 11:00:00+00:00,-1,4503.835,4522.674631202081,3.0,3.0,2.9760938260856062,target,3,Ensemble ANY-FIRST,148.55650013423062,170.66240427794907,,,
ANY-FIRST,M15-0591 MTF,2026-05-27 12:00:00+00:00,2026-05-27 12:30:00+00:00,-1,4428.455,4453.380360407906,4.0,-1.0,-1.0177668644606455,stop,0,Ensemble ANY-FIRST,170.66240427794907,161.9776772737849,,,
ANY-FIRST,M15-0591 MTF,2026-05-27 13:30:00+00:00,2026-05-27 14:15:00+00:00,-1,4404.605,4440.617210171458,4.0,-1.0,-1.0122308655287446,stop,0,Ensemble ANY-FIRST,161.9776772737849,153.77973705062595,,,
ANY-FIRST,V1 Legacy M15,2026-05-28 00:00:00+00:00,2026-05-28 02:00:00+00:00,-1,4446.955,4462.922300225783,2.0,2.0,1.9721496124133793,target,3,Ensemble ANY-FIRST,153.77973705062595,168.9435694916971,,,
ANY-FIRST,V1 Legacy M15,2026-05-28 03:30:00+00:00,2026-05-28 13:00:00+00:00,-1,4387.268,4413.195640657812,3.0,-1.0,-1.0169212002661652,stop,3,Ensemble ANY-FIRST,168.9435694916971,160.35345461845975,,,
ANY-FIRST,M15-0591 MTF,2026-05-28 13:30:00+00:00,2026-05-28 17:15:00+00:00,1,4428.445,4399.991326407465,3.0,3.0,2.9844362978804893,target,0,Ensemble ANY-FIRST,160.35345461845975,184.28168814115293,,,
ANY-FIRST,M15-0591 MTF,2026-05-29 01:45:00+00:00,2026-05-29 12:00:00+00:00,1,4506.165,4491.095522525779,3.0,2.1274792078786837,2.0975766116691688,time_exit,0,Ensemble ANY-FIRST,184.28168814115293,203.60893609134263,,,
ANY-FIRST,V1 Legacy M15,2026-06-01 02:00:00+00:00,2026-06-01 13:15:00+00:00,-1,4525.155,4545.800066943932,2.0,2.0,1.9780811803018634,target,3,Ensemble ANY-FIRST,203.60893609134263,223.7466863225211,,,
ANY-FIRST,M15-0591 MTF,2026-06-01 14:30:00+00:00,2026-06-01 15:45:00+00:00,-1,4455.965,4470.8005618788,3.0,-1.0,-1.0300357009488637,stop,0,Ensemble ANY-FIRST,223.7466863225211,212.2233325784609,,,
ANY-FIRST,V1 Legacy M15,2026-06-02 05:00:00+00:00,2026-06-02 14:15:00+00:00,1,4517.135,4491.8807781761,2.0,-1.0,-1.017886652899061,stop,3,Ensemble ANY-FIRST,212.2233325784609,201.42236769519224,,,
ANY-FIRST,V1 Legacy M15,2026-06-02 17:45:00+00:00,2026-06-03 07:00:00+00:00,-1,4484.385,4498.928042810396,2.0,2.0,1.9691647404297365,target,3,Ensemble ANY-FIRST,201.42236769519224,221.25405891515453,,,
ANY-FIRST,V1 Legacy M15,2026-06-03 08:00:00+00:00,2026-06-04 01:15:00+00:00,-1,4453.275,4472.9424302774305,3.0,-0.5420128532111043,-0.564655745226897,time_exit,3,Ensemble ANY-FIRST,221.25405891515453,215.00744013909392,,,
ANY-FIRST,V1 Legacy M15,2026-06-04 03:00:00+00:00,2026-06-04 14:00:00+00:00,1,4474.475,4454.285645696115,2.0,2.0,1.9778374536765697,target,3,Ensemble ANY-FIRST,215.00744013909392,236.26992853540503,,,
ANY-FIRST,Structural Frequency M15,2026-06-04 14:00:00+00:00,2026-06-05 00:15:00+00:00,-1,4495.625,4516.253026466387,2.0,2.0,1.9782062282723678,target,4,Ensemble ANY-FIRST,236.26992853540503,259.6394607445153,,,
ANY-FIRST,M15-0591 MTF,2026-06-05 02:45:00+00:00,2026-06-05 07:15:00+00:00,-1,4442.675,4460.506087906169,4.0,-1.0,-1.0249153333962475,stop,0,Ensemble ANY-FIRST,259.6394607445153,246.33403752092596,,,
ANY-FIRST,V1 Legacy M15,2026-06-05 12:00:00+00:00,2026-06-05 12:45:00+00:00,1,4470.035,4457.489185254786,2.0,-1.0,-1.0356296907835767,stop,3,Ensemble ANY-FIRST,246.33403752092596,233.57849536556262,,,
ANY-FIRST,M15-0591 MTF,2026-06-05 14:30:00+00:00,2026-06-08 01:45:00+00:00,-1,4360.945,4392.669353394533,4.0,1.1045142375080967,1.0907678738052151,time_exit,0,Ensemble ANY-FIRST,233.57849536556262,246.31749130338844,,,
ANY-FIRST,V1 Legacy M15,2026-06-08 09:30:00+00:00,2026-06-08 10:00:00+00:00,-1,4279.695,4298.15942577599,3.0,-1.0,-1.0231780562900852,stop,3,Ensemble ANY-FIRST,246.31749130338844,233.71615870428587,,,
ANY-FIRST,Structural Portfolio MTF,2026-06-08 14:15:00+00:00,2026-06-09 05:45:00+00:00,-1,4319.415,4347.886050163807,4.0,-1.0,-1.0151712528169785,stop,1,Ensemble ANY-FIRST,233.71615870428587,221.8530624225158,,,
ANY-FIRST,Outcome First M15,2026-06-09 08:30:00+00:00,2026-06-09 14:15:00+00:00,1,4334.365,4320.061707199832,3.0,-1.0,-1.0303032669508745,stop,2,Ensemble ANY-FIRST,221.8530624225158,210.42426567266708,,,
ANY-FIRST,M15-0591 MTF,2026-06-09 15:15:00+00:00,2026-06-10 01:45:00+00:00,-1,4294.695,4322.183648637094,4.0,4.0,3.984376478244898,target,0,Ensemble ANY-FIRST,210.42426567266708,252.3447404025736,,,
ANY-FIRST,Outcome First M15,2026-06-10 07:45:00+00:00,2026-06-10 17:45:00+00:00,-1,4189.495,4217.601935558153,3.0,3.0,2.9850944440693934,target,2,Ensemble ANY-FIRST,252.3447404025736,290.0083845308664,,,
ANY-FIRST,V1 Legacy M15,2026-06-10 17:45:00+00:00,2026-06-11 11:00:00+00:00,-1,4102.065,4136.646332424267,3.0,0.35394818944022094,0.34208611035757286,time_exit,3,Ensemble ANY-FIRST,290.0083845308664,294.96877654262875,,,
ANY-FIRST,V1 Legacy M15,2026-06-11 22:45:00+00:00,2026-06-12 00:45:00+00:00,1,4225.575,4203.505863485973,2.0,-1.0,-1.0191469883622966,stop,3,Ensemble ANY-FIRST,294.96877654262875,279.9379495289122,,,
ANY-FIRST,V1 Legacy M15,2026-06-12 08:00:00+00:00,2026-06-14 22:15:00+00:00,1,4194.315,4168.8419819008695,2.0,2.0,1.9835342832809306,target,3,Ensemble ANY-FIRST,279.9379495289122,307.7012755330104,,,
ANY-FIRST,V1 Legacy M15,2026-06-15 01:45:00+00:00,2026-06-15 18:00:00+00:00,1,4317.355,4283.925023203848,2.0,0.21477729535327567,0.20186267376581182,time_exit,3,Ensemble ANY-FIRST,307.7012755330104,310.80694564302263,,,
ANY-FIRST,V1 Legacy M15,2026-06-15 20:15:00+00:00,2026-06-16 03:45:00+00:00,-1,4315.698,4327.828929819992,2.0,-1.0,-1.0355759868702554,stop,3,Ensemble ANY-FIRST,310.80694564302263,294.71373517000245,,,
ANY-FIRST,M15-0591 MTF,2026-06-16 08:15:00+00:00,2026-06-16 14:30:00+00:00,1,4337.655,4325.572952335903,3.0,-1.0,-1.035901654426426,stop,0,Ensemble ANY-FIRST,294.71373517000245,279.4490128777626,,,
ANY-FIRST,M15-0591 MTF,2026-06-16 15:00:00+00:00,2026-06-16 16:00:00+00:00,-1,4323.895,4336.1376609236295,3.0,-1.0,-1.035318261503548,stop,0,Ensemble ANY-FIRST,279.4490128777626,264.9830795681882,,,
ANY-FIRST,V1 Legacy M15,2026-06-16 16:15:00+00:00,2026-06-17 04:45:00+00:00,1,4345.925,4320.051232235651,2.0,-1.0,-1.0167966453111175,stop,3,Ensemble ANY-FIRST,264.9830795681882,251.51138424973107,,,
ANY-FIRST,M15-0591 MTF,2026-06-17 04:45:00+00:00,2026-06-17 09:45:00+00:00,-1,4322.995,4334.662396339179,3.0,-1.0,-1.0370519255052923,stop,0,Ensemble ANY-FIRST,251.51138424973107,238.4698659835968,,,
ANY-FIRST,M15-0591 MTF,2026-06-17 14:15:00+00:00,2026-06-17 15:00:00+00:00,1,4342.165,4331.7254638248405,4.0,-1.0,-1.0415934666746216,stop,0,Ensemble ANY-FIRST,238.4698659835968,226.05043326323246,,,
ANY-FIRST,Outcome First M15,2026-06-17 17:00:00+00:00,2026-06-17 17:45:00+00:00,-1,4359.278,4367.187271023949,3.0,-1.0,-1.055116052880229,stop,2,Ensemble ANY-FIRST,226.05043326323246,214.12496121840408,,,
ANY-FIRST,V1 Legacy M15,2026-06-17 17:45:00+00:00,2026-06-17 18:15:00+00:00,1,4376.278,4353.998674038042,2.0,-1.0,-1.0196427755824948,stop,3,Ensemble ANY-FIRST,214.12496121840408,203.2084127294927,,,
ANY-FIRST,Structural Portfolio MTF,2026-06-18 03:00:00+00:00,2026-06-18 15:45:00+00:00,-1,4310.695,4331.1563158486115,4.0,4.0,3.978932464403102,target,1,Ensemble ANY-FIRST,203.2084127294927,243.63604025195283,,,
ANY-FIRST,M15-0591 MTF,2026-06-18 23:45:00+00:00,2026-06-19 04:45:00+00:00,-1,4194.555,4208.792117671254,4.0,4.0,3.9705378918903707,target,0,Ensemble ANY-FIRST,243.63604025195283,292.0043467344782,,,
ANY-FIRST,M15-0591 MTF,2026-06-19 04:45:00+00:00,2026-06-19 07:15:00+00:00,-1,4135.085,4156.09826189269,4.0,-1.0,-1.019678453640929,stop,0,Ensemble ANY-FIRST,292.0043467344782,277.11681969774605,,,
ANY-FIRST,Outcome First M15,2026-06-19 10:15:00+00:00,2026-06-19 13:00:00+00:00,-1,4155.005,4171.538358662238,3.0,-1.0,-1.0251310401285247,stop,2,Ensemble ANY-FIRST,277.11681969774605,262.9127670170531,,,
ANY-FIRST,V1 Legacy M15,2026-06-22 05:30:00+00:00,2026-06-22 22:45:00+00:00,1,4193.795,4169.4828215941125,2.0,-0.16452659787291343,-0.1817763684610743,time_exit,3,Ensemble ANY-FIRST,262.9127670170531,260.5232006165325,,,
ANY-FIRST,Structural Portfolio MTF,2026-06-22 23:00:00+00:00,2026-06-22 23:45:00+00:00,-1,4189.438,4194.903420023302,3.0,-1.0,-1.0766535413955087,stop,1,Ensemble ANY-FIRST,260.5232006165325,246.4985392885584,,,
ANY-FIRST,V1 Legacy M15,2026-06-22 23:45:00+00:00,2026-06-23 00:00:00+00:00,1,4194.655,4187.611281052772,2.0,-1.0,-1.0595517088547513,stop,3,Ensemble ANY-FIRST,246.4985392885584,233.4396418618888,,,
ANY-FIRST,V1 Legacy M15,2026-06-23 00:15:00+00:00,2026-06-23 01:15:00+00:00,-1,4178.505,4195.677410724906,2.0,-1.0,-1.024332663986075,stop,3,Ensemble ANY-FIRST,233.4396418618888,221.48364935047158,,,
ANY-FIRST,Structural Portfolio MTF,2026-06-23 01:30:00+00:00,2026-06-23 06:15:00+00:00,-1,4177.995,4199.164940376932,3.0,3.0,2.980264493306969,target,1,Ensemble ANY-FIRST,221.48364935047158,254.48764215083466,,,
ANY-FIRST,Structural Portfolio MTF,2026-06-23 14:45:00+00:00,2026-06-24 08:00:00+00:00,-1,4125.975,4145.9299955501665,4.0,2.5687803272686502,2.548103925764939,time_exit,1,Ensemble ANY-FIRST,254.48764215083466,286.9106901519949,,,
ANY-FIRST,Outcome First M15,2026-06-24 08:00:00+00:00,2026-06-24 12:30:00+00:00,-1,4074.665,4095.3546731584806,3.0,3.0,2.980305802954022,target,2,Ensemble ANY-FIRST,286.9106901519949,329.6647698914716,,,
ANY-FIRST,V1 Legacy M15,2026-06-24 17:30:00+00:00,2026-06-25 10:45:00+00:00,-1,3990.315,4023.5697370745465,2.0,0.14584388350831823,0.13384464565220472,time_exit,3,Ensemble ANY-FIRST,329.6647698914716,331.8709631069786,,,
ANY-FIRST,V1 Legacy M15,2026-06-25 11:30:00+00:00,2026-06-25 12:45:00+00:00,-1,3977.065,3990.1841924921077,2.0,-1.0,-1.0303148612415935,stop,3,Ensemble ANY-FIRST,331.8709631069786,314.7743838417946,,,
ANY-FIRST,V1 Legacy M15,2026-06-25 16:00:00+00:00,2026-06-26 02:45:00+00:00,1,4041.045,4003.3505181527275,2.0,-1.0,-1.0107205214184218,stop,3,Ensemble ANY-FIRST,314.7743838417946,298.86693737350754,,,
ANY-FIRST,M15-0591 MTF,2026-06-26 02:45:00+00:00,2026-06-26 05:30:00+00:00,-1,3992.005,4017.609569754594,3.0,-1.0,-1.0155909864460182,stop,0,Ensemble ANY-FIRST,298.86693737350754,283.6906089863445,,,
ANY-FIRST,M15-0591 MTF,2026-06-26 08:30:00+00:00,2026-06-26 14:00:00+00:00,1,4035.435,4024.553738395384,3.0,3.0,2.9629139051459985,target,0,Ensemble ANY-FIRST,283.6906089863445,325.71815149259334,,,
ANY-FIRST,M15-0591 MTF,2026-06-26 14:15:00+00:00,2026-06-28 22:30:00+00:00,1,4082.115,4056.7455536078787,3.0,-1.0,-1.0160906743367792,stop,0,Ensemble ANY-FIRST,325.71815149259334,309.1701926829014,,,
ANY-FIRST,M15-0591 MTF,2026-06-28 23:30:00+00:00,2026-06-29 01:00:00+00:00,-1,4056.675,4071.4472130110803,3.0,-1.0,-1.0274615252092374,stop,0,Ensemble ANY-FIRST,309.1701926829014,293.287168796741,,,
ANY-FIRST,Structural Portfolio MTF,2026-06-29 06:15:00+00:00,2026-06-29 10:00:00+00:00,1,4059.475,4038.033001325768,2.0,-1.0,-1.0189323535630963,stop,1,Ensemble ANY-FIRST,293.287168796741,278.345179538145,,,
ANY-FIRST,M15-0591 MTF,2026-06-29 14:45:00+00:00,2026-06-30 01:15:00+00:00,-1,4020.715,4036.5372614993694,3.0,3.0,2.974588240750791,target,0,Ensemble ANY-FIRST,278.345179538145,319.74329443433663,,,
ANY-FIRST,Structural Frequency M15,2026-06-30 08:45:00+00:00,2026-06-30 14:15:00+00:00,-1,4017.628,4038.368757219234,2.0,-1.0,-1.0193706910385814,stop,4,Ensemble ANY-FIRST,319.74329443433663,303.4464472842125,,,
ANY-FIRST,M15-0591 MTF,2026-06-30 20:30:00+00:00,2026-07-01 02:15:00+00:00,-1,4012.635,4023.1511374205666,4.0,4.0,3.9618430718473445,target,0,Ensemble ANY-FIRST,303.4464472842125,363.5568075266949,,,
ANY-FIRST,V1 Legacy M15,2026-07-01 05:15:00+00:00,2026-07-01 08:30:00+00:00,-1,3971.715,3983.1924888511157,3.0,-1.0,-1.0346043899630009,stop,3,Ensemble ANY-FIRST,363.5568075266949,344.7499340732923,,,
ANY-FIRST,M15-0591 MTF,2026-07-01 11:45:00+00:00,2026-07-01 13:15:00+00:00,1,4029.055,4013.7770877398398,3.0,-1.0,-1.0263717642266248,stop,0,Ensemble ANY-FIRST,344.7499340732923,327.05785417070143,,,
ANY-FIRST,V1 Legacy M15,2026-07-02 00:15:00+00:00,2026-07-02 06:15:00+00:00,1,4044.485,4029.7287661627606,2.0,2.0,1.9725913465142226,target,3,Ensemble ANY-FIRST,327.05785417070143,359.31542881803324,,,
ANY-FIRST,Structural Frequency M15,2026-07-02 11:45:00+00:00,2026-07-02 12:45:00+00:00,1,4071.085,4056.4402460362244,2.0,2.0,1.9722010693380716,target,4,Ensemble ANY-FIRST,359.31542881803324,394.74754246526294,,,
ANY-FIRST,V1 Legacy M15,2026-07-02 23:30:00+00:00,2026-07-02 23:45:00+00:00,1,4129.595,4121.537870822213,2.0,-1.0,-1.0512539256710078,stop,3,Ensemble ANY-FIRST,394.74754246526294,373.9985472819834,,,
ANY-FIRST,V1 Legacy M15,2026-07-03 00:15:00+00:00,2026-07-03 01:15:00+00:00,1,4134.565,4119.990880173616,2.0,2.0,1.9716307739386425,target,3,Ensemble ANY-FIRST,373.9985472819834,410.8678995434587,,,
ANY-FIRST,Structural Portfolio MTF,2026-07-03 07:00:00+00:00,2026-07-03 14:15:00+00:00,1,4172.865,4159.478374034644,3.0,-1.0,-1.0311718950749742,stop,1,Ensemble ANY-FIRST,410.8678995434587,389.68412801357357,,,
ANY-FIRST,Structural Portfolio MTF,2026-07-03 15:15:00+00:00,2026-07-06 05:15:00+00:00,1,4171.995,4154.426847971014,4.0,-1.0,-1.0237474891674234,stop,1,Ensemble ANY-FIRST,389.68412801357357,369.7372206324589,,,
ANY-FIRST,V1 Legacy M15,2026-07-06 05:15:00+00:00,2026-07-06 22:30:00+00:00,-1,4151.835,4167.383246507437,2.0,-0.9068546728568861,-0.9335575875425647,time_exit,3,Ensemble ANY-FIRST,369.7372206324589,352.4786712465424,,,
ANY-FIRST,V1 Legacy M15,2026-07-07 05:15:00+00:00,2026-07-07 11:30:00+00:00,-1,4122.125,4141.72091372602,2.0,-1.0,-1.021035635580119,stop,3,Ensemble ANY-FIRST,352.4786712465424,334.4840070403099,,,
ANY-FIRST,M15-0591 MTF,2026-07-07 11:45:00+00:00,2026-07-07 19:00:00+00:00,1,4147.995,4131.982848080883,3.0,-1.0,-1.025905293810307,stop,0,Ensemble ANY-FIRST,334.4840070403099,317.326561364433,,,
ANY-FIRST,V1 Legacy M15,2026-07-07 19:00:00+00:00,2026-07-08 08:30:00+00:00,-1,4126.705,4148.893081183531,2.0,2.0,1.9814012533762357,target,3,Ensemble ANY-FIRST,317.326561364433,348.76412368528594,,,
ANY-FIRST,Outcome First M15,2026-07-08 10:45:00+00:00,2026-07-08 14:45:00+00:00,1,4056.915,4039.27081047798,2.0,-1.0,-1.0229929235057067,stop,2,Ensemble ANY-FIRST,348.76412368528594,330.9249621601501,,,
ANY-FIRST,M15-0591 MTF,2026-07-08 15:15:00+00:00,2026-07-08 17:00:00+00:00,-1,4033.655,4062.78781704086,3.0,-1.0,-1.0138457430819088,stop,0,Ensemble ANY-FIRST,330.9249621601501,314.14961895186957,,,
ANY-FIRST,V1 Legacy M15,2026-07-09 00:15:00+00:00,2026-07-09 01:15:00+00:00,1,4087.445,4069.512410027087,2.0,-1.0,-1.0227933890540852,stop,3,Ensemble ANY-FIRST,314.14961895186957,298.084111279978,,,
ANY-FIRST,V1 Legacy M15,2026-07-09 03:15:00+00:00,2026-07-09 06:00:00+00:00,-1,4058.925,4083.3343119616334,2.0,-1.0,-1.0166285924256278,stop,3,Ensemble ANY-FIRST,298.084111279978,282.9320697562276,,,
ANY-FIRST,M15-0591 MTF,2026-07-09 06:45:00+00:00,2026-07-09 17:00:00+00:00,1,4102.615,4090.108792101634,3.0,2.011001272678937,1.9781966445027481,time_exit,0,Ensemble ANY-FIRST,282.9320697562276,310.9168333069269,,,
ANY-FIRST,Structural Portfolio MTF,2026-07-10 02:30:00+00:00,2026-07-10 07:45:00+00:00,1,4125.475,4107.803472618514,4.0,-1.0,-1.0233453221724462,stop,1,Ensemble ANY-FIRST,310.9168333069269,295.0080689594612,,,
ANY-FIRST,V1 Legacy M15,2026-07-10 07:45:00+00:00,2026-07-10 14:45:00+00:00,-1,4106.675,4120.448839706001,2.0,2.0,1.9701849659379238,target,3,Ensemble ANY-FIRST,295.0080689594612,324.0690920741766,,,
ANY-FIRST,Structural Frequency M15,2026-07-10 16:15:00+00:00,2026-07-12 22:15:00+00:00,1,4110.005,4090.2524258884623,3.0,-1.0,-1.0208074399660108,stop,4,Ensemble ANY-FIRST,324.0690920741766,307.5284850615591,,,
ANY-FIRST,V1 Legacy M15,2026-07-13 03:15:00+00:00,2026-07-13 16:45:00+00:00,-1,4057.795,4088.7614646300267,2.0,2.0,1.986896163160759,target,3,Ensemble ANY-FIRST,307.5284850615591,338.0798434131317,,,
ANY-FIRST,V1 Legacy M15,2026-07-13 23:45:00+00:00,2026-07-14 00:45:00+00:00,-1,3995.265,4006.2621326945173,3.0,-1.0,-1.0363300608529697,stop,3,Ensemble ANY-FIRST,338.0798434131317,320.56172817825706,,,
ANY-FIRST,V1 Legacy M15,2026-07-14 05:45:00+00:00,2026-07-14 12:45:00+00:00,1,4031.715,4012.973143993031,2.0,2.0,1.9784881764191293,target,3,Ensemble ANY-FIRST,320.56172817825706,352.2731076289153,,,
ANY-FIRST,M15-0591 MTF,2026-07-14 19:30:00+00:00,2026-07-15 01:15:00+00:00,-1,4051.415,4060.5501968680665,3.0,-1.0,-1.0443495094688364,stop,0,Ensemble ANY-FIRST,352.2731076289153,333.87829527134926,,,
ANY-FIRST,M15-0591 MTF,2026-07-15 02:00:00+00:00,2026-07-15 12:15:00+00:00,-1,4036.485,4055.3271175912564,4.0,-0.06156420552953955,-0.08298687726720633,time_exit,0,Ensemble ANY-FIRST,333.87829527134926,332.49291941575586,,,
ANY-FIRST,Structural Portfolio MTF,2026-07-15 19:15:00+00:00,2026-07-16 12:30:00+00:00,-1,4060.665,4081.880477356999,3.0,1.708658230498917,1.689518123813265,time_exit,1,Ensemble ANY-FIRST,332.49291941575586,360.580560085381,,,
ANY-FIRST,M15-0591 MTF,2026-07-16 13:45:00+00:00,2026-07-16 15:30:00+00:00,-1,3986.135,4009.976767320735,4.0,-1.0,-1.016719125500958,stop,0,Ensemble ANY-FIRST,360.580560085381,342.2501024992483,,,
ANY-FIRST,V1 Legacy M15,2026-07-16 17:45:00+00:00,2026-07-17 03:30:00+00:00,-1,3981.445,3997.8317051426284,3.0,-1.0,-1.0242968001519885,stop,3,Ensemble ANY-FIRST,342.2501024992483,324.7218182571648,,,
ANY-FIRST,Outcome First M15,2026-07-17 11:00:00+00:00,2026-07-17 13:15:00+00:00,-1,3990.635,4000.1590683344125,3.0,3.0,2.9580994711516184,target,2,Ensemble ANY-FIRST,324.7218182571648,372.7497902000603,,,
ANY-FIRST,V1 Legacy M15,2026-07-17 16:00:00+00:00,2026-07-19 23:15:00+00:00,1,4018.915,3990.713692491855,2.0,-1.0,-1.0142508108847055,stop,3,Ensemble ANY-FIRST,372.7497902000603,353.8467013516846,,,
ANY-FIRST,V1 Legacy M15,2026-07-20 03:00:00+00:00,2026-07-20 19:15:00+00:00,1,4021.545,3994.61441216302,2.0,-0.6368223413397,-0.6517553425216414,time_exit,3,Ensemble ANY-FIRST,353.8467013516846,342.3156274497036,,,
ANY-FIRST,V1 Legacy M15,2026-07-20 22:45:00+00:00,2026-07-21 00:15:00+00:00,-1,4003.765,4011.051847869991,2.0,-1.0,-1.0549450883486728,stop,3,Ensemble ANY-FIRST,342.3156274497036,324.2594179575506,,,
ANY-FIRST,M15-0591 MTF,2026-07-21 01:15:00+00:00,2026-07-21 06:45:00+00:00,1,4028.705,4012.895586906287,3.0,3.0,2.974517048949767,target,0,Ensemble ANY-FIRST,324.2594179575506,372.4851763074138,,,
ANY-FIRST,Outcome First M15,2026-07-21 07:30:00+00:00,2026-07-21 18:30:00+00:00,-1,4069.375,4084.480374317168,2.0,-1.0,-1.026939914990223,stop,2,Ensemble ANY-FIRST,372.4851763074138,353.3591815428011,,,
ANY-FIRST,M15-0591 MTF,2026-07-21 19:30:00+00:00,2026-07-22 02:30:00+00:00,1,4083.855,4070.1496206733004,3.0,3.0,2.9702025394361455,target,0,Ensemble ANY-FIRST,353.3591815428011,405.83659846037636,,,
ANY-FIRST,V1 Legacy M15,2026-07-22 02:45:00+00:00,2026-07-22 08:00:00+00:00,1,4127.725,4110.487396842627,2.0,-1.0,-1.0239460495888864,stop,3,Ensemble ANY-FIRST,405.83659846037636,385.0588593717717,,,
ANY-FIRST,V1 Legacy M15,2026-07-22 12:15:00+00:00,2026-07-22 13:00:00+00:00,1,4127.175,4111.849768970366,2.0,-1.0,-1.0269305891181635,stop,3,Ensemble ANY-FIRST,385.0588593717717,365.2874233067806,,,
ANY-FIRST,M15-0591 MTF,2026-07-22 14:45:00+00:00,2026-07-22 17:45:00+00:00,1,4150.685,4141.402314388723,4.0,-1.0,-1.044714268842172,stop,0,Ensemble ANY-FIRST,365.2874233067806,346.2063741389214,,,
ANY-FIRST,Structural Portfolio MTF,2026-07-23 00:15:00+00:00,2026-07-23 02:00:00+00:00,1,4126.575,4114.873730148665,4.0,-1.0,-1.0352660442193748,stop,1,Ensemble ANY-FIRST,346.2063741389214,328.2855889670047,,,
ANY-FIRST,Structural Portfolio MTF,2026-07-23 03:00:00+00:00,2026-07-23 07:15:00+00:00,1,4128.085,4111.018823822284,4.0,-1.0,-1.0241886932199264,stop,1,Ensemble ANY-FIRST,328.2855889670047,311.47426954865216,,,
ANY-FIRST,V1 Legacy M15,2026-07-23 11:45:00+00:00,2026-07-23 13:15:00+00:00,-1,4078.585,4095.923943089577,2.0,2.0,1.9764773147998171,target,3,Ensemble ANY-FIRST,311.47426954865216,342.2553609439899,,,
ANY-FIRST,Structural Portfolio MTF,2026-07-23 14:45:00+00:00,2026-07-24 03:00:00+00:00,1,4056.865,4038.617142680189,3.0,-1.0,-1.0222320074565447,stop,1,Ensemble ANY-FIRST,342.2553609439899,324.7621417099629,,,
ANY-FIRST,M15-0591 MTF,2026-07-24 03:30:00+00:00,2026-07-24 07:15:00+00:00,-1,4030.135,4042.57526730704,3.0,-1.0,-1.0323958874880395,stop,0,Ensemble ANY-FIRST,324.7621417099629,307.9979867343042,,,
ANY-FIRST,V1 Legacy M15,2026-07-24 10:30:00+00:00,2026-07-24 13:15:00+00:00,1,4061.685,4050.836368994445,2.0,-1.0,-1.0374396087204019,stop,3,Ensemble ANY-FIRST,307.9979867343042,292.0215211920888,,,
ANY-FIRST,Structural Frequency M15,2026-07-24 14:15:00+00:00,2026-07-27 00:15:00+00:00,1,4058.725,4043.706804103069,3.0,3.0,2.972974616739222,target,4,Ensemble ANY-FIRST,292.0215211920888,335.43014969437155,,,
ANY-FIRST,Structural Portfolio MTF,2026-07-27 06:15:00+00:00,2026-07-27 12:30:00+00:00,1,4094.135,4083.4580335647347,4.0,-1.0,-1.0383454890939552,stop,1,Ensemble ANY-FIRST,335.43014969437155,318.0155305523085,,,
ANY-FIRST,V1 Legacy M15,2026-07-27 14:00:00+00:00,2026-07-27 16:45:00+00:00,-1,4074.085,4090.234656981146,2.0,-1.0,-1.0252270683195084,stop,3,Ensemble ANY-FIRST,318.0155305523085,301.7136240488977,,,
ANY-FIRST,V1 Legacy M15,2026-07-27 22:30:00+00:00,2026-07-28 01:30:00+00:00,-1,4072.225,4084.384069126109,2.0,2.0,1.9665087437388133,target,3,Ensemble ANY-FIRST,301.7136240488977,331.3797480387618,,,
ANY-FIRST,V1 Legacy M15,2026-07-28 09:15:00+00:00,2026-07-28 14:30:00+00:00,-1,4040.875,4055.582329377173,2.0,2.0,1.9725247534996277,target,3,Ensemble ANY-FIRST,331.3797480387618,364.0624858295082,,,
ANY-FIRST,Structural Frequency M15,2026-07-28 17:00:00+00:00,2026-07-29 10:15:00+00:00,-1,4037.445,4047.764431369461,3.0,0.559139335630031,0.5200146507956671,time_exit,4,Ensemble ANY-FIRST,364.0624858295082,373.5283771513299,,,
ANY-FIRST,Outcome First M15,2026-07-29 10:45:00+00:00,2026-07-29 17:15:00+00:00,-1,4027.175,4038.0558869956076,3.0,-1.0,-1.0370114587314965,stop,2,Ensemble ANY-FIRST,373.5283771513299,354.1607167879644,,,
ANY-FIRST,Structural Portfolio MTF,2026-07-29 19:45:00+00:00,2026-07-30 13:00:00+00:00,-1,4069.105,4117.801141773004,3.0,0.007187427735680301,-0.0011686860175776966,time_exit,1,Ensemble ANY-FIRST,354.1607167879644,354.14002165408016,,,
ANY-FIRST,M15-0591 MTF,2026-07-30 14:45:00+00:00,2026-07-30 15:15:00+00:00,1,4110.475,4083.950830591243,3.0,-1.0,-1.0154970922431332,stop,0,Ensemble ANY-FIRST,354.14002165408016,336.1586135422482,,,
ANY-FIRST,V1 Legacy M15,2026-07-30 19:30:00+00:00,2026-07-31 00:30:00+00:00,1,4112.565,4097.609238879447,2.0,-1.0,-1.0274981993015946,stop,3,Ensemble ANY-FIRST,336.1586135422482,318.88849503752914,,,
ANY-FIRST,V1 Legacy M15,2026-07-31 02:45:00+00:00,2026-07-31 13:15:00+00:00,-1,4075.395,4095.4530579661473,2.0,2.0,1.9796820060701878,target,3,Ensemble ANY-FIRST,318.88849503752914,350.4533858159591,,,
ANY-FIRST,Outcome First M15,2026-07-31 14:45:00+00:00,2026-08-03 08:00:00+00:00,1,4041.245,4019.705054949538,2.0,0.9113300871479768,0.8925684561849798,time_exit,2,Ensemble ANY-FIRST,350.4533858159591,366.09356769308664,,,
ANY-FIRST,Structural Portfolio MTF,2026-08-03 12:00:00+00:00,2026-08-03 12:45:00+00:00,1,4062.405,4044.644813788909,3.0,-1.0,-1.0228736621999097,stop,1,Ensemble ANY-FIRST,366.09356769308664,347.37019427838374,,,
ANY-FIRST,V1 Legacy M15,2026-08-03 12:45:00+00:00,2026-08-04 00:15:00+00:00,-1,4044.785,4065.117812720761,2.0,-1.0,-1.0198928945815255,stop,3,Ensemble ANY-FIRST,347.37019427838374,329.65617463168735,,,
ANY-FIRST,Outcome First M15,2026-08-04 11:00:00+00:00,2026-08-04 12:00:00+00:00,1,4053.635,4044.8216769123355,2.0,2.0,1.95400560084228,target,2,Ensemble ANY-FIRST,329.65617463168735,361.86367521081525,,,
ANY-FIRST,Structural Portfolio MTF,2026-08-04 13:45:00+00:00,2026-08-05 05:45:00+00:00,1,4083.145,4059.8809963631006,3.0,3.0,2.9824486573174203,target,1,Ensemble ANY-FIRST,361.86367521081525,415.82566682403734,,,
ANY-FIRST,M15-0591 MTF,2026-08-05 06:45:00+00:00,2026-08-05 09:00:00+00:00,1,4175.465,4158.903629444838,4.0,-1.0,-1.025212074001318,stop,0,Ensemble ANY-FIRST,415.82566682403734,394.51019210865473,,,
ANY-FIRST,M15-0591 MTF,2026-08-05 12:00:00+00:00,2026-08-05 15:15:00+00:00,1,4188.495,4172.814248032633,4.0,4.0,3.9732889404237963,target,0,Ensemble ANY-FIRST,394.51019210865473,472.885341268144,,,
ANY-FIRST,V1 Legacy M15,2026-08-05 18:30:00+00:00,2026-08-06 11:45:00+00:00,1,4262.535,4235.4736900906755,3.0,-0.07686250247935099,-0.09261390185463136,time_exit,3,Ensemble ANY-FIRST,472.885341268144,470.69555343890886,,,
ANY-FIRST,V1 Legacy M15,2026-08-07 00:45:00+00:00,2026-08-07 01:45:00+00:00,-1,4234.785,4253.720800962671,2.0,-1.0,-1.0223639074383395,stop,3,Ensemble ANY-FIRST,470.69555343890886,446.6344461775261,,,
ANY-FIRST,M15-0591 MTF,2026-08-07 02:00:00+00:00,2026-08-07 12:15:00+00:00,1,4256.595,4237.753523689248,4.0,3.096360340230225,3.0737687187999505,time_exit,0,Ensemble ANY-FIRST,446.6344461775261,515.2769956474771,,,
ANY-FIRST,V1 Legacy M15,2026-08-10 05:00:00+00:00,2026-08-10 14:00:00+00:00,1,4339.085,4321.82159406555,2.0,-1.0,-1.0251345824600064,stop,3,Ensemble ANY-FIRST,515.2769956474771,488.86558225826093,,,
ANY-FIRST,V1 Legacy M15,2026-08-10 16:00:00+00:00,2026-08-10 19:45:00+00:00,1,4358.205,4341.50142521283,2.0,2.0,1.9739085491846473,target,3,Ensemble ANY-FIRST,488.86558225826093,537.1143798693465,,,
ANY-FIRST,V1 Legacy M15,2026-08-10 22:45:00+00:00,2026-08-11 02:00:00+00:00,1,4395.175,4384.854280203591,3.0,3.0,2.9574140652328422,target,3,Ensemble ANY-FIRST,537.1143798693465,616.5378609525676,,,
ANY-FIRST,M15-0591 MTF,2026-08-11 02:15:00+00:00,2026-08-11 03:00:00+00:00,1,4433.695,4413.139108482957,4.0,-1.0,-1.0215689745021477,stop,0,Ensemble ANY-FIRST,616.5378609525676,585.0460634348145,,,
ANY-FIRST,M15-0591 MTF,2026-08-11 06:15:00+00:00,2026-08-11 12:15:00+00:00,-1,4372.515,4393.037859235244,3.0,-1.0,-1.0213055839338956,stop,0,Ensemble ANY-FIRST,585.0460634348145,555.1705228625885,,,
ANY-FIRST,V1 Legacy M15,2026-08-11 18:15:00+00:00,2026-08-12 01:15:00+00:00,-1,4363.495,4386.5025015931315,2.0,-1.0,-1.0189655316651272,stop,3,Ensemble ANY-FIRST,555.1705228625885,526.8855415129143,,,
ANY-FIRST,M15-0591 MTF,2026-08-12 01:30:00+00:00,2026-08-12 11:45:00+00:00,1,4390.425,4377.021026805206,4.0,1.69427375524894,1.6615191015638284,time_exit,0,Ensemble ANY-FIRST,526.8855415129143,570.6570610909897,,,
ANY-FIRST,Structural Frequency M15,2026-08-12 14:15:00+00:00,2026-08-12 17:00:00+00:00,1,4431.695,4406.932879663372,3.0,-1.0,-1.0178970739975148,stop,4,Ensemble ANY-FIRST,570.6570610909897,541.6135534539627,,,
ANY-FIRST,Structural Portfolio MTF,2026-08-12 18:45:00+00:00,2026-08-13 04:15:00+00:00,1,4413.325,4394.921085274445,3.0,-1.0,-1.0239803599713053,stop,1,Ensemble ANY-FIRST,541.6135534539627,513.8834713824064,,,
ANY-FIRST,V1 Legacy M15,2026-08-13 04:15:00+00:00,2026-08-13 14:45:00+00:00,-1,4394.395,4412.91980351546,2.0,2.0,1.9762783178977708,target,3,Ensemble ANY-FIRST,513.8834713824064,564.6623095033609,,,
ANY-FIRST,V1 Legacy M15,2026-08-13 19:15:00+00:00,2026-08-14 02:15:00+00:00,-1,4346.625,4364.252068190892,2.0,2.0,1.975341191439618,target,3,Ensemble ANY-FIRST,564.6623095033609,620.4323454641317,,,
ANY-FIRST,V1 Legacy M15,2026-08-14 10:00:00+00:00,2026-08-14 13:45:00+00:00,1,4357.155,4341.971783104637,2.0,2.0,1.9713028205417336,target,3,Ensemble ANY-FIRST,620.4323454641317,681.58534709257,,,
ANY-FIRST,V1 Legacy M15,2026-08-16 23:00:00+00:00,2026-08-16 23:45:00+00:00,1,4384.605,4370.135134204836,2.0,-1.0,-1.0303016286541191,stop,3,Ensemble ANY-FIRST,681.58534709257,646.4734224337572,,,
ANY-FIRST,M15-0591 MTF,2026-08-17 00:45:00+00:00,2026-08-17 11:00:00+00:00,1,4395.355,4377.2415077139585,3.0,0.18825745726729035,0.16399181632632595,time_exit,0,Ensemble ANY-FIRST,646.4734224337572,651.7742399713376,,,
ANY-FIRST,V1 Legacy M15,2026-08-17 16:00:00+00:00,2026-08-17 17:45:00+00:00,1,4427.335,4412.757781594252,3.0,-1.0,-1.0303716036679145,stop,3,Ensemble ANY-FIRST,651.7742399713376,618.1957565279024,,,
ANY-FIRST,V1 Legacy M15,2026-08-17 23:45:00+00:00,2026-08-18 02:00:00+00:00,1,4422.175,4408.337471117836,2.0,-1.0,-1.0319578375420764,stop,3,Ensemble ANY-FIRST,618.1957565279024,586.2981587236912,,,
ANY-FIRST,M15-0591 MTF,2026-08-18 02:45:00+00:00,2026-08-18 13:00:00+00:00,-1,4394.755,4408.676994130216,3.0,0.05746303241601459,0.02589603878784149,time_exit,0,Ensemble ANY-FIRST,586.2981587236912,587.0572987166687,,,
ANY-FIRST,V1 Legacy M15,2026-08-18 19:45:00+00:00,2026-08-19 01:15:00+00:00,-1,4349.835,4361.597120464925,2.0,2.0,1.963018275378395,target,3,Ensemble ANY-FIRST,587.0572987166687,644.6775090204235,,,
ANY-FIRST,V1 Legacy M15,2026-08-19 04:45:00+00:00,2026-08-19 07:45:00+00:00,-1,4346.265,4360.907214971361,2.0,-1.0,-1.0296831115271905,stop,3,Ensemble ANY-FIRST,644.6775090204235,611.486831849436,,,
ANY-FIRST,V1 Legacy M15,2026-08-19 10:30:00+00:00,2026-08-19 12:45:00+00:00,1,4368.615,4352.495644577295,2.0,2.0,1.9728983269774756,target,3,Ensemble ANY-FIRST,611.486831849436,671.8068992256616,,,
ANY-FIRST,M15-0591 MTF,2026-08-19 14:30:00+00:00,2026-08-20 01:45:00+00:00,1,4485.835,4453.16410275152,3.0,0.23139860354928146,0.21766823377742384,time_exit,0,Ensemble ANY-FIRST,671.8068992256616,679.1184502853584,,,
ANY-FIRST,Structural Portfolio MTF,2026-08-20 06:30:00+00:00,2026-08-20 11:45:00+00:00,1,4493.755,4476.7691696345155,4.0,-1.0,-1.0264559041466195,stop,1,Ensemble ANY-FIRST,679.1184502853584,644.264193139843,,,
ANY-FIRST,M15-0591 MTF,2026-08-20 16:00:00+00:00,2026-08-21 03:15:00+00:00,1,4521.465,4497.240235400703,4.0,0.44045835641719716,0.42179371684364636,time_exit,0,Ensemble ANY-FIRST,644.264193139843,657.8515225725293,,,
ANY-FIRST,M15-0591 MTF,2026-08-21 06:30:00+00:00,2026-08-21 16:00:00+00:00,1,4555.215,4540.311747728543,4.0,4.0,3.9694347588229166,target,0,Ensemble ANY-FIRST,657.8515225725293,788.4164575647281,,,
ANY-FIRST,Structural Portfolio MTF,2026-08-24 01:15:00+00:00,2026-08-24 17:30:00+00:00,1,4621.775,4592.693310123501,4.0,0.567023445681072,0.5511310576540099,time_exit,1,Ensemble ANY-FIRST,788.4164575647281,810.1424973712019,,,
ANY-FIRST,V1 Legacy M15,2026-08-24 22:15:00+00:00,2026-08-25 00:45:00+00:00,1,4658.335,4645.757033216315,3.0,3.0,2.9629643242018866,target,3,Ensemble ANY-FIRST,810.1424973712019,930.1636632327364,,,
ANY-FIRST,M15-0591 MTF,2026-08-25 00:45:00+00:00,2026-08-25 01:15:00+00:00,1,4693.425,4673.8184480588,4.0,-1.0,-1.023938043844096,stop,0,Ensemble ANY-FIRST,930.1636632327364,882.5421651434672,,,
ANY-FIRST,M15-0591 MTF,2026-08-25 03:00:00+00:00,2026-08-25 13:15:00+00:00,-1,4629.235,4658.147143194419,3.0,0.21893914807469944,0.2029277615480392,time_exit,0,Ensemble ANY-FIRST,882.5421651434672,891.4967804456834,,,
ANY-FIRST,Structural Portfolio MTF,2026-08-25 14:30:00+00:00,2026-08-26 07:45:00+00:00,1,4623.605,4603.765811673815,3.0,0.40173014485078784,0.3784247307180053,time_exit,1,Ensemble ANY-FIRST,891.4967804456834,908.3650018994896,,,
ANY-FIRST,M15-0591 MTF,2026-08-26 22:45:00+00:00,2026-08-27 01:00:00+00:00,1,4610.595,4601.106425785957,3.0,-1.0,-1.0485910200625956,stop,0,Ensemble ANY-FIRST,908.3650018994896,860.7398327029423,,,
ANY-FIRST,V1 Legacy M15,2026-08-27 09:45:00+00:00,2026-08-27 16:00:00+00:00,-1,4582.225,4606.822575600925,2.0,-1.0,-1.0186287668115865,stop,3,Ensemble ANY-FIRST,860.7398327029423,816.9011149863518,,,
ANY-FIRST,Structural Portfolio MTF,2026-08-27 19:45:00+00:00,2026-08-28 00:30:00+00:00,-1,4609.645,4618.736135603662,2.0,2.0,1.9492951683820057,target,1,Ensemble ANY-FIRST,816.9011149863518,896.5201848107903,,,
ANY-FIRST,V1 Legacy M15,2026-08-28 05:45:00+00:00,2026-08-28 06:45:00+00:00,-1,4572.605,4586.77549562999,2.0,-1.0,-1.0322684902447778,stop,3,Ensemble ANY-FIRST,896.5201848107903,850.2477079283601,,,
ANY-FIRST,M15-0591 MTF,2026-08-28 07:30:00+00:00,2026-08-28 14:15:00+00:00,1,4607.195,4586.868991363838,3.0,-1.0,-1.0226665012421743,stop,0,Ensemble ANY-FIRST,850.2477079283601,806.7717154955465,,,
ANY-FIRST,M15-0591 MTF,2026-08-28 16:30:00+00:00,2026-08-31 03:45:00+00:00,-1,4480.765,4531.741801262077,3.0,1.142480472648387,1.1336906606376962,time_exit,0,Ensemble ANY-FIRST,806.7717154955465,852.5031934517441,,,
ANY-FIRST,Outcome First M15,2026-08-31 12:45:00+00:00,2026-09-01 06:00:00+00:00,-1,4440.215,4464.699707747468,3.0,0.01592830937672354,-0.0022063363204839308,time_exit,2,Ensemble ANY-FIRST,852.5031934517441,852.409148013792,,,
ANY-FIRST,Outcome First M15,2026-09-01 07:30:00+00:00,2026-09-01 08:45:00+00:00,-1,4425.835,4441.179960380312,3.0,3.0,2.971157729376229,target,2,Ensemble ANY-FIRST,852.409148013792,979.0412494494012,,,
ANY-FIRST,V1 Legacy M15,2026-09-01 10:00:00+00:00,2026-09-01 10:30:00+00:00,-1,4364.415,4384.592242037761,3.0,-1.0,-1.0216303843301882,stop,3,Ensemble ANY-FIRST,979.0412494494012,929.0303350518963,,,
ANY-FIRST,Outcome First M15,2026-09-01 10:30:00+00:00,2026-09-01 12:45:00+00:00,1,4384.815,4362.947770896012,3.0,-1.0,-1.0200519918602784,stop,2,Ensemble ANY-FIRST,929.0303350518963,881.6473728634809,,,
ANY-FIRST,Outcome First M15,2026-09-01 16:30:00+00:00,2026-09-02 03:45:00+00:00,-1,4352.485,4375.638339176602,3.0,3.0,2.981201480413683,target,2,Ensemble ANY-FIRST,881.6473728634809,1013.0657955226532,,,
ANY-FIRST,Outcome First M15,2026-09-02 09:00:00+00:00,2026-09-02 11:45:00+00:00,-1,4312.705,4332.447872766048,3.0,-1.0,-1.0218443640452193,stop,2,Ensemble ANY-FIRST,1013.0657955226532,961.3060168445627,,,
ANY-FIRST,M15-0591 MTF,2026-09-02 14:00:00+00:00,2026-09-03 01:15:00+00:00,1,4384.845,4355.4087415132335,3.0,0.5472842279613092,0.5323881602359519,time_exit,0,Ensemble ANY-FIRST,961.3060168445627,986.8954139311442,,,
ANY-FIRST,M15-0591 MTF,2026-09-03 01:15:00+00:00,2026-09-03 11:30:00+00:00,1,4400.915,4384.637626257346,3.0,2.039026720448559,2.0119897114716894,time_exit,0,Ensemble ANY-FIRST,986.8954139311442,1086.176584887547,,,
ANY-FIRST,Outcome First M15,2026-09-03 13:45:00+00:00,2026-09-03 15:15:00+00:00,-1,4469.565,4497.055281824974,2.0,-1.0,-1.016258709272087,stop,2,Ensemble ANY-FIRST,1086.176584887547,1030.984764177578,,,
ANY-FIRST,V1 Legacy M15,2026-09-04 00:00:00+00:00,2026-09-04 01:30:00+00:00,1,4479.895,4470.505405203949,2.0,-1.0,-1.0477112707982215,stop,3,Ensemble ANY-FIRST,1030.984764177578,976.9760463050732,,,
ANY-FIRST,Structural Portfolio MTF,2026-09-04 02:15:00+00:00,2026-09-04 04:15:00+00:00,1,4479.115,4466.1128909890285,3.0,-1.0,-1.034449142029347,stop,1,Ensemble ANY-FIRST,976.9760463050732,926.4444446608978,,,
ANY-FIRST,Structural Portfolio MTF,2026-09-04 04:45:00+00:00,2026-09-04 06:45:00+00:00,1,4473.255,4464.500797156624,3.0,-1.0,-1.0510983704631038,stop,1,Ensemble ANY-FIRST,926.4444446608978,877.7552323555146,,,
ANY-FIRST,V1 Legacy M15,2026-09-04 17:45:00+00:00,2026-09-07 11:00:00+00:00,-1,4416.985,4444.585247300534,2.0,0.9228178183572276,0.9068143929099692,time_exit,3,Ensemble ANY-FIRST,877.7552323555146,917.5532862631154,,,
ANY-FIRST,M15-0591 MTF,2026-09-08 00:30:00+00:00,2026-09-08 06:15:00+00:00,1,4421.105,4409.895967006409,3.0,-1.0,-1.039442340856057,stop,0,Ensemble ANY-FIRST,917.5532862631154,869.8660994764405,,,
ANY-FIRST,M15-0591 MTF,2026-09-08 07:00:00+00:00,2026-09-08 13:15:00+00:00,-1,4403.605,4412.397439843834,3.0,-1.0,-1.0500839935013937,stop,0,Ensemble ANY-FIRST,869.8660994764405,824.1944760989554,,,
ANY-FIRST,V1 Legacy M15,2026-09-08 16:15:00+00:00,2026-09-09 07:45:00+00:00,-1,4386.015,4410.131477506599,2.0,-1.0,-1.0181867977974803,stop,3,Ensemble ANY-FIRST,824.1944760989554,782.235279379877,,,
ANY-FIRST,Structural Portfolio MTF,2026-09-09 08:30:00+00:00,2026-09-09 12:00:00+00:00,-1,4399.425,4413.250767076119,3.0,-1.0,-1.0318204767647154,stop,1,Ensemble ANY-FIRST,782.235279379877,741.8789604342808,,,
ANY-FIRST,Structural Frequency M15,2026-09-09 12:45:00+00:00,2026-09-09 13:30:00+00:00,-1,4395.245,4415.6625784441585,2.0,-1.0,-1.021526769259248,stop,4,Ensemble ANY-FIRST,741.8789604342808,703.9864995525887,,,
ANY-FIRST,Outcome First M15,2026-09-09 16:00:00+00:00,2026-09-10 09:15:00+00:00,1,4398.335,4373.123308270434,2.0,-0.1408076870873778,-0.1582533033799251,time_exit,2,Ensemble ANY-FIRST,703.9864995525887,698.4160900981353,,,
ANY-FIRST,V1 Legacy M15,2026-09-10 10:45:00+00:00,2026-09-10 12:45:00+00:00,-1,4383.585,4400.931581976631,2.0,2.0,1.9747294019887862,target,3,Ensemble ANY-FIRST,698.4160900981353,767.3752294950772,,,
ANY-FIRST,V1 Legacy M15,2026-09-10 18:00:00+00:00,2026-09-11 04:00:00+00:00,-1,4352.578,4368.83718500509,3.0,3.0,2.9732300358312083,target,3,Ensemble ANY-FIRST,767.3752294950772,881.4543835494587,,,
ANY-FIRST,M15-0591 MTF,2026-09-11 07:00:00+00:00,2026-09-11 07:45:00+00:00,1,4352.948,4344.484640270046,3.0,-1.0,-1.0514328604584016,stop,0,Ensemble ANY-FIRST,881.4543835494587,835.1148783565085,,,
ANY-FIRST,Outcome First M15,2026-09-11 11:00:00+00:00,2026-09-11 12:45:00+00:00,-1,4337.298,4350.497940843847,3.0,-1.0,-1.03285846543791,stop_same_bar,2,Ensemble ANY-FIRST,835.1148783565085,791.987104770325,,,
ANY-FIRST,M15-0591 MTF,2026-09-11 13:15:00+00:00,2026-09-11 18:15:00+00:00,1,4389.168,4350.484698936071,3.0,-1.0,-1.011346415324655,stop,0,Ensemble ANY-FIRST,791.987104770325,751.938438800684,,,
ANY-FIRST,M15-0591 MTF,2026-09-11 18:45:00+00:00,2026-09-14 06:00:00+00:00,-1,4346.935,4361.267546252075,3.0,0.6827816793951582,0.6524525604546149,time_exit,0,Ensemble ANY-FIRST,751.938438800684,776.4686467856716,,,
ANY-FIRST,V1 Legacy M15,2026-09-14 07:30:00+00:00,2026-09-15 00:45:00+00:00,-1,4316.735,4339.3777239665515,3.0,1.0739432250254648,1.0548786681003495,time_exit,3,Ensemble ANY-FIRST,776.4686467856716,817.4226573828191,,,
ANY-FIRST,V1 Legacy M15,2026-09-15 07:45:00+00:00,2026-09-15 14:00:00+00:00,-1,4283.705,4296.093034417724,3.0,-1.0,-1.0345793759974633,stop,3,Ensemble ANY-FIRST,817.4226573828191,775.1382262427538,,,
ANY-FIRST,Structural Portfolio MTF,2026-09-15 14:45:00+00:00,2026-09-15 18:15:00+00:00,-1,4278.015,4301.242537299636,3.0,-1.0,-1.0184178587028558,stop,1,Ensemble ANY-FIRST,775.1382262427538,735.66749561431,,,
ANY-FIRST,V1 Legacy M15,2026-09-15 18:15:00+00:00,2026-09-15 21:00:00+00:00,1,4302.355,4289.262985380374,2.0,-1.0,-1.0328624365691623,stop,3,Ensemble ANY-FIRST,735.66749561431,697.6753295130636,,,
ANY-FIRST,V1 Legacy M15,2026-09-16 00:00:00+00:00,2026-09-16 02:30:00+00:00,-1,4283.395,4299.379338379854,2.0,-1.0,-1.0267974494671532,stop,3,Ensemble ANY-FIRST,697.6753295130636,661.8567670680551,,,
ANY-FIRST,Structural Portfolio MTF,2026-09-16 04:00:00+00:00,2026-09-16 10:15:00+00:00,-1,4326.755,4341.588607775627,2.0,-1.0,-1.0291685951620573,stop,1,Ensemble ANY-FIRST,661.8567670680551,627.7986571099585,,,
PRIORITY-VETO,V1 Legacy M15,2026-01-02 01:00:00+00:00,2026-01-02 08:45:00+00:00,1,4353.695,4337.149156295635,2.0,2.0,1.973687077686757,target,3,Ensemble PRIORITY-VETO,100.0,109.86843538843378,,,
PRIORITY-VETO,V1 Legacy M15,2026-01-02 13:15:00+00:00,2026-01-02 13:30:00+00:00,1,4399.425,4384.061197101517,2.0,-1.0,-1.0286350002604778,stop,3,Ensemble PRIORITY-VETO,109.86843538843378,104.21770948521379,,,
PRIORITY-VETO,Structural Frequency M15,2026-01-02 15:00:00+00:00,2026-01-05 00:15:00+00:00,-1,4352.955,4378.587032157783,3.0,-1.0,-1.0169824810346855,stop,4,Ensemble PRIORITY-VETO,104.21770948521379,98.91833024721255,,,
PRIORITY-VETO,M15-0591 MTF,2026-01-05 00:15:00+00:00,2026-01-05 09:00:00+00:00,1,4377.625,4359.882088653809,3.0,3.0,2.9753274707031676,target,0,Ensemble PRIORITY-VETO,98.91833024721255,113.63405151424352,,,
PRIORITY-VETO,Outcome First M15,2026-01-05 11:30:00+00:00,2026-01-05 15:00:00+00:00,-1,4416.945,4440.459698997234,3.0,-1.0,-1.0187837615974564,stop,2,Ensemble PRIORITY-VETO,113.63405151424352,107.84562519188151,,,
PRIORITY-VETO,V1 Legacy M15,2026-01-05 23:00:00+00:00,2026-01-06 00:00:00+00:00,1,4446.615,4437.043498435291,2.0,-1.0,-1.0464568173545035,stop,3,Ensemble PRIORITY-VETO,107.84562519188151,102.20283570668636,,,
PRIORITY-VETO,V1 Legacy M15,2026-01-06 03:15:00+00:00,2026-01-06 19:30:00+00:00,1,4462.345,4437.305677294084,2.0,0.7320485547985144,0.7142272061446007,time_exit,3,Ensemble PRIORITY-VETO,102.20283570668636,105.85263799702848,,,
PRIORITY-VETO,V1 Legacy M15,2026-01-06 23:15:00+00:00,2026-01-07 01:00:00+00:00,1,4497.305,4487.690809936411,2.0,-1.0,-1.0467777833624496,stop,3,Ensemble PRIORITY-VETO,105.85263799702848,100.31242850874862,,,
PRIORITY-VETO,M15-0591 MTF,2026-01-07 02:00:00+00:00,2026-01-07 03:30:00+00:00,-1,4465.255,4478.500203791301,3.0,-1.0,-1.0337122408258654,stop,0,Ensemble PRIORITY-VETO,100.31242850874862,95.12771924592548,,,
PRIORITY-VETO,V1 Legacy M15,2026-01-07 05:45:00+00:00,2026-01-07 08:45:00+00:00,-1,4452.119,4472.356732081212,2.0,-1.0,-1.0219991004038105,stop,3,Ensemble PRIORITY-VETO,95.12771924592548,90.26669707128538,,,
PRIORITY-VETO,V1 Legacy M15,2026-01-07 11:45:00+00:00,2026-01-08 05:00:00+00:00,-1,4450.185,4468.183005335041,2.0,1.0506719854774254,1.0259459954737677,time_exit,3,Ensemble PRIORITY-VETO,90.26669707128538,94.89713489053183,,,
PRIORITY-VETO,V1 Legacy M15,2026-01-08 05:15:00+00:00,2026-01-08 15:15:00+00:00,-1,4426.995,4443.2153601280825,2.0,-1.0,-1.0272928280571,stop,3,Ensemble PRIORITY-VETO,94.89713489053183,90.0227775867213,,,
PRIORITY-VETO,V1 Legacy M15,2026-01-08 16:45:00+00:00,2026-01-09 10:00:00+00:00,1,4460.485,4441.940438262482,2.0,0.5570366205581984,0.5329838278142434,time_exit,3,Ensemble PRIORITY-VETO,90.0227775867213,92.42181181615335,,,
PRIORITY-VETO,Outcome First M15,2026-01-09 12:00:00+00:00,2026-01-09 12:45:00+00:00,1,4474.995,4466.298939202062,3.0,-1.0,-1.0514600243027399,stop,2,Ensemble PRIORITY-VETO,92.42181181615335,87.56291979123756,,,
PRIORITY-VETO,Structural Portfolio MTF,2026-01-09 14:00:00+00:00,2026-01-12 00:45:00+00:00,1,4482.178,4457.757192841831,4.0,4.0,3.981646069390869,target,1,Ensemble PRIORITY-VETO,87.56291979123756,104.99514756179602,,,
PRIORITY-VETO,M15-0591 MTF,2026-01-12 01:30:00+00:00,2026-01-12 11:45:00+00:00,1,4582.325,4560.545551210942,4.0,0.43710931769693656,0.41606964380811806,time_exit,0,Ensemble PRIORITY-VETO,104.99514756179602,107.17941224417689,,,
PRIORITY-VETO,Structural Portfolio MTF,2026-01-12 13:00:00+00:00,2026-01-12 23:15:00+00:00,1,4590.285,4577.452279810825,4.0,-1.0,-1.0357701635532583,stop,1,Ensemble PRIORITY-VETO,107.17941224417689,101.62875037669222,,,
PRIORITY-VETO,Structural Portfolio MTF,2026-01-13 00:15:00+00:00,2026-01-13 01:45:00+00:00,1,4592.115,4576.383411445114,4.0,-1.0,-1.029190408737036,stop,1,Ensemble PRIORITY-VETO,101.62875037669222,96.39898361971113,,,
PRIORITY-VETO,Structural Portfolio MTF,2026-01-13 03:00:00+00:00,2026-01-13 06:45:00+00:00,1,4593.865,4574.350970562461,4.0,-1.0,-1.0235413450343724,stop,1,Ensemble PRIORITY-VETO,96.39898361971113,91.46556635200785,,,
PRIORITY-VETO,Outcome First M15,2026-01-13 13:00:00+00:00,2026-01-13 20:45:00+00:00,1,4592.995,4576.9553120003175,3.0,-1.0,-1.0286351891638474,stop,2,Ensemble PRIORITY-VETO,91.46556635200785,86.76133134468405,,,
PRIORITY-VETO,M15-0591 MTF,2026-01-14 00:30:00+00:00,2026-01-14 10:45:00+00:00,1,4609.485,4595.722300672016,4.0,1.8993367054709893,1.8658441115390159,time_exit,0,Ensemble PRIORITY-VETO,86.76133134468405,94.85548730462226,,,
PRIORITY-VETO,M15-0591 MTF,2026-01-14 15:30:00+00:00,2026-01-14 19:00:00+00:00,-1,4615.135,4635.929290602496,3.0,-1.0,-1.022194241141586,stop,0,Ensemble PRIORITY-VETO,94.85548730462226,90.00745066144908,,,
PRIORITY-VETO,V1 Legacy M15,2026-01-14 23:30:00+00:00,2026-01-15 15:45:00+00:00,-1,4608.825,4633.8355856509725,2.0,-0.09715886040860423,-0.115586357726408,time_exit,3,Ensemble PRIORITY-VETO,90.00745066144908,89.48726899193927,,,
PRIORITY-VETO,V1 Legacy M15,2026-01-15 16:15:00+00:00,2026-01-16 01:00:00+00:00,1,4621.845,4599.001141813756,2.0,-1.0,-1.0202323309938206,stop,3,Ensemble PRIORITY-VETO,89.48726899193927,84.92237874004341,,,
PRIORITY-VETO,V1 Legacy M15,2026-01-16 11:30:00+00:00,2026-01-16 13:00:00+00:00,1,4610.935,4597.643577179371,2.0,-1.0,-1.034691056497304,stop,3,Ensemble PRIORITY-VETO,84.92237874004341,80.52895745110344,,,
PRIORITY-VETO,V1 Legacy M15,2026-01-16 15:15:00+00:00,2026-01-16 15:30:00+00:00,1,4615.848,4594.861089929656,2.0,-1.0,-1.021993938052475,stop,3,Ensemble PRIORITY-VETO,80.52895745110344,76.41395213346777,,,
PRIORITY-VETO,M15-0591 MTF,2026-01-19 00:00:00+00:00,2026-01-19 10:15:00+00:00,1,4672.375,4651.682709466431,3.0,-0.11115250852818544,-0.13373277818185236,time_exit,0,Ensemble PRIORITY-VETO,76.41395213346777,75.90299962793459,,,
PRIORITY-VETO,Structural Portfolio MTF,2026-01-19 12:45:00+00:00,2026-01-20 08:00:00+00:00,1,4671.465,4658.80448262264,4.0,4.0,3.963102100326852,target,1,Ensemble PRIORITY-VETO,75.90299962793459,90.94356649026338,,,
PRIORITY-VETO,V1 Legacy M15,2026-01-20 08:15:00+00:00,2026-01-20 23:45:00+00:00,1,4724.235,4708.387623820498,3.0,3.0,2.970189166039291,target,3,Ensemble PRIORITY-VETO,90.94356649026338,104.4495462857811,,,
PRIORITY-VETO,M15-0591 MTF,2026-01-21 00:15:00+00:00,2026-01-21 04:30:00+00:00,1,4776.445,4757.521033022679,4.0,4.0,3.9747598111657862,target,0,Ensemble PRIORITY-VETO,104.4495462857811,125.20763922934226,,,
PRIORITY-VETO,V1 Legacy M15,2026-01-21 04:30:00+00:00,2026-01-21 15:30:00+00:00,1,4849.595,4825.614362607531,3.0,-1.0,-1.0202229612192164,stop,3,Ensemble PRIORITY-VETO,125.20763922934226,118.82065380625092,,,
PRIORITY-VETO,V1 Legacy M15,2026-01-21 17:45:00+00:00,2026-01-22 11:00:00+00:00,-1,4809.645,4854.295064085302,3.0,-0.42889076180079927,-0.4396626276391358,time_exit,3,Ensemble PRIORITY-VETO,118.82065380625092,116.20860376273811,,,
PRIORITY-VETO,Structural Portfolio MTF,2026-01-22 15:00:00+00:00,2026-01-22 21:45:00+00:00,1,4834.498,4809.584054275333,4.0,4.0,3.9805952134060663,target,1,Ensemble PRIORITY-VETO,116.20860376273811,139.33757435746597,,,
PRIORITY-VETO,M15-0591 MTF,2026-01-22 23:15:00+00:00,2026-01-23 08:30:00+00:00,1,4942.745,4922.7549122646,4.0,-1.0,-1.0247259795225758,stop,0,Ensemble PRIORITY-VETO,139.33757435746597,132.19843273907827,,,
PRIORITY-VETO,Outcome First M15,2026-01-23 10:30:00+00:00,2026-01-25 23:15:00+00:00,1,4929.048,4898.426853247447,3.0,3.0,2.983903124073598,target,2,Ensemble PRIORITY-VETO,132.19843273907827,151.92179856146674,,,
PRIORITY-VETO,V1 Legacy M15,2026-01-26 01:15:00+00:00,2026-01-26 17:30:00+00:00,1,5057.505,5023.385597157784,3.0,0.9000743694729174,0.885251410749436,time_exit,3,Ensemble PRIORITY-VETO,151.92179856146674,158.64624788647325,,,
PRIORITY-VETO,M15-0591 MTF,2026-01-26 20:00:00+00:00,2026-01-27 01:15:00+00:00,-1,5028.265,5063.524607887628,3.0,-1.0,-1.0142606946056378,stop,0,Ensemble PRIORITY-VETO,158.64624788647325,150.60081520757763,,,
PRIORITY-VETO,V1 Legacy M15,2026-01-27 06:00:00+00:00,2026-01-27 14:15:00+00:00,1,5082.855,5055.604888137156,2.0,-1.0,-1.0186526023290594,stop,3,Ensemble PRIORITY-VETO,150.60081520757763,142.93031959137377,,,
PRIORITY-VETO,Structural Frequency M15,2026-01-27 16:00:00+00:00,2026-01-28 02:00:00+00:00,1,5090.575,5045.9684976196795,3.0,3.0,2.9885878185278973,target,4,Ensemble PRIORITY-VETO,142.93031959137377,164.2883101928277,,,
PRIORITY-VETO,M15-0591 MTF,2026-01-28 02:15:00+00:00,2026-01-28 12:30:00+00:00,1,5209.785,5183.960197207335,4.0,1.9868496349011602,1.9666760636184406,time_exit,0,Ensemble PRIORITY-VETO,164.2883101928277,180.4434045522555,,,
PRIORITY-VETO,Outcome First M15,2026-01-28 12:45:00+00:00,2026-01-28 15:15:00+00:00,1,5269.395,5244.809985321155,3.0,-1.0,-1.0214333612114301,stop,2,Ensemble PRIORITY-VETO,180.4434045522555,171.22785889124327,,,
PRIORITY-VETO,Structural Portfolio MTF,2026-01-28 16:30:00+00:00,2026-01-28 23:45:00+00:00,1,5287.265,5233.357980896434,4.0,4.0,3.9901918802265026,target,1,Ensemble PRIORITY-VETO,171.22785889124327,205.3894595020637,,,
PRIORITY-VETO,Structural Portfolio MTF,2026-01-29 11:45:00+00:00,2026-01-29 15:15:00+00:00,1,5514.305,5468.287330678566,4.0,-1.0,-1.0119830167005688,stop,1,Ensemble PRIORITY-VETO,205.3894595020637,194.9969272607938,,,
PRIORITY-VETO,M15-0591 MTF,2026-01-30 03:15:00+00:00,2026-01-30 13:30:00+00:00,-1,5179.845,5318.068286765141,3.0,1.120918215924482,1.1171707684999381,time_exit,0,Ensemble PRIORITY-VETO,194.9969272607938,205.8891706149472,,,
PRIORITY-VETO,M15-0591 MTF,2026-01-30 18:00:00+00:00,2026-01-30 20:00:00+00:00,-1,4848.798,4931.706554040554,3.0,-1.0,-1.00584836879151,stop,0,Ensemble PRIORITY-VETO,205.8891706149472,195.5345062942031,,,
PRIORITY-VETO,V1 Legacy M15,2026-02-01 23:15:00+00:00,2026-02-02 06:30:00+00:00,-1,4746.198,4901.941579905819,2.0,2.0,1.9969525562447774,target,3,Ensemble PRIORITY-VETO,195.5345062942031,215.0581629031166,,,
PRIORITY-VETO,Structural Portfolio MTF,2026-02-02 10:45:00+00:00,2026-02-02 11:15:00+00:00,-1,4672.418,4738.32452955156,3.0,-1.0,-1.0070894614415171,stop,1,Ensemble PRIORITY-VETO,215.0581629031166,204.2290224302815,,,
PRIORITY-VETO,Structural Frequency M15,2026-02-02 13:45:00+00:00,2026-02-03 00:30:00+00:00,-1,4684.959,4816.921213353567,2.0,-1.0,-1.003550227660586,stop,4,Ensemble PRIORITY-VETO,204.2290224302815,193.98131833254112,,,
PRIORITY-VETO,V1 Legacy M15,2026-02-03 01:30:00+00:00,2026-02-03 02:30:00+00:00,1,4852.935,4761.28335907044,2.0,-1.0,-1.005294978846838,stop,3,Ensemble PRIORITY-VETO,193.98131833254112,184.23089606705145,,,
PRIORITY-VETO,V1 Legacy M15,2026-02-03 05:30:00+00:00,2026-02-03 07:45:00+00:00,1,4839.145,4797.111590884896,2.0,2.0,1.9884873839598676,target,3,Ensemble PRIORITY-VETO,184.23089606705145,202.54793669529914,,,
PRIORITY-VETO,V1 Legacy M15,2026-02-03 08:30:00+00:00,2026-02-04 01:45:00+00:00,1,4936.205,4868.786758718909,2.0,1.415195623424849,1.407873858712211,time_exit,3,Ensemble PRIORITY-VETO,202.54793669529914,216.80603395576952,,,
PRIORITY-VETO,V1 Legacy M15,2026-02-04 02:15:00+00:00,2026-02-04 14:45:00+00:00,1,5059.485,4981.728394431187,2.0,-1.0,-1.00650682339203,stop,3,Ensemble PRIORITY-VETO,216.80603395576952,205.8951963293172,,,
PRIORITY-VETO,M15-0591 MTF,2026-02-04 23:30:00+00:00,2026-02-05 01:30:00+00:00,1,5019.125,4955.129976416347,3.0,-1.0,-1.007842992656201,stop,0,Ensemble PRIORITY-VETO,205.8951963293172,195.51969478721344,,,
PRIORITY-VETO,Structural Portfolio MTF,2026-02-05 09:15:00+00:00,2026-02-06 02:30:00+00:00,-1,4862.245,4946.273119218704,4.0,0.5032839053547036,0.49749745547910323,time_exit,1,Ensemble PRIORITY-VETO,195.51969478721344,200.38322231984793,,,
PRIORITY-VETO,V1 Legacy M15,2026-02-06 12:15:00+00:00,2026-02-06 15:15:00+00:00,1,4895.655,4861.354985696249,2.0,2.0,1.9857269593048985,target,3,Ensemble PRIORITY-VETO,200.38322231984793,220.27854065749338,,,
PRIORITY-VETO,M15-0591 MTF,2026-02-09 00:30:00+00:00,2026-02-09 00:45:00+00:00,1,5034.795,5017.356624133614,3.0,-1.0,-1.0288719261390904,stop,0,Ensemble PRIORITY-VETO,220.27854065749338,208.94662033682422,,,
PRIORITY-VETO,M15-0591 MTF,2026-02-09 10:45:00+00:00,2026-02-09 12:00:00+00:00,-1,4986.615,5017.054161603965,3.0,-1.0,-1.0163822350460217,stop,0,Ensemble PRIORITY-VETO,208.94662033682422,198.32813868766152,,,
PRIORITY-VETO,V1 Legacy M15,2026-02-09 13:15:00+00:00,2026-02-09 13:30:00+00:00,1,5021.895,5005.569982859593,2.0,-1.0,-1.0307619585131707,stop,3,Ensemble PRIORITY-VETO,198.32813868766152,188.10668365456323,,,
PRIORITY-VETO,V1 Legacy M15,2026-02-09 14:45:00+00:00,2026-02-09 23:15:00+00:00,1,5036.275,4993.290375005117,2.0,-1.0,-1.0117164567577352,stop,3,Ensemble PRIORITY-VETO,188.10668365456323,178.59115228059107,,,
PRIORITY-VETO,Outcome First M15,2026-02-10 08:45:00+00:00,2026-02-10 15:45:00+00:00,1,5048.485,5017.93539750195,3.0,-1.0,-1.0165255341712625,stop,2,Ensemble PRIORITY-VETO,178.59115228059107,169.51402895707662,,,
PRIORITY-VETO,V1 Legacy M15,2026-02-11 05:45:00+00:00,2026-02-11 11:30:00+00:00,1,5062.085,5042.291327841401,2.0,2.0,1.9744257409163928,target,3,Ensemble PRIORITY-VETO,169.51402895707662,186.24867206804157,,,
PRIORITY-VETO,M15-0591 MTF,2026-02-11 11:45:00+00:00,2026-02-11 12:30:00+00:00,1,5108.315,5088.095362559558,4.0,-1.0,-1.0252641275841223,stop,0,Ensemble PRIORITY-VETO,186.24867206804157,176.70096795396447,,,
PRIORITY-VETO,V1 Legacy M15,2026-02-11 17:15:00+00:00,2026-02-12 10:30:00+00:00,1,5084.548,5040.782481638103,3.0,-0.5376378683654586,-0.5492555715032481,time_exit,3,Ensemble PRIORITY-VETO,176.70096795396447,171.84826839702785,,,
PRIORITY-VETO,Outcome First M15,2026-02-12 10:30:00+00:00,2026-02-12 14:00:00+00:00,-1,5061.018,5081.515275319403,3.0,-1.0,-1.0246911744177485,stop,2,Ensemble PRIORITY-VETO,171.84826839702785,163.0436981987575,,,
PRIORITY-VETO,Outcome First M15,2026-02-12 14:30:00+00:00,2026-02-12 16:15:00+00:00,-1,5059.695,5084.521370262245,3.0,3.0,2.9796196747790615,target,2,Ensemble PRIORITY-VETO,163.0436981987575,187.33410874884538,,,
PRIORITY-VETO,Structural Portfolio MTF,2026-02-13 05:00:00+00:00,2026-02-13 13:45:00+00:00,-1,4976.375,4998.413391220377,3.0,-1.0,-1.022580482169673,stop,1,Ensemble PRIORITY-VETO,187.33410874884538,177.75589858628436,,,
PRIORITY-VETO,Structural Portfolio MTF,2026-02-13 16:15:00+00:00,2026-02-13 16:30:00+00:00,-1,4997.275,5022.038199128185,3.0,-1.0,-1.020180248012916,stop,1,Ensemble PRIORITY-VETO,177.75589858628436,168.68874575100864,,,
PRIORITY-VETO,Structural Frequency M15,2026-02-16 11:30:00+00:00,2026-02-16 15:15:00+00:00,-1,5004.845,5017.821491810377,2.0,2.0,1.9614314479357362,target,4,Ensemble PRIORITY-VETO,168.68874575100864,185.23231629245186,,,
PRIORITY-VETO,V1 Legacy M15,2026-02-16 15:15:00+00:00,2026-02-16 23:30:00+00:00,-1,4976.265,5000.280701206649,2.0,-1.0,-1.0207208815482032,stop,3,Ensemble PRIORITY-VETO,185.23231629245186,175.77879163358952,,,
PRIORITY-VETO,V1 Legacy M15,2026-02-17 00:15:00+00:00,2026-02-17 01:00:00+00:00,-1,4978.985,5001.447168026961,2.0,2.0,1.977833907243398,target,3,Ensemble PRIORITY-VETO,175.77879163358952,193.1618543469488,,,
PRIORITY-VETO,V1 Legacy M15,2026-02-18 00:00:00+00:00,2026-02-18 01:15:00+00:00,-1,4858.855,4885.549656440332,3.0,-1.0,-1.0182016015484614,stop,3,Ensemble PRIORITY-VETO,193.1618543469488,183.3279688742421,,,
PRIORITY-VETO,V1 Legacy M15,2026-02-18 03:30:00+00:00,2026-02-18 15:00:00+00:00,1,4918.975,4884.964737743721,2.0,2.0,1.9855367919161169,target,3,Ensemble PRIORITY-VETO,183.3279688742421,201.52819023359513,,,
PRIORITY-VETO,M15-0591 MTF,2026-02-18 15:30:00+00:00,2026-02-18 18:30:00+00:00,1,5004.445,4989.81180700227,3.0,-1.0,-1.034199268750002,stop,0,Ensemble PRIORITY-VETO,201.52819023359513,191.10717488499034,,,
PRIORITY-VETO,V1 Legacy M15,2026-02-19 04:00:00+00:00,2026-02-19 07:00:00+00:00,1,4981.115,4965.308329236989,2.0,2.0,1.968487260380874,target,3,Ensemble PRIORITY-VETO,191.10717488499034,209.91677684141453,,,
PRIORITY-VETO,Structural Portfolio MTF,2026-02-19 14:00:00+00:00,2026-02-19 14:45:00+00:00,1,4996.795,4971.003308264412,3.0,-1.0,-1.0193736612984767,stop,1,Ensemble PRIORITY-VETO,209.91677684141453,199.21759517257414,,,
PRIORITY-VETO,Structural Portfolio MTF,2026-02-19 15:15:00+00:00,2026-02-20 08:30:00+00:00,1,4999.735,4961.343812083542,3.0,0.481881416127507,0.46885828433257587,time_exit,1,Ensemble PRIORITY-VETO,199.21759517257414,203.88783616664787,,,
PRIORITY-VETO,Structural Portfolio MTF,2026-02-20 08:45:00+00:00,2026-02-20 15:15:00+00:00,1,5022.365,5003.727267712849,3.0,-1.0,-1.0269472966057283,stop,1,Ensemble PRIORITY-VETO,203.88783616664787,193.41873305854133,,,
PRIORITY-VETO,V1 Legacy M15,2026-02-20 20:00:00+00:00,2026-02-22 23:15:00+00:00,1,5079.165,5055.8944814426395,2.0,2.0,1.9781733914202206,target,3,Ensemble PRIORITY-VETO,193.41873305854133,212.5495226154722,,,
PRIORITY-VETO,V1 Legacy M15,2026-02-23 02:45:00+00:00,2026-02-23 07:15:00+00:00,1,5174.095,5144.600700207859,3.0,-1.0,-1.017542694813791,stop,3,Ensemble PRIORITY-VETO,212.5495226154722,201.7356119142956,,,
PRIORITY-VETO,Outcome First M15,2026-02-23 09:00:00+00:00,2026-02-23 15:00:00+00:00,1,5139.925,5120.691658539846,3.0,3.0,2.9732759644981694,target,2,Ensemble PRIORITY-VETO,201.7356119142956,231.72639421870085,,,
PRIORITY-VETO,V1 Legacy M15,2026-02-23 16:30:00+00:00,2026-02-24 01:30:00+00:00,1,5214.485,5174.178100102379,2.0,-1.0,-1.0129369537554236,stop,3,Ensemble PRIORITY-VETO,231.72639421870085,219.9901828254699,,,
PRIORITY-VETO,Structural Frequency M15,2026-02-24 07:45:00+00:00,2026-02-24 12:30:00+00:00,1,5179.515,5155.143262192281,2.0,-1.0,-1.0212521365561364,stop,4,Ensemble PRIORITY-VETO,219.9901828254699,208.7569106138756,,,
PRIORITY-VETO,Structural Frequency M15,2026-02-24 15:00:00+00:00,2026-02-25 05:45:00+00:00,1,5127.615,5091.688360212849,2.0,2.0,1.9857275408154538,target,4,Ensemble PRIORITY-VETO,208.7569106138756,229.4836279509517,,,
PRIORITY-VETO,M15-0591 MTF,2026-02-25 11:00:00+00:00,2026-02-25 12:30:00+00:00,-1,5174.715,5185.656193247514,3.0,-1.0,-1.0472957097360083,stop,0,Ensemble PRIORITY-VETO,229.4836279509517,217.4667670005674,,,
PRIORITY-VETO,V1 Legacy M15,2026-02-25 16:30:00+00:00,2026-02-25 21:00:00+00:00,1,5202.595,5170.569811752662,2.0,-1.0,-1.016245322150237,stop,3,Ensemble PRIORITY-VETO,217.4667670005674,206.41678776619426,,,
PRIORITY-VETO,M15-0591 MTF,2026-02-25 23:00:00+00:00,2026-02-26 00:30:00+00:00,-1,5157.898,5182.6772763611,3.0,-1.0,-1.0208153697663958,stop,0,Ensemble PRIORITY-VETO,206.41678776619426,195.88111628971728,,,
PRIORITY-VETO,V1 Legacy M15,2026-02-26 04:15:00+00:00,2026-02-26 08:45:00+00:00,1,5196.445,5174.510605395773,2.0,-1.0,-1.023690852169673,stop,3,Ensemble PRIORITY-VETO,195.88111628971728,185.85503094678893,,,
PRIORITY-VETO,M15-0591 MTF,2026-02-26 08:45:00+00:00,2026-02-26 16:00:00+00:00,-1,5173.855,5191.700465608923,3.0,-1.0,-1.028992546977384,stop,0,Ensemble PRIORITY-VETO,185.85503094678893,176.2928588636641,,,
PRIORITY-VETO,V1 Legacy M15,2026-02-26 20:15:00+00:00,2026-02-26 23:15:00+00:00,1,5196.585,5177.534745483742,3.0,-1.0,-1.0272782969674503,stop,3,Ensemble PRIORITY-VETO,176.2928588636641,167.23776747261468,,,
PRIORITY-VETO,Structural Portfolio MTF,2026-02-27 02:00:00+00:00,2026-02-27 18:15:00+00:00,1,5193.775,5165.51536264865,4.0,1.398460974875634,1.3800822004581628,time_exit,1,Ensemble PRIORITY-VETO,167.23776747261468,178.77786077928053,,,
PRIORITY-VETO,M15-0591 MTF,2026-03-02 00:00:00+00:00,2026-03-02 00:30:00+00:00,1,5386.675,5350.088917849996,4.0,-1.0,-1.0147232900694707,stop,0,Ensemble PRIORITY-VETO,178.77786077928053,169.70735782520387,,,
PRIORITY-VETO,V1 Legacy M15,2026-03-02 03:45:00+00:00,2026-03-02 14:30:00+00:00,1,5361.905,5323.926761752887,3.0,-1.0,-1.0141183615867373,stop,3,Ensemble PRIORITY-VETO,169.70735782520387,161.10219044185837,,,
PRIORITY-VETO,V1 Legacy M15,2026-03-03 01:15:00+00:00,2026-03-03 06:00:00+00:00,1,5367.785,5328.042211404394,3.0,-1.0,-1.0135063119365346,stop,3,Ensemble PRIORITY-VETO,161.10219044185837,152.93828609787712,,,
PRIORITY-VETO,M15-0591 MTF,2026-03-03 10:15:00+00:00,2026-03-03 11:15:00+00:00,-1,5272.585,5304.896556691013,3.0,3.0,2.9836820458685405,target,0,Ensemble PRIORITY-VETO,152.93828609787712,175.75424701568423,,,
PRIORITY-VETO,M15-0591 MTF,2026-03-03 11:45:00+00:00,2026-03-03 13:00:00+00:00,-1,5123.498,5213.124131896004,3.0,-1.0,-1.0057165225047813,stop,0,Ensemble PRIORITY-VETO,175.75424701568423,166.91629950948123,,,
PRIORITY-VETO,V1 Legacy M15,2026-03-03 14:45:00+00:00,2026-03-04 02:15:00+00:00,-1,5070.935,5189.680378352312,2.0,-1.0,-1.004270427253981,stop,3,Ensemble PRIORITY-VETO,166.91629950948123,158.5348443382792,,,
PRIORITY-VETO,V1 Legacy M15,2026-03-04 09:45:00+00:00,2026-03-04 15:00:00+00:00,1,5182.465,5150.387242033309,2.0,-1.0,-1.016155945204716,stop,3,Ensemble PRIORITY-VETO,158.5348443382792,150.48003810845688,,,
PRIORITY-VETO,M15-0591 MTF,2026-03-04 15:15:00+00:00,2026-03-05 01:15:00+00:00,-1,5134.125,5181.480318466312,3.0,-1.0,-1.0108417072596656,stop,0,Ensemble PRIORITY-VETO,150.48003810845688,142.87446317695427,,,
PRIORITY-VETO,V1 Legacy M15,2026-03-05 03:00:00+00:00,2026-03-05 05:45:00+00:00,1,5191.705,5165.937198103271,2.0,-1.0,-1.0201480321092466,stop,3,Ensemble PRIORITY-VETO,142.87446317695427,135.58680805452252,,,
PRIORITY-VETO,M15-0591 MTF,2026-03-06 09:15:00+00:00,2026-03-06 13:45:00+00:00,-1,5095.545,5118.627456961871,4.0,-1.0,-1.0220754012816624,stop,0,Ensemble PRIORITY-VETO,135.58680805452252,128.65781099198125,,,
PRIORITY-VETO,V1 Legacy M15,2026-03-06 18:45:00+00:00,2026-03-08 22:15:00+00:00,1,5165.195,5130.844050472892,2.0,-1.0,-1.0150365421366998,stop,3,Ensemble PRIORITY-VETO,128.65781099198125,122.12819201257236,,,
PRIORITY-VETO,Structural Portfolio MTF,2026-03-08 22:30:00+00:00,2026-03-08 23:45:00+00:00,-1,5154.995,5198.538486756206,2.0,2.0,1.9881612719053436,target,1,Ensemble PRIORITY-VETO,122.12819201257236,134.26871909093316,,,
PRIORITY-VETO,V1 Legacy M15,2026-03-09 13:45:00+00:00,2026-03-09 14:45:00+00:00,-1,5075.205,5113.385342844912,2.0,-1.0,-1.0132927171990451,stop,3,Ensemble PRIORITY-VETO,134.26871909093316,127.4660433308088,,,
PRIORITY-VETO,V1 Legacy M15,2026-03-09 18:45:00+00:00,2026-03-10 02:00:00+00:00,1,5117.795,5087.376946896695,2.0,2.0,1.9831751395047572,target,3,Ensemble PRIORITY-VETO,127.4660433308088,140.10541774404362,,,
PRIORITY-VETO,M15-0591 MTF,2026-03-10 02:30:00+00:00,2026-03-10 03:30:00+00:00,1,5179.415,5162.213381964635,3.0,-1.0,-1.030110045400099,stop,0,Ensemble PRIORITY-VETO,140.10541774404362,132.8892178323878,,,
PRIORITY-VETO,V1 Legacy M15,2026-03-10 06:00:00+00:00,2026-03-10 07:30:00+00:00,1,5177.755,5159.998769187495,2.0,-1.0,-1.0291602145448202,stop,3,Ensemble PRIORITY-VETO,132.8892178323878,126.05100303563412,,,
PRIORITY-VETO,V1 Legacy M15,2026-03-10 08:00:00+00:00,2026-03-10 10:45:00+00:00,1,5180.815,5157.242722420411,2.0,-1.0,-1.0219784235210523,stop,3,Ensemble PRIORITY-VETO,126.05100303563412,119.60993276735388,,,
PRIORITY-VETO,Structural Frequency M15,2026-03-10 11:30:00+00:00,2026-03-10 16:00:00+00:00,1,5182.858,5155.127090234181,2.0,2.0,1.9813101768251817,target,4,Ensemble PRIORITY-VETO,119.60993276735388,131.4591516194206,,,
PRIORITY-VETO,V1 Legacy M15,2026-03-11 00:30:00+00:00,2026-03-11 07:45:00+00:00,1,5212.065,5185.304056405388,3.0,-1.0,-1.01947638722668,stop,3,Ensemble PRIORITY-VETO,131.4591516194206,124.75817657137803,,,
PRIORITY-VETO,V1 Legacy M15,2026-03-11 13:00:00+00:00,2026-03-12 06:15:00+00:00,-1,5167.265,5197.104801053866,2.0,0.43632998680176077,0.4190132996339334,time_exit,3,Ensemble PRIORITY-VETO,124.75817657137803,127.37194333245232,,,
PRIORITY-VETO,M15-0591 MTF,2026-03-12 08:00:00+00:00,2026-03-12 12:30:00+00:00,1,5182.225,5166.710807566204,3.0,-1.0,-1.0334031244108512,stop,0,Ensemble PRIORITY-VETO,127.37194333245232,120.7906151223504,,,
PRIORITY-VETO,Structural Frequency M15,2026-03-12 13:00:00+00:00,2026-03-12 13:30:00+00:00,1,5181.015,5162.732050277156,3.0,-1.0,-1.0283379601133316,stop,4,Ensemble PRIORITY-VETO,120.7906151223504,114.57993638456279,,,
PRIORITY-VETO,V1 Legacy M15,2026-03-12 18:45:00+00:00,2026-03-13 02:00:00+00:00,-1,5098.428,5123.843127558019,2.0,-1.0,-1.020060603624204,stop,3,Ensemble PRIORITY-VETO,114.57993638456279,108.73601243097978,,,
PRIORITY-VETO,Structural Portfolio MTF,2026-03-13 02:45:00+00:00,2026-03-13 07:30:00+00:00,-1,5117.845,5129.151366363907,4.0,4.0,3.9547348384505066,target,1,Ensemble PRIORITY-VETO,108.73601243097978,130.23711725872894,,,
PRIORITY-VETO,Outcome First M15,2026-03-13 14:15:00+00:00,2026-03-15 23:30:00+00:00,-1,5090.095,5122.808378265805,3.0,3.0,2.9844403260383516,target,2,Ensemble PRIORITY-VETO,130.23711725872894,149.67136249342573,,,
PRIORITY-VETO,M15-0591 MTF,2026-03-16 08:15:00+00:00,2026-03-16 11:30:00+00:00,-1,4988.575,5008.509087088142,4.0,-1.0,-1.0250253496833943,stop,0,Ensemble PRIORITY-VETO,149.67136249342573,142.00051545955503,,,
PRIORITY-VETO,Structural Portfolio MTF,2026-03-16 14:45:00+00:00,2026-03-17 04:45:00+00:00,-1,5000.825,5038.997253162894,3.0,-1.0,-1.013100680692491,stop,1,Ensemble PRIORITY-VETO,142.00051545955503,134.80747451601704,,,
PRIORITY-VETO,M15-0591 MTF,2026-03-17 05:15:00+00:00,2026-03-17 06:00:00+00:00,1,5040.425,5031.048205639054,3.0,-1.0,-1.053754244851449,stop,0,Ensemble PRIORITY-VETO,134.80747451601704,127.70477709056922,,,
PRIORITY-VETO,Structural Portfolio MTF,2026-03-17 06:00:00+00:00,2026-03-17 23:15:00+00:00,-1,5020.575,5045.203452989421,3.0,0.8778464489542486,0.857461185608002,time_exit,1,Ensemble PRIORITY-VETO,127.70477709056922,133.17987156916348,,,
PRIORITY-VETO,Structural Portfolio MTF,2026-03-18 02:00:00+00:00,2026-03-18 12:00:00+00:00,-1,4998.515,5016.452006298488,4.0,4.0,3.972132947288861,target,1,Ensemble PRIORITY-VETO,133.17987156916348,159.63027935794213,,,
PRIORITY-VETO,M15-0591 MTF,2026-03-18 12:30:00+00:00,2026-03-18 23:45:00+00:00,-1,4901.365,4934.113717129551,4.0,2.05992801895516,2.0449614326897785,time_exit,0,Ensemble PRIORITY-VETO,159.63027935794213,175.95216759676646,,,
PRIORITY-VETO,V1 Legacy M15,2026-03-19 05:45:00+00:00,2026-03-19 06:45:00+00:00,-1,4833.505,4854.637344332692,2.0,2.0,1.9771274548440774,target,3,Ensemble PRIORITY-VETO,175.95216759676646,193.3461606615111,,,
PRIORITY-VETO,M15-0591 MTF,2026-03-19 08:00:00+00:00,2026-03-19 13:00:00+00:00,-1,4727.525,4773.436787728821,4.0,4.0,3.9897030256632062,target,0,Ensemble PRIORITY-VETO,193.3461606615111,231.91584877109088,,,
PRIORITY-VETO,Structural Portfolio MTF,2026-03-19 23:00:00+00:00,2026-03-20 01:15:00+00:00,-1,4635.565,4679.080907788337,4.0,-1.0,-1.010652575657039,stop,1,Ensemble PRIORITY-VETO,231.91584877109088,220.19653127628132,,,
PRIORITY-VETO,V1 Legacy M15,2026-03-20 03:15:00+00:00,2026-03-20 06:45:00+00:00,1,4717.165,4668.200756581016,2.0,-1.0,-1.0096338974537715,stop,3,Ensemble PRIORITY-VETO,220.19653127628132,209.08063717236766,,,
PRIORITY-VETO,V1 Legacy M15,2026-03-20 11:00:00+00:00,2026-03-20 12:15:00+00:00,-1,4645.155,4694.140369345191,2.0,-1.0,-1.009482739565086,stop,3,Ensemble PRIORITY-VETO,209.08063717236766,198.5274724522289,,,
PRIORITY-VETO,M15-0591 MTF,2026-03-20 15:00:00+00:00,2026-03-20 16:30:00+00:00,-1,4563.705,4591.208474866107,4.0,-1.0,-1.0165931942135205,stop,0,Ensemble PRIORITY-VETO,198.5274724522289,188.4363885842615,,,
PRIORITY-VETO,V1 Legacy M15,2026-03-20 18:45:00+00:00,2026-03-23 00:45:00+00:00,-1,4525.698,4585.183662435518,3.0,3.0,2.9923919515817685,target,3,Ensemble PRIORITY-VETO,188.4363885842615,216.63016521349542,,,
PRIORITY-VETO,V1 Legacy M15,2026-03-23 05:45:00+00:00,2026-03-23 07:15:00+00:00,-1,4321.755,4384.580972740001,3.0,3.0,2.993121069501168,target,3,Ensemble PRIORITY-VETO,216.63016521349542,249.05018080299703,,,
PRIORITY-VETO,Outcome First M15,2026-03-23 08:00:00+00:00,2026-03-24 01:15:00+00:00,1,4203.695,4093.642868469857,3.0,1.154725476309321,1.1509057456584444,time_exit,2,Ensemble PRIORITY-VETO,249.05018080299703,263.3818450051692,,,
PRIORITY-VETO,M15-0591 MTF,2026-03-24 01:15:00+00:00,2026-03-24 06:30:00+00:00,-1,4330.805,4390.8062424830505,4.0,-1.0,-1.007217858865545,stop,0,Ensemble PRIORITY-VETO,263.3818450051692,250.11770010566104,,,
PRIORITY-VETO,V1 Legacy M15,2026-03-24 11:00:00+00:00,2026-03-24 11:15:00+00:00,1,4438.445,4402.780344482875,2.0,-1.0,-1.0124449400552007,stop,3,Ensemble PRIORITY-VETO,250.11770010566104,237.45618011115,,,
PRIORITY-VETO,Structural Frequency M15,2026-03-24 12:45:00+00:00,2026-03-24 20:30:00+00:00,-1,4369.365,4434.112363370131,2.0,-1.0,-1.0067483288470334,stop,4,Ensemble PRIORITY-VETO,237.45618011115,225.50324948608497,,,
PRIORITY-VETO,V1 Legacy M15,2026-03-24 20:30:00+00:00,2026-03-25 02:00:00+00:00,1,4455.395,4386.164923347217,2.0,2.0,1.9935643650629689,target,3,Ensemble PRIORITY-VETO,225.50324948608497,247.98101160515313,,,
PRIORITY-VETO,V1 Legacy M15,2026-03-25 11:30:00+00:00,2026-03-25 12:30:00+00:00,1,4579.705,4549.61508635188,2.0,-1.0,-1.0152200669418874,stop,3,Ensemble PRIORITY-VETO,247.98101160515313,235.39324664504812,,,
PRIORITY-VETO,V1 Legacy M15,2026-03-25 23:45:00+00:00,2026-03-26 01:00:00+00:00,-1,4494.435,4536.450552755353,2.0,-1.0,-1.0106970745480135,stop,3,Ensemble PRIORITY-VETO,235.39324664504812,223.4976833574227,,,
PRIORITY-VETO,V1 Legacy M15,2026-03-26 03:00:00+00:00,2026-03-26 06:00:00+00:00,-1,4508.395,4538.955803992998,2.0,2.0,1.985247786671342,target,3,Ensemble PRIORITY-VETO,223.4976833574227,245.68259741799747,,,
PRIORITY-VETO,Outcome First M15,2026-03-26 12:00:00+00:00,2026-03-26 14:00:00+00:00,-1,4422.775,4458.2465135434795,3.0,-1.0,-1.0124685263135973,stop,2,Ensemble PRIORITY-VETO,245.68259741799747,233.24530255056263,,,
PRIORITY-VETO,Outcome First M15,2026-03-26 15:45:00+00:00,2026-03-27 09:00:00+00:00,-1,4439.925,4481.40060181662,3.0,0.38890333819186595,0.37819843023265015,time_exit,2,Ensemble PRIORITY-VETO,233.24530255056263,237.65595291475077,,,
PRIORITY-VETO,M15-0591 MTF,2026-03-27 11:00:00+00:00,2026-03-27 12:30:00+00:00,-1,4414.498,4431.610772232452,4.0,-1.0,-1.0257965099987034,stop,0,Ensemble PRIORITY-VETO,237.65595291475077,225.4666205607324,,,
PRIORITY-VETO,M15-0591 MTF,2026-03-30 00:00:00+00:00,2026-03-30 01:45:00+00:00,-1,4448.675,4474.508499523283,3.0,-1.0,-1.017220566636706,stop,0,Ensemble PRIORITY-VETO,225.4666205607324,213.99915638450983,,,
PRIORITY-VETO,V1 Legacy M15,2026-03-30 03:15:00+00:00,2026-03-30 19:30:00+00:00,1,4504.145,4456.562469089823,2.0,-0.058004480787504364,-0.06747044426999035,time_exit,3,Ensemble PRIORITY-VETO,213.99915638450983,213.27722547677652,,,
PRIORITY-VETO,V1 Legacy M15,2026-03-31 05:45:00+00:00,2026-03-31 07:30:00+00:00,1,4576.435,4545.815682127865,2.0,-1.0,-1.0149462343319045,stop,3,Ensemble PRIORITY-VETO,213.27722547677652,202.453979633456,,,
PRIORITY-VETO,V1 Legacy M15,2026-03-31 14:00:00+00:00,2026-03-31 22:45:00+00:00,1,4606.295,4565.920260014904,2.0,2.0,1.9885911463412511,target,3,Ensemble PRIORITY-VETO,202.453979633456,222.5838892054881,,,
PRIORITY-VETO,V1 Legacy M15,2026-04-01 00:15:00+00:00,2026-04-01 16:00:00+00:00,1,4702.748,4660.16644225589,2.0,2.0,1.9889559042713731,target,3,Ensemble PRIORITY-VETO,222.5838892054881,244.71936623703513,,,
PRIORITY-VETO,V1 Legacy M15,2026-04-02 05:45:00+00:00,2026-04-02 14:45:00+00:00,-1,4634.305,4682.286134529788,2.0,-1.0,-1.0096585982082664,stop,3,Ensemble PRIORITY-VETO,244.71936623703513,232.3652156235701,,,
PRIORITY-VETO,V1 Legacy M15,2026-04-02 19:15:00+00:00,2026-04-05 22:15:00+00:00,1,4674.188,4643.908882240736,2.0,-1.0,-1.0154370019534993,stop,3,Ensemble PRIORITY-VETO,232.3652156235701,220.56760372801628,,,
PRIORITY-VETO,V1 Legacy M15,2026-04-06 00:30:00+00:00,2026-04-06 02:30:00+00:00,-1,4603.035,4652.1737242271565,2.0,-1.0,-1.009367428789403,stop,3,Ensemble PRIORITY-VETO,220.56760372801628,209.4359159755569,,,
PRIORITY-VETO,V1 Legacy M15,2026-04-06 05:15:00+00:00,2026-04-06 22:30:00+00:00,1,4673.395,4628.929720477072,2.0,-0.2590785467582666,-0.26958875843385083,time_exit,3,Ensemble PRIORITY-VETO,209.4359159755569,206.61283754759154,,,
PRIORITY-VETO,V1 Legacy M15,2026-04-07 05:30:00+00:00,2026-04-07 08:15:00+00:00,-1,4632.015,4664.991044488621,2.0,-1.0,-1.0140466058674757,stop,3,Ensemble PRIORITY-VETO,206.61283754759154,196.13708521540238,,,
PRIORITY-VETO,Structural Portfolio MTF,2026-04-07 10:00:00+00:00,2026-04-07 19:30:00+00:00,-1,4670.438,4695.347573037925,3.0,-1.0,-1.0187495706686311,stop,1,Ensemble PRIORITY-VETO,196.13708521540238,186.14635664763298,,,
PRIORITY-VETO,V1 Legacy M15,2026-04-07 19:30:00+00:00,2026-04-07 22:15:00+00:00,1,4687.125,4655.420224176568,2.0,2.0,1.9852163439788908,target,3,Ensemble PRIORITY-VETO,186.14635664763298,204.62339612708323,,,
PRIORITY-VETO,M15-0591 MTF,2026-04-07 23:15:00+00:00,2026-04-08 09:30:00+00:00,1,4817.825,4758.3163418093,4.0,-0.3330607780885441,-0.3411567848655091,time_exit,0,Ensemble PRIORITY-VETO,204.62339612708323,201.13296313053436,,,
PRIORITY-VETO,V1 Legacy M15,2026-04-08 12:15:00+00:00,2026-04-08 12:30:00+00:00,1,4805.065,4776.523079722421,2.0,-1.0,-1.0168351146428458,stop,3,Ensemble PRIORITY-VETO,201.13296313053436,190.90701014936974,,,
PRIORITY-VETO,V1 Legacy M15,2026-04-08 18:00:00+00:00,2026-04-09 11:15:00+00:00,-1,4733.525,4766.719780091277,2.0,-0.16116991844166942,-0.17542976588450215,time_exit,3,Ensemble PRIORITY-VETO,190.90701014936974,189.23247154455902,,,
PRIORITY-VETO,V1 Legacy M15,2026-04-09 11:45:00+00:00,2026-04-10 05:00:00+00:00,1,4750.755,4722.507897710607,2.0,0.26551396044670494,0.24869540344454513,time_exit,3,Ensemble PRIORITY-VETO,189.23247154455902,191.58553383733812,,,
PRIORITY-VETO,V1 Legacy M15,2026-04-10 06:45:00+00:00,2026-04-10 12:15:00+00:00,-1,4750.565,4769.719796068241,2.0,-1.0,-1.0248009166115661,stop,3,Ensemble PRIORITY-VETO,191.58553383733812,181.7686823030371,,,
PRIORITY-VETO,V1 Legacy M15,2026-04-10 12:45:00+00:00,2026-04-10 16:15:00+00:00,1,4772.485,4753.248030465594,2.0,-1.0,-1.024808923211446,stop,3,Ensemble PRIORITY-VETO,181.7686823030371,172.45477392381017,,,
PRIORITY-VETO,V1 Legacy M15,2026-04-10 20:30:00+00:00,2026-04-12 22:15:00+00:00,-1,4745.158,4771.243131161012,2.0,2.0,1.981808954799919,target,3,Ensemble PRIORITY-VETO,172.45477392381017,189.54339468682028,,,
PRIORITY-VETO,Structural Frequency M15,2026-04-13 08:45:00+00:00,2026-04-13 14:00:00+00:00,-1,4721.205,4740.743310963524,2.0,-1.0,-1.0241638338585868,stop,4,Ensemble PRIORITY-VETO,189.54339468682028,179.83722019756902,,,
PRIORITY-VETO,Structural Frequency M15,2026-04-13 14:30:00+00:00,2026-04-13 17:00:00+00:00,-1,4715.065,4745.471153244038,2.0,-1.0,-1.0155069434865933,stop,4,Ensemble PRIORITY-VETO,179.83722019756902,170.7059229071711,,,
PRIORITY-VETO,V1 Legacy M15,2026-04-13 23:00:00+00:00,2026-04-14 13:45:00+00:00,1,4757.395,4737.043649984432,2.0,2.0,1.9766236883727093,target,3,Ensemble PRIORITY-VETO,170.7059229071711,187.57699145536313,,,
PRIORITY-VETO,M15-0591 MTF,2026-04-14 15:00:00+00:00,2026-04-14 15:15:00+00:00,1,4803.645,4793.372838904492,4.0,-1.0,-1.0467637233814444,stop,0,Ensemble PRIORITY-VETO,187.57699145536313,177.75955195553786,,,
PRIORITY-VETO,V1 Legacy M15,2026-04-14 17:15:00+00:00,2026-04-15 09:15:00+00:00,1,4826.835,4803.542136452364,3.0,-1.0,-1.020722377006711,stop,3,Ensemble PRIORITY-VETO,177.75955195553786,168.68739433515265,,,
PRIORITY-VETO,Outcome First M15,2026-04-15 12:00:00+00:00,2026-04-15 15:45:00+00:00,1,4812.495,4791.844560727004,3.0,-1.0,-1.0233045647909933,stop,2,Ensemble PRIORITY-VETO,168.68739433515265,160.05646530285966,,,
PRIORITY-VETO,M15-0591 MTF,2026-04-16 00:45:00+00:00,2026-04-16 01:45:00+00:00,1,4832.245,4813.399157099728,4.0,-1.0,-1.0256409067271288,stop,0,Ensemble PRIORITY-VETO,160.05646530285966,151.84844239282145,,,
PRIORITY-VETO,V1 Legacy M15,2026-04-16 04:45:00+00:00,2026-04-16 06:30:00+00:00,1,4830.215,4818.069410340375,2.0,-1.0,-1.039769291861199,stop,3,Ensemble PRIORITY-VETO,151.84844239282145,143.95407502197097,,,
PRIORITY-VETO,Outcome First M15,2026-04-16 11:00:00+00:00,2026-04-16 14:00:00+00:00,1,4817.035,4804.094671369596,3.0,-1.0,-1.0372249819736576,stop,2,Ensemble PRIORITY-VETO,143.95407502197097,136.48843687848606,,,
PRIORITY-VETO,Outcome First M15,2026-04-16 14:15:00+00:00,2026-04-17 07:30:00+00:00,-1,4800.595,4824.590062660631,2.0,0.3792446858215971,0.3592380908487217,time_exit,2,Ensemble PRIORITY-VETO,136.48843687848606,138.94002915284375,,,
PRIORITY-VETO,Structural Frequency M15,2026-04-17 09:00:00+00:00,2026-04-17 13:00:00+00:00,1,4795.865,4777.846248229514,2.0,2.0,1.9733840331389916,target,4,Ensemble PRIORITY-VETO,138.94002915284375,152.64913090754814,,,
PRIORITY-VETO,M15-0591 MTF,2026-04-17 13:45:00+00:00,2026-04-17 21:00:00+00:00,1,4864.215,4833.28733113761,3.0,-1.0,-1.0157277130120697,stop,0,Ensemble PRIORITY-VETO,152.64913090754814,144.89663327604796,,,
PRIORITY-VETO,V1 Legacy M15,2026-04-20 04:45:00+00:00,2026-04-20 07:15:00+00:00,-1,4787.175,4797.549015010091,2.0,-1.0,-1.0461458268119272,stop,3,Ensemble PRIORITY-VETO,144.89663327604796,137.31748286500616,,,
PRIORITY-VETO,M15-0591 MTF,2026-04-20 12:15:00+00:00,2026-04-20 15:00:00+00:00,1,4810.915,4793.566036944109,3.0,-1.0,-1.0277302740486642,stop,0,Ensemble PRIORITY-VETO,137.31748286500616,130.26121615017988,,,
PRIORITY-VETO,Outcome First M15,2026-04-20 15:15:00+00:00,2026-04-20 22:15:00+00:00,-1,4798.005,4828.507177025809,2.0,-1.0,-1.0157300411571941,stop,2,Ensemble PRIORITY-VETO,130.26121615017988,123.64570462810946,,,
PRIORITY-VETO,M15-0591 MTF,2026-04-20 22:45:00+00:00,2026-04-21 00:45:00+00:00,1,4830.315,4818.538533318275,4.0,-1.0,-1.041016674445281,stop,0,Ensemble PRIORITY-VETO,123.64570462810946,117.20984261603955,,,
PRIORITY-VETO,V1 Legacy M15,2026-04-21 05:00:00+00:00,2026-04-21 12:45:00+00:00,-1,4789.055,4800.267254085736,2.0,2.0,1.957287312940109,target,3,Ensemble PRIORITY-VETO,117.20984261603955,128.68050951124363,,,
PRIORITY-VETO,Structural Frequency M15,2026-04-21 12:45:00+00:00,2026-04-21 17:00:00+00:00,-1,4778.615,4798.853295009045,3.0,3.0,2.9763882530723844,target,4,Ensemble PRIORITY-VETO,128.68050951124363,147.83066735667538,,,
PRIORITY-VETO,V1 Legacy M15,2026-04-22 03:30:00+00:00,2026-04-22 10:15:00+00:00,1,4762.835,4748.834147514626,2.0,-1.0,-1.0340181785714517,stop,3,Ensemble PRIORITY-VETO,147.83066735667538,140.1876874868178,,,
PRIORITY-VETO,Outcome First M15,2026-04-22 14:00:00+00:00,2026-04-22 14:45:00+00:00,1,4752.685,4735.3505886271005,2.0,-1.0,-1.027417631310113,stop,2,Ensemble PRIORITY-VETO,140.1876874868178,132.98612239599035,,,
PRIORITY-VETO,M15-0591 MTF,2026-04-22 15:30:00+00:00,2026-04-22 19:00:00+00:00,-1,4735.105,4745.524258215566,3.0,-1.0,-1.0454457016232277,stop,0,Ensemble PRIORITY-VETO,132.98612239599035,126.03463389426891,,,
PRIORITY-VETO,Structural Portfolio MTF,2026-04-23 01:30:00+00:00,2026-04-23 17:45:00+00:00,-1,4728.045,4754.677099848227,3.0,1.9048441650904149,1.887090983677967,time_exit,1,Ensemble PRIORITY-VETO,126.03463389426891,137.92657495692032,,,
PRIORITY-VETO,V1 Legacy M15,2026-04-24 02:30:00+00:00,2026-04-24 11:30:00+00:00,-1,4683.365,4711.958753620276,2.0,-1.0,-1.01637897934701,stop,3,Ensemble PRIORITY-VETO,137.92657495692032,130.91729138294315,,,
PRIORITY-VETO,M15-0591 MTF,2026-04-24 12:00:00+00:00,2026-04-24 13:00:00+00:00,1,4706.705,4691.048052856111,3.0,-1.0,-1.0300614478464092,stop,0,Ensemble PRIORITY-VETO,130.91729138294315,124.17464864744092,,,
PRIORITY-VETO,Structural Frequency M15,2026-04-24 13:00:00+00:00,2026-04-24 14:15:00+00:00,-1,4700.765,4718.200107449765,3.0,-1.0,-1.0269614914249554,stop,4,Ensemble PRIORITY-VETO,124.17464864744092,117.79851952883362,,,
PRIORITY-VETO,M15-0591 MTF,2026-04-24 14:45:00+00:00,2026-04-24 20:15:00+00:00,1,4730.235,4705.215754507767,3.0,-1.0,-1.0189063854921945,stop,0,Ensemble PRIORITY-VETO,117.79851952883362,111.79723634136084,,,
PRIORITY-VETO,M15-0591 MTF,2026-04-24 20:45:00+00:00,2026-04-27 00:15:00+00:00,-1,4707.105,4718.195560645279,3.0,3.0,2.9575575559202827,target,0,Ensemble PRIORITY-VETO,111.79723634136084,128.3295743949807,,,
PRIORITY-VETO,M15-0591 MTF,2026-04-27 04:15:00+00:00,2026-04-27 05:45:00+00:00,1,4727.245,4713.9552439390045,3.0,-1.0,-1.035570592705416,stop,0,Ensemble PRIORITY-VETO,128.3295743949807,121.6848577240885,,,
PRIORITY-VETO,Outcome First M15,2026-04-27 12:45:00+00:00,2026-04-28 05:15:00+00:00,-1,4698.585,4713.148868309352,3.0,3.0,2.967738069994887,target,2,Ensemble PRIORITY-VETO,121.6848577240885,139.74129696457294,,,
PRIORITY-VETO,V1 Legacy M15,2026-04-28 08:15:00+00:00,2026-04-28 12:00:00+00:00,-1,4620.075,4640.246658430207,3.0,3.0,2.9770962064622246,target,3,Ensemble PRIORITY-VETO,139.74129696457294,160.54246121854,,,
PRIORITY-VETO,V1 Legacy M15,2026-04-28 23:15:00+00:00,2026-04-29 00:15:00+00:00,-1,4590.515,4600.167722389093,2.0,-1.0,-1.0475566872739157,stop,3,Ensemble PRIORITY-VETO,160.54246121854,152.13359477649527,,,
PRIORITY-VETO,M15-0591 MTF,2026-04-29 01:30:00+00:00,2026-04-29 02:15:00+00:00,-1,4580.255,4601.198889180988,4.0,-1.0,-1.02186917129106,stop,0,Ensemble PRIORITY-VETO,152.13359477649527,144.3605632555059,,,
PRIORITY-VETO,V1 Legacy M15,2026-04-29 06:00:00+00:00,2026-04-29 10:00:00+00:00,-1,4590.775,4608.417929681308,2.0,2.0,1.9739795199384396,target,3,Ensemble PRIORITY-VETO,144.3605632555059,158.6088030231632,,,
PRIORITY-VETO,M15-0591 MTF,2026-04-29 13:30:00+00:00,2026-04-29 16:15:00+00:00,-1,4537.595,4560.955135728091,4.0,-1.0,-1.0194245232682597,stop,0,Ensemble PRIORITY-VETO,158.6088030231632,150.52431785276133,,,
PRIORITY-VETO,V1 Legacy M15,2026-04-29 18:15:00+00:00,2026-04-30 00:00:00+00:00,-1,4525.375,4555.46022370506,2.0,-1.0,-1.0150418525863871,stop,3,Ensemble PRIORITY-VETO,150.52431785276133,142.8848937301329,,,
PRIORITY-VETO,V1 Legacy M15,2026-04-30 01:30:00+00:00,2026-04-30 04:15:00+00:00,1,4579.615,4555.296734336005,2.0,-1.0,-1.0188319967520567,stop,3,Ensemble PRIORITY-VETO,142.8848937301329,135.60610865089404,,,
PRIORITY-VETO,M15-0591 MTF,2026-04-30 05:00:00+00:00,2026-04-30 05:30:00+00:00,-1,4541.725,4557.72869167275,4.0,-1.0,-1.0283792333223558,stop,0,Ensemble PRIORITY-VETO,135.60610865089404,128.6333833484823,,,
PRIORITY-VETO,V1 Legacy M15,2026-04-30 06:45:00+00:00,2026-04-30 08:15:00+00:00,1,4575.025,4550.905076043635,2.0,2.0,1.9810321748597688,target,3,Ensemble PRIORITY-VETO,128.6333833484823,141.37472690720304,,,
PRIORITY-VETO,V1 Legacy M15,2026-04-30 10:30:00+00:00,2026-04-30 14:00:00+00:00,1,4643.655,4613.315500775621,2.0,-1.0,-1.0153056415521478,stop,3,Ensemble PRIORITY-VETO,141.37472690720304,134.19779901711416,,,
PRIORITY-VETO,V1 Legacy M15,2026-04-30 22:15:00+00:00,2026-05-01 04:45:00+00:00,1,4631.155,4613.553739490906,2.0,-1.0,-1.0263114962568012,stop,3,Ensemble PRIORITY-VETO,134.19779901711416,127.31136182193296,,,
PRIORITY-VETO,V1 Legacy M15,2026-05-01 06:00:00+00:00,2026-05-01 08:00:00+00:00,-1,4604.655,4618.434034018671,2.0,2.0,1.9665821639328236,target,3,Ensemble PRIORITY-VETO,127.31136182193296,139.82977449318352,,,
PRIORITY-VETO,V1 Legacy M15,2026-05-01 10:00:00+00:00,2026-05-01 10:45:00+00:00,-1,4562.595,4573.491443726716,3.0,-1.0,-1.041872331142439,stop,3,Ensemble PRIORITY-VETO,139.82977449318352,132.5455358374668,,,
PRIORITY-VETO,Structural Portfolio MTF,2026-05-01 15:00:00+00:00,2026-05-04 08:15:00+00:00,-1,4631.965,4661.386331409556,3.0,1.7664054449663893,1.7506618848415216,time_exit,1,Ensemble PRIORITY-VETO,132.5455358374668,144.14765671729424,,,
PRIORITY-VETO,M15-0591 MTF,2026-05-04 08:30:00+00:00,2026-05-04 16:15:00+00:00,-1,4574.778,4591.849965936565,4.0,4.0,3.97320298074048,target,0,Ensemble PRIORITY-VETO,144.14765671729424,172.78405168408966,,,
PRIORITY-VETO,Structural Portfolio MTF,2026-05-05 04:00:00+00:00,2026-05-05 05:45:00+00:00,-1,4534.395,4547.237706781855,4.0,-1.0,-1.0353071597523862,stop,1,Ensemble PRIORITY-VETO,172.78405168408966,163.83982339411145,,,
PRIORITY-VETO,V1 Legacy M15,2026-05-05 09:00:00+00:00,2026-05-05 11:00:00+00:00,1,4558.255,4542.327691622383,2.0,-1.0,-1.0286191168773113,stop,3,Ensemble PRIORITY-VETO,163.83982339411145,155.41338467166216,,,
PRIORITY-VETO,M15-0591 MTF,2026-05-05 12:15:00+00:00,2026-05-05 17:15:00+00:00,1,4565.075,4553.163782684797,3.0,-1.0,-1.0383258476375332,stop,0,Ensemble PRIORITY-VETO,155.41338467166216,147.34489795299106,,,
PRIORITY-VETO,V1 Legacy M15,2026-05-05 22:15:00+00:00,2026-05-05 23:00:00+00:00,-1,4550.515,4560.496411742549,3.0,-1.0,-1.0455898936680688,stop,3,Ensemble PRIORITY-VETO,147.34489795299106,139.64178114383105,,,
PRIORITY-VETO,M15-0591 MTF,2026-05-05 23:45:00+00:00,2026-05-06 03:00:00+00:00,1,4584.965,4567.8542922892875,3.0,3.0,2.9732041182777644,target,0,Ensemble PRIORITY-VETO,139.64178114383105,160.4009570828551,,,
PRIORITY-VETO,M15-0591 MTF,2026-05-06 03:45:00+00:00,2026-05-06 08:00:00+00:00,1,4647.505,4637.192874381802,3.0,3.0,2.9549316487010375,target,0,Ensemble PRIORITY-VETO,160.4009570828551,184.09965031115837,,,
PRIORITY-VETO,M15-0591 MTF,2026-05-06 08:45:00+00:00,2026-05-06 09:15:00+00:00,1,4677.465,4669.025617792491,3.0,3.0,2.9445757416243312,target,0,Ensemble PRIORITY-VETO,184.09965031115837,211.20441852854634,,,
PRIORITY-VETO,V1 Legacy M15,2026-05-06 10:45:00+00:00,2026-05-06 12:15:00+00:00,1,4714.145,4690.254861471269,2.0,-1.0,-1.0197325980103902,stop,3,Ensemble PRIORITY-VETO,211.20441852854634,200.43581700767692,,,
PRIORITY-VETO,V1 Legacy M15,2026-05-06 19:15:00+00:00,2026-05-07 06:45:00+00:00,1,4695.075,4679.436333577293,2.0,2.0,1.9699777789672464,target,3,Ensemble PRIORITY-VETO,200.43581700767692,220.17852228839033,,,
PRIORITY-VETO,Outcome First M15,2026-05-07 08:45:00+00:00,2026-05-07 13:45:00+00:00,-1,4735.045,4754.249205744635,3.0,-1.0,-1.024656291767353,stop,2,Ensemble PRIORITY-VETO,220.17852228839033,208.89815687964847,,,
PRIORITY-VETO,Outcome First M15,2026-05-07 15:45:00+00:00,2026-05-08 09:00:00+00:00,-1,4738.735,4765.7730803225695,3.0,0.8595284769755034,0.8420023251797178,time_exit,2,Ensemble PRIORITY-VETO,208.89815687964847,217.69279357056953,,,
PRIORITY-VETO,V1 Legacy M15,2026-05-08 10:45:00+00:00,2026-05-08 12:15:00+00:00,1,4724.195,4706.387298149036,2.0,-1.0,-1.0265289425864028,stop,3,Ensemble PRIORITY-VETO,217.69279357056953,206.5193959109357,,,
PRIORITY-VETO,Outcome First M15,2026-05-08 14:30:00+00:00,2026-05-11 07:45:00+00:00,-1,4717.965,4750.518212491512,3.0,1.4207507173695935,1.4062576316219726,time_exit,2,Ensemble PRIORITY-VETO,206.5193959109357,221.0403697398214,,,
PRIORITY-VETO,Structural Portfolio MTF,2026-05-11 14:30:00+00:00,2026-05-11 23:00:00+00:00,-1,4724.865,4749.680189521355,3.0,-1.0,-1.0190402132368723,stop,1,Ensemble PRIORITY-VETO,221.0403697398214,209.77791846414016,,,
PRIORITY-VETO,M15-0591 MTF,2026-05-12 05:15:00+00:00,2026-05-12 14:45:00+00:00,-1,4712.535,4725.991857657167,3.0,3.0,2.96498042024328,target,0,Ensemble PRIORITY-VETO,209.77791846414016,240.87728950641852,,,
PRIORITY-VETO,M15-0591 MTF,2026-05-12 15:00:00+00:00,2026-05-12 19:30:00+00:00,-1,4672.785,4702.776836673628,3.0,-1.0,-1.0155801895390713,stop,0,Ensemble PRIORITY-VETO,240.87728950641852,228.64577933978921,,,
PRIORITY-VETO,V1 Legacy M15,2026-05-13 06:15:00+00:00,2026-05-13 09:30:00+00:00,1,4710.485,4692.4935045002185,2.0,-1.0,-1.0261817312521757,stop,3,Ensemble PRIORITY-VETO,228.64577933978921,216.91417325546882,,,
PRIORITY-VETO,V1 Legacy M15,2026-05-13 12:30:00+00:00,2026-05-13 16:30:00+00:00,-1,4683.555,4706.081280097056,2.0,-1.0,-1.0207915154203029,stop,3,Ensemble PRIORITY-VETO,216.91417325546882,205.8429658737892,,,
PRIORITY-VETO,Structural Portfolio MTF,2026-05-13 23:45:00+00:00,2026-05-14 00:30:00+00:00,-1,4694.605,4702.418677984853,2.0,-1.0,-1.0600818847295752,stop,1,Ensemble PRIORITY-VETO,205.8429658737892,194.9324459126986,,,
PRIORITY-VETO,Structural Portfolio MTF,2026-05-14 01:30:00+00:00,2026-05-14 04:45:00+00:00,-1,4692.615,4707.619602289596,2.0,-1.0,-1.031274504378259,stop,1,Ensemble PRIORITY-VETO,194.9324459126986,184.8810028354056,,,
PRIORITY-VETO,Structural Portfolio MTF,2026-05-14 08:15:00+00:00,2026-05-15 00:30:00+00:00,-1,4698.715,4719.603643955884,3.0,3.0,2.977505887840668,target,1,Ensemble PRIORITY-VETO,184.8810028354056,212.40521656002096,,,
PRIORITY-VETO,V1 Legacy M15,2026-05-15 04:45:00+00:00,2026-05-15 05:45:00+00:00,-1,4605.965,4622.539368026824,2.0,2.0,1.972210312981191,target,3,Ensemble PRIORITY-VETO,212.40521656002096,233.35060449155478,,,
PRIORITY-VETO,Outcome First M15,2026-05-15 10:30:00+00:00,2026-05-15 13:45:00+00:00,1,4551.575,4530.369548496929,3.0,-1.0,-1.0214641739617802,stop,2,Ensemble PRIORITY-VETO,233.35060449155478,221.4326403685324,,,
PRIORITY-VETO,V1 Legacy M15,2026-05-15 13:45:00+00:00,2026-05-15 14:30:00+00:00,-1,4519.785,4560.027336533821,3.0,-1.0,-1.0112314179277375,stop,3,Ensemble PRIORITY-VETO,221.4326403685324,210.2366582237647,,,
PRIORITY-VETO,V1 Legacy M15,2026-05-15 20:00:00+00:00,2026-05-18 00:45:00+00:00,-1,4545.665,4563.620474751008,2.0,2.0,1.974683682481051,target,3,Ensemble PRIORITY-VETO,210.2366582237647,230.9942031464554,,,
PRIORITY-VETO,M15-0591 MTF,2026-05-18 01:15:00+00:00,2026-05-18 02:00:00+00:00,-1,4495.795,4520.339370111507,4.0,-1.0,-1.0183170111091675,stop,0,Ensemble PRIORITY-VETO,230.9942031464554,219.2329368198733,,,
PRIORITY-VETO,V1 Legacy M15,2026-05-18 11:45:00+00:00,2026-05-19 05:00:00+00:00,1,4562.255,4528.663830030089,2.0,-0.5968830504552198,-0.6104647595891578,time_exit,3,Ensemble PRIORITY-VETO,219.2329368198733,212.54123771638484,,,
PRIORITY-VETO,Structural Frequency M15,2026-05-19 08:30:00+00:00,2026-05-19 13:30:00+00:00,-1,4538.135,4560.162226497827,2.0,2.0,1.9793976104960478,target,4,Ensemble PRIORITY-VETO,212.54123771638484,233.5764186197691,,,
PRIORITY-VETO,M15-0591 MTF,2026-05-19 14:15:00+00:00,2026-05-20 01:30:00+00:00,-1,4492.475,4527.468634344485,4.0,0.5443847247321677,0.5315467469566237,time_exit,0,Ensemble PRIORITY-VETO,233.5764186197691,239.78425789392492,,,
PRIORITY-VETO,V1 Legacy M15,2026-05-20 12:45:00+00:00,2026-05-20 13:30:00+00:00,1,4502.815,4489.889967690373,2.0,-1.0,-1.0348379399921985,stop,3,Ensemble PRIORITY-VETO,239.78425789392492,227.37736551984955,,,
PRIORITY-VETO,Structural Frequency M15,2026-05-20 13:30:00+00:00,2026-05-20 14:30:00+00:00,-1,4489.265,4506.903102144406,2.0,-1.0,-1.0254520864163599,stop,4,Ensemble PRIORITY-VETO,227.37736551984955,215.7191358260403,,,
PRIORITY-VETO,V1 Legacy M15,2026-05-21 01:15:00+00:00,2026-05-21 02:45:00+00:00,1,4559.655,4536.25314928974,2.0,-1.0,-1.0194841641221175,stop,3,Ensemble PRIORITY-VETO,215.7191358260403,204.72302368240247,,,
PRIORITY-VETO,Outcome First M15,2026-05-21 08:15:00+00:00,2026-05-21 10:30:00+00:00,1,4534.085,4510.89020372813,3.0,-1.0,-1.0195478543844712,stop,2,Ensemble PRIORITY-VETO,204.72302368240247,194.28677770547773,,,
PRIORITY-VETO,M15-0591 MTF,2026-05-22 01:45:00+00:00,2026-05-22 12:00:00+00:00,-1,4524.855,4539.588844797539,3.0,0.29659603857979816,0.26588541917137654,time_exit,0,Ensemble PRIORITY-VETO,194.28677770547773,196.8696787719616,,,
PRIORITY-VETO,M15-0591 MTF,2026-05-22 15:00:00+00:00,2026-05-22 15:30:00+00:00,-1,4500.445,4514.512333015151,4.0,-1.0,-1.0319921693412162,stop,0,Ensemble PRIORITY-VETO,196.8696787719616,186.71128042829233,,,
PRIORITY-VETO,M15-0591 MTF,2026-05-25 00:15:00+00:00,2026-05-25 01:15:00+00:00,1,4572.495,4563.34050359166,3.0,-1.0,-1.0499480779285089,stop,0,Ensemble PRIORITY-VETO,186.71128042829233,176.90942292762952,,,
PRIORITY-VETO,M15-0591 MTF,2026-05-25 06:00:00+00:00,2026-05-25 07:15:00+00:00,-1,4553.185,4564.28091586545,3.0,-1.0,-1.0410347830247857,stop,0,Ensemble PRIORITY-VETO,176.90942292762952,167.7009797920043,,,
PRIORITY-VETO,Structural Frequency M15,2026-05-25 07:15:00+00:00,2026-05-26 00:15:00+00:00,1,4560.548,4549.663454021024,2.0,-1.0,-1.0418992947322667,stop,4,Ensemble PRIORITY-VETO,167.7009797920043,158.9646031634443,,,
PRIORITY-VETO,V1 Legacy M15,2026-05-26 01:45:00+00:00,2026-05-26 18:00:00+00:00,-1,4532.085,4553.991049582074,2.0,1.8798460144862597,1.8591572774183556,time_exit,3,Ensemble PRIORITY-VETO,158.9646031634443,173.74161310460624,,,
PRIORITY-VETO,M15-0591 MTF,2026-05-26 18:15:00+00:00,2026-05-26 19:30:00+00:00,-1,4487.165,4502.021466920874,4.0,-1.0,-1.030203446242627,stop,0,Ensemble PRIORITY-VETO,173.74161310460624,164.7921526758003,,,
PRIORITY-VETO,V1 Legacy M15,2026-05-27 02:15:00+00:00,2026-05-27 11:00:00+00:00,-1,4503.835,4522.674631202081,3.0,3.0,2.9760938260856062,target,3,Ensemble PRIORITY-VETO,164.7921526758003,189.3139980840906,,,
PRIORITY-VETO,M15-0591 MTF,2026-05-27 12:00:00+00:00,2026-05-27 12:30:00+00:00,-1,4428.455,4453.380360407906,4.0,-1.0,-1.0177668644606455,stop,0,Ensemble PRIORITY-VETO,189.3139980840906,179.68012237266294,,,
PRIORITY-VETO,M15-0591 MTF,2026-05-27 13:30:00+00:00,2026-05-27 14:15:00+00:00,-1,4404.605,4440.617210171458,4.0,-1.0,-1.0122308655287446,stop,0,Ensemble PRIORITY-VETO,179.68012237266294,170.58623408328336,,,
PRIORITY-VETO,V1 Legacy M15,2026-05-28 00:00:00+00:00,2026-05-28 02:00:00+00:00,-1,4446.955,4462.922300225783,2.0,2.0,1.9721496124133793,target,3,Ensemble PRIORITY-VETO,170.58623408328336,187.40731285480362,,,
PRIORITY-VETO,V1 Legacy M15,2026-05-28 03:30:00+00:00,2026-05-28 13:00:00+00:00,-1,4387.268,4413.195640657812,3.0,-1.0,-1.0169212002661652,stop,3,Ensemble PRIORITY-VETO,187.40731285480362,177.87838937845544,,,
PRIORITY-VETO,M15-0591 MTF,2026-05-28 13:30:00+00:00,2026-05-28 17:15:00+00:00,1,4428.445,4399.991326407465,3.0,3.0,2.9844362978804893,target,0,Ensemble PRIORITY-VETO,177.87838937845544,204.42172547193454,,,
PRIORITY-VETO,M15-0591 MTF,2026-05-29 01:45:00+00:00,2026-05-29 12:00:00+00:00,1,4506.165,4491.095522525779,3.0,2.1274792078786837,2.0975766116691688,time_exit,0,Ensemble PRIORITY-VETO,204.42172547193454,225.86123698528382,,,
PRIORITY-VETO,V1 Legacy M15,2026-06-01 02:00:00+00:00,2026-06-01 13:15:00+00:00,-1,4525.155,4545.800066943932,2.0,2.0,1.9780811803018634,target,3,Ensemble PRIORITY-VETO,225.86123698528382,248.19983009729827,,,
PRIORITY-VETO,M15-0591 MTF,2026-06-01 14:30:00+00:00,2026-06-01 15:45:00+00:00,-1,4455.965,4470.8005618788,3.0,-1.0,-1.0300357009488637,stop,0,Ensemble PRIORITY-VETO,248.19983009729827,235.4170957988153,,,
PRIORITY-VETO,V1 Legacy M15,2026-06-02 05:00:00+00:00,2026-06-02 14:15:00+00:00,1,4517.135,4491.8807781761,2.0,-1.0,-1.017886652899061,stop,3,Ensemble PRIORITY-VETO,235.4170957988153,223.4356998149216,,,
PRIORITY-VETO,V1 Legacy M15,2026-06-02 17:45:00+00:00,2026-06-03 07:00:00+00:00,-1,4484.385,4498.928042810396,2.0,2.0,1.9691647404297365,target,3,Ensemble PRIORITY-VETO,223.4356998149216,245.43478490636093,,,
PRIORITY-VETO,V1 Legacy M15,2026-06-03 08:00:00+00:00,2026-06-04 01:15:00+00:00,-1,4453.275,4472.9424302774305,3.0,-0.5420128532111043,-0.564655745226897,time_exit,3,Ensemble PRIORITY-VETO,245.43478490636093,238.5054768375657,,,
PRIORITY-VETO,V1 Legacy M15,2026-06-04 03:00:00+00:00,2026-06-04 14:00:00+00:00,1,4474.475,4454.285645696115,2.0,2.0,1.9778374536765697,target,3,Ensemble PRIORITY-VETO,238.5054768375657,262.091730087382,,,
PRIORITY-VETO,Structural Frequency M15,2026-06-04 14:00:00+00:00,2026-06-05 00:15:00+00:00,-1,4495.625,4516.253026466387,2.0,2.0,1.9782062282723678,target,4,Ensemble PRIORITY-VETO,262.091730087382,288.015304729259,,,
PRIORITY-VETO,M15-0591 MTF,2026-06-05 02:45:00+00:00,2026-06-05 07:15:00+00:00,-1,4442.675,4460.506087906169,4.0,-1.0,-1.0249153333962475,stop,0,Ensemble PRIORITY-VETO,288.015304729259,273.2557396257685,,,
PRIORITY-VETO,V1 Legacy M15,2026-06-05 12:00:00+00:00,2026-06-05 12:45:00+00:00,1,4470.035,4457.489185254786,2.0,-1.0,-1.0356296907835767,stop,3,Ensemble PRIORITY-VETO,273.2557396257685,259.1061517690949,,,
PRIORITY-VETO,M15-0591 MTF,2026-06-05 14:30:00+00:00,2026-06-08 01:45:00+00:00,-1,4360.945,4392.669353394533,4.0,1.1045142375080967,1.0907678738052151,time_exit,0,Ensemble PRIORITY-VETO,259.1061517690949,273.23738508184624,,,
PRIORITY-VETO,V1 Legacy M15,2026-06-08 09:30:00+00:00,2026-06-08 10:00:00+00:00,-1,4279.695,4298.15942577599,3.0,-1.0,-1.0231780562900852,stop,3,Ensemble PRIORITY-VETO,273.23738508184624,259.2588602531548,,,
PRIORITY-VETO,Structural Portfolio MTF,2026-06-08 14:15:00+00:00,2026-06-09 05:45:00+00:00,-1,4319.415,4347.886050163807,4.0,-1.0,-1.0151712528169785,stop,1,Ensemble PRIORITY-VETO,259.2588602531548,246.09925315479995,,,
PRIORITY-VETO,Outcome First M15,2026-06-09 08:30:00+00:00,2026-06-09 14:15:00+00:00,1,4334.365,4320.061707199832,3.0,-1.0,-1.0303032669508745,stop,2,Ensemble PRIORITY-VETO,246.09925315479995,233.42140992882193,,,
PRIORITY-VETO,M15-0591 MTF,2026-06-09 15:15:00+00:00,2026-06-10 01:45:00+00:00,-1,4294.695,4322.183648637094,4.0,4.0,3.984376478244898,target,0,Ensemble PRIORITY-VETO,233.42140992882193,279.92334869077985,,,
PRIORITY-VETO,Outcome First M15,2026-06-10 07:45:00+00:00,2026-06-10 17:45:00+00:00,-1,4189.495,4217.601935558153,3.0,3.0,2.9850944440693934,target,2,Ensemble PRIORITY-VETO,279.92334869077985,321.7032303378872,,,
PRIORITY-VETO,V1 Legacy M15,2026-06-10 17:45:00+00:00,2026-06-11 11:00:00+00:00,-1,4102.065,4136.646332424267,3.0,0.35394818944022094,0.34208611035757286,time_exit,3,Ensemble PRIORITY-VETO,321.7032303378872,327.20574067567486,,,
PRIORITY-VETO,V1 Legacy M15,2026-06-11 22:45:00+00:00,2026-06-12 00:45:00+00:00,1,4225.575,4203.505863485973,2.0,-1.0,-1.0191469883622966,stop,3,Ensemble PRIORITY-VETO,327.20574067567486,310.5322034164514,,,
PRIORITY-VETO,V1 Legacy M15,2026-06-12 08:00:00+00:00,2026-06-14 22:15:00+00:00,1,4194.315,4168.8419819008695,2.0,2.0,1.9835342832809306,target,3,Ensemble PRIORITY-VETO,310.5322034164514,341.32976699341634,,,
PRIORITY-VETO,V1 Legacy M15,2026-06-15 01:45:00+00:00,2026-06-15 18:00:00+00:00,1,4317.355,4283.925023203848,2.0,0.21477729535327567,0.20186267376581182,time_exit,3,Ensemble PRIORITY-VETO,341.32976699341634,344.77485396347396,,,
PRIORITY-VETO,V1 Legacy M15,2026-06-15 20:15:00+00:00,2026-06-16 03:45:00+00:00,-1,4315.698,4327.828929819992,2.0,-1.0,-1.0355759868702554,stop,3,Ensemble PRIORITY-VETO,344.77485396347396,326.9228259814103,,,
PRIORITY-VETO,M15-0591 MTF,2026-06-16 08:15:00+00:00,2026-06-16 14:30:00+00:00,1,4337.655,4325.572952335903,3.0,-1.0,-1.035901654426426,stop,0,Ensemble PRIORITY-VETO,326.9228259814103,309.989831166215,,,
PRIORITY-VETO,M15-0591 MTF,2026-06-16 15:00:00+00:00,2026-06-16 16:00:00+00:00,-1,4323.895,4336.1376609236295,3.0,-1.0,-1.035318261503548,stop,0,Ensemble PRIORITY-VETO,309.989831166215,293.9429245118758,,,
PRIORITY-VETO,V1 Legacy M15,2026-06-16 16:15:00+00:00,2026-06-17 04:45:00+00:00,1,4345.925,4320.051232235651,2.0,-1.0,-1.0167966453111175,stop,3,Ensemble PRIORITY-VETO,293.9429245118758,278.99891553404507,,,
PRIORITY-VETO,M15-0591 MTF,2026-06-17 04:45:00+00:00,2026-06-17 09:45:00+00:00,-1,4322.995,4334.662396339179,3.0,-1.0,-1.0370519255052923,stop,0,Ensemble PRIORITY-VETO,278.99891553404507,264.5320974056216,,,
PRIORITY-VETO,M15-0591 MTF,2026-06-17 14:15:00+00:00,2026-06-17 15:00:00+00:00,1,4342.165,4331.7254638248405,4.0,-1.0,-1.0415934666746216,stop,0,Ensemble PRIORITY-VETO,264.5320974056216,250.75535218645007,,,
PRIORITY-VETO,Outcome First M15,2026-06-17 17:00:00+00:00,2026-06-17 17:45:00+00:00,-1,4359.278,4367.187271023949,3.0,-1.0,-1.055116052880229,stop,2,Ensemble PRIORITY-VETO,250.75535218645007,237.52655231457211,,,
PRIORITY-VETO,V1 Legacy M15,2026-06-17 17:45:00+00:00,2026-06-17 18:15:00+00:00,1,4376.278,4353.998674038042,2.0,-1.0,-1.0196427755824948,stop,3,Ensemble PRIORITY-VETO,237.52655231457211,225.41694066074356,,,
PRIORITY-VETO,Structural Portfolio MTF,2026-06-18 03:00:00+00:00,2026-06-18 15:45:00+00:00,-1,4310.695,4331.1563158486115,4.0,4.0,3.978932464403102,target,1,Ensemble PRIORITY-VETO,225.41694066074356,270.26287982181657,,,
PRIORITY-VETO,M15-0591 MTF,2026-06-18 23:45:00+00:00,2026-06-19 04:45:00+00:00,-1,4194.555,4208.792117671254,4.0,4.0,3.9705378918903707,target,0,Ensemble PRIORITY-VETO,270.26287982181657,323.9173300770134,,,
PRIORITY-VETO,M15-0591 MTF,2026-06-19 04:45:00+00:00,2026-06-19 07:15:00+00:00,-1,4135.085,4156.09826189269,4.0,-1.0,-1.019678453640929,stop,0,Ensemble PRIORITY-VETO,323.9173300770134,307.40275396499203,,,
PRIORITY-VETO,Outcome First M15,2026-06-19 10:15:00+00:00,2026-06-19 13:00:00+00:00,-1,4155.005,4171.538358662238,3.0,-1.0,-1.0251310401285247,stop,2,Ensemble PRIORITY-VETO,307.40275396499203,291.6463487194668,,,
PRIORITY-VETO,V1 Legacy M15,2026-06-22 05:30:00+00:00,2026-06-22 22:45:00+00:00,1,4193.795,4169.4828215941125,2.0,-0.16452659787291343,-0.1817763684610743,time_exit,3,Ensemble PRIORITY-VETO,291.6463487194668,288.99562801220895,,,
PRIORITY-VETO,Structural Portfolio MTF,2026-06-22 23:00:00+00:00,2026-06-22 23:45:00+00:00,-1,4189.438,4194.903420023302,3.0,-1.0,-1.0766535413955087,stop,1,Ensemble PRIORITY-VETO,288.99562801220895,273.4382196948508,,,
PRIORITY-VETO,V1 Legacy M15,2026-06-22 23:45:00+00:00,2026-06-23 00:00:00+00:00,1,4194.655,4187.611281052772,2.0,-1.0,-1.0595517088547513,stop,3,Ensemble PRIORITY-VETO,273.4382196948508,258.95212304765676,,,
PRIORITY-VETO,Structural Portfolio MTF,2026-06-23 01:30:00+00:00,2026-06-23 06:15:00+00:00,-1,4177.995,4199.164940376932,3.0,3.0,2.980264493306969,target,1,Ensemble PRIORITY-VETO,258.95212304765676,297.53941393692617,,,
PRIORITY-VETO,Structural Portfolio MTF,2026-06-23 14:45:00+00:00,2026-06-24 08:00:00+00:00,-1,4125.975,4145.9299955501665,4.0,2.5687803272686502,2.548103925764939,time_exit,1,Ensemble PRIORITY-VETO,297.53941393692617,335.4474813730502,,,
PRIORITY-VETO,Outcome First M15,2026-06-24 08:00:00+00:00,2026-06-24 12:30:00+00:00,-1,4074.665,4095.3546731584806,3.0,3.0,2.980305802954022,target,2,Ensemble PRIORITY-VETO,335.4474813730502,385.43428513917087,,,
PRIORITY-VETO,V1 Legacy M15,2026-06-24 17:30:00+00:00,2026-06-25 10:45:00+00:00,-1,3990.315,4023.5697370745465,2.0,0.14584388350831823,0.13384464565220472,time_exit,3,Ensemble PRIORITY-VETO,385.43428513917087,388.013700905004,,,
PRIORITY-VETO,V1 Legacy M15,2026-06-25 11:30:00+00:00,2026-06-25 12:45:00+00:00,-1,3977.065,3990.1841924921077,2.0,-1.0,-1.0303148612415935,stop,3,Ensemble PRIORITY-VETO,388.013700905004,368.0248867846152,,,
PRIORITY-VETO,V1 Legacy M15,2026-06-25 16:00:00+00:00,2026-06-26 02:45:00+00:00,1,4041.045,4003.3505181527275,2.0,-1.0,-1.0107205214184218,stop,3,Ensemble PRIORITY-VETO,368.0248867846152,349.4263715113201,,,
PRIORITY-VETO,M15-0591 MTF,2026-06-26 02:45:00+00:00,2026-06-26 05:30:00+00:00,-1,3992.005,4017.609569754594,3.0,-1.0,-1.0155909864460182,stop,0,Ensemble PRIORITY-VETO,349.4263715113201,331.68265784464836,,,
PRIORITY-VETO,M15-0591 MTF,2026-06-26 08:30:00+00:00,2026-06-26 14:00:00+00:00,1,4035.435,4024.553738395384,3.0,3.0,2.9629139051459985,target,0,Ensemble PRIORITY-VETO,331.68265784464836,380.82001579583294,,,
PRIORITY-VETO,M15-0591 MTF,2026-06-26 14:15:00+00:00,2026-06-28 22:30:00+00:00,1,4082.115,4056.7455536078787,3.0,-1.0,-1.0160906743367792,stop,0,Ensemble PRIORITY-VETO,380.82001579583294,361.4726324632864,,,
PRIORITY-VETO,M15-0591 MTF,2026-06-28 23:30:00+00:00,2026-06-29 01:00:00+00:00,-1,4056.675,4071.4472130110803,3.0,-1.0,-1.0274615252092374,stop,0,Ensemble PRIORITY-VETO,361.4726324632864,342.9026713496801,,,
PRIORITY-VETO,Structural Portfolio MTF,2026-06-29 06:15:00+00:00,2026-06-29 10:00:00+00:00,1,4059.475,4038.033001325768,2.0,-1.0,-1.0189323535630963,stop,1,Ensemble PRIORITY-VETO,342.9026713496801,325.43294005161,,,
PRIORITY-VETO,M15-0591 MTF,2026-06-29 14:45:00+00:00,2026-06-30 01:15:00+00:00,-1,4020.715,4036.5372614993694,3.0,3.0,2.974588240750791,target,0,Ensemble PRIORITY-VETO,325.43294005161,373.8343898831338,,,
PRIORITY-VETO,Structural Frequency M15,2026-06-30 08:45:00+00:00,2026-06-30 14:15:00+00:00,-1,4017.628,4038.368757219234,2.0,-1.0,-1.0193706910385814,stop,4,Ensemble PRIORITY-VETO,373.8343898831338,354.7805988656759,,,
PRIORITY-VETO,M15-0591 MTF,2026-06-30 20:30:00+00:00,2026-07-01 02:15:00+00:00,-1,4012.635,4023.1511374205666,4.0,4.0,3.9618430718473445,target,0,Ensemble PRIORITY-VETO,354.7805988656759,425.0598517477674,,,
PRIORITY-VETO,V1 Legacy M15,2026-07-01 05:15:00+00:00,2026-07-01 08:30:00+00:00,-1,3971.715,3983.1924888511157,3.0,-1.0,-1.0346043899630009,stop,3,Ensemble PRIORITY-VETO,425.0598517477674,403.0714123170043,,,
PRIORITY-VETO,M15-0591 MTF,2026-07-01 11:45:00+00:00,2026-07-01 13:15:00+00:00,1,4029.055,4013.7770877398398,3.0,-1.0,-1.0263717642266248,stop,0,Ensemble PRIORITY-VETO,403.0714123170043,382.3863564885482,,,
PRIORITY-VETO,V1 Legacy M15,2026-07-02 00:15:00+00:00,2026-07-02 06:15:00+00:00,1,4044.485,4029.7287661627606,2.0,2.0,1.9725913465142226,target,3,Ensemble PRIORITY-VETO,382.3863564885482,420.1009573802688,,,
PRIORITY-VETO,Structural Frequency M15,2026-07-02 11:45:00+00:00,2026-07-02 12:45:00+00:00,1,4071.085,4056.4402460362244,2.0,2.0,1.9722010693380716,target,4,Ensemble PRIORITY-VETO,420.1009573802688,461.52713524903453,,,
PRIORITY-VETO,V1 Legacy M15,2026-07-02 23:30:00+00:00,2026-07-02 23:45:00+00:00,1,4129.595,4121.537870822213,2.0,-1.0,-1.0512539256710078,stop,3,Ensemble PRIORITY-VETO,461.52713524903453,437.26802461232245,,,
PRIORITY-VETO,V1 Legacy M15,2026-07-03 00:15:00+00:00,2026-07-03 01:15:00+00:00,1,4134.565,4119.990880173616,2.0,2.0,1.9716307739386425,target,3,Ensemble PRIORITY-VETO,437.26802461232245,480.3745793015732,,,
PRIORITY-VETO,Structural Portfolio MTF,2026-07-03 07:00:00+00:00,2026-07-03 14:15:00+00:00,1,4172.865,4159.478374034644,3.0,-1.0,-1.0311718950749742,stop,1,Ensemble PRIORITY-VETO,480.3745793015732,455.60714103736086,,,
PRIORITY-VETO,Structural Portfolio MTF,2026-07-03 15:15:00+00:00,2026-07-06 05:15:00+00:00,1,4171.995,4154.426847971014,4.0,-1.0,-1.0237474891674234,stop,1,Ensemble PRIORITY-VETO,455.60714103736086,432.28580770317353,,,
PRIORITY-VETO,V1 Legacy M15,2026-07-06 05:15:00+00:00,2026-07-06 22:30:00+00:00,-1,4151.835,4167.383246507437,2.0,-0.9068546728568861,-0.9335575875425647,time_exit,3,Ensemble PRIORITY-VETO,432.28580770317353,412.1076229147604,,,
PRIORITY-VETO,V1 Legacy M15,2026-07-07 05:15:00+00:00,2026-07-07 11:30:00+00:00,-1,4122.125,4141.72091372602,2.0,-1.0,-1.021035635580119,stop,3,Ensemble PRIORITY-VETO,412.1076229147604,391.0687944802512,,,
PRIORITY-VETO,M15-0591 MTF,2026-07-07 11:45:00+00:00,2026-07-07 19:00:00+00:00,1,4147.995,4131.982848080883,3.0,-1.0,-1.025905293810307,stop,0,Ensemble PRIORITY-VETO,391.0687944802512,371.00881715518597,,,
PRIORITY-VETO,V1 Legacy M15,2026-07-07 19:00:00+00:00,2026-07-08 08:30:00+00:00,-1,4126.705,4148.893081183531,2.0,2.0,1.9814012533762357,target,3,Ensemble PRIORITY-VETO,371.00881715518597,407.7646839214319,,,
PRIORITY-VETO,Outcome First M15,2026-07-08 10:45:00+00:00,2026-07-08 14:45:00+00:00,1,4056.915,4039.27081047798,2.0,-1.0,-1.0229929235057067,stop,2,Ensemble PRIORITY-VETO,407.7646839214319,386.9076646160736,,,
PRIORITY-VETO,M15-0591 MTF,2026-07-08 15:15:00+00:00,2026-07-08 17:00:00+00:00,-1,4033.655,4062.78781704086,3.0,-1.0,-1.0138457430819088,stop,0,Ensemble PRIORITY-VETO,386.9076646160736,367.2944301792351,,,
PRIORITY-VETO,V1 Legacy M15,2026-07-09 00:15:00+00:00,2026-07-09 01:15:00+00:00,1,4087.445,4069.512410027087,2.0,-1.0,-1.0227933890540852,stop,3,Ensemble PRIORITY-VETO,367.2944301792351,348.51111442804967,,,
PRIORITY-VETO,V1 Legacy M15,2026-07-09 03:15:00+00:00,2026-07-09 06:00:00+00:00,-1,4058.925,4083.3343119616334,2.0,-1.0,-1.0166285924256278,stop,3,Ensemble PRIORITY-VETO,348.51111442804967,330.7957962427659,,,
PRIORITY-VETO,M15-0591 MTF,2026-07-09 06:45:00+00:00,2026-07-09 17:00:00+00:00,1,4102.615,4090.108792101634,3.0,2.011001272678937,1.9781966445027481,time_exit,0,Ensemble PRIORITY-VETO,330.7957962427659,363.5147529499186,,,
PRIORITY-VETO,Structural Portfolio MTF,2026-07-10 02:30:00+00:00,2026-07-10 07:45:00+00:00,1,4125.475,4107.803472618514,4.0,-1.0,-1.0233453221724462,stop,1,Ensemble PRIORITY-VETO,363.5147529499186,344.91469685132,,,
PRIORITY-VETO,V1 Legacy M15,2026-07-10 07:45:00+00:00,2026-07-10 14:45:00+00:00,-1,4106.675,4120.448839706001,2.0,2.0,1.9701849659379238,target,3,Ensemble PRIORITY-VETO,344.91469685132,378.89198436469536,,,
PRIORITY-VETO,Structural Frequency M15,2026-07-10 16:15:00+00:00,2026-07-12 22:15:00+00:00,1,4110.005,4090.2524258884623,3.0,-1.0,-1.0208074399660108,stop,4,Ensemble PRIORITY-VETO,378.89198436469536,359.55319653554704,,,
PRIORITY-VETO,V1 Legacy M15,2026-07-13 03:15:00+00:00,2026-07-13 16:45:00+00:00,-1,4057.795,4088.7614646300267,2.0,2.0,1.986896163160759,target,3,Ensemble PRIORITY-VETO,359.55319653554704,395.27293986798026,,,
PRIORITY-VETO,V1 Legacy M15,2026-07-13 23:45:00+00:00,2026-07-14 00:45:00+00:00,-1,3995.265,4006.2621326945173,3.0,-1.0,-1.0363300608529697,stop,3,Ensemble PRIORITY-VETO,395.27293986798026,374.7912783766344,,,
PRIORITY-VETO,V1 Legacy M15,2026-07-14 05:45:00+00:00,2026-07-14 12:45:00+00:00,1,4031.715,4012.973143993031,2.0,2.0,1.9784881764191293,target,3,Ensemble PRIORITY-VETO,374.7912783766344,411.8672840212935,,,
PRIORITY-VETO,M15-0591 MTF,2026-07-14 19:30:00+00:00,2026-07-15 01:15:00+00:00,-1,4051.415,4060.5501968680665,3.0,-1.0,-1.0443495094688364,stop,0,Ensemble PRIORITY-VETO,411.8672840212935,390.3606142195985,,,
PRIORITY-VETO,M15-0591 MTF,2026-07-15 02:00:00+00:00,2026-07-15 12:15:00+00:00,-1,4036.485,4055.3271175912564,4.0,-0.06156420552953955,-0.08298687726720633,time_exit,0,Ensemble PRIORITY-VETO,390.3606142195985,388.7408738004889,,,
PRIORITY-VETO,Structural Portfolio MTF,2026-07-15 19:15:00+00:00,2026-07-16 12:30:00+00:00,-1,4060.665,4081.880477356999,3.0,1.708658230498917,1.689518123813265,time_exit,1,Ensemble PRIORITY-VETO,388.7408738004889,421.58011138813544,,,
PRIORITY-VETO,M15-0591 MTF,2026-07-16 13:45:00+00:00,2026-07-16 15:30:00+00:00,-1,3986.135,4009.976767320735,4.0,-1.0,-1.016719125500958,stop,0,Ensemble PRIORITY-VETO,421.58011138813544,400.1486832791784,,,
PRIORITY-VETO,V1 Legacy M15,2026-07-16 17:45:00+00:00,2026-07-17 03:30:00+00:00,-1,3981.445,3997.8317051426284,3.0,-1.0,-1.0242968001519885,stop,3,Ensemble PRIORITY-VETO,400.1486832791784,379.65513248578367,,,
PRIORITY-VETO,Outcome First M15,2026-07-17 11:00:00+00:00,2026-07-17 13:15:00+00:00,-1,3990.635,4000.1590683344125,3.0,3.0,2.9580994711516184,target,2,Ensemble PRIORITY-VETO,379.65513248578367,435.80801481709335,,,
PRIORITY-VETO,V1 Legacy M15,2026-07-17 16:00:00+00:00,2026-07-19 23:15:00+00:00,1,4018.915,3990.713692491855,2.0,-1.0,-1.0142508108847055,stop,3,Ensemble PRIORITY-VETO,435.80801481709335,413.7070831961788,,,
PRIORITY-VETO,V1 Legacy M15,2026-07-20 03:00:00+00:00,2026-07-20 19:15:00+00:00,1,4021.545,3994.61441216302,2.0,-0.6368223413397,-0.6517553425216414,time_exit,3,Ensemble PRIORITY-VETO,413.7070831961788,400.2252931105711,,,
PRIORITY-VETO,V1 Legacy M15,2026-07-20 22:45:00+00:00,2026-07-21 00:15:00+00:00,-1,4003.765,4011.051847869991,2.0,-1.0,-1.0549450883486728,stop,3,Ensemble PRIORITY-VETO,400.2252931105711,379.11450775057585,,,
PRIORITY-VETO,M15-0591 MTF,2026-07-21 01:15:00+00:00,2026-07-21 06:45:00+00:00,1,4028.705,4012.895586906287,3.0,3.0,2.974517048949767,target,0,Ensemble PRIORITY-VETO,379.11450775057585,435.4986360909902,,,
PRIORITY-VETO,Outcome First M15,2026-07-21 07:30:00+00:00,2026-07-21 18:30:00+00:00,-1,4069.375,4084.480374317168,2.0,-1.0,-1.026939914990223,stop,2,Ensemble PRIORITY-VETO,435.4986360909902,413.1370894747082,,,
PRIORITY-VETO,M15-0591 MTF,2026-07-21 19:30:00+00:00,2026-07-22 02:30:00+00:00,1,4083.855,4070.1496206733004,3.0,3.0,2.9702025394361455,target,0,Ensemble PRIORITY-VETO,413.1370894747082,474.49213108936,,,
PRIORITY-VETO,V1 Legacy M15,2026-07-22 02:45:00+00:00,2026-07-22 08:00:00+00:00,1,4127.725,4110.487396842627,2.0,-1.0,-1.0239460495888864,stop,3,Ensemble PRIORITY-VETO,474.49213108936,450.19941392986186,,,
PRIORITY-VETO,V1 Legacy M15,2026-07-22 12:15:00+00:00,2026-07-22 13:00:00+00:00,1,4127.175,4111.849768970366,2.0,-1.0,-1.0269305891181635,stop,3,Ensemble PRIORITY-VETO,450.19941392986186,427.08323646147966,,,
PRIORITY-VETO,M15-0591 MTF,2026-07-22 14:45:00+00:00,2026-07-22 17:45:00+00:00,1,4150.685,4141.402314388723,4.0,-1.0,-1.044714268842172,stop,0,Ensemble PRIORITY-VETO,427.08323646147966,404.7742389057495,,,
PRIORITY-VETO,Structural Portfolio MTF,2026-07-23 00:15:00+00:00,2026-07-23 02:00:00+00:00,1,4126.575,4114.873730148665,4.0,-1.0,-1.0352660442193748,stop,1,Ensemble PRIORITY-VETO,404.7742389057495,383.8217876500563,,,
PRIORITY-VETO,Structural Portfolio MTF,2026-07-23 03:00:00+00:00,2026-07-23 07:15:00+00:00,1,4128.085,4111.018823822284,4.0,-1.0,-1.0241886932199264,stop,1,Ensemble PRIORITY-VETO,383.8217876500563,364.16649089392394,,,
PRIORITY-VETO,V1 Legacy M15,2026-07-23 11:45:00+00:00,2026-07-23 13:15:00+00:00,-1,4078.585,4095.923943089577,2.0,2.0,1.9764773147998171,target,3,Ensemble PRIORITY-VETO,364.16649089392394,400.1548312970287,,,
PRIORITY-VETO,Structural Portfolio MTF,2026-07-23 14:45:00+00:00,2026-07-24 03:00:00+00:00,1,4056.865,4038.617142680189,3.0,-1.0,-1.0222320074565447,stop,1,Ensemble PRIORITY-VETO,400.1548312970287,379.70227747251886,,,
PRIORITY-VETO,M15-0591 MTF,2026-07-24 03:30:00+00:00,2026-07-24 07:15:00+00:00,-1,4030.135,4042.57526730704,3.0,-1.0,-1.0323958874880395,stop,0,Ensemble PRIORITY-VETO,379.70227747251886,360.1021239858953,,,
PRIORITY-VETO,V1 Legacy M15,2026-07-24 10:30:00+00:00,2026-07-24 13:15:00+00:00,1,4061.685,4050.836368994445,2.0,-1.0,-1.0374396087204019,stop,3,Ensemble PRIORITY-VETO,360.1021239858953,341.4229136555296,,,
PRIORITY-VETO,Structural Frequency M15,2026-07-24 14:15:00+00:00,2026-07-27 00:15:00+00:00,1,4058.725,4043.706804103069,3.0,3.0,2.972974616739222,target,4,Ensemble PRIORITY-VETO,341.4229136555296,392.17499644908145,,,
PRIORITY-VETO,Structural Portfolio MTF,2026-07-27 06:15:00+00:00,2026-07-27 12:30:00+00:00,1,4094.135,4083.4580335647347,4.0,-1.0,-1.0383454890939552,stop,1,Ensemble PRIORITY-VETO,392.17499644908145,371.8143395241644,,,
PRIORITY-VETO,V1 Legacy M15,2026-07-27 14:00:00+00:00,2026-07-27 16:45:00+00:00,-1,4074.085,4090.234656981146,2.0,-1.0,-1.0252270683195084,stop,3,Ensemble PRIORITY-VETO,371.8143395241644,352.7546332606887,,,
PRIORITY-VETO,V1 Legacy M15,2026-07-27 22:30:00+00:00,2026-07-28 01:30:00+00:00,-1,4072.225,4084.384069126109,2.0,2.0,1.9665087437388133,target,3,Ensemble PRIORITY-VETO,352.7546332606887,387.43938679576485,,,
PRIORITY-VETO,V1 Legacy M15,2026-07-28 09:15:00+00:00,2026-07-28 14:30:00+00:00,-1,4040.875,4055.582329377173,2.0,2.0,1.9725247534996277,target,3,Ensemble PRIORITY-VETO,387.43938679576485,425.651075842533,,,
PRIORITY-VETO,Structural Frequency M15,2026-07-28 17:00:00+00:00,2026-07-29 10:15:00+00:00,-1,4037.445,4047.764431369461,3.0,0.559139335630031,0.5200146507956671,time_exit,4,Ensemble PRIORITY-VETO,425.651075842533,436.7183156207857,,,
PRIORITY-VETO,Outcome First M15,2026-07-29 10:45:00+00:00,2026-07-29 17:15:00+00:00,-1,4027.175,4038.0558869956076,3.0,-1.0,-1.0370114587314965,stop,2,Ensemble PRIORITY-VETO,436.7183156207857,414.074220743952,,,
PRIORITY-VETO,Structural Portfolio MTF,2026-07-29 19:45:00+00:00,2026-07-30 13:00:00+00:00,-1,4069.105,4117.801141773004,3.0,0.007187427735680301,-0.0011686860175776966,time_exit,1,Ensemble PRIORITY-VETO,414.074220743952,414.05002460635086,,,
PRIORITY-VETO,M15-0591 MTF,2026-07-30 14:45:00+00:00,2026-07-30 15:15:00+00:00,1,4110.475,4083.950830591243,3.0,-1.0,-1.0154970922431332,stop,0,Ensemble PRIORITY-VETO,414.05002460635086,393.02669480480347,,,
PRIORITY-VETO,V1 Legacy M15,2026-07-30 19:30:00+00:00,2026-07-31 00:30:00+00:00,1,4112.565,4097.609238879447,2.0,-1.0,-1.0274981993015946,stop,3,Ensemble PRIORITY-VETO,393.02669480480347,372.83498374533383,,,
PRIORITY-VETO,V1 Legacy M15,2026-07-31 02:45:00+00:00,2026-07-31 13:15:00+00:00,-1,4075.395,4095.4530579661473,2.0,2.0,1.9796820060701878,target,3,Ensemble PRIORITY-VETO,372.83498374533383,409.73971917303925,,,
PRIORITY-VETO,Outcome First M15,2026-07-31 14:45:00+00:00,2026-08-03 08:00:00+00:00,1,4041.245,4019.705054949538,2.0,0.9113300871479768,0.8925684561849798,time_exit,2,Ensemble PRIORITY-VETO,409.73971917303925,428.0257566020366,,,
PRIORITY-VETO,Structural Portfolio MTF,2026-08-03 12:00:00+00:00,2026-08-03 12:45:00+00:00,1,4062.405,4044.644813788909,3.0,-1.0,-1.0228736621999097,stop,1,Ensemble PRIORITY-VETO,428.0257566020366,406.134942943466,,,
PRIORITY-VETO,V1 Legacy M15,2026-08-03 12:45:00+00:00,2026-08-04 00:15:00+00:00,-1,4044.785,4065.117812720761,2.0,-1.0,-1.0198928945815255,stop,3,Ensemble PRIORITY-VETO,406.134942943466,385.42423581600025,,,
PRIORITY-VETO,Outcome First M15,2026-08-04 11:00:00+00:00,2026-08-04 12:00:00+00:00,1,4053.635,4044.8216769123355,2.0,2.0,1.95400560084228,target,2,Ensemble PRIORITY-VETO,385.42423581600025,423.0802915902413,,,
PRIORITY-VETO,Structural Portfolio MTF,2026-08-04 13:45:00+00:00,2026-08-05 05:45:00+00:00,1,4083.145,4059.8809963631006,3.0,3.0,2.9824486573174203,target,1,Ensemble PRIORITY-VETO,423.0802915902413,486.17105396978013,,,
PRIORITY-VETO,M15-0591 MTF,2026-08-05 06:45:00+00:00,2026-08-05 09:00:00+00:00,1,4175.465,4158.903629444838,4.0,-1.0,-1.025212074001318,stop,0,Ensemble PRIORITY-VETO,486.17105396978013,461.24963224179186,,,
PRIORITY-VETO,M15-0591 MTF,2026-08-05 12:00:00+00:00,2026-08-05 15:15:00+00:00,1,4188.495,4172.814248032633,4.0,4.0,3.9732889404237963,target,0,Ensemble PRIORITY-VETO,461.24963224179186,552.8835353698346,,,
PRIORITY-VETO,V1 Legacy M15,2026-08-05 18:30:00+00:00,2026-08-06 11:45:00+00:00,1,4262.535,4235.4736900906755,3.0,-0.07686250247935099,-0.09261390185463136,time_exit,3,Ensemble PRIORITY-VETO,552.8835353698346,550.3233002957454,,,
PRIORITY-VETO,V1 Legacy M15,2026-08-07 00:45:00+00:00,2026-08-07 01:45:00+00:00,-1,4234.785,4253.720800962671,2.0,-1.0,-1.0223639074383395,stop,3,Ensemble PRIORITY-VETO,550.3233002957454,522.1917663135093,,,
PRIORITY-VETO,M15-0591 MTF,2026-08-07 02:00:00+00:00,2026-08-07 12:15:00+00:00,1,4256.595,4237.753523689248,4.0,3.096360340230225,3.0737687187999505,time_exit,0,Ensemble PRIORITY-VETO,522.1917663135093,602.4466021389773,,,
PRIORITY-VETO,V1 Legacy M15,2026-08-10 05:00:00+00:00,2026-08-10 14:00:00+00:00,1,4339.085,4321.82159406555,2.0,-1.0,-1.0251345824600064,stop,3,Ensemble PRIORITY-VETO,602.4466021389773,571.5671598420678,,,
PRIORITY-VETO,V1 Legacy M15,2026-08-10 16:00:00+00:00,2026-08-10 19:45:00+00:00,1,4358.205,4341.50142521283,2.0,2.0,1.9739085491846473,target,3,Ensemble PRIORITY-VETO,571.5671598420678,627.9782250043401,,,
PRIORITY-VETO,V1 Legacy M15,2026-08-10 22:45:00+00:00,2026-08-11 02:00:00+00:00,1,4395.175,4384.854280203591,3.0,3.0,2.9574140652328422,target,3,Ensemble PRIORITY-VETO,627.9782250043401,720.8378067687296,,,
PRIORITY-VETO,M15-0591 MTF,2026-08-11 02:15:00+00:00,2026-08-11 03:00:00+00:00,1,4433.695,4413.139108482957,4.0,-1.0,-1.0215689745021477,stop,0,Ensemble PRIORITY-VETO,720.8378067687296,684.0185298165742,,,
PRIORITY-VETO,M15-0591 MTF,2026-08-11 06:15:00+00:00,2026-08-11 12:15:00+00:00,-1,4372.515,4393.037859235244,3.0,-1.0,-1.0213055839338956,stop,0,Ensemble PRIORITY-VETO,684.0185298165742,649.0889326157782,,,
PRIORITY-VETO,V1 Legacy M15,2026-08-11 18:15:00+00:00,2026-08-12 01:15:00+00:00,-1,4363.495,4386.5025015931315,2.0,-1.0,-1.0189655316651272,stop,3,Ensemble PRIORITY-VETO,649.0889326157782,616.0189701497388,,,
PRIORITY-VETO,M15-0591 MTF,2026-08-12 01:30:00+00:00,2026-08-12 11:45:00+00:00,1,4390.425,4377.021026805206,4.0,1.69427375524894,1.6615191015638284,time_exit,0,Ensemble PRIORITY-VETO,616.0189701497388,667.1953344412123,,,
PRIORITY-VETO,Structural Frequency M15,2026-08-12 14:15:00+00:00,2026-08-12 17:00:00+00:00,1,4431.695,4406.932879663372,3.0,-1.0,-1.0178970739975148,stop,4,Ensemble PRIORITY-VETO,667.1953344412123,633.2385255055871,,,
PRIORITY-VETO,Structural Portfolio MTF,2026-08-12 18:45:00+00:00,2026-08-13 04:15:00+00:00,1,4413.325,4394.921085274445,3.0,-1.0,-1.0239803599713053,stop,1,Ensemble PRIORITY-VETO,633.2385255055871,600.8173348408416,,,
PRIORITY-VETO,V1 Legacy M15,2026-08-13 04:15:00+00:00,2026-08-13 14:45:00+00:00,-1,4394.395,4412.91980351546,2.0,2.0,1.9762783178977708,target,3,Ensemble PRIORITY-VETO,600.8173348408416,660.1864484339957,,,
PRIORITY-VETO,V1 Legacy M15,2026-08-13 19:15:00+00:00,2026-08-14 02:15:00+00:00,-1,4346.625,4364.252068190892,2.0,2.0,1.975341191439618,target,3,Ensemble PRIORITY-VETO,660.1864484339957,725.3911227150907,,,
PRIORITY-VETO,V1 Legacy M15,2026-08-14 10:00:00+00:00,2026-08-14 13:45:00+00:00,1,4357.155,4341.971783104637,2.0,2.0,1.9713028205417336,target,3,Ensemble PRIORITY-VETO,725.3911227150907,796.8894010253003,,,
PRIORITY-VETO,V1 Legacy M15,2026-08-16 23:00:00+00:00,2026-08-16 23:45:00+00:00,1,4384.605,4370.135134204836,2.0,-1.0,-1.0303016286541191,stop,3,Ensemble PRIORITY-VETO,796.8894010253003,755.8375786386217,,,
PRIORITY-VETO,M15-0591 MTF,2026-08-17 00:45:00+00:00,2026-08-17 11:00:00+00:00,1,4395.355,4377.2415077139585,3.0,0.18825745726729035,0.16399181632632595,time_exit,0,Ensemble PRIORITY-VETO,755.8375786386217,762.0351375070537,,,
PRIORITY-VETO,V1 Legacy M15,2026-08-17 16:00:00+00:00,2026-08-17 17:45:00+00:00,1,4427.335,4412.757781594252,3.0,-1.0,-1.0303716036679145,stop,3,Ensemble PRIORITY-VETO,762.0351375070537,722.7761691728316,,,
PRIORITY-VETO,V1 Legacy M15,2026-08-17 23:45:00+00:00,2026-08-18 02:00:00+00:00,1,4422.175,4408.337471117836,2.0,-1.0,-1.0319578375420764,stop,3,Ensemble PRIORITY-VETO,722.7761691728316,685.4824425445045,,,
PRIORITY-VETO,M15-0591 MTF,2026-08-18 02:45:00+00:00,2026-08-18 13:00:00+00:00,-1,4394.755,4408.676994130216,3.0,0.05746303241601459,0.02589603878784149,time_exit,0,Ensemble PRIORITY-VETO,685.4824425445045,686.3700065405303,,,
PRIORITY-VETO,V1 Legacy M15,2026-08-18 19:45:00+00:00,2026-08-19 01:15:00+00:00,-1,4349.835,4361.597120464925,2.0,2.0,1.963018275378395,target,3,Ensemble PRIORITY-VETO,686.3700065405303,753.7378498660628,,,
PRIORITY-VETO,V1 Legacy M15,2026-08-19 04:45:00+00:00,2026-08-19 07:45:00+00:00,-1,4346.265,4360.907214971361,2.0,-1.0,-1.0296831115271905,stop,3,Ensemble PRIORITY-VETO,753.7378498660628,714.9322931397677,,,
PRIORITY-VETO,V1 Legacy M15,2026-08-19 10:30:00+00:00,2026-08-19 12:45:00+00:00,1,4368.615,4352.495644577295,2.0,2.0,1.9728983269774756,target,3,Ensemble PRIORITY-VETO,714.9322931397677,785.4567293916487,,,
PRIORITY-VETO,M15-0591 MTF,2026-08-19 14:30:00+00:00,2026-08-20 01:45:00+00:00,1,4485.835,4453.16410275152,3.0,0.23139860354928146,0.21766823377742384,time_exit,0,Ensemble PRIORITY-VETO,785.4567293916487,794.0051783414123,,,
PRIORITY-VETO,Structural Portfolio MTF,2026-08-20 06:30:00+00:00,2026-08-20 11:45:00+00:00,1,4493.755,4476.7691696345155,4.0,-1.0,-1.0264559041466195,stop,1,Ensemble PRIORITY-VETO,794.0051783414123,753.2546131798357,,,
PRIORITY-VETO,M15-0591 MTF,2026-08-20 16:00:00+00:00,2026-08-21 03:15:00+00:00,1,4521.465,4497.240235400703,4.0,0.44045835641719716,0.42179371684364636,time_exit,0,Ensemble PRIORITY-VETO,753.2546131798357,769.140516330973,,,
PRIORITY-VETO,M15-0591 MTF,2026-08-21 06:30:00+00:00,2026-08-21 16:00:00+00:00,1,4555.215,4540.311747728543,4.0,4.0,3.9694347588229166,target,0,Ensemble PRIORITY-VETO,769.140516330973,921.7931713281315,,,
PRIORITY-VETO,Structural Portfolio MTF,2026-08-24 01:15:00+00:00,2026-08-24 17:30:00+00:00,1,4621.775,4592.693310123501,4.0,0.567023445681072,0.5511310576540099,time_exit,1,Ensemble PRIORITY-VETO,921.7931713281315,947.1946136007473,,,
PRIORITY-VETO,V1 Legacy M15,2026-08-24 22:15:00+00:00,2026-08-25 00:45:00+00:00,1,4658.335,4645.757033216315,3.0,3.0,2.9629643242018866,target,3,Ensemble PRIORITY-VETO,947.1946136007473,1087.5198060095074,,,
PRIORITY-VETO,M15-0591 MTF,2026-08-25 00:45:00+00:00,2026-08-25 01:15:00+00:00,1,4693.425,4673.8184480588,4.0,-1.0,-1.023938043844096,stop,0,Ensemble PRIORITY-VETO,1087.5198060095074,1031.8421608691533,,,
PRIORITY-VETO,M15-0591 MTF,2026-08-25 03:00:00+00:00,2026-08-25 13:15:00+00:00,-1,4629.235,4658.147143194419,3.0,0.21893914807469944,0.2029277615480392,time_exit,0,Ensemble PRIORITY-VETO,1031.8421608691533,1042.3116318679567,,,
PRIORITY-VETO,Structural Portfolio MTF,2026-08-25 14:30:00+00:00,2026-08-26 07:45:00+00:00,1,4623.605,4603.765811673815,3.0,0.40173014485078784,0.3784247307180053,time_exit,1,Ensemble PRIORITY-VETO,1042.3116318679567,1062.0334567986504,,,
PRIORITY-VETO,M15-0591 MTF,2026-08-26 22:45:00+00:00,2026-08-27 01:00:00+00:00,1,4610.595,4601.106425785957,3.0,-1.0,-1.0485910200625956,stop,0,Ensemble PRIORITY-VETO,1062.0334567986504,1006.3515195083953,,,
PRIORITY-VETO,V1 Legacy M15,2026-08-27 09:45:00+00:00,2026-08-27 16:00:00+00:00,-1,4582.225,4606.822575600925,2.0,-1.0,-1.0186287668115865,stop,3,Ensemble PRIORITY-VETO,1006.3515195083953,955.0965891436051,,,
PRIORITY-VETO,Structural Portfolio MTF,2026-08-27 19:45:00+00:00,2026-08-28 00:30:00+00:00,-1,4609.645,4618.736135603662,2.0,2.0,1.9492951683820057,target,1,Ensemble PRIORITY-VETO,955.0965891436051,1048.1848474713934,,,
PRIORITY-VETO,V1 Legacy M15,2026-08-28 05:45:00+00:00,2026-08-28 06:45:00+00:00,-1,4572.605,4586.77549562999,2.0,-1.0,-1.0322684902447778,stop,3,Ensemble PRIORITY-VETO,1048.1848474713934,994.0844379715559,,,
PRIORITY-VETO,M15-0591 MTF,2026-08-28 07:30:00+00:00,2026-08-28 14:15:00+00:00,1,4607.195,4586.868991363838,3.0,-1.0,-1.0226665012421743,stop,0,Ensemble PRIORITY-VETO,994.0844379715559,943.2535952655727,,,
PRIORITY-VETO,M15-0591 MTF,2026-08-28 16:30:00+00:00,2026-08-31 03:45:00+00:00,-1,4480.765,4531.741801262077,3.0,1.142480472648387,1.1336906606376962,time_exit,0,Ensemble PRIORITY-VETO,943.2535952655727,996.7214848438482,,,
PRIORITY-VETO,Outcome First M15,2026-08-31 12:45:00+00:00,2026-09-01 06:00:00+00:00,-1,4440.215,4464.699707747468,3.0,0.01592830937672354,-0.0022063363204839308,time_exit,2,Ensemble PRIORITY-VETO,996.7214848438482,996.6115297031773,,,
PRIORITY-VETO,Outcome First M15,2026-09-01 07:30:00+00:00,2026-09-01 08:45:00+00:00,-1,4425.835,4441.179960380312,3.0,3.0,2.971157729376229,target,2,Ensemble PRIORITY-VETO,996.6115297031773,1144.6660321863305,,,
PRIORITY-VETO,V1 Legacy M15,2026-09-01 10:00:00+00:00,2026-09-01 10:30:00+00:00,-1,4364.415,4384.592242037761,3.0,-1.0,-1.0216303843301882,stop,3,Ensemble PRIORITY-VETO,1144.6660321863305,1086.194752266719,,,
PRIORITY-VETO,Outcome First M15,2026-09-01 10:30:00+00:00,2026-09-01 12:45:00+00:00,1,4384.815,4362.947770896012,3.0,-1.0,-1.0200519918602784,stop,2,Ensemble PRIORITY-VETO,1086.194752266719,1030.7959962368266,,,
PRIORITY-VETO,Outcome First M15,2026-09-01 16:30:00+00:00,2026-09-02 03:45:00+00:00,-1,4352.485,4375.638339176602,3.0,3.0,2.981201480413683,target,2,Ensemble PRIORITY-VETO,1030.7959962368266,1184.4465237361128,,,
PRIORITY-VETO,Outcome First M15,2026-09-02 09:00:00+00:00,2026-09-02 11:45:00+00:00,-1,4312.705,4332.447872766048,3.0,-1.0,-1.0218443640452193,stop,2,Ensemble PRIORITY-VETO,1184.4465237361128,1123.930523496478,,,
PRIORITY-VETO,M15-0591 MTF,2026-09-02 14:00:00+00:00,2026-09-03 01:15:00+00:00,1,4384.845,4355.4087415132335,3.0,0.5472842279613092,0.5323881602359519,time_exit,0,Ensemble PRIORITY-VETO,1123.930523496478,1153.8488886783439,,,
PRIORITY-VETO,M15-0591 MTF,2026-09-03 01:15:00+00:00,2026-09-03 11:30:00+00:00,1,4400.915,4384.637626257346,3.0,2.039026720448559,2.0119897114716894,time_exit,0,Ensemble PRIORITY-VETO,1153.8488886783439,1269.9254933090376,,,
PRIORITY-VETO,Outcome First M15,2026-09-03 13:45:00+00:00,2026-09-03 15:15:00+00:00,-1,4469.565,4497.055281824974,2.0,-1.0,-1.016258709272087,stop,2,Ensemble PRIORITY-VETO,1269.9254933090376,1205.3968511739397,,,
PRIORITY-VETO,V1 Legacy M15,2026-09-04 00:00:00+00:00,2026-09-04 01:30:00+00:00,1,4479.895,4470.505405203949,2.0,-1.0,-1.0477112707982215,stop,3,Ensemble PRIORITY-VETO,1205.3968511739397,1142.2514578359585,,,
PRIORITY-VETO,Structural Portfolio MTF,2026-09-04 02:15:00+00:00,2026-09-04 04:15:00+00:00,1,4479.115,4466.1128909890285,3.0,-1.0,-1.034449142029347,stop,1,Ensemble PRIORITY-VETO,1142.2514578359585,1083.1714058089494,,,
PRIORITY-VETO,Structural Portfolio MTF,2026-09-04 04:45:00+00:00,2026-09-04 06:45:00+00:00,1,4473.255,4464.500797156624,3.0,-1.0,-1.0510983704631038,stop,1,Ensemble PRIORITY-VETO,1083.1714058089494,1026.2454208300487,,,
PRIORITY-VETO,V1 Legacy M15,2026-09-04 17:45:00+00:00,2026-09-07 11:00:00+00:00,-1,4416.985,4444.585247300534,2.0,0.9228178183572276,0.9068143929099692,time_exit,3,Ensemble PRIORITY-VETO,1026.2454208300487,1072.7761267433805,,,
PRIORITY-VETO,M15-0591 MTF,2026-09-08 00:30:00+00:00,2026-09-08 06:15:00+00:00,1,4421.105,4409.895967006409,3.0,-1.0,-1.039442340856057,stop,0,Ensemble PRIORITY-VETO,1072.7761267433805,1017.0216803235488,,,
PRIORITY-VETO,M15-0591 MTF,2026-09-08 07:00:00+00:00,2026-09-08 13:15:00+00:00,-1,4403.605,4412.397439843834,3.0,-1.0,-1.0500839935013937,stop,0,Ensemble PRIORITY-VETO,1017.0216803235488,963.6237709459663,,,
PRIORITY-VETO,V1 Legacy M15,2026-09-08 16:15:00+00:00,2026-09-09 07:45:00+00:00,-1,4386.015,4410.131477506599,2.0,-1.0,-1.0181867977974803,stop,3,Ensemble PRIORITY-VETO,963.6237709459663,914.566320864916,,,
PRIORITY-VETO,Structural Portfolio MTF,2026-09-09 08:30:00+00:00,2026-09-09 12:00:00+00:00,-1,4399.425,4413.250767076119,3.0,-1.0,-1.0318204767647154,stop,1,Ensemble PRIORITY-VETO,914.566320864916,867.3829080035265,,,
PRIORITY-VETO,Structural Frequency M15,2026-09-09 12:45:00+00:00,2026-09-09 13:30:00+00:00,-1,4395.245,4415.6625784441585,2.0,-1.0,-1.021526769259248,stop,4,Ensemble PRIORITY-VETO,867.3829080035265,823.0801650173497,,,
PRIORITY-VETO,Outcome First M15,2026-09-09 16:00:00+00:00,2026-09-10 09:15:00+00:00,1,4398.335,4373.123308270434,2.0,-0.1408076870873778,-0.1582533033799251,time_exit,2,Ensemble PRIORITY-VETO,823.0801650173497,816.5674072643252,,,
PRIORITY-VETO,V1 Legacy M15,2026-09-10 10:45:00+00:00,2026-09-10 12:45:00+00:00,-1,4383.585,4400.931581976631,2.0,2.0,1.9747294019887862,target,3,Ensemble PRIORITY-VETO,816.5674072643252,897.1923906558559,,,
PRIORITY-VETO,V1 Legacy M15,2026-09-10 18:00:00+00:00,2026-09-11 04:00:00+00:00,-1,4352.578,4368.83718500509,3.0,3.0,2.9732300358312083,target,3,Ensemble PRIORITY-VETO,897.1923906558559,1030.5703588467159,,,
PRIORITY-VETO,M15-0591 MTF,2026-09-11 07:00:00+00:00,2026-09-11 07:45:00+00:00,1,4352.948,4344.484640270046,3.0,-1.0,-1.0514328604584016,stop,0,Ensemble PRIORITY-VETO,1030.5703588467159,976.3915818314237,,,
PRIORITY-VETO,Outcome First M15,2026-09-11 11:00:00+00:00,2026-09-11 12:45:00+00:00,-1,4337.298,4350.497940843847,3.0,-1.0,-1.03285846543791,stop_same_bar,2,Ensemble PRIORITY-VETO,976.3915818314237,925.9678662875788,,,
PRIORITY-VETO,M15-0591 MTF,2026-09-11 13:15:00+00:00,2026-09-11 18:15:00+00:00,1,4389.168,4350.484698936071,3.0,-1.0,-1.011346415324655,stop,0,Ensemble PRIORITY-VETO,925.9678662875788,879.1441521737906,,,
PRIORITY-VETO,M15-0591 MTF,2026-09-11 18:45:00+00:00,2026-09-14 06:00:00+00:00,-1,4346.935,4361.267546252075,3.0,0.6827816793951582,0.6524525604546149,time_exit,0,Ensemble PRIORITY-VETO,879.1441521737906,907.8241448285152,,,
PRIORITY-VETO,V1 Legacy M15,2026-09-14 07:30:00+00:00,2026-09-15 00:45:00+00:00,-1,4316.735,4339.3777239665515,3.0,1.0739432250254648,1.0548786681003495,time_exit,3,Ensemble PRIORITY-VETO,907.8241448285152,955.7063610668173,,,
PRIORITY-VETO,V1 Legacy M15,2026-09-15 07:45:00+00:00,2026-09-15 14:00:00+00:00,-1,4283.705,4296.093034417724,3.0,-1.0,-1.0345793759974633,stop,3,Ensemble PRIORITY-VETO,955.7063610668173,906.2686565333515,,,
PRIORITY-VETO,Structural Portfolio MTF,2026-09-15 14:45:00+00:00,2026-09-15 18:15:00+00:00,-1,4278.015,4301.242537299636,3.0,-1.0,-1.0184178587028558,stop,1,Ensemble PRIORITY-VETO,906.2686565333515,860.1206473035411,,,
PRIORITY-VETO,V1 Legacy M15,2026-09-15 18:15:00+00:00,2026-09-15 21:00:00+00:00,1,4302.355,4289.262985380374,2.0,-1.0,-1.0328624365691623,stop,3,Ensemble PRIORITY-VETO,860.1206473035411,815.7013319276721,,,
PRIORITY-VETO,V1 Legacy M15,2026-09-16 00:00:00+00:00,2026-09-16 02:30:00+00:00,-1,4283.395,4299.379338379854,2.0,-1.0,-1.0267974494671532,stop,3,Ensemble PRIORITY-VETO,815.7013319276721,773.8233295701574,,,
PRIORITY-VETO,Structural Portfolio MTF,2026-09-16 04:00:00+00:00,2026-09-16 10:15:00+00:00,-1,4326.755,4341.588607775627,2.0,-1.0,-1.0291685951620573,stop,1,Ensemble PRIORITY-VETO,773.8233295701574,734.0035961202901,,,
CONSENSUS-2,Structural Portfolio MTF,2026-01-06 11:45:00+00:00,2026-01-07 05:00:00+00:00,1,4461.809,4447.384784487455,4.0,0.18760119034873718,0.1566684231828588,time_exit,1,Ensemble CONSENSUS-2,100.0,100.78334211591428,3.0,0.0,
CONSENSUS-2,Structural Portfolio MTF,2026-01-09 14:00:00+00:00,2026-01-12 00:45:00+00:00,1,4482.178,4457.757192841831,4.0,4.0,3.981646069390869,target,1,Ensemble CONSENSUS-2,100.78334211591428,120.84752201570954,3.0,0.0,
CONSENSUS-2,Structural Portfolio MTF,2026-01-12 13:00:00+00:00,2026-01-12 23:15:00+00:00,1,4590.285,4577.452279810825,4.0,-1.0,-1.0357701635532583,stop,1,Ensemble CONSENSUS-2,120.84752201570954,114.58900913354867,3.0,0.0,
CONSENSUS-2,Structural Portfolio MTF,2026-01-15 14:30:00+00:00,2026-01-16 07:45:00+00:00,1,4602.495,4581.303088414037,3.0,0.00802192852261041,-0.013696239663069586,time_exit,1,Ensemble CONSENSUS-2,114.58900913354867,114.51053720695633,3.0,1.0,
CONSENSUS-2,Structural Portfolio MTF,2026-01-19 12:45:00+00:00,2026-01-20 08:00:00+00:00,1,4671.465,4658.80448262264,4.0,4.0,3.963102100326852,target,1,Ensemble CONSENSUS-2,114.51053720695633,137.20138473267858,2.0,0.0,
CONSENSUS-2,M15-0591 MTF,2026-01-21 05:00:00+00:00,2026-01-21 07:00:00+00:00,1,4865.695,4848.134175476963,4.0,-1.0,-1.0277076682454005,stop,0,Ensemble CONSENSUS-2,137.20138473267858,130.1512389734955,2.0,0.0,
CONSENSUS-2,Structural Portfolio MTF,2026-01-22 15:00:00+00:00,2026-01-22 21:45:00+00:00,1,4834.498,4809.584054275333,4.0,4.0,3.9805952134060663,target,1,Ensemble CONSENSUS-2,130.1512389734955,156.05520891733377,2.0,0.0,
CONSENSUS-2,Outcome First M15,2026-01-23 10:30:00+00:00,2026-01-25 23:15:00+00:00,1,4929.048,4898.426853247447,3.0,3.0,2.983903124073598,target,2,Ensemble CONSENSUS-2,156.05520891733377,179.3378901881533,2.0,0.0,
CONSENSUS-2,Structural Portfolio MTF,2026-01-26 14:45:00+00:00,2026-01-26 19:15:00+00:00,1,5081.845,5053.148077288922,4.0,-1.0,-1.0177086757739293,stop,1,Ensemble CONSENSUS-2,179.3378901881533,170.2122038511795,2.0,0.0,
CONSENSUS-2,Structural Portfolio MTF,2026-01-27 13:00:00+00:00,2026-01-27 14:15:00+00:00,1,5084.835,5065.817704871546,4.0,-1.0,-1.0267379507214567,stop,1,Ensemble CONSENSUS-2,170.2122038511795,161.47403738268235,2.0,0.0,
CONSENSUS-2,Outcome First M15,2026-01-28 12:45:00+00:00,2026-01-28 15:15:00+00:00,1,5269.395,5244.809985321155,3.0,-1.0,-1.0214333612114301,stop,2,Ensemble CONSENSUS-2,161.47403738268235,153.2272889450737,2.0,0.0,
CONSENSUS-2,Structural Portfolio MTF,2026-01-28 16:30:00+00:00,2026-01-28 23:45:00+00:00,1,5287.265,5233.357980896434,4.0,4.0,3.9901918802265026,target,1,Ensemble CONSENSUS-2,153.2272889450737,183.79760315396138,2.0,0.0,
CONSENSUS-2,Structural Portfolio MTF,2026-01-29 11:45:00+00:00,2026-01-29 15:15:00+00:00,1,5514.305,5468.287330678566,4.0,-1.0,-1.0119830167005688,stop,1,Ensemble CONSENSUS-2,183.79760315396138,174.4976005088574,3.0,0.0,
CONSENSUS-2,Structural Portfolio MTF,2026-02-02 10:45:00+00:00,2026-02-02 11:15:00+00:00,-1,4672.418,4738.32452955156,3.0,-1.0,-1.0070894614415171,stop,1,Ensemble CONSENSUS-2,174.4976005088574,165.71086578289228,3.0,0.0,
CONSENSUS-2,Structural Portfolio MTF,2026-02-02 14:00:00+00:00,2026-02-03 00:30:00+00:00,-1,4705.769,4816.836840971169,4.0,-1.0,-1.004236842058739,stop,1,Ensemble CONSENSUS-2,165.71086578289228,157.3902179554607,2.0,0.0,
CONSENSUS-2,Structural Portfolio MTF,2026-02-03 09:15:00+00:00,2026-02-03 16:30:00+00:00,-1,4915.975,4951.999579116093,3.0,-1.0,-1.0136461691451213,stop,1,Ensemble CONSENSUS-2,157.3902179554607,149.4133183808873,3.0,0.0,
CONSENSUS-2,Structural Portfolio MTF,2026-02-05 09:15:00+00:00,2026-02-06 02:30:00+00:00,-1,4862.245,4946.273119218704,4.0,0.5032839053547036,0.49749745547910323,time_exit,1,Ensemble CONSENSUS-2,149.4133183808873,153.12995566634632,4.0,0.0,
CONSENSUS-2,M15-0591 MTF,2026-02-09 15:00:00+00:00,2026-02-09 23:15:00+00:00,1,5037.605,5011.68745000614,3.0,-1.0,-1.0194370417002903,stop,0,Ensemble CONSENSUS-2,153.12995566634632,145.32463821633647,2.0,0.0,
CONSENSUS-2,Structural Portfolio MTF,2026-02-10 14:00:00+00:00,2026-02-10 15:45:00+00:00,1,5050.795,5018.083825855607,4.0,-1.0,-1.015440579961162,stop,1,Ensemble CONSENSUS-2,145.32463821633647,137.94621147068432,2.0,0.0,
CONSENSUS-2,Structural Portfolio MTF,2026-02-12 13:30:00+00:00,2026-02-12 15:00:00+00:00,1,5062.125,5047.55977721388,3.0,-1.0,-1.0347548751868316,stop,1,Ensemble CONSENSUS-2,137.94621147068432,130.8091857290421,2.0,1.0,
CONSENSUS-2,Structural Portfolio MTF,2026-02-13 16:15:00+00:00,2026-02-13 16:30:00+00:00,-1,4997.275,5022.038199128185,3.0,-1.0,-1.020180248012916,stop,1,Ensemble CONSENSUS-2,130.8091857290421,124.136738352071,3.0,0.0,
CONSENSUS-2,Structural Portfolio MTF,2026-02-19 14:00:00+00:00,2026-02-19 14:45:00+00:00,1,4996.795,4971.003308264412,3.0,-1.0,-1.0193736612984767,stop,1,Ensemble CONSENSUS-2,124.136738352071,117.80965227829093,3.0,0.0,
CONSENSUS-2,Structural Portfolio MTF,2026-02-19 15:15:00+00:00,2026-02-20 08:30:00+00:00,1,4999.735,4961.343812083542,3.0,0.481881416127507,0.46885828433257587,time_exit,1,Ensemble CONSENSUS-2,117.80965227829093,120.57145385054177,3.0,0.0,
CONSENSUS-2,Outcome First M15,2026-02-23 09:00:00+00:00,2026-02-23 15:00:00+00:00,1,5139.925,5120.691658539846,3.0,3.0,2.9732759644981694,target,2,Ensemble CONSENSUS-2,120.57145385054177,138.49606413746255,2.0,0.0,
CONSENSUS-2,Structural Portfolio MTF,2026-02-25 12:00:00+00:00,2026-02-25 21:00:00+00:00,1,5181.295,5153.948152530059,4.0,-1.0,-1.018946589751141,stop,1,Ensemble CONSENSUS-2,138.49606413746255,131.4400595251214,3.0,0.0,
CONSENSUS-2,Structural Portfolio MTF,2026-02-26 10:15:00+00:00,2026-02-26 11:00:00+00:00,1,5187.655,5166.398073653857,4.0,-1.0,-1.0244045395628956,stop,1,Ensemble CONSENSUS-2,131.4400595251214,124.70766984222382,2.0,0.0,
CONSENSUS-2,Structural Portfolio MTF,2026-03-04 12:45:00+00:00,2026-03-05 06:00:00+00:00,-1,5166.205,5207.4773389730035,3.0,0.4332199348259739,0.42070258027677027,time_exit,1,Ensemble CONSENSUS-2,124.70766984222382,127.33091176637016,3.0,0.0,
CONSENSUS-2,M15-0591 MTF,2026-03-09 19:00:00+00:00,2026-03-10 02:00:00+00:00,1,5122.945,5102.4683362760325,3.0,3.0,2.974981544508133,target,0,Ensemble CONSENSUS-2,127.33091176637016,146.2712673938874,2.0,0.0,
CONSENSUS-2,Outcome First M15,2026-03-13 14:15:00+00:00,2026-03-15 23:30:00+00:00,-1,5090.095,5122.808378265805,3.0,3.0,2.9844403260383516,target,2,Ensemble CONSENSUS-2,146.2712673938874,168.0981608414402,3.0,0.0,
CONSENSUS-2,Structural Portfolio MTF,2026-03-16 14:45:00+00:00,2026-03-17 04:45:00+00:00,-1,5000.825,5038.997253162894,3.0,-1.0,-1.013100680692491,stop,1,Ensemble CONSENSUS-2,168.0981608414402,159.58314278285926,3.0,0.0,
CONSENSUS-2,Outcome First M15,2026-03-17 15:30:00+00:00,2026-03-18 08:45:00+00:00,-1,4994.485,5021.566994186069,3.0,0.38054804713387624,0.36210595987218874,time_exit,2,Ensemble CONSENSUS-2,159.58314278285926,162.47244313769963,2.0,0.0,
CONSENSUS-2,V1 Legacy M15,2026-03-25 11:30:00+00:00,2026-03-25 12:30:00+00:00,1,4579.705,4549.61508635188,2.0,-1.0,-1.0152200669418874,stop,3,Ensemble CONSENSUS-2,162.47244313769963,154.22517890777627,2.0,0.0,
CONSENSUS-2,Outcome First M15,2026-03-26 15:45:00+00:00,2026-03-27 09:00:00+00:00,-1,4439.925,4481.40060181662,3.0,0.38890333819186595,0.37819843023265015,time_exit,2,Ensemble CONSENSUS-2,154.22517890777627,157.14156493603983,2.0,0.0,
CONSENSUS-2,M15-0591 MTF,2026-03-31 14:15:00+00:00,2026-04-01 00:30:00+00:00,1,4614.538,4582.933312017884,3.0,3.0,2.9853991977310095,target,0,Ensemble CONSENSUS-2,157.14156493603983,180.59808003055227,2.0,0.0,
CONSENSUS-2,M15-0591 MTF,2026-04-06 08:15:00+00:00,2026-04-06 12:30:00+00:00,1,4689.435,4660.4781189311625,3.0,-1.0,-1.01619454453279,stop,0,Ensemble CONSENSUS-2,180.59808003055227,171.4219408465451,2.0,0.0,
CONSENSUS-2,Structural Portfolio MTF,2026-04-07 10:00:00+00:00,2026-04-07 19:30:00+00:00,-1,4670.438,4695.347573037925,3.0,-1.0,-1.0187495706686311,stop,1,Ensemble CONSENSUS-2,171.4219408465451,162.69013941451504,3.0,0.0,
CONSENSUS-2,Structural Portfolio MTF,2026-04-14 11:30:00+00:00,2026-04-15 04:45:00+00:00,1,4778.245,4750.289245722507,4.0,1.6064671177968146,1.5893749479609718,time_exit,1,Ensemble CONSENSUS-2,162.69013941451504,175.61892100780045,2.0,0.0,
CONSENSUS-2,M15-0591 MTF,2026-04-16 00:45:00+00:00,2026-04-16 01:45:00+00:00,1,4832.245,4813.399157099728,4.0,-1.0,-1.0256409067271288,stop,0,Ensemble CONSENSUS-2,175.61892100780045,166.61282353875643,2.0,0.0,
CONSENSUS-2,Outcome First M15,2026-04-16 11:00:00+00:00,2026-04-16 14:00:00+00:00,1,4817.035,4804.094671369596,3.0,-1.0,-1.0372249819736576,stop,2,Ensemble CONSENSUS-2,166.61282353875643,157.9720743941781,2.0,0.0,
CONSENSUS-2,Structural Frequency M15,2026-04-21 12:45:00+00:00,2026-04-21 17:00:00+00:00,-1,4778.615,4798.853295009045,3.0,3.0,2.9763882530723844,target,4,Ensemble CONSENSUS-2,157.9720743941781,181.48138572119353,2.0,0.0,
CONSENSUS-2,V1 Legacy M15,2026-04-22 15:45:00+00:00,2026-04-23 00:45:00+00:00,-1,4727.175,4751.421190462628,2.0,-1.0,-1.0194965679548145,stop,3,Ensemble CONSENSUS-2,181.48138572119353,172.2304032266715,2.0,0.0,
CONSENSUS-2,Outcome First M15,2026-04-23 08:45:00+00:00,2026-04-23 12:15:00+00:00,-1,4703.545,4725.607936596517,3.0,-1.0,-1.021318762257344,stop,2,Ensemble CONSENSUS-2,172.2304032266715,163.43529611434414,2.0,0.0,
CONSENSUS-2,Outcome First M15,2026-04-23 13:30:00+00:00,2026-04-23 17:45:00+00:00,-1,4727.285,4744.0052511936765,2.0,2.0,1.9717271891119208,target,2,Ensemble CONSENSUS-2,163.43529611434414,179.54778696480466,2.0,0.0,
CONSENSUS-2,M15-0591 MTF,2026-04-24 02:45:00+00:00,2026-04-24 08:30:00+00:00,-1,4683.235,4697.29350434433,4.0,-1.0,-1.0333124697001541,stop,0,Ensemble CONSENSUS-2,179.54778696480466,170.27133860591468,2.0,0.0,
CONSENSUS-2,Outcome First M15,2026-04-24 09:30:00+00:00,2026-04-24 11:15:00+00:00,-1,4683.105,4698.174373310832,3.0,-1.0,-1.0310769725017928,stop,2,Ensemble CONSENSUS-2,170.27133860591468,161.49319579023398,2.0,0.0,
CONSENSUS-2,Outcome First M15,2026-04-27 12:45:00+00:00,2026-04-28 05:15:00+00:00,-1,4698.585,4713.148868309352,3.0,3.0,2.967738069994887,target,2,Ensemble CONSENSUS-2,161.49319579023398,185.45667104982473,2.0,0.0,
CONSENSUS-2,M15-0591 MTF,2026-04-30 02:00:00+00:00,2026-04-30 02:45:00+00:00,1,4578.755,4564.539481203206,3.0,-1.0,-1.0322095525703412,stop,0,Ensemble CONSENSUS-2,185.45667104982473,175.8851636775485,2.0,0.0,
CONSENSUS-2,M15-0591 MTF,2026-04-30 07:15:00+00:00,2026-04-30 10:45:00+00:00,1,4591.535,4573.403884734335,3.0,3.0,2.9746759372894442,target,0,Ensemble CONSENSUS-2,175.8851636775485,202.04523188343944,2.0,0.0,
CONSENSUS-2,M15-0591 MTF,2026-04-30 11:00:00+00:00,2026-04-30 12:45:00+00:00,1,4639.475,4624.676000930745,3.0,-1.0,-1.0313499242637196,stop,0,Ensemble CONSENSUS-2,202.04523188343944,191.6262651533979,2.0,0.0,
CONSENSUS-2,Structural Portfolio MTF,2026-05-01 15:00:00+00:00,2026-05-04 08:15:00+00:00,-1,4631.965,4661.386331409556,3.0,1.7664054449663893,1.7506618848415216,time_exit,1,Ensemble CONSENSUS-2,191.6262651533979,208.39990508032733,3.0,0.0,
CONSENSUS-2,Outcome First M15,2026-05-04 15:15:00+00:00,2026-05-05 08:30:00+00:00,-1,4548.198,4584.300097195122,3.0,-0.0819065990548317,-0.0945047536036332,time_exit,2,Ensemble CONSENSUS-2,208.39990508032733,207.41516599629549,2.0,0.0,
CONSENSUS-2,Structural Portfolio MTF,2026-05-11 14:30:00+00:00,2026-05-11 23:00:00+00:00,-1,4724.865,4749.680189521355,3.0,-1.0,-1.0190402132368723,stop,1,Ensemble CONSENSUS-2,207.41516599629549,196.84694624702416,3.0,0.0,
CONSENSUS-2,M15-0591 MTF,2026-05-13 12:45:00+00:00,2026-05-13 15:45:00+00:00,-1,4682.655,4695.092536116467,3.0,-1.0,-1.0376493781095444,stop,0,Ensemble CONSENSUS-2,196.84694624702416,186.6340406792248,2.0,0.0,
CONSENSUS-2,Structural Portfolio MTF,2026-05-14 08:15:00+00:00,2026-05-15 00:30:00+00:00,-1,4698.715,4719.603643955884,3.0,3.0,2.977505887840668,target,1,Ensemble CONSENSUS-2,186.6340406792248,214.4192384289191,3.0,0.0,
CONSENSUS-2,Structural Portfolio MTF,2026-05-18 15:00:00+00:00,2026-05-18 23:15:00+00:00,-1,4546.365,4585.410780520659,4.0,-1.0,-1.0116436781116325,stop,1,Ensemble CONSENSUS-2,214.4192384289191,203.57344507781275,2.0,0.0,
CONSENSUS-2,Outcome First M15,2026-05-19 10:45:00+00:00,2026-05-19 11:15:00+00:00,-1,4528.925,4547.609670644094,3.0,-1.0,-1.0242387199981584,stop,2,Ensemble CONSENSUS-2,203.57344507781275,193.14805483720704,2.0,0.0,
CONSENSUS-2,Structural Portfolio MTF,2026-05-20 13:45:00+00:00,2026-05-20 14:30:00+00:00,-1,4489.665,4506.907880562663,3.0,-1.0,-1.0260377898210447,stop,1,Ensemble CONSENSUS-2,193.14805483720704,183.23919467253697,3.0,0.0,
CONSENSUS-2,M15-0591 MTF,2026-05-21 01:45:00+00:00,2026-05-21 02:15:00+00:00,1,4567.525,4555.897480637138,3.0,-1.0,-1.039282024458189,stop,0,Ensemble CONSENSUS-2,183.23919467253697,173.71733461256883,2.0,0.0,
CONSENSUS-2,Outcome First M15,2026-05-22 10:45:00+00:00,2026-05-24 22:15:00+00:00,-1,4512.188,4537.454094267749,3.0,-1.0,-1.0178586684280668,stop,2,Ensemble CONSENSUS-2,173.71733461256883,164.87634986798773,2.0,0.0,
CONSENSUS-2,Structural Portfolio MTF,2026-05-26 11:30:00+00:00,2026-05-27 04:45:00+00:00,-1,4523.375,4541.191696983941,4.0,0.8531323181676184,0.8277439142222796,time_exit,1,Ensemble CONSENSUS-2,164.87634986798773,171.70011962810824,3.0,0.0,
CONSENSUS-2,Structural Portfolio MTF,2026-06-04 14:15:00+00:00,2026-06-05 07:30:00+00:00,-1,4487.515,4516.275667433074,3.0,0.7148651903800118,0.6992622318935912,time_exit,1,Ensemble CONSENSUS-2,171.70011962810824,177.7032900714856,3.0,0.0,
CONSENSUS-2,Structural Portfolio MTF,2026-06-08 14:15:00+00:00,2026-06-09 05:45:00+00:00,-1,4319.415,4347.886050163807,4.0,-1.0,-1.0151712528169785,stop,1,Ensemble CONSENSUS-2,177.7032900714856,168.68332649090718,3.0,0.0,
CONSENSUS-2,Structural Portfolio MTF,2026-06-09 13:45:00+00:00,2026-06-09 14:00:00+00:00,-1,4330.015,4346.27658069753,3.0,-1.0,-1.026627270008614,stop,1,Ensemble CONSENSUS-2,168.68332649090718,160.0245813423406,2.0,0.0,
CONSENSUS-2,Structural Portfolio MTF,2026-06-09 16:30:00+00:00,2026-06-10 09:45:00+00:00,-1,4263.125,4303.247732269314,4.0,2.287730540978173,2.2771053298849084,time_exit,1,Ensemble CONSENSUS-2,160.0245813423406,178.24422269670285,2.0,0.0,
CONSENSUS-2,Structural Portfolio MTF,2026-06-11 08:45:00+00:00,2026-06-11 17:45:00+00:00,-1,4090.395,4113.696955409787,4.0,-1.0,-1.0175538701712648,stop,1,Ensemble CONSENSUS-2,178.24422269670285,169.17556776466793,3.0,0.0,
CONSENSUS-2,V1 Legacy M15,2026-06-12 08:00:00+00:00,2026-06-14 22:15:00+00:00,1,4194.315,4168.8419819008695,2.0,2.0,1.9835342832809306,target,3,Ensemble CONSENSUS-2,169.17556776466793,185.9538446924047,2.0,0.0,
CONSENSUS-2,V1 Legacy M15,2026-06-16 08:30:00+00:00,2026-06-16 14:30:00+00:00,1,4341.075,4321.750549084897,2.0,-1.0,-1.022464157036448,stop,3,Ensemble CONSENSUS-2,185.9538446924047,176.44728763934938,2.0,0.0,
CONSENSUS-2,V1 Legacy M15,2026-06-16 16:15:00+00:00,2026-06-17 04:45:00+00:00,1,4345.925,4320.051232235651,2.0,-1.0,-1.0167966453111175,stop,3,Ensemble CONSENSUS-2,176.44728763934938,167.47673713205256,2.0,0.0,
CONSENSUS-2,Outcome First M15,2026-06-19 10:15:00+00:00,2026-06-19 13:00:00+00:00,-1,4155.005,4171.538358662238,3.0,-1.0,-1.0251310401285247,stop,2,Ensemble CONSENSUS-2,167.47673713205256,158.89245704537694,2.0,0.0,
CONSENSUS-2,Structural Portfolio MTF,2026-06-23 01:30:00+00:00,2026-06-23 06:15:00+00:00,-1,4177.995,4199.164940376932,3.0,3.0,2.980264493306969,target,1,Ensemble CONSENSUS-2,158.89245704537694,182.56953444470892,2.0,0.0,
CONSENSUS-2,Structural Portfolio MTF,2026-06-23 14:45:00+00:00,2026-06-24 08:00:00+00:00,-1,4125.975,4145.9299955501665,4.0,2.5687803272686502,2.548103925764939,time_exit,1,Ensemble CONSENSUS-2,182.56953444470892,205.82984181689093,3.0,0.0,
CONSENSUS-2,Structural Portfolio MTF,2026-06-25 17:00:00+00:00,2026-06-26 09:30:00+00:00,-1,4028.485,4045.0880950187407,3.0,-1.0,-1.0242634580808754,stop,1,Ensemble CONSENSUS-2,205.82984181689093,195.2886425391105,3.0,0.0,
CONSENSUS-2,M15-0591 MTF,2026-07-03 00:30:00+00:00,2026-07-03 01:30:00+00:00,1,4136.865,4121.672056208339,3.0,3.0,2.9727711425992984,target,0,Ensemble CONSENSUS-2,195.2886425391105,224.31606458999337,2.0,0.0,
CONSENSUS-2,Structural Portfolio MTF,2026-07-03 15:15:00+00:00,2026-07-06 05:15:00+00:00,1,4171.995,4154.426847971014,4.0,-1.0,-1.0237474891674234,stop,1,Ensemble CONSENSUS-2,224.31606458999337,212.83391419479722,2.0,0.0,
CONSENSUS-2,M15-0591 MTF,2026-07-10 08:15:00+00:00,2026-07-10 12:15:00+00:00,-1,4107.185,4115.101607647201,3.0,-1.0,-1.0518806183536527,stop,0,Ensemble CONSENSUS-2,212.83391419479722,201.64012073130462,2.0,0.0,
CONSENSUS-2,M15-0591 MTF,2026-07-13 14:15:00+00:00,2026-07-14 01:30:00+00:00,-1,4035.875,4059.1657350290984,4.0,1.6435720020074447,1.6262437597044097,time_exit,0,Ensemble CONSENSUS-2,201.64012073130462,218.03592013357104,2.0,0.0,
CONSENSUS-2,Outcome First M15,2026-07-16 09:45:00+00:00,2026-07-16 11:30:00+00:00,-1,4033.995,4038.081013408182,3.0,3.0,2.9012730846178347,target,2,Ensemble CONSENSUS-2,218.03592013357104,249.66500746174168,2.0,0.0,
CONSENSUS-2,V1 Legacy M15,2026-07-21 14:15:00+00:00,2026-07-22 01:15:00+00:00,1,4065.685,4043.3472608769225,2.0,2.0,1.981799030879541,target,3,Ensemble CONSENSUS-2,249.66500746174168,274.40430095335233,2.0,0.0,
CONSENSUS-2,Structural Portfolio MTF,2026-07-23 14:45:00+00:00,2026-07-24 03:00:00+00:00,1,4056.865,4038.617142680189,3.0,-1.0,-1.0222320074565447,stop,1,Ensemble CONSENSUS-2,274.40430095335233,260.3790579824396,3.0,0.0,
CONSENSUS-2,M15-0591 MTF,2026-07-24 14:30:00+00:00,2026-07-27 01:45:00+00:00,1,4065.955,4047.0684391485815,3.0,1.9357679933165146,1.9142396958568177,time_exit,0,Ensemble CONSENSUS-2,260.3790579824396,285.3004544204291,2.0,0.0,
CONSENSUS-2,V1 Legacy M15,2026-07-27 06:45:00+00:00,2026-07-27 12:30:00+00:00,1,4098.505,4083.4811871042866,3.0,-1.0,-1.0272800588535642,stop,3,Ensemble CONSENSUS-2,285.3004544204291,270.6462810400308,2.0,0.0,
CONSENSUS-2,M15-0591 MTF,2026-07-27 14:30:00+00:00,2026-07-27 16:45:00+00:00,-1,4068.115,4090.4005883773752,3.0,-1.0,-1.018254465312345,stop,0,Ensemble CONSENSUS-2,270.6462810400308,256.8669418305712,2.0,0.0,
CONSENSUS-2,V1 Legacy M15,2026-07-28 09:15:00+00:00,2026-07-28 14:30:00+00:00,-1,4040.875,4055.582329377173,2.0,2.0,1.9725247534996277,target,3,Ensemble CONSENSUS-2,256.8669418305712,282.2007618863987,2.0,0.0,
CONSENSUS-2,M15-0591 MTF,2026-07-30 06:15:00+00:00,2026-07-30 08:15:00+00:00,-1,4032.215,4052.4878736117107,3.0,-1.0,-1.0198897062016448,stop,0,Ensemble CONSENSUS-2,282.2007618863987,267.8100792798887,2.0,0.0,
CONSENSUS-2,Structural Portfolio MTF,2026-08-03 12:00:00+00:00,2026-08-03 12:45:00+00:00,1,4062.405,4044.644813788909,3.0,-1.0,-1.0228736621999097,stop,1,Ensemble CONSENSUS-2,267.8100792798887,254.11328545153532,3.0,0.0,
CONSENSUS-2,M15-0591 MTF,2026-08-03 13:15:00+00:00,2026-08-03 19:45:00+00:00,-1,4038.635,4054.268375264913,3.0,-1.0,-1.0258334168505772,stop,0,Ensemble CONSENSUS-2,254.11328545153532,241.0793904574416,2.0,0.0,
CONSENSUS-2,V1 Legacy M15,2026-08-04 11:30:00+00:00,2026-08-04 14:00:00+00:00,1,4060.805,4044.8159255009427,2.0,2.0,1.9746026263106131,target,3,Ensemble CONSENSUS-2,241.0793904574416,264.8811903347729,2.0,0.0,
CONSENSUS-2,M15-0591 MTF,2026-08-07 02:00:00+00:00,2026-08-07 12:15:00+00:00,1,4256.595,4237.753523689248,4.0,3.096360340230225,3.0737687187999505,time_exit,0,Ensemble CONSENSUS-2,264.8811903347729,305.59036618724895,2.0,0.0,
CONSENSUS-2,M15-0591 MTF,2026-08-10 16:15:00+00:00,2026-08-11 01:00:00+00:00,1,4361.225,4347.3807102553965,4.0,4.0,3.968498022791672,target,0,Ensemble CONSENSUS-2,305.59036618724895,366.22710438716297,2.0,0.0,
CONSENSUS-2,V1 Legacy M15,2026-08-12 02:00:00+00:00,2026-08-12 18:15:00+00:00,1,4396.275,4376.618675440669,3.0,0.47363890293422356,0.45127320080750966,time_exit,3,Ensemble CONSENSUS-2,366.22710438716297,374.49052826812607,2.0,0.0,
CONSENSUS-2,Structural Portfolio MTF,2026-08-14 10:45:00+00:00,2026-08-14 11:45:00+00:00,-1,4351.695,4359.122747638161,3.0,-1.0,-1.0585870066134513,stop,1,Ensemble CONSENSUS-2,374.49052826812607,354.6689879019038,3.0,0.0,
CONSENSUS-2,Outcome First M15,2026-08-17 07:30:00+00:00,2026-08-17 12:15:00+00:00,1,4404.755,4391.675910458786,3.0,-1.0,-1.033677841153393,stop,2,Ensemble CONSENSUS-2,354.6689879019038,336.3383142149788,2.0,0.0,
CONSENSUS-2,Structural Portfolio MTF,2026-08-19 12:00:00+00:00,2026-08-19 12:45:00+00:00,-1,4364.345,4374.5887533893865,3.0,-1.0,-1.0426049401435413,stop,1,Ensemble CONSENSUS-2,336.3383142149788,318.8049148169745,3.0,0.0,
CONSENSUS-2,Outcome First M15,2026-08-21 14:30:00+00:00,2026-08-24 07:45:00+00:00,1,4603.025,4572.071421428516,3.0,1.020883576579818,1.006012840424482,time_exit,2,Ensemble CONSENSUS-2,318.8049148169745,334.84100671179,2.0,0.0,
CONSENSUS-2,V1 Legacy M15,2026-08-24 10:15:00+00:00,2026-08-24 17:30:00+00:00,1,4648.085,4631.556784841623,2.0,-1.0,-1.0281221230209132,stop,3,Ensemble CONSENSUS-2,334.84100671179,317.62813437704074,2.0,0.0,
CONSENSUS-2,Structural Portfolio MTF,2026-08-25 14:30:00+00:00,2026-08-26 07:45:00+00:00,1,4623.605,4603.765811673815,3.0,0.40173014485078784,0.3784247307180053,time_exit,1,Ensemble CONSENSUS-2,317.62813437704074,323.6380514380454,3.0,0.0,
CONSENSUS-2,M15-0591 MTF,2026-08-27 10:00:00+00:00,2026-08-27 12:00:00+00:00,-1,4580.325,4599.970090721111,3.0,-1.0,-1.0233153670045305,stop,0,Ensemble CONSENSUS-2,323.6380514380454,307.07886186884764,3.0,0.0,
CONSENSUS-2,Outcome First M15,2026-08-31 12:45:00+00:00,2026-09-01 06:00:00+00:00,-1,4440.215,4464.699707747468,3.0,0.01592830937672354,-0.0022063363204839308,time_exit,2,Ensemble CONSENSUS-2,307.07886186884764,307.04498590653793,3.0,0.0,
CONSENSUS-2,V1 Legacy M15,2026-09-01 07:45:00+00:00,2026-09-01 08:30:00+00:00,-1,4418.045,4435.9922489245755,2.0,2.0,1.9753831630765966,target,3,Ensemble CONSENSUS-2,307.04498590653793,337.37156067988127,2.0,0.0,
CONSENSUS-2,Outcome First M15,2026-09-01 16:30:00+00:00,2026-09-02 03:45:00+00:00,-1,4352.485,4375.638339176602,3.0,3.0,2.981201480413683,target,2,Ensemble CONSENSUS-2,337.37156067988127,387.6601904872981,2.0,0.0,
CONSENSUS-2,Outcome First M15,2026-09-02 09:00:00+00:00,2026-09-02 11:45:00+00:00,-1,4312.705,4332.447872766048,3.0,-1.0,-1.0218443640452193,stop,2,Ensemble CONSENSUS-2,387.6601904872981,367.85377144659105,3.0,0.0,
CONSENSUS-2,Structural Portfolio MTF,2026-09-07 09:00:00+00:00,2026-09-07 23:45:00+00:00,-1,4410.775,4424.614178045192,4.0,-1.0,-1.0318716544118194,stop,1,Ensemble CONSENSUS-2,367.85377144659105,348.87487746038,3.0,0.0,
CONSENSUS-2,Structural Portfolio MTF,2026-09-09 08:30:00+00:00,2026-09-09 12:00:00+00:00,-1,4399.425,4413.250767076119,3.0,-1.0,-1.0318204767647154,stop,1,Ensemble CONSENSUS-2,348.87487746038,330.87606534075996,3.0,0.0,
CONSENSUS-2,M15-0591 MTF,2026-09-15 08:00:00+00:00,2026-09-15 13:00:00+00:00,-1,4280.745,4293.694641301269,4.0,-1.0,-1.0330568615794817,stop,0,Ensemble CONSENSUS-2,330.87606534075996,313.7853758591253,2.0,0.0,
CONSENSUS-2,Structural Portfolio MTF,2026-09-15 14:45:00+00:00,2026-09-15 18:15:00+00:00,-1,4278.015,4301.242537299636,3.0,-1.0,-1.0184178587028558,stop,1,Ensemble CONSENSUS-2,313.7853758591253,297.80714433038924,3.0,0.0,
CORE+BOOSTER,M15-0591 MTF,2026-01-02 08:15:00+00:00,2026-01-02 13:30:00+00:00,1,4384.498,4374.355111388867,3.0,-1.0,-1.0432273109574297,stop,0,Ensemble CORE+BOOSTER,100.0,94.78386344521286,,,
CORE+BOOSTER,M15-0591 MTF,2026-01-02 16:30:00+00:00,2026-01-04 23:15:00+00:00,-1,4321.105,4338.499979020557,3.0,-1.0,-1.0248411049814627,stop,0,Ensemble CORE+BOOSTER,94.78386344521286,89.92694347783267,,,
CORE+BOOSTER,M15-0591 MTF,2026-01-05 00:15:00+00:00,2026-01-05 09:00:00+00:00,1,4377.625,4359.882088653809,3.0,3.0,2.9753274707031676,target,0,Ensemble CORE+BOOSTER,89.92694347783267,103.30504874213099,,,
CORE+BOOSTER,Structural Portfolio MTF,2026-01-06 11:45:00+00:00,2026-01-07 05:00:00+00:00,1,4461.809,4447.384784487455,4.0,0.18760119034873718,0.1566684231828588,time_exit,1,Ensemble CORE+BOOSTER,103.30504874213099,104.11428069679388,,,
CORE+BOOSTER,M15-0591 MTF,2026-01-07 06:30:00+00:00,2026-01-07 08:45:00+00:00,-1,4454.725,4469.902278497453,3.0,-1.0,-1.02935127665179,stop,0,Ensemble CORE+BOOSTER,104.11428069679388,98.7557723091475,,,
CORE+BOOSTER,Structural Portfolio MTF,2026-01-08 01:30:00+00:00,2026-01-08 02:00:00+00:00,1,4454.535,4443.4397037181225,3.0,-1.0,-1.0401479589803821,stop,1,Ensemble CORE+BOOSTER,98.7557723091475,93.61974155890294,,,
CORE+BOOSTER,Structural Portfolio MTF,2026-01-09 14:00:00+00:00,2026-01-12 00:45:00+00:00,1,4482.178,4457.757192841831,4.0,4.0,3.981646069390869,target,1,Ensemble CORE+BOOSTER,93.61974155890294,112.25777535867269,,,
CORE+BOOSTER,M15-0591 MTF,2026-01-12 01:30:00+00:00,2026-01-12 11:45:00+00:00,1,4582.325,4560.545551210942,4.0,0.43710931769693656,0.41606964380811806,time_exit,0,Ensemble CORE+BOOSTER,112.25777535867269,114.59312798908142,,,
CORE+BOOSTER,Structural Portfolio MTF,2026-01-12 13:00:00+00:00,2026-01-12 23:15:00+00:00,1,4590.285,4577.452279810825,4.0,-1.0,-1.0357701635532583,stop,1,Ensemble CORE+BOOSTER,114.59312798908142,108.65852084311491,,,
CORE+BOOSTER,Structural Portfolio MTF,2026-01-13 00:15:00+00:00,2026-01-13 01:45:00+00:00,1,4592.115,4576.383411445114,4.0,-1.0,-1.029190408737036,stop,1,Ensemble CORE+BOOSTER,108.65852084311491,103.06700546915056,,,
CORE+BOOSTER,Structural Portfolio MTF,2026-01-13 03:00:00+00:00,2026-01-13 06:45:00+00:00,1,4593.865,4574.350970562461,4.0,-1.0,-1.0235413450343724,stop,1,Ensemble CORE+BOOSTER,103.06700546915056,97.79233839882258,,,
CORE+BOOSTER,M15-0591 MTF,2026-01-13 14:15:00+00:00,2026-01-13 16:30:00+00:00,1,4618.325,4598.923822214882,4.0,-1.0,-1.023804353793112,stop,0,Ensemble CORE+BOOSTER,97.79233839882258,92.78632730780639,,,
CORE+BOOSTER,M15-0591 MTF,2026-01-14 00:30:00+00:00,2026-01-14 10:45:00+00:00,1,4609.485,4595.722300672016,4.0,1.8993367054709893,1.8658441115390159,time_exit,0,Ensemble CORE+BOOSTER,92.78632730780639,101.4425684297365,,,
CORE+BOOSTER,M15-0591 MTF,2026-01-14 15:30:00+00:00,2026-01-14 19:00:00+00:00,-1,4615.135,4635.929290602496,3.0,-1.0,-1.022194241141586,stop,0,Ensemble CORE+BOOSTER,101.4425684297365,96.25786796696211,,,
CORE+BOOSTER,M15-0591 MTF,2026-01-15 02:00:00+00:00,2026-01-15 02:15:00+00:00,-1,4599.748,4610.966832961378,3.0,-1.0,-1.041000236083691,stop,0,Ensemble CORE+BOOSTER,96.25786796696211,91.2476448030361,,,
CORE+BOOSTER,M15-0591 MTF,2026-01-15 14:00:00+00:00,2026-01-15 14:30:00+00:00,-1,4588.195,4605.954816873127,3.0,-1.0,-1.0258346976929837,stop,0,Ensemble CORE+BOOSTER,91.2476448030361,86.56739479695013,,,
CORE+BOOSTER,Structural Portfolio MTF,2026-01-15 14:30:00+00:00,2026-01-16 07:45:00+00:00,1,4602.495,4581.303088414037,3.0,0.00802192852261041,-0.013696239663069586,time_exit,1,Ensemble CORE+BOOSTER,86.56739479695013,86.5081124076428,,,
CORE+BOOSTER,M15-0591 MTF,2026-01-19 00:00:00+00:00,2026-01-19 10:15:00+00:00,1,4672.375,4651.682709466431,3.0,-0.11115250852818544,-0.13373277818185236,time_exit,0,Ensemble CORE+BOOSTER,86.5081124076428,85.9296638972657,,,
CORE+BOOSTER,Structural Portfolio MTF,2026-01-19 12:45:00+00:00,2026-01-20 08:00:00+00:00,1,4671.465,4658.80448262264,4.0,4.0,3.963102100326852,target,1,Ensemble CORE+BOOSTER,85.9296638972657,102.95706547084741,,,
CORE+BOOSTER,M15-0591 MTF,2026-01-21 00:15:00+00:00,2026-01-21 04:30:00+00:00,1,4776.445,4757.521033022679,4.0,4.0,3.9747598111657862,target,0,Ensemble CORE+BOOSTER,102.95706547084741,123.41854577630185,,,
CORE+BOOSTER,M15-0591 MTF,2026-01-21 05:00:00+00:00,2026-01-21 07:00:00+00:00,1,4865.695,4848.134175476963,4.0,-1.0,-1.0277076682454005,stop,0,Ensemble CORE+BOOSTER,123.41854577630185,117.07663648140178,,,
CORE+BOOSTER,M15-0591 MTF,2026-01-21 14:00:00+00:00,2026-01-21 14:15:00+00:00,1,4879.195,4865.565290340815,4.0,-1.0,-1.0357982313784078,stop,0,Ensemble CORE+BOOSTER,117.07663648140178,111.01324783124333,,,
CORE+BOOSTER,Structural Portfolio MTF,2026-01-21 20:30:00+00:00,2026-01-22 13:45:00+00:00,1,4797.195,4753.31414126269,3.0,0.3728277082711357,0.36189539031282464,time_exit,1,Ensemble CORE+BOOSTER,111.01324783124333,113.02200696393244,,,
CORE+BOOSTER,Structural Portfolio MTF,2026-01-22 15:00:00+00:00,2026-01-22 21:45:00+00:00,1,4834.498,4809.584054275333,4.0,4.0,3.9805952134060663,target,1,Ensemble CORE+BOOSTER,113.02200696393244,135.51674996044127,,,
CORE+BOOSTER,M15-0591 MTF,2026-01-22 23:15:00+00:00,2026-01-23 08:30:00+00:00,1,4942.745,4922.7549122646,4.0,-1.0,-1.0247259795225758,stop,0,Ensemble CORE+BOOSTER,135.51674996044127,128.57337324319482,,,
CORE+BOOSTER,Outcome First M15,2026-01-23 10:30:00+00:00,2026-01-25 23:15:00+00:00,1,4929.048,4898.426853247447,3.0,3.0,2.983903124073598,target,2,Ensemble CORE+BOOSTER,128.57337324319482,147.7558977478473,,,
CORE+BOOSTER,M15-0591 MTF,2026-01-26 02:15:00+00:00,2026-01-26 05:30:00+00:00,1,5074.625,5054.707265404388,4.0,-1.0,-1.0254779225802009,stop,0,Ensemble CORE+BOOSTER,147.7558977478473,140.17987719427558,,,
CORE+BOOSTER,Structural Portfolio MTF,2026-01-26 14:45:00+00:00,2026-01-26 19:15:00+00:00,1,5081.845,5053.148077288922,4.0,-1.0,-1.0177086757739293,stop,1,Ensemble CORE+BOOSTER,140.17987719427558,133.04676333479867,,,
CORE+BOOSTER,M15-0591 MTF,2026-01-26 20:00:00+00:00,2026-01-27 01:15:00+00:00,-1,5028.265,5063.524607887628,3.0,-1.0,-1.0142606946056378,stop,0,Ensemble CORE+BOOSTER,133.04676333479867,126.29955820504944,,,
CORE+BOOSTER,Structural Portfolio MTF,2026-01-27 13:00:00+00:00,2026-01-27 14:15:00+00:00,1,5084.835,5065.817704871546,4.0,-1.0,-1.0267379507214567,stop,1,Ensemble CORE+BOOSTER,126.29955820504944,119.81573072662555,,,
CORE+BOOSTER,M15-0591 MTF,2026-01-28 02:15:00+00:00,2026-01-28 12:30:00+00:00,1,5209.785,5183.960197207335,4.0,1.9868496349011602,1.9666760636184406,time_exit,0,Ensemble CORE+BOOSTER,119.81573072662555,131.59766720987588,,,
CORE+BOOSTER,Outcome First M15,2026-01-28 12:45:00+00:00,2026-01-28 15:15:00+00:00,1,5269.395,5244.809985321155,3.0,-1.0,-1.0214333612114301,stop,2,Ensemble CORE+BOOSTER,131.59766720987588,124.87675483258754,,,
CORE+BOOSTER,Structural Portfolio MTF,2026-01-28 16:30:00+00:00,2026-01-28 23:45:00+00:00,1,5287.265,5233.357980896434,4.0,4.0,3.9901918802265026,target,1,Ensemble CORE+BOOSTER,124.87675483258754,149.79086549068887,,,
CORE+BOOSTER,Structural Portfolio MTF,2026-01-29 11:45:00+00:00,2026-01-29 15:15:00+00:00,1,5514.305,5468.287330678566,4.0,-1.0,-1.0119830167005688,stop,1,Ensemble CORE+BOOSTER,149.79086549068887,142.21157489401605,,,
CORE+BOOSTER,M15-0591 MTF,2026-01-30 03:15:00+00:00,2026-01-30 13:30:00+00:00,-1,5179.845,5318.068286765141,3.0,1.120918215924482,1.1171707684999381,time_exit,0,Ensemble CORE+BOOSTER,142.21157489401605,150.15530561471277,,,
CORE+BOOSTER,M15-0591 MTF,2026-01-30 18:00:00+00:00,2026-01-30 20:00:00+00:00,-1,4848.798,4931.706554040554,3.0,-1.0,-1.00584836879151,stop,0,Ensemble CORE+BOOSTER,150.15530561471277,142.60363215381528,,,
CORE+BOOSTER,Structural Portfolio MTF,2026-02-02 10:45:00+00:00,2026-02-02 11:15:00+00:00,-1,4672.418,4738.32452955156,3.0,-1.0,-1.0070894614415171,stop,1,Ensemble CORE+BOOSTER,142.60363215381528,135.42290139854578,,,
CORE+BOOSTER,Structural Portfolio MTF,2026-02-02 14:00:00+00:00,2026-02-03 00:30:00+00:00,-1,4705.769,4816.836840971169,4.0,-1.0,-1.004236842058739,stop,1,Ensemble CORE+BOOSTER,135.42290139854578,128.6230680564004,,,
CORE+BOOSTER,Structural Portfolio MTF,2026-02-03 09:15:00+00:00,2026-02-03 16:30:00+00:00,-1,4915.975,4951.999579116093,3.0,-1.0,-1.0136461691451213,stop,1,Ensemble CORE+BOOSTER,128.6230680564004,122.10415404644728,,,
CORE+BOOSTER,M15-0591 MTF,2026-02-03 16:45:00+00:00,2026-02-03 17:15:00+00:00,1,4980.665,4937.97091623775,3.0,-1.0,-1.0116659372004229,stop,0,Ensemble CORE+BOOSTER,122.10415404644728,115.92772337447408,,,
CORE+BOOSTER,Structural Portfolio MTF,2026-02-03 19:45:00+00:00,2026-02-04 03:45:00+00:00,1,4940.075,4877.295943404679,2.0,2.0,1.9921310142778281,target,1,Ensemble CORE+BOOSTER,115.92772337447408,127.47488403191961,,,
CORE+BOOSTER,M15-0591 MTF,2026-02-04 23:30:00+00:00,2026-02-05 01:30:00+00:00,1,5019.125,4955.129976416347,3.0,-1.0,-1.007842992656201,stop,0,Ensemble CORE+BOOSTER,127.47488403191961,121.05115060135802,,,
CORE+BOOSTER,Structural Portfolio MTF,2026-02-05 09:15:00+00:00,2026-02-06 02:30:00+00:00,-1,4862.245,4946.273119218704,4.0,0.5032839053547036,0.49749745547910323,time_exit,1,Ensemble CORE+BOOSTER,121.05115060135802,124.06228257170768,,,
CORE+BOOSTER,M15-0591 MTF,2026-02-09 00:30:00+00:00,2026-02-09 00:45:00+00:00,1,5034.795,5017.356624133614,3.0,-1.0,-1.0288719261390904,stop,0,Ensemble CORE+BOOSTER,124.06228257170768,117.68007259016943,,,
CORE+BOOSTER,M15-0591 MTF,2026-02-09 10:45:00+00:00,2026-02-09 12:00:00+00:00,-1,4986.615,5017.054161603965,3.0,-1.0,-1.0163822350460217,stop,0,Ensemble CORE+BOOSTER,117.68007259016943,111.6996758301907,,,
CORE+BOOSTER,M15-0591 MTF,2026-02-09 15:00:00+00:00,2026-02-09 23:15:00+00:00,1,5037.605,5011.68745000614,3.0,-1.0,-1.0194370417002903,stop,0,Ensemble CORE+BOOSTER,111.6996758301907,106.00613647583015,,,
CORE+BOOSTER,Structural Portfolio MTF,2026-02-10 14:00:00+00:00,2026-02-10 15:45:00+00:00,1,5050.795,5018.083825855607,4.0,-1.0,-1.015440579961162,stop,1,Ensemble CORE+BOOSTER,106.00613647583015,100.6239898407072,,,
CORE+BOOSTER,M15-0591 MTF,2026-02-11 11:45:00+00:00,2026-02-11 12:30:00+00:00,1,5108.315,5088.095362559558,4.0,-1.0,-1.0252641275841223,stop,0,Ensemble CORE+BOOSTER,100.6239898407072,95.46568148280389,,,
CORE+BOOSTER,Structural Portfolio MTF,2026-02-12 13:30:00+00:00,2026-02-12 15:00:00+00:00,1,5062.125,5047.55977721388,3.0,-1.0,-1.0347548751868316,stop,1,Ensemble CORE+BOOSTER,95.46568148280389,90.52650251643566,,,
CORE+BOOSTER,Structural Portfolio MTF,2026-02-13 05:00:00+00:00,2026-02-13 13:45:00+00:00,-1,4976.375,4998.413391220377,3.0,-1.0,-1.022580482169673,stop,1,Ensemble CORE+BOOSTER,90.52650251643566,85.89797078681612,,,
CORE+BOOSTER,Structural Portfolio MTF,2026-02-13 16:15:00+00:00,2026-02-13 16:30:00+00:00,-1,4997.275,5022.038199128185,3.0,-1.0,-1.020180248012916,stop,1,Ensemble CORE+BOOSTER,85.89797078681612,81.5164001297611,,,
CORE+BOOSTER,M15-0591 MTF,2026-02-18 11:45:00+00:00,2026-02-18 12:15:00+00:00,-1,4911.095,4922.135910900893,3.0,-1.0,-1.0444808860798165,stop,0,Ensemble CORE+BOOSTER,81.5164001297611,77.25928403788261,,,
CORE+BOOSTER,M15-0591 MTF,2026-02-18 13:45:00+00:00,2026-02-18 15:15:00+00:00,1,4955.875,4941.617072079634,3.0,3.0,2.965241267681532,target,0,Ensemble CORE+BOOSTER,77.25928403788261,88.71390490491554,,,
CORE+BOOSTER,M15-0591 MTF,2026-02-18 15:30:00+00:00,2026-02-18 18:30:00+00:00,1,5004.445,4989.81180700227,3.0,-1.0,-1.034199268750002,stop,0,Ensemble CORE+BOOSTER,88.71390490491554,84.12651212588449,,,
CORE+BOOSTER,Structural Portfolio MTF,2026-02-19 14:00:00+00:00,2026-02-19 14:45:00+00:00,1,4996.795,4971.003308264412,3.0,-1.0,-1.0193736612984767,stop,1,Ensemble CORE+BOOSTER,84.12651212588449,79.83869459198282,,,
CORE+BOOSTER,Structural Portfolio MTF,2026-02-19 15:15:00+00:00,2026-02-20 08:30:00+00:00,1,4999.735,4961.343812083542,3.0,0.481881416127507,0.46885828433257587,time_exit,1,Ensemble CORE+BOOSTER,79.83869459198282,81.71034626047029,,,
CORE+BOOSTER,Structural Portfolio MTF,2026-02-20 08:45:00+00:00,2026-02-20 15:15:00+00:00,1,5022.365,5003.727267712849,3.0,-1.0,-1.0269472966057283,stop,1,Ensemble CORE+BOOSTER,81.71034626047029,77.51473530062489,,,
CORE+BOOSTER,M15-0591 MTF,2026-02-20 21:30:00+00:00,2026-02-23 00:00:00+00:00,1,5097.725,5081.97639516295,4.0,4.0,3.967630624726788,target,0,Ensemble CORE+BOOSTER,77.51473530062489,92.89222718294238,,,
CORE+BOOSTER,Outcome First M15,2026-02-23 09:00:00+00:00,2026-02-23 15:00:00+00:00,1,5139.925,5120.691658539846,3.0,3.0,2.9732759644981694,target,2,Ensemble CORE+BOOSTER,92.89222718294238,106.70193850152967,,,
CORE+BOOSTER,M15-0591 MTF,2026-02-23 17:30:00+00:00,2026-02-23 17:45:00+00:00,1,5209.875,5197.694720122855,4.0,-1.0,-1.0427730319216701,stop,0,Ensemble CORE+BOOSTER,106.70193850152967,101.13864330537167,,,
CORE+BOOSTER,M15-0591 MTF,2026-02-23 23:45:00+00:00,2026-02-24 00:15:00+00:00,1,5242.235,5220.408701163735,4.0,-1.0,-1.0240179750095326,stop,0,Ensemble CORE+BOOSTER,101.13864330537167,95.96025386973277,,,
CORE+BOOSTER,M15-0591 MTF,2026-02-25 11:00:00+00:00,2026-02-25 12:30:00+00:00,-1,5174.715,5185.656193247514,3.0,-1.0,-1.0472957097360083,stop,0,Ensemble CORE+BOOSTER,95.96025386973277,90.9353157605853,,,
CORE+BOOSTER,M15-0591 MTF,2026-02-25 16:45:00+00:00,2026-02-25 20:30:00+00:00,1,5207.445,5189.999174103195,4.0,-1.0,-1.0298492317348753,stop,0,Ensemble CORE+BOOSTER,90.9353157605853,86.25283250690494,,,
CORE+BOOSTER,M15-0591 MTF,2026-02-25 23:00:00+00:00,2026-02-26 00:30:00+00:00,-1,5157.898,5182.6772763611,3.0,-1.0,-1.0208153697663958,stop,0,Ensemble CORE+BOOSTER,86.25283250690494,81.85042165145818,,,
CORE+BOOSTER,M15-0591 MTF,2026-02-26 08:45:00+00:00,2026-02-26 16:00:00+00:00,-1,5173.855,5191.700465608923,3.0,-1.0,-1.028992546977384,stop,0,Ensemble CORE+BOOSTER,81.85042165145818,77.63924795914284,,,
CORE+BOOSTER,Structural Portfolio MTF,2026-02-27 02:00:00+00:00,2026-02-27 18:15:00+00:00,1,5193.775,5165.51536264865,4.0,1.398460974875634,1.3800822004581628,time_exit,1,Ensemble CORE+BOOSTER,77.63924795914284,82.99667516741138,,,
CORE+BOOSTER,M15-0591 MTF,2026-03-02 00:00:00+00:00,2026-03-02 00:30:00+00:00,1,5386.675,5350.088917849996,4.0,-1.0,-1.0147232900694707,stop,0,Ensemble CORE+BOOSTER,82.99667516741138,78.78574220287625,,,
CORE+BOOSTER,M15-0591 MTF,2026-03-02 08:00:00+00:00,2026-03-02 10:15:00+00:00,1,5408.075,5382.887130204048,4.0,-1.0,-1.0214709502780945,stop,0,Ensemble CORE+BOOSTER,78.78574220287625,74.7618748550594,,,
CORE+BOOSTER,M15-0591 MTF,2026-03-03 10:15:00+00:00,2026-03-03 11:15:00+00:00,-1,5272.585,5304.896556691013,3.0,3.0,2.9836820458685405,target,0,Ensemble CORE+BOOSTER,74.7618748550594,85.91515804108498,,,
CORE+BOOSTER,M15-0591 MTF,2026-03-03 11:45:00+00:00,2026-03-03 13:00:00+00:00,-1,5123.498,5213.124131896004,3.0,-1.0,-1.0057165225047813,stop,0,Ensemble CORE+BOOSTER,85.91515804108498,81.59484334230855,,,
CORE+BOOSTER,Structural Portfolio MTF,2026-03-04 12:45:00+00:00,2026-03-05 06:00:00+00:00,-1,5166.205,5207.4773389730035,3.0,0.4332199348259739,0.42070258027677027,time_exit,1,Ensemble CORE+BOOSTER,81.59484334230855,83.31120139887794,,,
CORE+BOOSTER,M15-0591 MTF,2026-03-06 09:15:00+00:00,2026-03-06 13:45:00+00:00,-1,5095.545,5118.627456961871,4.0,-1.0,-1.0220754012816624,stop,0,Ensemble CORE+BOOSTER,83.31120139887794,79.05368491882717,,,
CORE+BOOSTER,Structural Portfolio MTF,2026-03-06 20:00:00+00:00,2026-03-08 22:15:00+00:00,-1,5159.535,5175.855435083909,2.0,-1.0,-1.0316139549802021,stop_same_bar,1,Ensemble CORE+BOOSTER,79.05368491882717,74.97604069108367,,,
CORE+BOOSTER,Structural Portfolio MTF,2026-03-08 22:30:00+00:00,2026-03-08 23:45:00+00:00,-1,5154.995,5198.538486756206,2.0,2.0,1.9881612719053436,target,1,Ensemble CORE+BOOSTER,74.97604069108367,82.42926371222426,,,
CORE+BOOSTER,M15-0591 MTF,2026-03-09 19:00:00+00:00,2026-03-10 02:00:00+00:00,1,5122.945,5102.4683362760325,3.0,3.0,2.974981544508133,target,0,Ensemble CORE+BOOSTER,82.42926371222426,94.6905406257873,,,
CORE+BOOSTER,M15-0591 MTF,2026-03-10 02:30:00+00:00,2026-03-10 03:30:00+00:00,1,5179.415,5162.213381964635,3.0,-1.0,-1.030110045400099,stop,0,Ensemble CORE+BOOSTER,94.6905406257873,89.81345677063783,,,
CORE+BOOSTER,Structural Portfolio MTF,2026-03-11 06:30:00+00:00,2026-03-11 07:45:00+00:00,1,5206.405,5189.378307153513,4.0,-1.0,-1.0305778993427614,stop,1,Ensemble CORE+BOOSTER,89.81345677063783,85.18546859006804,,,
CORE+BOOSTER,M15-0591 MTF,2026-03-11 13:45:00+00:00,2026-03-11 14:15:00+00:00,-1,5165.155,5184.14116126464,3.0,-1.0,-1.0272048410840142,stop,0,Ensemble CORE+BOOSTER,85.18546859006804,80.81032230378163,,,
CORE+BOOSTER,Structural Portfolio MTF,2026-03-12 00:45:00+00:00,2026-03-12 15:15:00+00:00,1,5153.935,5123.94080638098,2.0,-1.0,-1.0171831090559196,stop,1,Ensemble CORE+BOOSTER,80.81032230378163,76.70037755954306,,,
CORE+BOOSTER,Structural Portfolio MTF,2026-03-13 02:45:00+00:00,2026-03-13 07:30:00+00:00,-1,5117.845,5129.151366363907,4.0,4.0,3.9547348384505066,target,1,Ensemble CORE+BOOSTER,76.70037755954306,91.86686032239467,,,
CORE+BOOSTER,Outcome First M15,2026-03-13 14:15:00+00:00,2026-03-15 23:30:00+00:00,-1,5090.095,5122.808378265805,3.0,3.0,2.9844403260383516,target,2,Ensemble CORE+BOOSTER,91.86686032239467,105.57541845102904,,,
CORE+BOOSTER,M15-0591 MTF,2026-03-16 08:15:00+00:00,2026-03-16 11:30:00+00:00,-1,4988.575,5008.509087088142,4.0,-1.0,-1.0250253496833943,stop,0,Ensemble CORE+BOOSTER,105.57541845102904,100.1645444402422,,,
CORE+BOOSTER,Structural Portfolio MTF,2026-03-16 14:45:00+00:00,2026-03-17 04:45:00+00:00,-1,5000.825,5038.997253162894,3.0,-1.0,-1.013100680692491,stop,1,Ensemble CORE+BOOSTER,100.1645444402422,95.09070603255907,,,
CORE+BOOSTER,M15-0591 MTF,2026-03-17 05:15:00+00:00,2026-03-17 06:00:00+00:00,1,5040.425,5031.048205639054,3.0,-1.0,-1.053754244851449,stop,0,Ensemble CORE+BOOSTER,95.09070603255907,90.08059427617255,,,
CORE+BOOSTER,Structural Portfolio MTF,2026-03-17 06:00:00+00:00,2026-03-17 23:15:00+00:00,-1,5020.575,5045.203452989421,3.0,0.8778464489542486,0.857461185608002,time_exit,1,Ensemble CORE+BOOSTER,90.08059427617255,93.94262493458857,,,
CORE+BOOSTER,Structural Portfolio MTF,2026-03-18 02:00:00+00:00,2026-03-18 12:00:00+00:00,-1,4998.515,5016.452006298488,4.0,4.0,3.972132947288861,target,1,Ensemble CORE+BOOSTER,93.94262493458857,112.60025471746253,,,
CORE+BOOSTER,M15-0591 MTF,2026-03-18 12:30:00+00:00,2026-03-18 23:45:00+00:00,-1,4901.365,4934.113717129551,4.0,2.05992801895516,2.0449614326897785,time_exit,0,Ensemble CORE+BOOSTER,112.60025471746253,124.11341362787535,,,
CORE+BOOSTER,M15-0591 MTF,2026-03-19 08:00:00+00:00,2026-03-19 13:00:00+00:00,-1,4727.525,4773.436787728821,4.0,4.0,3.9897030256632062,target,0,Ensemble CORE+BOOSTER,124.11341362787535,148.87219672170153,,,
CORE+BOOSTER,Structural Portfolio MTF,2026-03-19 23:00:00+00:00,2026-03-20 01:15:00+00:00,-1,4635.565,4679.080907788337,4.0,-1.0,-1.010652575657039,stop,1,Ensemble CORE+BOOSTER,148.87219672170153,141.3492932686761,,,
CORE+BOOSTER,M15-0591 MTF,2026-03-20 15:00:00+00:00,2026-03-20 16:30:00+00:00,-1,4563.705,4591.208474866107,4.0,-1.0,-1.0165931942135205,stop,0,Ensemble CORE+BOOSTER,141.3492932686761,134.16455679148476,,,
CORE+BOOSTER,M15-0591 MTF,2026-03-23 00:30:00+00:00,2026-03-23 06:45:00+00:00,-1,4426.875,4476.265285539065,4.0,4.0,3.991036952000412,target,0,Ensemble CORE+BOOSTER,134.16455679148476,160.93734198166345,,,
CORE+BOOSTER,M15-0591 MTF,2026-03-24 01:15:00+00:00,2026-03-24 06:30:00+00:00,-1,4330.805,4390.8062424830505,4.0,-1.0,-1.007217858865545,stop,0,Ensemble CORE+BOOSTER,160.93734198166345,152.8323937315493,,,
CORE+BOOSTER,M15-0591 MTF,2026-03-24 13:30:00+00:00,2026-03-24 14:30:00+00:00,-1,4356.108,4409.619836044157,4.0,-1.0,-1.0081404569942347,stop,0,Ensemble CORE+BOOSTER,152.8323937315493,145.12856776854696,,,
CORE+BOOSTER,M15-0591 MTF,2026-03-24 23:45:00+00:00,2026-03-25 10:00:00+00:00,1,4539.205,4480.204135597515,3.0,0.21270874803440448,0.20501529295375512,time_exit,0,Ensemble CORE+BOOSTER,145.12856776854696,146.61624656039834,,,
CORE+BOOSTER,V1 Legacy M15,2026-03-25 11:30:00+00:00,2026-03-25 12:30:00+00:00,1,4579.705,4549.61508635188,2.0,-1.0,-1.0152200669418874,stop,3,Ensemble CORE+BOOSTER,146.61624656039834,139.17385877800754,,,
CORE+BOOSTER,Outcome First M15,2026-03-26 15:45:00+00:00,2026-03-27 09:00:00+00:00,-1,4439.925,4481.40060181662,3.0,0.38890333819186595,0.37819843023265015,time_exit,2,Ensemble CORE+BOOSTER,139.17385877800754,141.80562552397072,,,
CORE+BOOSTER,M15-0591 MTF,2026-03-27 11:00:00+00:00,2026-03-27 12:30:00+00:00,-1,4414.498,4431.610772232452,4.0,-1.0,-1.0257965099987034,stop,0,Ensemble CORE+BOOSTER,141.80562552397072,134.5324397359371,,,
CORE+BOOSTER,M15-0591 MTF,2026-03-30 00:00:00+00:00,2026-03-30 01:45:00+00:00,-1,4448.675,4474.508499523283,3.0,-1.0,-1.017220566636706,stop,0,Ensemble CORE+BOOSTER,134.5324397359371,127.68998150697668,,,
CORE+BOOSTER,M15-0591 MTF,2026-03-30 12:30:00+00:00,2026-03-30 14:00:00+00:00,1,4565.595,4536.708543844875,3.0,-1.0,-1.015805313658006,stop,0,Ensemble CORE+BOOSTER,127.68998150697668,121.2045734211927,,,
CORE+BOOSTER,M15-0591 MTF,2026-03-30 14:30:00+00:00,2026-03-30 15:45:00+00:00,-1,4518.625,4549.861888316205,3.0,-1.0,-1.0144656694170648,stop,0,Ensemble CORE+BOOSTER,121.2045734211927,115.0566794855857,,,
CORE+BOOSTER,M15-0591 MTF,2026-03-30 19:15:00+00:00,2026-03-30 22:15:00+00:00,-1,4497.645,4520.2848689469365,3.0,-1.0,-1.0198660381406877,stop,0,Ensemble CORE+BOOSTER,115.0566794855857,109.18955949215635,,,
CORE+BOOSTER,M15-0591 MTF,2026-03-31 14:15:00+00:00,2026-04-01 00:30:00+00:00,1,4614.538,4582.933312017884,3.0,3.0,2.9853991977310095,target,0,Ensemble CORE+BOOSTER,109.18955949215635,125.48828065758066,,,
CORE+BOOSTER,M15-0591 MTF,2026-04-01 01:00:00+00:00,2026-04-01 01:15:00+00:00,1,4710.495,4697.9022642279915,3.0,-1.0,-1.0374064467426583,stop,0,Ensemble CORE+BOOSTER,125.48828065758066,118.97916309033934,,,
CORE+BOOSTER,M15-0591 MTF,2026-04-01 07:30:00+00:00,2026-04-01 15:15:00+00:00,1,4722.885,4706.577470836909,3.0,3.0,2.9710386230018875,target,0,Ensemble CORE+BOOSTER,118.97916309033934,136.65374753403128,,,
CORE+BOOSTER,M15-0591 MTF,2026-04-02 14:15:00+00:00,2026-04-06 01:30:00+00:00,1,4647.465,4597.604263071197,3.0,-0.13938823266739628,-0.14870912378586532,time_exit,0,Ensemble CORE+BOOSTER,136.65374753403128,135.63766458113923,,,
CORE+BOOSTER,Structural Portfolio MTF,2026-04-06 08:00:00+00:00,2026-04-07 01:15:00+00:00,1,4684.445,4643.229265775968,3.0,-1.0,-1.0113656716013775,stop,1,Ensemble CORE+BOOSTER,135.63766458113923,128.77870069446192,,,
CORE+BOOSTER,Structural Portfolio MTF,2026-04-07 10:00:00+00:00,2026-04-07 19:30:00+00:00,-1,4670.438,4695.347573037925,3.0,-1.0,-1.0187495706686311,stop,1,Ensemble CORE+BOOSTER,128.77870069446192,122.21903839227456,,,
CORE+BOOSTER,M15-0591 MTF,2026-04-07 23:15:00+00:00,2026-04-08 09:30:00+00:00,1,4817.825,4758.3163418093,4.0,-0.3330607780885441,-0.3411567848655091,time_exit,0,Ensemble CORE+BOOSTER,122.21903839227456,120.13424568291143,,,
CORE+BOOSTER,M15-0591 MTF,2026-04-09 14:15:00+00:00,2026-04-09 14:45:00+00:00,1,4770.535,4748.76723997304,4.0,-1.0,-1.0219155990055548,stop,0,Ensemble CORE+BOOSTER,120.13424568291143,113.99589270100479,,,
CORE+BOOSTER,Structural Portfolio MTF,2026-04-10 03:15:00+00:00,2026-04-10 09:00:00+00:00,1,4759.775,4736.717400122219,3.0,-1.0,-1.0206429768285934,stop,1,Ensemble CORE+BOOSTER,113.99589270100479,108.17843733737547,,,
CORE+BOOSTER,M15-0591 MTF,2026-04-13 12:00:00+00:00,2026-04-13 13:00:00+00:00,-1,4706.745,4723.337505253713,3.0,-1.0,-1.0283666928413158,stop,0,Ensemble CORE+BOOSTER,108.17843733737547,102.61608224530656,,,
CORE+BOOSTER,M15-0591 MTF,2026-04-14 07:45:00+00:00,2026-04-14 10:45:00+00:00,1,4777.735,4766.636110081011,4.0,-1.0,-1.0430469626680945,stop,0,Ensemble CORE+BOOSTER,102.61608224530656,97.26441259996324,,,
CORE+BOOSTER,Structural Portfolio MTF,2026-04-14 11:30:00+00:00,2026-04-15 04:45:00+00:00,1,4778.245,4750.289245722507,4.0,1.6064671177968146,1.5893749479609718,time_exit,1,Ensemble CORE+BOOSTER,97.26441259996324,104.99389363568929,,,
CORE+BOOSTER,M15-0591 MTF,2026-04-15 14:00:00+00:00,2026-04-15 15:15:00+00:00,1,4828.555,4808.830505610909,4.0,-1.0,-1.0244799937820994,stop,0,Ensemble CORE+BOOSTER,104.99389363568929,99.61568646073682,,,
CORE+BOOSTER,M15-0591 MTF,2026-04-16 00:45:00+00:00,2026-04-16 01:45:00+00:00,1,4832.245,4813.399157099728,4.0,-1.0,-1.0256409067271288,stop,0,Ensemble CORE+BOOSTER,99.61568646073682,94.50719031144504,,,
CORE+BOOSTER,Outcome First M15,2026-04-16 11:00:00+00:00,2026-04-16 14:00:00+00:00,1,4817.035,4804.094671369596,3.0,-1.0,-1.0372249819736576,stop,2,Ensemble CORE+BOOSTER,94.50719031144504,89.60592937308657,,,
CORE+BOOSTER,M15-0591 MTF,2026-04-17 13:45:00+00:00,2026-04-17 21:00:00+00:00,1,4864.215,4833.28733113761,3.0,-1.0,-1.0157277130120697,stop,0,Ensemble CORE+BOOSTER,89.60592937308657,85.05516808736425,,,
CORE+BOOSTER,M15-0591 MTF,2026-04-20 12:15:00+00:00,2026-04-20 15:00:00+00:00,1,4810.915,4793.566036944109,3.0,-1.0,-1.0277302740486642,stop,0,Ensemble CORE+BOOSTER,85.05516808736425,80.68447952698016,,,
CORE+BOOSTER,M15-0591 MTF,2026-04-20 22:45:00+00:00,2026-04-21 00:45:00+00:00,1,4830.315,4818.538533318275,4.0,-1.0,-1.041016674445281,stop,0,Ensemble CORE+BOOSTER,80.68447952698016,76.4847850991539,,,
CORE+BOOSTER,Structural Portfolio MTF,2026-04-21 12:30:00+00:00,2026-04-21 15:00:00+00:00,-1,4779.945,4798.725240778972,3.0,3.0,2.974548010026836,target,1,Ensemble CORE+BOOSTER,76.4847850991539,87.86016836485483,,,
CORE+BOOSTER,M15-0591 MTF,2026-04-21 15:30:00+00:00,2026-04-22 02:45:00+00:00,-1,4742.265,4776.451969408285,3.0,-0.261210635354985,-0.2750821925069648,time_exit,0,Ensemble CORE+BOOSTER,87.86016836485483,86.65172997746306,,,
CORE+BOOSTER,M15-0591 MTF,2026-04-22 15:30:00+00:00,2026-04-22 19:00:00+00:00,-1,4735.105,4745.524258215566,3.0,-1.0,-1.0454457016232277,stop,0,Ensemble CORE+BOOSTER,86.65172997746306,82.12224604530529,,,
CORE+BOOSTER,Structural Portfolio MTF,2026-04-23 01:30:00+00:00,2026-04-23 17:45:00+00:00,-1,4728.045,4754.677099848227,3.0,1.9048441650904149,1.887090983677967,time_exit,1,Ensemble CORE+BOOSTER,82.12224604530529,89.87085354887925,,,
CORE+BOOSTER,M15-0591 MTF,2026-04-24 02:45:00+00:00,2026-04-24 08:30:00+00:00,-1,4683.235,4697.29350434433,4.0,-1.0,-1.0333124697001541,stop,0,Ensemble CORE+BOOSTER,89.87085354887925,85.22761986714659,,,
CORE+BOOSTER,Outcome First M15,2026-04-24 09:30:00+00:00,2026-04-24 11:15:00+00:00,-1,4683.105,4698.174373310832,3.0,-1.0,-1.0310769725017928,stop,2,Ensemble CORE+BOOSTER,85.22761986714659,80.83380805383904,,,
CORE+BOOSTER,M15-0591 MTF,2026-04-24 12:00:00+00:00,2026-04-24 13:00:00+00:00,1,4706.705,4691.048052856111,3.0,-1.0,-1.0300614478464092,stop,0,Ensemble CORE+BOOSTER,80.83380805383904,76.67061858589523,,,
CORE+BOOSTER,M15-0591 MTF,2026-04-24 14:45:00+00:00,2026-04-24 20:15:00+00:00,1,4730.235,4705.215754507767,3.0,-1.0,-1.0189063854921945,stop,0,Ensemble CORE+BOOSTER,76.67061858589523,72.76460944305497,,,
CORE+BOOSTER,M15-0591 MTF,2026-04-24 20:45:00+00:00,2026-04-27 00:15:00+00:00,-1,4707.105,4718.195560645279,3.0,3.0,2.9575575559202827,target,0,Ensemble CORE+BOOSTER,72.76460944305497,83.52488546614974,,,
CORE+BOOSTER,M15-0591 MTF,2026-04-27 04:15:00+00:00,2026-04-27 05:45:00+00:00,1,4727.245,4713.9552439390045,3.0,-1.0,-1.035570592705416,stop,0,Ensemble CORE+BOOSTER,83.52488546614974,79.2000897087581,,,
CORE+BOOSTER,Outcome First M15,2026-04-27 12:45:00+00:00,2026-04-28 05:15:00+00:00,-1,4698.585,4713.148868309352,3.0,3.0,2.967738069994887,target,2,Ensemble CORE+BOOSTER,79.2000897087581,90.95234577754267,,,
CORE+BOOSTER,M15-0591 MTF,2026-04-28 11:15:00+00:00,2026-04-28 22:30:00+00:00,-1,4598.315,4616.647151799055,4.0,0.15164613682410202,0.12656280208847667,time_exit,0,Ensemble CORE+BOOSTER,90.95234577754267,91.52790496444895,,,
CORE+BOOSTER,M15-0591 MTF,2026-04-29 01:30:00+00:00,2026-04-29 02:15:00+00:00,-1,4580.255,4601.198889180988,4.0,-1.0,-1.02186917129106,stop,0,Ensemble CORE+BOOSTER,91.52790496444895,86.85142774464752,,,
CORE+BOOSTER,M15-0591 MTF,2026-04-29 13:30:00+00:00,2026-04-29 16:15:00+00:00,-1,4537.595,4560.955135728091,4.0,-1.0,-1.0194245232682597,stop,0,Ensemble CORE+BOOSTER,86.85142774464752,82.42450397845977,,,
CORE+BOOSTER,M15-0591 MTF,2026-04-30 02:00:00+00:00,2026-04-30 02:45:00+00:00,1,4578.755,4564.539481203206,3.0,-1.0,-1.0322095525703412,stop,0,Ensemble CORE+BOOSTER,82.42450397845977,78.17053595983785,,,
CORE+BOOSTER,M15-0591 MTF,2026-04-30 05:00:00+00:00,2026-04-30 05:30:00+00:00,-1,4541.725,4557.72869167275,4.0,-1.0,-1.0283792333223558,stop,0,Ensemble CORE+BOOSTER,78.17053595983785,74.15108816789906,,,
CORE+BOOSTER,M15-0591 MTF,2026-04-30 07:15:00+00:00,2026-04-30 10:45:00+00:00,1,4591.535,4573.403884734335,3.0,3.0,2.9746759372894442,target,0,Ensemble CORE+BOOSTER,74.15108816789906,85.17986105274292,,,
CORE+BOOSTER,M15-0591 MTF,2026-04-30 11:00:00+00:00,2026-04-30 12:45:00+00:00,1,4639.475,4624.676000930745,3.0,-1.0,-1.0313499242637196,stop,0,Ensemble CORE+BOOSTER,85.17986105274292,80.78734889046589,,,
CORE+BOOSTER,M15-0591 MTF,2026-05-01 06:45:00+00:00,2026-05-01 09:15:00+00:00,-1,4593.158,4602.647893158094,3.0,3.0,2.951599476163938,target,0,Ensemble CORE+BOOSTER,80.78734889046589,92.7099437237545,,,
CORE+BOOSTER,Structural Portfolio MTF,2026-05-01 15:00:00+00:00,2026-05-04 08:15:00+00:00,-1,4631.965,4661.386331409556,3.0,1.7664054449663893,1.7506618848415216,time_exit,1,Ensemble CORE+BOOSTER,92.7099437237545,100.82513196490348,,,
CORE+BOOSTER,M15-0591 MTF,2026-05-04 08:30:00+00:00,2026-05-04 16:15:00+00:00,-1,4574.778,4591.849965936565,4.0,4.0,3.97320298074048,target,0,Ensemble CORE+BOOSTER,100.82513196490348,120.85506770772881,,,
CORE+BOOSTER,Structural Portfolio MTF,2026-05-05 04:00:00+00:00,2026-05-05 05:45:00+00:00,-1,4534.395,4547.237706781855,4.0,-1.0,-1.0353071597523862,stop,1,Ensemble CORE+BOOSTER,120.85506770772881,114.59896186322025,,,
CORE+BOOSTER,M15-0591 MTF,2026-05-05 12:15:00+00:00,2026-05-05 17:15:00+00:00,1,4565.075,4553.163782684797,3.0,-1.0,-1.0383258476375332,stop,0,Ensemble CORE+BOOSTER,114.59896186322025,108.64940865246977,,,
CORE+BOOSTER,M15-0591 MTF,2026-05-05 23:45:00+00:00,2026-05-06 03:00:00+00:00,1,4584.965,4567.8542922892875,3.0,3.0,2.9732041182777644,target,0,Ensemble CORE+BOOSTER,108.64940865246977,124.80125211516811,,,
CORE+BOOSTER,M15-0591 MTF,2026-05-06 03:45:00+00:00,2026-05-06 08:00:00+00:00,1,4647.505,4637.192874381802,3.0,3.0,2.9549316487010375,target,0,Ensemble CORE+BOOSTER,124.80125211516811,143.24021059879948,,,
CORE+BOOSTER,M15-0591 MTF,2026-05-06 08:45:00+00:00,2026-05-06 09:15:00+00:00,1,4677.465,4669.025617792491,3.0,3.0,2.9445757416243312,target,0,Ensemble CORE+BOOSTER,143.24021059879948,164.32929306651874,,,
CORE+BOOSTER,Structural Portfolio MTF,2026-05-07 01:30:00+00:00,2026-05-07 15:00:00+00:00,1,4703.805,4684.092975038572,3.0,3.0,2.9761373830988735,target,1,Ensemble CORE+BOOSTER,164.32929306651874,188.7826206781926,,,
CORE+BOOSTER,M15-0591 MTF,2026-05-07 22:45:00+00:00,2026-05-08 00:00:00+00:00,-1,4686.805,4705.34762925482,3.0,-1.0,-1.0252758383700182,stop,0,Ensemble CORE+BOOSTER,188.7826206781926,179.10490769391643,,,
CORE+BOOSTER,Structural Portfolio MTF,2026-05-11 14:30:00+00:00,2026-05-11 23:00:00+00:00,-1,4724.865,4749.680189521355,3.0,-1.0,-1.0190402132368723,stop,1,Ensemble CORE+BOOSTER,179.10490769391643,169.9791525275075,,,
CORE+BOOSTER,M15-0591 MTF,2026-05-12 05:15:00+00:00,2026-05-12 14:45:00+00:00,-1,4712.535,4725.991857657167,3.0,3.0,2.96498042024328,target,0,Ensemble CORE+BOOSTER,169.9791525275075,195.1783954821878,,,
CORE+BOOSTER,M15-0591 MTF,2026-05-12 15:00:00+00:00,2026-05-12 19:30:00+00:00,-1,4672.785,4702.776836673628,3.0,-1.0,-1.0155801895390713,stop,0,Ensemble CORE+BOOSTER,195.1783954821878,185.2674298883012,,,
CORE+BOOSTER,M15-0591 MTF,2026-05-13 12:45:00+00:00,2026-05-13 15:45:00+00:00,-1,4682.655,4695.092536116467,3.0,-1.0,-1.0376493781095444,stop,0,Ensemble CORE+BOOSTER,185.2674298883012,175.65529821792373,,,
CORE+BOOSTER,Structural Portfolio MTF,2026-05-13 23:45:00+00:00,2026-05-14 00:30:00+00:00,-1,4694.605,4702.418677984853,2.0,-1.0,-1.0600818847295752,stop,1,Ensemble CORE+BOOSTER,175.65529821792373,166.3448482380441,,,
CORE+BOOSTER,Structural Portfolio MTF,2026-05-14 01:30:00+00:00,2026-05-14 04:45:00+00:00,-1,4692.615,4707.619602289596,2.0,-1.0,-1.031274504378259,stop,1,Ensemble CORE+BOOSTER,166.3448482380441,157.76748819191582,,,
CORE+BOOSTER,Structural Portfolio MTF,2026-05-14 08:15:00+00:00,2026-05-15 00:30:00+00:00,-1,4698.715,4719.603643955884,3.0,3.0,2.977505887840668,target,1,Ensemble CORE+BOOSTER,157.76748819191582,181.25516944197892,,,
CORE+BOOSTER,M15-0591 MTF,2026-05-15 05:30:00+00:00,2026-05-15 13:45:00+00:00,-1,4588.635,4607.6300583461225,3.0,3.0,2.9758430065526134,target,0,Ensemble CORE+BOOSTER,181.25516944197892,208.22451586125,,,
CORE+BOOSTER,M15-0591 MTF,2026-05-18 01:15:00+00:00,2026-05-18 02:00:00+00:00,-1,4495.795,4520.339370111507,4.0,-1.0,-1.0183170111091675,stop,0,Ensemble CORE+BOOSTER,208.22451586125,197.62258752967594,,,
CORE+BOOSTER,M15-0591 MTF,2026-05-18 13:00:00+00:00,2026-05-18 14:45:00+00:00,1,4571.065,4548.545775477594,3.0,-1.0,-1.0202985009339556,stop,0,Ensemble CORE+BOOSTER,197.62258752967594,187.54088603931504,,,
CORE+BOOSTER,Structural Portfolio MTF,2026-05-18 15:00:00+00:00,2026-05-18 23:15:00+00:00,-1,4546.365,4585.410780520659,4.0,-1.0,-1.0116436781116325,stop,1,Ensemble CORE+BOOSTER,187.54088603931504,178.05465845185867,,,
CORE+BOOSTER,M15-0591 MTF,2026-05-18 23:30:00+00:00,2026-05-19 00:30:00+00:00,1,4585.515,4572.223923914126,3.0,-1.0,-1.0345007053633044,stop,0,Ensemble CORE+BOOSTER,178.05465845185867,168.84477496377517,,,
CORE+BOOSTER,Structural Portfolio MTF,2026-05-19 00:45:00+00:00,2026-05-19 13:30:00+00:00,-1,4570.615,4590.194888543794,3.0,3.0,2.976656583157882,target,1,Ensemble CORE+BOOSTER,168.84477496377517,193.9744205101618,,,
CORE+BOOSTER,M15-0591 MTF,2026-05-19 14:15:00+00:00,2026-05-20 01:30:00+00:00,-1,4492.475,4527.468634344485,4.0,0.5443847247321677,0.5315467469566237,time_exit,0,Ensemble CORE+BOOSTER,193.9744205101618,199.1297441209104,,,
CORE+BOOSTER,Structural Portfolio MTF,2026-05-20 13:45:00+00:00,2026-05-20 14:30:00+00:00,-1,4489.665,4506.907880562663,3.0,-1.0,-1.0260377898210447,stop,1,Ensemble CORE+BOOSTER,199.1297441209104,188.91401199363796,,,
CORE+BOOSTER,M15-0591 MTF,2026-05-21 01:45:00+00:00,2026-05-21 02:15:00+00:00,1,4567.525,4555.897480637138,3.0,-1.0,-1.039282024458189,stop,0,Ensemble CORE+BOOSTER,188.91401199363796,179.09726515197463,,,
CORE+BOOSTER,M15-0591 MTF,2026-05-22 01:45:00+00:00,2026-05-22 12:00:00+00:00,-1,4524.855,4539.588844797539,3.0,0.29659603857979816,0.26588541917137654,time_exit,0,Ensemble CORE+BOOSTER,179.09726515197463,181.47823272284361,,,
CORE+BOOSTER,M15-0591 MTF,2026-05-22 15:00:00+00:00,2026-05-22 15:30:00+00:00,-1,4500.445,4514.512333015151,4.0,-1.0,-1.0319921693412162,stop,0,Ensemble CORE+BOOSTER,181.47823272284361,172.11402696905074,,,
CORE+BOOSTER,M15-0591 MTF,2026-05-25 00:15:00+00:00,2026-05-25 01:15:00+00:00,1,4572.495,4563.34050359166,3.0,-1.0,-1.0499480779285089,stop,0,Ensemble CORE+BOOSTER,172.11402696905074,163.07848737901622,,,
CORE+BOOSTER,M15-0591 MTF,2026-05-25 06:00:00+00:00,2026-05-25 07:15:00+00:00,-1,4553.185,4564.28091586545,3.0,-1.0,-1.0410347830247857,stop,0,Ensemble CORE+BOOSTER,163.07848737901622,154.589968492785,,,
CORE+BOOSTER,Structural Portfolio MTF,2026-05-26 11:30:00+00:00,2026-05-27 04:45:00+00:00,-1,4523.375,4541.191696983941,4.0,0.8531323181676184,0.8277439142222796,time_exit,1,Ensemble CORE+BOOSTER,154.589968492785,160.98801377377086,,,
CORE+BOOSTER,M15-0591 MTF,2026-05-27 06:15:00+00:00,2026-05-27 12:00:00+00:00,-1,4493.745,4509.598301234791,4.0,4.0,3.9716542003873725,target,0,Ensemble CORE+BOOSTER,160.98801377377086,192.95744982960173,,,
CORE+BOOSTER,M15-0591 MTF,2026-05-27 12:00:00+00:00,2026-05-27 12:30:00+00:00,-1,4428.455,4453.380360407906,4.0,-1.0,-1.0177668644606455,stop,0,Ensemble CORE+BOOSTER,192.95744982960173,183.13816489523194,,,
CORE+BOOSTER,M15-0591 MTF,2026-05-27 13:30:00+00:00,2026-05-27 14:15:00+00:00,-1,4404.605,4440.617210171458,4.0,-1.0,-1.0122308655287446,stop,0,Ensemble CORE+BOOSTER,183.13816489523194,173.8692597370696,,,
CORE+BOOSTER,M15-0591 MTF,2026-05-28 01:45:00+00:00,2026-05-28 12:00:00+00:00,-1,4417.318,4441.243257933319,4.0,1.2360577295518462,1.2175947394670106,time_exit,0,Ensemble CORE+BOOSTER,173.8692597370696,184.45437453761355,,,
CORE+BOOSTER,M15-0591 MTF,2026-05-28 13:30:00+00:00,2026-05-28 17:15:00+00:00,1,4428.445,4399.991326407465,3.0,3.0,2.9844362978804893,target,0,Ensemble CORE+BOOSTER,184.45437453761355,211.97899107125838,,,
CORE+BOOSTER,M15-0591 MTF,2026-05-29 01:45:00+00:00,2026-05-29 12:00:00+00:00,1,4506.165,4491.095522525779,3.0,2.1274792078786837,2.0975766116691688,time_exit,0,Ensemble CORE+BOOSTER,211.97899107125838,234.21109976307335,,,
CORE+BOOSTER,Structural Portfolio MTF,2026-06-01 05:30:00+00:00,2026-06-01 06:30:00+00:00,1,4520.295,4507.650359395218,2.0,-1.0,-1.0357487028796264,stop,1,Ensemble CORE+BOOSTER,234.21109976307335,222.08190762409265,,,
CORE+BOOSTER,M15-0591 MTF,2026-06-01 07:30:00+00:00,2026-06-01 13:30:00+00:00,-1,4503.635,4515.636659275015,3.0,3.0,2.962474897038813,target,0,Ensemble CORE+BOOSTER,222.08190762409265,254.977511445236,,,
CORE+BOOSTER,M15-0591 MTF,2026-06-01 14:30:00+00:00,2026-06-01 15:45:00+00:00,-1,4455.965,4470.8005618788,3.0,-1.0,-1.0300357009488637,stop,0,Ensemble CORE+BOOSTER,254.977511445236,241.84571445885146,,,
CORE+BOOSTER,M15-0591 MTF,2026-06-02 13:15:00+00:00,2026-06-02 23:15:00+00:00,-1,4513.885,4526.737265313264,3.0,3.0,2.9648786817733876,target,0,Ensemble CORE+BOOSTER,241.84571445885146,277.6978746127166,,,
CORE+BOOSTER,M15-0591 MTF,2026-06-03 09:30:00+00:00,2026-06-03 10:15:00+00:00,-1,4439.715,4459.881672203885,4.0,-1.0,-1.0220151096577295,stop,0,Ensemble CORE+BOOSTER,277.6978746127166,263.5073034240149,,,
CORE+BOOSTER,Structural Portfolio MTF,2026-06-04 00:45:00+00:00,2026-06-04 01:15:00+00:00,-1,4448.045,4465.993071822122,3.0,-1.0,-1.024782857145231,stop,1,Ensemble CORE+BOOSTER,263.5073034240149,250.00541505994,,,
CORE+BOOSTER,M15-0591 MTF,2026-06-04 11:45:00+00:00,2026-06-04 14:45:00+00:00,1,4491.305,4472.238936356058,3.0,-1.0,-1.0235565404788047,stop,0,Ensemble CORE+BOOSTER,250.00541505994,237.210681172954,,,
CORE+BOOSTER,M15-0591 MTF,2026-06-04 23:30:00+00:00,2026-06-05 01:45:00+00:00,-1,4469.095,4476.5894182093525,3.0,3.0,2.9403676859876455,target,0,Ensemble CORE+BOOSTER,237.210681172954,272.0850122575576,,,
CORE+BOOSTER,M15-0591 MTF,2026-06-05 02:45:00+00:00,2026-06-05 07:15:00+00:00,-1,4442.675,4460.506087906169,4.0,-1.0,-1.0249153333962475,stop,0,Ensemble CORE+BOOSTER,272.0850122575576,258.14180720505374,,,
CORE+BOOSTER,M15-0591 MTF,2026-06-05 14:30:00+00:00,2026-06-08 01:45:00+00:00,-1,4360.945,4392.669353394533,4.0,1.1045142375080967,1.0907678738052151,time_exit,0,Ensemble CORE+BOOSTER,258.14180720505374,272.22044671431837,,,
CORE+BOOSTER,Structural Portfolio MTF,2026-06-08 14:15:00+00:00,2026-06-09 05:45:00+00:00,-1,4319.415,4347.886050163807,4.0,-1.0,-1.0151712528169785,stop,1,Ensemble CORE+BOOSTER,272.22044671431837,258.40292811764976,,,
CORE+BOOSTER,Structural Portfolio MTF,2026-06-09 13:45:00+00:00,2026-06-09 14:00:00+00:00,-1,4330.015,4346.27658069753,3.0,-1.0,-1.026627270008614,stop,1,Ensemble CORE+BOOSTER,258.40292811764976,245.13875348486704,,,
CORE+BOOSTER,M15-0591 MTF,2026-06-09 15:15:00+00:00,2026-06-10 01:45:00+00:00,-1,4294.695,4322.183648637094,4.0,4.0,3.984376478244898,target,0,Ensemble CORE+BOOSTER,245.13875348486704,293.975007649436,,,
CORE+BOOSTER,Outcome First M15,2026-06-10 07:45:00+00:00,2026-06-10 17:45:00+00:00,-1,4189.495,4217.601935558153,3.0,3.0,2.9850944440693934,target,2,Ensemble CORE+BOOSTER,293.975007649436,337.85216575091545,,,
CORE+BOOSTER,M15-0591 MTF,2026-06-10 23:00:00+00:00,2026-06-11 00:45:00+00:00,-1,4045.685,4074.02712676606,4.0,-1.0,-1.014274458065175,stop,0,Ensemble CORE+BOOSTER,337.85216575091545,320.7184246347577,,,
CORE+BOOSTER,Structural Portfolio MTF,2026-06-11 08:45:00+00:00,2026-06-11 17:45:00+00:00,-1,4090.395,4113.696955409787,4.0,-1.0,-1.0175538701712648,stop,1,Ensemble CORE+BOOSTER,320.7184246347577,304.40101092364125,,,
CORE+BOOSTER,V1 Legacy M15,2026-06-12 08:00:00+00:00,2026-06-14 22:15:00+00:00,1,4194.315,4168.8419819008695,2.0,2.0,1.9835342832809306,target,3,Ensemble CORE+BOOSTER,304.40101092364125,334.59050297526204,,,
CORE+BOOSTER,M15-0591 MTF,2026-06-15 09:15:00+00:00,2026-06-15 12:30:00+00:00,1,4339.965,4326.626560690018,3.0,-1.0,-1.0325372774066006,stop,0,Ensemble CORE+BOOSTER,334.59050297526204,317.3166446258529,,,
CORE+BOOSTER,M15-0591 MTF,2026-06-16 08:15:00+00:00,2026-06-16 14:30:00+00:00,1,4337.655,4325.572952335903,3.0,-1.0,-1.035901654426426,stop,0,Ensemble CORE+BOOSTER,317.3166446258529,300.88120276860474,,,
CORE+BOOSTER,M15-0591 MTF,2026-06-16 15:00:00+00:00,2026-06-16 16:00:00+00:00,-1,4323.895,4336.1376609236295,3.0,-1.0,-1.035318261503548,stop,0,Ensemble CORE+BOOSTER,300.88120276860474,285.3058125801303,,,
CORE+BOOSTER,V1 Legacy M15,2026-06-16 16:15:00+00:00,2026-06-17 04:45:00+00:00,1,4345.925,4320.051232235651,2.0,-1.0,-1.0167966453111175,stop,3,Ensemble CORE+BOOSTER,285.3058125801303,270.80091292416836,,,
CORE+BOOSTER,M15-0591 MTF,2026-06-17 04:45:00+00:00,2026-06-17 09:45:00+00:00,-1,4322.995,4334.662396339179,3.0,-1.0,-1.0370519255052923,stop,0,Ensemble CORE+BOOSTER,270.80091292416836,256.75918251533835,,,
CORE+BOOSTER,M15-0591 MTF,2026-06-17 14:15:00+00:00,2026-06-17 15:00:00+00:00,1,4342.165,4331.7254638248405,4.0,-1.0,-1.0415934666746216,stop,0,Ensemble CORE+BOOSTER,256.75918251533835,243.3872481645037,,,
CORE+BOOSTER,Structural Portfolio MTF,2026-06-18 03:00:00+00:00,2026-06-18 15:45:00+00:00,-1,4310.695,4331.1563158486115,4.0,4.0,3.978932464403102,target,1,Ensemble CORE+BOOSTER,243.3872481645037,291.8083193216776,,,
CORE+BOOSTER,M15-0591 MTF,2026-06-18 23:45:00+00:00,2026-06-19 04:45:00+00:00,-1,4194.555,4208.792117671254,4.0,4.0,3.9705378918903707,target,0,Ensemble CORE+BOOSTER,291.8083193216776,349.7401187734559,,,
CORE+BOOSTER,M15-0591 MTF,2026-06-19 04:45:00+00:00,2026-06-19 07:15:00+00:00,-1,4135.085,4156.09826189269,4.0,-1.0,-1.019678453640929,stop,0,Ensemble CORE+BOOSTER,349.7401187734559,331.90899559910025,,,
CORE+BOOSTER,Outcome First M15,2026-06-19 10:15:00+00:00,2026-06-19 13:00:00+00:00,-1,4155.005,4171.538358662238,3.0,-1.0,-1.0251310401285247,stop,2,Ensemble CORE+BOOSTER,331.90899559910025,314.8964849047743,,,
CORE+BOOSTER,Structural Portfolio MTF,2026-06-22 23:00:00+00:00,2026-06-22 23:45:00+00:00,-1,4189.438,4194.903420023302,3.0,-1.0,-1.0766535413955087,stop,1,Ensemble CORE+BOOSTER,314.8964849047743,297.94476412248815,,,
CORE+BOOSTER,Structural Portfolio MTF,2026-06-23 01:30:00+00:00,2026-06-23 06:15:00+00:00,-1,4177.995,4199.164940376932,3.0,3.0,2.980264493306969,target,1,Ensemble CORE+BOOSTER,297.94476412248815,342.3424741965367,,,
CORE+BOOSTER,Structural Portfolio MTF,2026-06-23 14:45:00+00:00,2026-06-24 08:00:00+00:00,-1,4125.975,4145.9299955501665,4.0,2.5687803272686502,2.548103925764939,time_exit,1,Ensemble CORE+BOOSTER,342.3424741965367,385.9586843193506,,,
CORE+BOOSTER,M15-0591 MTF,2026-06-24 12:15:00+00:00,2026-06-24 23:30:00+00:00,-1,4037.985,4059.5902138200986,4.0,1.852330661165268,1.8336407975350195,time_exit,0,Ensemble CORE+BOOSTER,385.9586843193506,421.3441638058957,,,
CORE+BOOSTER,Structural Portfolio MTF,2026-06-25 17:00:00+00:00,2026-06-26 09:30:00+00:00,-1,4028.485,4045.0880950187407,3.0,-1.0,-1.0242634580808754,stop,1,Ensemble CORE+BOOSTER,421.3441638058957,399.7657922927946,,,
CORE+BOOSTER,M15-0591 MTF,2026-06-26 14:15:00+00:00,2026-06-28 22:30:00+00:00,1,4082.115,4056.7455536078787,3.0,-1.0,-1.0160906743367792,stop,0,Ensemble CORE+BOOSTER,399.7657922927946,379.4558776194164,,,
CORE+BOOSTER,M15-0591 MTF,2026-06-28 23:30:00+00:00,2026-06-29 01:00:00+00:00,-1,4056.675,4071.4472130110803,3.0,-1.0,-1.0274615252092374,stop,0,Ensemble CORE+BOOSTER,379.4558776194164,359.96206188099364,,,
CORE+BOOSTER,Structural Portfolio MTF,2026-06-29 06:15:00+00:00,2026-06-29 10:00:00+00:00,1,4059.475,4038.033001325768,2.0,-1.0,-1.0189323535630963,stop,1,Ensemble CORE+BOOSTER,359.96206188099364,341.62321233570236,,,
CORE+BOOSTER,M15-0591 MTF,2026-06-29 14:45:00+00:00,2026-06-30 01:15:00+00:00,-1,4020.715,4036.5372614993694,3.0,3.0,2.974588240750791,target,0,Ensemble CORE+BOOSTER,341.62321233570236,392.4326318447669,,,
CORE+BOOSTER,M15-0591 MTF,2026-06-30 20:30:00+00:00,2026-07-01 02:15:00+00:00,-1,4012.635,4023.1511374205666,4.0,4.0,3.9618430718473445,target,0,Ensemble CORE+BOOSTER,392.4326318447669,470.17045702681736,,,
CORE+BOOSTER,M15-0591 MTF,2026-07-01 07:15:00+00:00,2026-07-01 08:00:00+00:00,-1,3961.265,3978.1140676929417,4.0,-1.0,-1.0235102919175723,stop,0,Ensemble CORE+BOOSTER,470.17045702681736,446.10924194069054,,,
CORE+BOOSTER,M15-0591 MTF,2026-07-01 11:45:00+00:00,2026-07-01 13:15:00+00:00,1,4029.055,4013.7770877398398,3.0,-1.0,-1.0263717642266248,stop,0,Ensemble CORE+BOOSTER,446.10924194069054,423.2155454562671,,,
CORE+BOOSTER,M15-0591 MTF,2026-07-03 00:30:00+00:00,2026-07-03 01:30:00+00:00,1,4136.865,4121.672056208339,3.0,3.0,2.9727711425992984,target,0,Ensemble CORE+BOOSTER,423.2155454562671,486.12169348785767,,,
CORE+BOOSTER,Structural Portfolio MTF,2026-07-03 07:00:00+00:00,2026-07-03 14:15:00+00:00,1,4172.865,4159.478374034644,3.0,-1.0,-1.0311718950749742,stop,1,Ensemble CORE+BOOSTER,486.12169348785767,461.0579420923112,,,
CORE+BOOSTER,Structural Portfolio MTF,2026-07-03 15:15:00+00:00,2026-07-06 05:15:00+00:00,1,4171.995,4154.426847971014,4.0,-1.0,-1.0237474891674234,stop,1,Ensemble CORE+BOOSTER,461.0579420923112,437.457596563426,,,
CORE+BOOSTER,Structural Portfolio MTF,2026-07-07 09:00:00+00:00,2026-07-07 11:30:00+00:00,-1,4125.715,4139.8277352816585,3.0,-1.0,-1.0292339855999566,stop,1,Ensemble CORE+BOOSTER,437.457596563426,414.9452852813284,,,
CORE+BOOSTER,M15-0591 MTF,2026-07-07 11:45:00+00:00,2026-07-07 19:00:00+00:00,1,4147.995,4131.982848080883,3.0,-1.0,-1.025905293810307,stop,0,Ensemble CORE+BOOSTER,414.9452852813284,393.66055704074125,,,
CORE+BOOSTER,M15-0591 MTF,2026-07-07 20:15:00+00:00,2026-07-08 03:15:00+00:00,-1,4112.775,4128.586719033077,3.0,-1.0,-1.0260109289280703,stop,0,Ensemble CORE+BOOSTER,393.66055704074125,373.4655553501556,,,
CORE+BOOSTER,M15-0591 MTF,2026-07-08 03:30:00+00:00,2026-07-08 08:30:00+00:00,1,4129.485,4112.9619039675445,3.0,-1.0,-1.024992198749488,stop,0,Ensemble CORE+BOOSTER,373.4655553501556,354.3255913133779,,,
CORE+BOOSTER,M15-0591 MTF,2026-07-08 15:15:00+00:00,2026-07-08 17:00:00+00:00,-1,4033.655,4062.78781704086,3.0,-1.0,-1.0138457430819088,stop,0,Ensemble CORE+BOOSTER,354.3255913133779,336.3640166924755,,,
CORE+BOOSTER,M15-0591 MTF,2026-07-09 06:45:00+00:00,2026-07-09 17:00:00+00:00,1,4102.615,4090.108792101634,3.0,2.011001272678937,1.9781966445027481,time_exit,0,Ensemble CORE+BOOSTER,336.3640166924755,369.63372515010155,,,
CORE+BOOSTER,Structural Portfolio MTF,2026-07-10 02:30:00+00:00,2026-07-10 07:45:00+00:00,1,4125.475,4107.803472618514,4.0,-1.0,-1.0233453221724462,stop,1,Ensemble CORE+BOOSTER,369.63372515010155,350.72057797262494,,,
CORE+BOOSTER,M15-0591 MTF,2026-07-10 08:15:00+00:00,2026-07-10 12:15:00+00:00,-1,4107.185,4115.101607647201,3.0,-1.0,-1.0518806183536527,stop,0,Ensemble CORE+BOOSTER,350.72057797262494,332.2747690512652,,,
CORE+BOOSTER,M15-0591 MTF,2026-07-13 14:15:00+00:00,2026-07-14 01:30:00+00:00,-1,4035.875,4059.1657350290984,4.0,1.6435720020074447,1.6262437597044097,time_exit,0,Ensemble CORE+BOOSTER,332.2747690512652,359.2927575351074,,,
CORE+BOOSTER,M15-0591 MTF,2026-07-14 19:30:00+00:00,2026-07-15 01:15:00+00:00,-1,4051.415,4060.5501968680665,3.0,-1.0,-1.0443495094688364,stop,0,Ensemble CORE+BOOSTER,359.2927575351074,340.5313967807327,,,
CORE+BOOSTER,M15-0591 MTF,2026-07-15 02:00:00+00:00,2026-07-15 12:15:00+00:00,-1,4036.485,4055.3271175912564,4.0,-0.06156420552953955,-0.08298687726720633,time_exit,0,Ensemble CORE+BOOSTER,340.5313967807327,339.11841491921905,,,
CORE+BOOSTER,Structural Portfolio MTF,2026-07-15 19:15:00+00:00,2026-07-16 12:30:00+00:00,-1,4060.665,4081.880477356999,3.0,1.708658230498917,1.689518123813265,time_exit,1,Ensemble CORE+BOOSTER,339.11841491921905,367.7657503254614,,,
CORE+BOOSTER,M15-0591 MTF,2026-07-16 13:45:00+00:00,2026-07-16 15:30:00+00:00,-1,3986.135,4009.976767320735,4.0,-1.0,-1.016719125500958,stop,0,Ensemble CORE+BOOSTER,367.7657503254614,349.0700267224561,,,
CORE+BOOSTER,Structural Portfolio MTF,2026-07-17 02:15:00+00:00,2026-07-17 03:30:00+00:00,-1,3980.695,3996.618541385521,4.0,-1.0,-1.0249988046228184,stop,1,Ensemble CORE+BOOSTER,349.0700267224561,331.18020871644745,,,
CORE+BOOSTER,M15-0591 MTF,2026-07-21 01:15:00+00:00,2026-07-21 06:45:00+00:00,1,4028.705,4012.895586906287,3.0,3.0,2.974517048949767,target,0,Ensemble CORE+BOOSTER,331.18020871644745,380.4352675715382,,,
CORE+BOOSTER,M15-0591 MTF,2026-07-21 13:00:00+00:00,2026-07-21 14:15:00+00:00,-1,4053.715,4064.364674918685,3.0,-1.0,-1.0380642135178018,stop,0,Ensemble CORE+BOOSTER,380.4352675715382,360.68945573023404,,,
CORE+BOOSTER,V1 Legacy M15,2026-07-21 14:15:00+00:00,2026-07-22 01:15:00+00:00,1,4065.685,4043.3472608769225,2.0,2.0,1.981799030879541,target,3,Ensemble CORE+BOOSTER,360.68945573023404,396.43015642096645,,,
CORE+BOOSTER,M15-0591 MTF,2026-07-22 14:45:00+00:00,2026-07-22 17:45:00+00:00,1,4150.685,4141.402314388723,4.0,-1.0,-1.044714268842172,stop,0,Ensemble CORE+BOOSTER,396.43015642096645,375.7223443703505,,,
CORE+BOOSTER,Structural Portfolio MTF,2026-07-23 00:15:00+00:00,2026-07-23 02:00:00+00:00,1,4126.575,4114.873730148665,4.0,-1.0,-1.0352660442193748,stop,1,Ensemble CORE+BOOSTER,375.7223443703505,356.2737151112944,,,
CORE+BOOSTER,Structural Portfolio MTF,2026-07-23 03:00:00+00:00,2026-07-23 07:15:00+00:00,1,4128.085,4111.018823822284,4.0,-1.0,-1.0241886932199264,stop,1,Ensemble CORE+BOOSTER,356.2737151112944,338.02913957587214,,,
CORE+BOOSTER,Structural Portfolio MTF,2026-07-23 14:45:00+00:00,2026-07-24 03:00:00+00:00,1,4056.865,4038.617142680189,3.0,-1.0,-1.0222320074565447,stop,1,Ensemble CORE+BOOSTER,338.02913957587214,320.7519292794995,,,
CORE+BOOSTER,M15-0591 MTF,2026-07-24 03:30:00+00:00,2026-07-24 07:15:00+00:00,-1,4030.135,4042.57526730704,3.0,-1.0,-1.0323958874880395,stop,0,Ensemble CORE+BOOSTER,320.7519292794995,304.194780644899,,,
CORE+BOOSTER,M15-0591 MTF,2026-07-24 14:30:00+00:00,2026-07-27 01:45:00+00:00,1,4065.955,4047.0684391485815,3.0,1.9357679933165146,1.9142396958568177,time_exit,0,Ensemble CORE+BOOSTER,304.194780644899,333.3098668640452,,,
CORE+BOOSTER,Structural Portfolio MTF,2026-07-27 06:15:00+00:00,2026-07-27 12:30:00+00:00,1,4094.135,4083.4580335647347,4.0,-1.0,-1.0383454890939552,stop,1,Ensemble CORE+BOOSTER,333.3098668640452,316.0053270276058,,,
CORE+BOOSTER,M15-0591 MTF,2026-07-27 14:30:00+00:00,2026-07-27 16:45:00+00:00,-1,4068.115,4090.4005883773752,3.0,-1.0,-1.018254465312345,stop,0,Ensemble CORE+BOOSTER,316.0053270276058,299.91663526218844,,,
CORE+BOOSTER,V1 Legacy M15,2026-07-28 09:15:00+00:00,2026-07-28 14:30:00+00:00,-1,4040.875,4055.582329377173,2.0,2.0,1.9725247534996277,target,3,Ensemble CORE+BOOSTER,299.91663526218844,329.4962846142377,,,
CORE+BOOSTER,Structural Portfolio MTF,2026-07-29 03:30:00+00:00,2026-07-29 05:45:00+00:00,-1,4026.595,4038.526569136034,4.0,-1.0,-1.0337474053420128,stop,1,Ensemble CORE+BOOSTER,329.4962846142377,312.4654881497476,,,
CORE+BOOSTER,M15-0591 MTF,2026-07-29 06:30:00+00:00,2026-07-29 10:45:00+00:00,1,4040.885,4028.7643609649595,3.0,-1.0,-1.0333388774990973,stop,0,Ensemble CORE+BOOSTER,312.4654881497476,296.3213513106542,,,
CORE+BOOSTER,M15-0591 MTF,2026-07-29 13:15:00+00:00,2026-07-29 17:00:00+00:00,-1,4015.495,4028.0696016418956,4.0,-1.0,-1.0319333774091204,stop,0,Ensemble CORE+BOOSTER,296.3213513106542,281.03215666783234,,,
CORE+BOOSTER,Structural Portfolio MTF,2026-07-29 19:45:00+00:00,2026-07-30 13:00:00+00:00,-1,4069.105,4117.801141773004,3.0,0.007187427735680301,-0.0011686860175776966,time_exit,1,Ensemble CORE+BOOSTER,281.03215666783234,281.015734750233,,,
CORE+BOOSTER,M15-0591 MTF,2026-07-30 14:45:00+00:00,2026-07-30 15:15:00+00:00,1,4110.475,4083.950830591243,3.0,-1.0,-1.0154970922431332,stop,0,Ensemble CORE+BOOSTER,281.015734750233,266.7472016745615,,,
CORE+BOOSTER,M15-0591 MTF,2026-07-31 12:45:00+00:00,2026-08-02 22:15:00+00:00,-1,4044.375,4060.0042361560736,3.0,-1.0,-1.0258769843875468,stop,0,Ensemble CORE+BOOSTER,266.7472016745615,253.0647109321757,,,
CORE+BOOSTER,Structural Portfolio MTF,2026-08-03 12:00:00+00:00,2026-08-03 12:45:00+00:00,1,4062.405,4044.644813788909,3.0,-1.0,-1.0228736621999097,stop,1,Ensemble CORE+BOOSTER,253.0647109321757,240.12204954993788,,,
CORE+BOOSTER,M15-0591 MTF,2026-08-03 13:15:00+00:00,2026-08-03 19:45:00+00:00,-1,4038.635,4054.268375264913,3.0,-1.0,-1.0258334168505772,stop,0,Ensemble CORE+BOOSTER,240.12204954993788,227.80578842238907,,,
CORE+BOOSTER,M15-0591 MTF,2026-08-03 20:15:00+00:00,2026-08-04 01:15:00+00:00,1,4052.255,4045.3494479317487,3.0,-1.0,-1.0586811157160112,stop,0,Ensemble CORE+BOOSTER,227.80578842238907,215.74710410971005,,,
CORE+BOOSTER,V1 Legacy M15,2026-08-04 11:30:00+00:00,2026-08-04 14:00:00+00:00,1,4060.805,4044.8159255009427,2.0,2.0,1.9746026263106131,target,3,Ensemble CORE+BOOSTER,215.74710410971005,237.0478440294072,,,
CORE+BOOSTER,M15-0591 MTF,2026-08-05 02:30:00+00:00,2026-08-05 05:45:00+00:00,1,4103.875,4091.68918588966,4.0,4.0,3.9663225209014326,target,0,Ensemble CORE+BOOSTER,237.0478440294072,284.0582541446556,,,
CORE+BOOSTER,M15-0591 MTF,2026-08-05 06:45:00+00:00,2026-08-05 09:00:00+00:00,1,4175.465,4158.903629444838,4.0,-1.0,-1.025212074001318,stop,0,Ensemble CORE+BOOSTER,284.0582541446556,269.4972565512138,,,
CORE+BOOSTER,M15-0591 MTF,2026-08-05 12:00:00+00:00,2026-08-05 15:15:00+00:00,1,4188.495,4172.814248032633,4.0,4.0,3.9732889404237963,target,0,Ensemble CORE+BOOSTER,269.4972565512138,323.0367799976884,,,
CORE+BOOSTER,M15-0591 MTF,2026-08-06 00:30:00+00:00,2026-08-06 04:30:00+00:00,1,4273.685,4259.7279705085975,4.0,-1.0,-1.0306203050056781,stop,0,Ensemble CORE+BOOSTER,323.0367799976884,306.3903667612249,,,
CORE+BOOSTER,Structural Portfolio MTF,2026-08-06 06:00:00+00:00,2026-08-06 13:15:00+00:00,1,4266.935,4245.916113996771,4.0,-1.0,-1.020300481192697,stop,1,Ensemble CORE+BOOSTER,306.3903667612249,290.7598548292607,,,
CORE+BOOSTER,Structural Portfolio MTF,2026-08-07 01:30:00+00:00,2026-08-07 06:15:00+00:00,1,4243.135,4228.548803310864,3.0,3.0,2.970909928815369,target,1,Ensemble CORE+BOOSTER,290.7598548292607,333.95092180991895,,,
CORE+BOOSTER,Structural Portfolio MTF,2026-08-07 09:00:00+00:00,2026-08-10 02:15:00+00:00,1,4306.005,4281.777336840645,4.0,0.7499691522244125,0.732196059657962,time_exit,1,Ensemble CORE+BOOSTER,333.95092180991895,346.1767992633373,,,
CORE+BOOSTER,M15-0591 MTF,2026-08-10 06:00:00+00:00,2026-08-10 11:15:00+00:00,1,4347.215,4330.303766397383,4.0,-1.0,-1.0257060785874732,stop,0,Ensemble CORE+BOOSTER,346.1767992633373,328.42301689981923,,,
CORE+BOOSTER,M15-0591 MTF,2026-08-10 16:15:00+00:00,2026-08-11 01:00:00+00:00,1,4361.225,4347.3807102553965,4.0,4.0,3.968498022791672,target,0,Ensemble CORE+BOOSTER,328.42301689981923,393.59032156012967,,,
CORE+BOOSTER,M15-0591 MTF,2026-08-11 02:15:00+00:00,2026-08-11 03:00:00+00:00,1,4433.695,4413.139108482957,4.0,-1.0,-1.0215689745021477,stop,0,Ensemble CORE+BOOSTER,393.59032156012967,373.4863385016221,,,
CORE+BOOSTER,M15-0591 MTF,2026-08-11 06:15:00+00:00,2026-08-11 12:15:00+00:00,-1,4372.515,4393.037859235244,3.0,-1.0,-1.0213055839338956,stop,0,Ensemble CORE+BOOSTER,373.4863385016221,354.4141543498855,,,
CORE+BOOSTER,M15-0591 MTF,2026-08-12 01:30:00+00:00,2026-08-12 11:45:00+00:00,1,4390.425,4377.021026805206,4.0,1.69427375524894,1.6615191015638284,time_exit,0,Ensemble CORE+BOOSTER,354.4141543498855,383.8574487157318,,,
CORE+BOOSTER,Structural Portfolio MTF,2026-08-12 18:45:00+00:00,2026-08-13 04:15:00+00:00,1,4413.325,4394.921085274445,3.0,-1.0,-1.0239803599713053,stop,1,Ensemble CORE+BOOSTER,383.8574487157318,364.20432429005166,,,
CORE+BOOSTER,Structural Portfolio MTF,2026-08-13 08:15:00+00:00,2026-08-13 10:00:00+00:00,-1,4365.845,4382.476720141175,3.0,-1.0,-1.0262501110104154,stop,1,Ensemble CORE+BOOSTER,364.20432429005166,345.5160878783947,,,
CORE+BOOSTER,M15-0591 MTF,2026-08-13 20:00:00+00:00,2026-08-13 22:45:00+00:00,-1,4349.915,4359.83948182907,3.0,-1.0,-1.0438301472552312,stop,0,Ensemble CORE+BOOSTER,345.5160878783947,327.48308243393694,,,
CORE+BOOSTER,Structural Portfolio MTF,2026-08-14 10:45:00+00:00,2026-08-14 11:45:00+00:00,-1,4351.695,4359.122747638161,3.0,-1.0,-1.0585870066134513,stop,1,Ensemble CORE+BOOSTER,327.48308243393694,310.14961563642254,,,
CORE+BOOSTER,M15-0591 MTF,2026-08-14 12:15:00+00:00,2026-08-16 23:30:00+00:00,1,4371.515,4360.0164382679495,3.0,0.25481447752133846,0.21679654882843985,time_exit,0,Ensemble CORE+BOOSTER,310.14961563642254,313.5115839509447,,,
CORE+BOOSTER,M15-0591 MTF,2026-08-17 00:45:00+00:00,2026-08-17 11:00:00+00:00,1,4395.355,4377.2415077139585,3.0,0.18825745726729035,0.16399181632632595,time_exit,0,Ensemble CORE+BOOSTER,313.5115839509447,316.08225065551767,,,
CORE+BOOSTER,M15-0591 MTF,2026-08-18 01:00:00+00:00,2026-08-18 01:30:00+00:00,1,4434.105,4419.854993022982,4.0,-1.0,-1.0311165110806704,stop,0,Ensemble CORE+BOOSTER,316.08225065551767,299.78636927999554,,,
CORE+BOOSTER,M15-0591 MTF,2026-08-18 02:45:00+00:00,2026-08-18 13:00:00+00:00,-1,4394.755,4408.676994130216,3.0,0.05746303241601459,0.02589603878784149,time_exit,0,Ensemble CORE+BOOSTER,299.78636927999554,300.1745332523426,,,
CORE+BOOSTER,Structural Portfolio MTF,2026-08-19 12:00:00+00:00,2026-08-19 12:45:00+00:00,-1,4364.345,4374.5887533893865,3.0,-1.0,-1.0426049401435413,stop,1,Ensemble CORE+BOOSTER,300.1745332523426,284.5263606886339,,,
CORE+BOOSTER,M15-0591 MTF,2026-08-19 14:30:00+00:00,2026-08-20 01:45:00+00:00,1,4485.835,4453.16410275152,3.0,0.23139860354928146,0.21766823377742384,time_exit,0,Ensemble CORE+BOOSTER,284.5263606886339,287.62297820834453,,,
CORE+BOOSTER,Structural Portfolio MTF,2026-08-20 06:30:00+00:00,2026-08-20 11:45:00+00:00,1,4493.755,4476.7691696345155,4.0,-1.0,-1.0264559041466195,stop,1,Ensemble CORE+BOOSTER,287.62297820834453,272.86136300083507,,,
CORE+BOOSTER,M15-0591 MTF,2026-08-20 16:00:00+00:00,2026-08-21 03:15:00+00:00,1,4521.465,4497.240235400703,4.0,0.44045835641719716,0.42179371684364636,time_exit,0,Ensemble CORE+BOOSTER,272.86136300083507,278.61592342499233,,,
CORE+BOOSTER,M15-0591 MTF,2026-08-21 06:30:00+00:00,2026-08-21 16:00:00+00:00,1,4555.215,4540.311747728543,4.0,4.0,3.9694347588229166,target,0,Ensemble CORE+BOOSTER,278.61592342499233,333.91330996522777,,,
CORE+BOOSTER,Structural Portfolio MTF,2026-08-24 01:15:00+00:00,2026-08-24 17:30:00+00:00,1,4621.775,4592.693310123501,4.0,0.567023445681072,0.5511310576540099,time_exit,1,Ensemble CORE+BOOSTER,333.91330996522777,343.1148097495221,,,
CORE+BOOSTER,M15-0591 MTF,2026-08-25 00:45:00+00:00,2026-08-25 01:15:00+00:00,1,4693.425,4673.8184480588,4.0,-1.0,-1.023938043844096,stop,0,Ensemble CORE+BOOSTER,343.1148097495221,325.5483943940789,,,
CORE+BOOSTER,M15-0591 MTF,2026-08-25 03:00:00+00:00,2026-08-25 13:15:00+00:00,-1,4629.235,4658.147143194419,3.0,0.21893914807469944,0.2029277615480392,time_exit,0,Ensemble CORE+BOOSTER,325.5483943940789,328.85153474157636,,,
CORE+BOOSTER,Structural Portfolio MTF,2026-08-25 14:30:00+00:00,2026-08-26 07:45:00+00:00,1,4623.605,4603.765811673815,3.0,0.40173014485078784,0.3784247307180053,time_exit,1,Ensemble CORE+BOOSTER,328.85153474157636,335.0738124156155,,,
CORE+BOOSTER,M15-0591 MTF,2026-08-26 22:45:00+00:00,2026-08-27 01:00:00+00:00,1,4610.595,4601.106425785957,3.0,-1.0,-1.0485910200625956,stop,0,Ensemble CORE+BOOSTER,335.0738124156155,317.50604287775786,,,
CORE+BOOSTER,M15-0591 MTF,2026-08-27 10:00:00+00:00,2026-08-27 12:00:00+00:00,-1,4580.325,4599.970090721111,3.0,-1.0,-1.0233153670045305,stop,0,Ensemble CORE+BOOSTER,317.50604287775786,301.2606022380774,,,
CORE+BOOSTER,Structural Portfolio MTF,2026-08-27 19:45:00+00:00,2026-08-28 00:30:00+00:00,-1,4609.645,4618.736135603662,2.0,2.0,1.9492951683820057,target,1,Ensemble CORE+BOOSTER,301.2606022380774,330.62289405640433,,,
CORE+BOOSTER,M15-0591 MTF,2026-08-28 07:30:00+00:00,2026-08-28 14:15:00+00:00,1,4607.195,4586.868991363838,3.0,-1.0,-1.0226665012421743,stop,0,Ensemble CORE+BOOSTER,330.62289405640433,313.7170461416431,,,
CORE+BOOSTER,M15-0591 MTF,2026-08-28 16:30:00+00:00,2026-08-31 03:45:00+00:00,-1,4480.765,4531.741801262077,3.0,1.142480472648387,1.1336906606376962,time_exit,0,Ensemble CORE+BOOSTER,313.7170461416431,331.4999504063244,,,
CORE+BOOSTER,Outcome First M15,2026-08-31 12:45:00+00:00,2026-09-01 06:00:00+00:00,-1,4440.215,4464.699707747468,3.0,0.01592830937672354,-0.0022063363204839308,time_exit,2,Ensemble CORE+BOOSTER,331.4999504063244,331.4633803872834,,,
CORE+BOOSTER,V1 Legacy M15,2026-09-01 07:45:00+00:00,2026-09-01 08:30:00+00:00,-1,4418.045,4435.9922489245755,2.0,2.0,1.9753831630765966,target,3,Ensemble CORE+BOOSTER,331.4633803872834,364.20173942695806,,,
CORE+BOOSTER,Outcome First M15,2026-09-01 16:30:00+00:00,2026-09-02 03:45:00+00:00,-1,4352.485,4375.638339176602,3.0,3.0,2.981201480413683,target,2,Ensemble CORE+BOOSTER,364.20173942695806,418.4896776644024,,,
CORE+BOOSTER,Outcome First M15,2026-09-02 09:00:00+00:00,2026-09-02 11:45:00+00:00,-1,4312.705,4332.447872766048,3.0,-1.0,-1.0218443640452193,stop,2,Ensemble CORE+BOOSTER,418.4896776644024,397.10811173777887,,,
CORE+BOOSTER,M15-0591 MTF,2026-09-02 14:00:00+00:00,2026-09-03 01:15:00+00:00,1,4384.845,4355.4087415132335,3.0,0.5472842279613092,0.5323881602359519,time_exit,0,Ensemble CORE+BOOSTER,397.10811173777887,407.6788945889213,,,
CORE+BOOSTER,M15-0591 MTF,2026-09-03 01:15:00+00:00,2026-09-03 11:30:00+00:00,1,4400.915,4384.637626257346,3.0,2.039026720448559,2.0119897114716894,time_exit,0,Ensemble CORE+BOOSTER,407.6788945889213,448.6911816637744,,,
CORE+BOOSTER,Structural Portfolio MTF,2026-09-04 02:15:00+00:00,2026-09-04 04:15:00+00:00,1,4479.115,4466.1128909890285,3.0,-1.0,-1.034449142029347,stop,1,Ensemble CORE+BOOSTER,448.6911816637744,425.4837712683631,,,
CORE+BOOSTER,Structural Portfolio MTF,2026-09-04 04:45:00+00:00,2026-09-04 06:45:00+00:00,1,4473.255,4464.500797156624,3.0,-1.0,-1.0510983704631038,stop,1,Ensemble CORE+BOOSTER,425.4837712683631,403.12250633642947,,,
CORE+BOOSTER,M15-0591 MTF,2026-09-07 02:15:00+00:00,2026-09-07 02:45:00+00:00,-1,4403.335,4417.566656261581,4.0,-1.0,-1.0309404254787065,stop,0,Ensemble CORE+BOOSTER,403.12250633642947,382.3427419263034,,,
CORE+BOOSTER,Structural Portfolio MTF,2026-09-07 09:00:00+00:00,2026-09-07 23:45:00+00:00,-1,4410.775,4424.614178045192,4.0,-1.0,-1.0318716544118194,stop,1,Ensemble CORE+BOOSTER,382.3427419263034,362.61631004311107,,,
CORE+BOOSTER,M15-0591 MTF,2026-09-08 00:30:00+00:00,2026-09-08 06:15:00+00:00,1,4421.105,4409.895967006409,3.0,-1.0,-1.039442340856057,stop,0,Ensemble CORE+BOOSTER,362.61631004311107,343.7703727359212,,,
CORE+BOOSTER,M15-0591 MTF,2026-09-08 07:00:00+00:00,2026-09-08 13:15:00+00:00,-1,4403.605,4412.397439843834,3.0,-1.0,-1.0500839935013937,stop,0,Ensemble CORE+BOOSTER,343.7703727359212,325.7209844434213,,,
CORE+BOOSTER,M15-0591 MTF,2026-09-09 06:00:00+00:00,2026-09-09 15:15:00+00:00,1,4398.655,4383.0797078442465,3.0,-1.0,-1.0282412359011528,stop,0,Ensemble CORE+BOOSTER,325.7209844434213,308.9749970632691,,,
CORE+BOOSTER,M15-0591 MTF,2026-09-10 06:00:00+00:00,2026-09-10 06:15:00+00:00,1,4430.748,4416.414995169562,3.0,-1.0,-1.0309129038357034,stop,0,Ensemble CORE+BOOSTER,308.9749970632691,293.048681491513,,,
CORE+BOOSTER,M15-0591 MTF,2026-09-10 09:00:00+00:00,2026-09-10 12:45:00+00:00,-1,4394.565,4406.784749606916,3.0,3.0,2.9640371927300984,target,0,Ensemble CORE+BOOSTER,293.048681491513,336.479041052581,,,
CORE+BOOSTER,M15-0591 MTF,2026-09-11 07:00:00+00:00,2026-09-11 07:45:00+00:00,1,4352.948,4344.484640270046,3.0,-1.0,-1.0514328604584016,stop,0,Ensemble CORE+BOOSTER,336.479041052581,318.78978502167024,,,
CORE+BOOSTER,M15-0591 MTF,2026-09-11 13:15:00+00:00,2026-09-11 18:15:00+00:00,1,4389.168,4350.484698936071,3.0,-1.0,-1.011346415324655,stop,0,Ensemble CORE+BOOSTER,318.78978502167024,302.66943970548107,,,
CORE+BOOSTER,M15-0591 MTF,2026-09-11 18:45:00+00:00,2026-09-14 06:00:00+00:00,-1,4346.935,4361.267546252075,3.0,0.6827816793951582,0.6524525604546149,time_exit,0,Ensemble CORE+BOOSTER,302.66943970548107,312.54331225084127,,,
CORE+BOOSTER,M15-0591 MTF,2026-09-14 08:30:00+00:00,2026-09-14 13:15:00+00:00,-1,4310.368,4322.890271532738,4.0,4.0,3.9655783857686577,target,0,Ensemble CORE+BOOSTER,312.54331225084127,374.5140624347653,,,
CORE+BOOSTER,M15-0591 MTF,2026-09-15 08:00:00+00:00,2026-09-15 13:00:00+00:00,-1,4280.745,4293.694641301269,4.0,-1.0,-1.0330568615794817,stop,0,Ensemble CORE+BOOSTER,374.5140624347653,355.16934633695325,,,
CORE+BOOSTER,Structural Portfolio MTF,2026-09-15 14:45:00+00:00,2026-09-15 18:15:00+00:00,-1,4278.015,4301.242537299636,3.0,-1.0,-1.0184178587028558,stop,1,Ensemble CORE+BOOSTER,355.16934633695325,337.0838060782846,,,
CORE+BOOSTER,Structural Portfolio MTF,2026-09-15 19:30:00+00:00,2026-09-16 02:45:00+00:00,-1,4300.665,4311.17643176237,3.0,-1.0,-1.0409141694226274,stop,1,Ensemble CORE+BOOSTER,337.0838060782846,319.54004057679487,,,
CORE+BOOSTER,Structural Portfolio MTF,2026-09-16 04:00:00+00:00,2026-09-16 10:15:00+00:00,-1,4326.755,4341.588607775627,2.0,-1.0,-1.0291685951620573,stop,1,Ensemble CORE+BOOSTER,319.54004057679487,303.0970118438725,,,
REGIME-ROUTER,Structural Frequency M15,2026-01-02 15:00:00+00:00,2026-01-05 00:15:00+00:00,-1,4352.955,4378.587032157783,3.0,-1.0,-1.0169824810346855,stop,4,Ensemble REGIME-ROUTER,100.0,94.91508759482657,,,2.0
REGIME-ROUTER,Outcome First M15,2026-01-05 11:30:00+00:00,2026-01-05 15:00:00+00:00,-1,4416.945,4440.459698997234,3.0,-1.0,-1.0187837615974564,stop,2,Ensemble REGIME-ROUTER,94.91508759482657,90.0801900962161,,,1.0
REGIME-ROUTER,V1 Legacy M15,2026-01-05 23:00:00+00:00,2026-01-06 00:00:00+00:00,1,4446.615,4437.043498435291,2.0,-1.0,-1.0464568173545035,stop,3,Ensemble REGIME-ROUTER,90.0801900962161,85.36693864447734,,,1.0
REGIME-ROUTER,V1 Legacy M15,2026-01-06 03:15:00+00:00,2026-01-06 19:30:00+00:00,1,4462.345,4437.305677294084,2.0,0.7320485547985144,0.7142272061446007,time_exit,3,Ensemble REGIME-ROUTER,85.36693864447734,88.41550814873548,,,1.0
REGIME-ROUTER,V1 Legacy M15,2026-01-06 23:15:00+00:00,2026-01-07 01:00:00+00:00,1,4497.305,4487.690809936411,2.0,-1.0,-1.0467777833624496,stop,3,Ensemble REGIME-ROUTER,88.41550814873548,83.78793866699559,,,1.0
REGIME-ROUTER,Structural Frequency M15,2026-01-07 07:45:00+00:00,2026-01-07 12:30:00+00:00,1,4458.665,4440.452797990826,2.0,-1.0,-1.024481745797428,stop,4,Ensemble REGIME-ROUTER,83.78793866699559,79.49597798287901,,,2.0
REGIME-ROUTER,Structural Frequency M15,2026-01-07 17:00:00+00:00,2026-01-08 02:45:00+00:00,1,4463.875,4439.0761888645275,3.0,-1.0,-1.0180003588704896,stop,4,Ensemble REGIME-ROUTER,79.49597798287901,75.44963127711245,,,4.0
REGIME-ROUTER,Outcome First M15,2026-01-08 13:00:00+00:00,2026-01-08 20:30:00+00:00,1,4427.375,4406.747743719412,2.0,2.0,1.9785362874258436,target,2,Ensemble REGIME-ROUTER,75.44963127711245,82.9136229448458,,,1.0
REGIME-ROUTER,Outcome First M15,2026-01-09 12:00:00+00:00,2026-01-09 12:45:00+00:00,1,4474.995,4466.298939202062,3.0,-1.0,-1.0514600243027399,stop,2,Ensemble REGIME-ROUTER,82.9136229448458,78.55460494501502,,,1.0
REGIME-ROUTER,Structural Portfolio MTF,2026-01-09 14:00:00+00:00,2026-01-12 00:45:00+00:00,1,4482.178,4457.757192841831,4.0,4.0,3.981646069390869,target,1,Ensemble REGIME-ROUTER,78.55460494501502,94.1934366456086,,,0.0
REGIME-ROUTER,M15-0591 MTF,2026-01-12 01:30:00+00:00,2026-01-12 11:45:00+00:00,1,4582.325,4560.545551210942,4.0,0.43710931769693656,0.41606964380811806,time_exit,0,Ensemble REGIME-ROUTER,94.1934366456086,96.15298812731865,,,0.0
REGIME-ROUTER,Outcome First M15,2026-01-12 13:00:00+00:00,2026-01-12 16:15:00+00:00,1,4590.285,4577.452279810825,3.0,3.0,2.9642298364467417,target,2,Ensemble REGIME-ROUTER,96.15298812731865,110.40396594084402,,,2.0
REGIME-ROUTER,Structural Portfolio MTF,2026-01-13 00:15:00+00:00,2026-01-13 01:45:00+00:00,1,4592.115,4576.383411445114,4.0,-1.0,-1.029190408737036,stop,1,Ensemble REGIME-ROUTER,110.40396594084402,104.72263079920167,,,3.0
REGIME-ROUTER,Structural Portfolio MTF,2026-01-13 03:00:00+00:00,2026-01-13 06:45:00+00:00,1,4593.865,4574.350970562461,4.0,-1.0,-1.0235413450343724,stop,1,Ensemble REGIME-ROUTER,104.72263079920167,99.36323368001402,,,3.0
REGIME-ROUTER,Outcome First M15,2026-01-13 13:00:00+00:00,2026-01-13 20:45:00+00:00,1,4592.995,4576.9553120003175,3.0,-1.0,-1.0286351891638474,stop,2,Ensemble REGIME-ROUTER,99.36323368001402,94.25280774639538,,,2.0
REGIME-ROUTER,M15-0591 MTF,2026-01-14 00:30:00+00:00,2026-01-14 10:45:00+00:00,1,4609.485,4595.722300672016,4.0,1.8993367054709893,1.8658441115390159,time_exit,0,Ensemble REGIME-ROUTER,94.25280774639538,103.04586006287691,,,0.0
REGIME-ROUTER,Structural Portfolio MTF,2026-01-15 14:30:00+00:00,2026-01-16 07:45:00+00:00,1,4602.495,4581.303088414037,3.0,0.00802192852261041,-0.013696239663069586,time_exit,1,Ensemble REGIME-ROUTER,103.04586006287691,102.9752930230915,,,0.0
REGIME-ROUTER,V1 Legacy M15,2026-01-19 07:00:00+00:00,2026-01-19 08:00:00+00:00,1,4677.725,4662.677682873948,3.0,-1.0,-1.0310867708895497,stop,3,Ensemble REGIME-ROUTER,102.9752930230915,97.66646990486227,,,1.0
REGIME-ROUTER,Structural Portfolio MTF,2026-01-19 12:45:00+00:00,2026-01-20 08:00:00+00:00,1,4671.465,4658.80448262264,4.0,4.0,3.963102100326852,target,1,Ensemble REGIME-ROUTER,97.66646990486227,117.01957950543571,,,3.0
REGIME-ROUTER,V1 Legacy M15,2026-01-20 08:15:00+00:00,2026-01-20 23:45:00+00:00,1,4724.235,4708.387623820498,3.0,3.0,2.970189166039291,target,3,Ensemble REGIME-ROUTER,117.01957950543571,134.39809386851167,,,1.0
REGIME-ROUTER,M15-0591 MTF,2026-01-21 00:15:00+00:00,2026-01-21 04:30:00+00:00,1,4776.445,4757.521033022679,4.0,4.0,3.9747598111657862,target,0,Ensemble REGIME-ROUTER,134.39809386851167,161.10810097880403,,,0.0
REGIME-ROUTER,V1 Legacy M15,2026-01-21 04:30:00+00:00,2026-01-21 15:30:00+00:00,1,4849.595,4825.614362607531,3.0,-1.0,-1.0202229612192164,stop,3,Ensemble REGIME-ROUTER,161.10810097880403,152.88979178595403,,,1.0
REGIME-ROUTER,Structural Portfolio MTF,2026-01-21 20:30:00+00:00,2026-01-22 13:45:00+00:00,1,4797.195,4753.31414126269,3.0,0.3728277082711357,0.36189539031282464,time_exit,1,Ensemble REGIME-ROUTER,152.88979178595403,155.65629732961526,,,0.0
REGIME-ROUTER,Structural Portfolio MTF,2026-01-22 15:00:00+00:00,2026-01-22 21:45:00+00:00,1,4834.498,4809.584054275333,4.0,4.0,3.9805952134060663,target,1,Ensemble REGIME-ROUTER,155.65629732961526,186.63653293395416,,,3.0
REGIME-ROUTER,M15-0591 MTF,2026-01-22 23:15:00+00:00,2026-01-23 08:30:00+00:00,1,4942.745,4922.7549122646,4.0,-1.0,-1.0247259795225758,stop,0,Ensemble REGIME-ROUTER,186.63653293395416,177.07396773268198,,,0.0
REGIME-ROUTER,Outcome First M15,2026-01-23 10:30:00+00:00,2026-01-25 23:15:00+00:00,1,4929.048,4898.426853247447,3.0,3.0,2.983903124073598,target,2,Ensemble REGIME-ROUTER,177.07396773268198,203.49254600816485,,,2.0
REGIME-ROUTER,V1 Legacy M15,2026-01-26 01:15:00+00:00,2026-01-26 17:30:00+00:00,1,5057.505,5023.385597157784,3.0,0.9000743694729174,0.885251410749436,time_exit,3,Ensemble REGIME-ROUTER,203.49254600816485,212.49964917970095,,,1.0
REGIME-ROUTER,Structural Portfolio MTF,2026-01-26 20:30:00+00:00,2026-01-26 21:45:00+00:00,1,5056.275,5005.973415063199,3.0,-1.0,-1.0100519198477598,stop,1,Ensemble REGIME-ROUTER,212.49964917970095,201.76786524865435,,,0.0
REGIME-ROUTER,V1 Legacy M15,2026-01-27 06:00:00+00:00,2026-01-27 14:15:00+00:00,1,5082.855,5055.604888137156,2.0,-1.0,-1.0186526023290594,stop,3,Ensemble REGIME-ROUTER,201.76786524865435,191.4912971985583,,,1.0
REGIME-ROUTER,Structural Frequency M15,2026-01-27 16:00:00+00:00,2026-01-28 02:00:00+00:00,1,5090.575,5045.9684976196795,3.0,3.0,2.9885878185278973,target,4,Ensemble REGIME-ROUTER,191.4912971985583,220.10572510664412,,,4.0
REGIME-ROUTER,M15-0591 MTF,2026-01-28 02:15:00+00:00,2026-01-28 12:30:00+00:00,1,5209.785,5183.960197207335,4.0,1.9868496349011602,1.9666760636184406,time_exit,0,Ensemble REGIME-ROUTER,220.10572510664412,241.74955815827497,,,0.0
REGIME-ROUTER,Outcome First M15,2026-01-28 12:45:00+00:00,2026-01-28 15:15:00+00:00,1,5269.395,5244.809985321155,3.0,-1.0,-1.0214333612114301,stop,2,Ensemble REGIME-ROUTER,241.74955815827497,229.4030049702257,,,2.0
REGIME-ROUTER,Structural Portfolio MTF,2026-01-28 16:30:00+00:00,2026-01-28 23:45:00+00:00,1,5287.265,5233.357980896434,4.0,4.0,3.9901918802265026,target,1,Ensemble REGIME-ROUTER,229.4030049702257,275.1711053568134,,,3.0
REGIME-ROUTER,Outcome First M15,2026-01-29 11:45:00+00:00,2026-01-29 15:15:00+00:00,1,5514.305,5468.287330678566,3.0,-1.0,-1.0119830167005688,stop,2,Ensemble REGIME-ROUTER,275.1711053568134,261.2476810914225,,,2.0
REGIME-ROUTER,Outcome First M15,2026-01-30 10:30:00+00:00,2026-01-30 17:15:00+00:00,1,5058.978,4935.400580922801,2.0,-1.0,-1.0040937721776173,stop,2,Ensemble REGIME-ROUTER,261.2476810914225,248.13182261243546,,,1.0
REGIME-ROUTER,Structural Portfolio MTF,2026-02-02 10:45:00+00:00,2026-02-02 11:15:00+00:00,-1,4672.418,4738.32452955156,3.0,-1.0,-1.0070894614415171,stop,1,Ensemble REGIME-ROUTER,248.13182261243546,235.63727543237246,,,0.0
REGIME-ROUTER,Structural Frequency M15,2026-02-02 13:45:00+00:00,2026-02-03 00:30:00+00:00,-1,4684.959,4816.921213353567,2.0,-1.0,-1.003550227660586,stop,4,Ensemble REGIME-ROUTER,235.63727543237246,223.8135833620986,,,2.0
REGIME-ROUTER,Structural Portfolio MTF,2026-02-03 09:15:00+00:00,2026-02-03 16:30:00+00:00,-1,4915.975,4951.999579116093,3.0,-1.0,-1.0136461691451213,stop,1,Ensemble REGIME-ROUTER,223.8135833620986,212.4701942932169,,,0.0
REGIME-ROUTER,Structural Portfolio MTF,2026-02-03 19:45:00+00:00,2026-02-04 03:45:00+00:00,1,4940.075,4877.295943404679,2.0,2.0,1.9921310142778281,target,1,Ensemble REGIME-ROUTER,212.4701942932169,233.6336174762746,,,0.0
REGIME-ROUTER,V1 Legacy M15,2026-02-05 09:15:00+00:00,2026-02-06 00:15:00+00:00,-1,4862.245,4946.273119218704,2.0,2.0,1.9942135501243996,target,3,Ensemble REGIME-ROUTER,233.6336174762746,256.92938376306296,,,1.0
REGIME-ROUTER,Structural Frequency M15,2026-02-09 11:45:00+00:00,2026-02-09 16:15:00+00:00,1,5008.385,4980.554310417192,2.0,2.0,1.98200409305311,target,4,Ensemble REGIME-ROUTER,256.92938376306296,282.39113827526313,,,2.0
REGIME-ROUTER,Outcome First M15,2026-02-10 08:45:00+00:00,2026-02-10 15:45:00+00:00,1,5048.485,5017.93539750195,3.0,-1.0,-1.0165255341712625,stop,2,Ensemble REGIME-ROUTER,282.39113827526313,268.0382481412385,,,1.0
REGIME-ROUTER,Outcome First M15,2026-02-11 09:45:00+00:00,2026-02-11 13:45:00+00:00,1,5064.355,5044.452009286778,3.0,-1.0,-1.0254451960158717,stop,2,Ensemble REGIME-ROUTER,268.0382481412385,254.29532144599136,,,1.0
REGIME-ROUTER,Outcome First M15,2026-02-12 10:30:00+00:00,2026-02-12 14:00:00+00:00,-1,5061.018,5081.515275319403,3.0,-1.0,-1.0246911744177485,stop,2,Ensemble REGIME-ROUTER,254.29532144599136,241.26661286691976,,,1.0
REGIME-ROUTER,Outcome First M15,2026-02-12 14:30:00+00:00,2026-02-12 16:15:00+00:00,-1,5059.695,5084.521370262245,3.0,3.0,2.9796196747790615,target,2,Ensemble REGIME-ROUTER,241.26661286691976,277.2107501951986,,,1.0
REGIME-ROUTER,Structural Portfolio MTF,2026-02-13 05:00:00+00:00,2026-02-13 13:45:00+00:00,-1,4976.375,4998.413391220377,3.0,-1.0,-1.022580482169673,stop,1,Ensemble REGIME-ROUTER,277.2107501951986,263.0372350653375,,,0.0
REGIME-ROUTER,Structural Portfolio MTF,2026-02-13 16:15:00+00:00,2026-02-13 16:30:00+00:00,-1,4997.275,5022.038199128185,3.0,-1.0,-1.020180248012916,stop,1,Ensemble REGIME-ROUTER,263.0372350653375,249.61996548005808,,,0.0
REGIME-ROUTER,Structural Frequency M15,2026-02-16 11:30:00+00:00,2026-02-16 15:15:00+00:00,-1,5004.845,5017.821491810377,2.0,2.0,1.9614314479357362,target,4,Ensemble REGIME-ROUTER,249.61996548005808,274.10058799631906,,,2.0
REGIME-ROUTER,V1 Legacy M15,2026-02-18 00:00:00+00:00,2026-02-18 01:15:00+00:00,-1,4858.855,4885.549656440332,3.0,-1.0,-1.0182016015484614,stop,3,Ensemble REGIME-ROUTER,274.10058799631906,260.1461051121577,,,1.0
REGIME-ROUTER,Structural Frequency M15,2026-02-18 08:15:00+00:00,2026-02-18 13:00:00+00:00,-1,4929.095,4942.926216534702,2.0,-1.0,-1.0356374653497273,stop,4,Ensemble REGIME-ROUTER,260.1461051121577,246.67525246620977,,,2.0
REGIME-ROUTER,Structural Portfolio MTF,2026-02-19 14:00:00+00:00,2026-02-19 14:45:00+00:00,1,4996.795,4971.003308264412,3.0,-1.0,-1.0193736612984767,stop,1,Ensemble REGIME-ROUTER,246.67525246620977,234.10253970329944,,,0.0
REGIME-ROUTER,Structural Portfolio MTF,2026-02-19 15:15:00+00:00,2026-02-20 08:30:00+00:00,1,4999.735,4961.343812083542,3.0,0.481881416127507,0.46885828433257587,time_exit,1,Ensemble REGIME-ROUTER,234.10253970329944,239.59058545945882,,,0.0
REGIME-ROUTER,Structural Portfolio MTF,2026-02-20 08:45:00+00:00,2026-02-20 15:15:00+00:00,1,5022.365,5003.727267712849,3.0,-1.0,-1.0269472966057283,stop,1,Ensemble REGIME-ROUTER,239.59058545945882,227.28824025797007,,,0.0
REGIME-ROUTER,Outcome First M15,2026-02-20 15:30:00+00:00,2026-02-20 16:45:00+00:00,-1,5025.135,5065.418417284665,3.0,-1.0,-1.012474450626891,stop,2,Ensemble REGIME-ROUTER,227.28824025797007,215.78206344851304,,,1.0
REGIME-ROUTER,V1 Legacy M15,2026-02-23 02:45:00+00:00,2026-02-23 07:15:00+00:00,1,5174.095,5144.600700207859,3.0,-1.0,-1.017542694813791,stop,3,Ensemble REGIME-ROUTER,215.78206344851304,204.803690331819,,,1.0
REGIME-ROUTER,Outcome First M15,2026-02-23 09:00:00+00:00,2026-02-23 15:00:00+00:00,1,5139.925,5120.691658539846,3.0,3.0,2.9732759644981694,target,2,Ensemble REGIME-ROUTER,204.803690331819,235.25058482702516,,,2.0
REGIME-ROUTER,V1 Legacy M15,2026-02-23 16:30:00+00:00,2026-02-24 01:30:00+00:00,1,5214.485,5174.178100102379,2.0,-1.0,-1.0129369537554236,stop,3,Ensemble REGIME-ROUTER,235.25058482702516,223.33588428883172,,,1.0
REGIME-ROUTER,Structural Frequency M15,2026-02-24 07:45:00+00:00,2026-02-24 12:30:00+00:00,1,5179.515,5155.143262192281,2.0,-1.0,-1.0212521365561364,stop,4,Ensemble REGIME-ROUTER,223.33588428883172,211.93177183885055,,,2.0
REGIME-ROUTER,Structural Frequency M15,2026-02-24 15:00:00+00:00,2026-02-25 05:45:00+00:00,1,5127.615,5091.688360212849,2.0,2.0,1.9857275408154538,target,4,Ensemble REGIME-ROUTER,211.93177183885055,232.97370964456167,,,2.0
REGIME-ROUTER,Outcome First M15,2026-02-25 12:00:00+00:00,2026-02-25 21:00:00+00:00,1,5181.295,5153.948152530059,3.0,-1.0,-1.018946589751141,stop,2,Ensemble REGIME-ROUTER,232.97370964456167,221.10432129736174,,,2.0
REGIME-ROUTER,Structural Portfolio MTF,2026-02-26 10:15:00+00:00,2026-02-26 11:00:00+00:00,1,5187.655,5166.398073653857,4.0,-1.0,-1.0244045395628956,stop,1,Ensemble REGIME-ROUTER,221.10432129736174,209.77930777466221,,,0.0
REGIME-ROUTER,Structural Portfolio MTF,2026-02-27 02:00:00+00:00,2026-02-27 18:15:00+00:00,1,5193.775,5165.51536264865,4.0,1.398460974875634,1.3800822004581628,time_exit,1,Ensemble REGIME-ROUTER,209.77930777466221,224.25494220887452,,,0.0
REGIME-ROUTER,M15-0591 MTF,2026-03-02 00:00:00+00:00,2026-03-02 00:30:00+00:00,1,5386.675,5350.088917849996,4.0,-1.0,-1.0147232900694707,stop,0,Ensemble REGIME-ROUTER,224.25494220887452,212.87710657024812,,,0.0
REGIME-ROUTER,V1 Legacy M15,2026-03-02 03:45:00+00:00,2026-03-02 14:30:00+00:00,1,5361.905,5323.926761752887,3.0,-1.0,-1.0141183615867373,stop,3,Ensemble REGIME-ROUTER,212.87710657024812,202.08297744353084,,,1.0
REGIME-ROUTER,V1 Legacy M15,2026-03-03 01:15:00+00:00,2026-03-03 06:00:00+00:00,1,5367.785,5328.042211404394,3.0,-1.0,-1.0135063119365346,stop,3,Ensemble REGIME-ROUTER,202.08297744353084,191.8423587848335,,,1.0
REGIME-ROUTER,Outcome First M15,2026-03-03 16:00:00+00:00,2026-03-04 09:15:00+00:00,1,5094.998,4991.266439899736,2.0,0.663539620280191,0.6586279058558872,time_exit,2,Ensemble REGIME-ROUTER,191.8423587848335,198.1599953358789,,,1.0
REGIME-ROUTER,Structural Portfolio MTF,2026-03-04 12:45:00+00:00,2026-03-05 06:00:00+00:00,-1,5166.205,5207.4773389730035,3.0,0.4332199348259739,0.42070258027677027,time_exit,1,Ensemble REGIME-ROUTER,198.1599953358789,202.32831640315072,,,0.0
REGIME-ROUTER,M15-0591 MTF,2026-03-06 09:15:00+00:00,2026-03-06 13:45:00+00:00,-1,5095.545,5118.627456961871,4.0,-1.0,-1.0220754012816624,stop,0,Ensemble REGIME-ROUTER,202.32831640315072,191.98857664423107,,,0.0
REGIME-ROUTER,Structural Portfolio MTF,2026-03-06 20:00:00+00:00,2026-03-08 22:15:00+00:00,-1,5159.535,5175.855435083909,2.0,-1.0,-1.0316139549802021,stop_same_bar,1,Ensemble REGIME-ROUTER,191.98857664423107,182.08567190108232,,,0.0
REGIME-ROUTER,Structural Portfolio MTF,2026-03-08 22:30:00+00:00,2026-03-08 23:45:00+00:00,-1,5154.995,5198.538486756206,2.0,2.0,1.9881612719053436,target,1,Ensemble REGIME-ROUTER,182.08567190108232,200.18645595321206,,,0.0
REGIME-ROUTER,V1 Legacy M15,2026-03-09 13:45:00+00:00,2026-03-09 14:45:00+00:00,-1,5075.205,5113.385342844912,2.0,-1.0,-1.0132927171990451,stop,3,Ensemble REGIME-ROUTER,200.18645595321206,190.0440820582482,,,1.0
REGIME-ROUTER,M15-0591 MTF,2026-03-09 19:00:00+00:00,2026-03-10 02:00:00+00:00,1,5122.945,5102.4683362760325,3.0,3.0,2.974981544508133,target,0,Ensemble REGIME-ROUTER,190.0440820582482,218.31296389656205,,,3.0
REGIME-ROUTER,Structural Frequency M15,2026-03-10 11:30:00+00:00,2026-03-10 16:00:00+00:00,1,5182.858,5155.127090234181,2.0,2.0,1.9813101768251817,target,4,Ensemble REGIME-ROUTER,218.31296389656205,239.94024875161838,,,2.0
REGIME-ROUTER,V1 Legacy M15,2026-03-11 00:30:00+00:00,2026-03-11 07:45:00+00:00,1,5212.065,5185.304056405388,3.0,-1.0,-1.01947638722668,stop,3,Ensemble REGIME-ROUTER,239.94024875161838,227.70957785423983,,,1.0
REGIME-ROUTER,Structural Portfolio MTF,2026-03-12 00:45:00+00:00,2026-03-12 15:15:00+00:00,1,5153.935,5123.94080638098,2.0,-1.0,-1.0171831090559196,stop,1,Ensemble REGIME-ROUTER,227.70957785423983,216.1284610360605,,,0.0
REGIME-ROUTER,Structural Portfolio MTF,2026-03-13 02:45:00+00:00,2026-03-13 07:30:00+00:00,-1,5117.845,5129.151366363907,4.0,4.0,3.9547348384505066,target,1,Ensemble REGIME-ROUTER,216.1284610360605,258.86499875806055,,,0.0
REGIME-ROUTER,V1 Legacy M15,2026-03-13 14:15:00+00:00,2026-03-13 16:15:00+00:00,-1,5090.095,5122.808378265805,2.0,2.0,1.9844403260383514,target,3,Ensemble REGIME-ROUTER,258.86499875806055,284.55010588482867,,,1.0
REGIME-ROUTER,V1 Legacy M15,2026-03-13 19:45:00+00:00,2026-03-16 13:00:00+00:00,-1,5025.095,5050.993733900256,3.0,0.20927663957914514,0.18987377988973647,time_exit,3,Ensemble REGIME-ROUTER,284.55010588482867,287.2515360934475,,,1.0
REGIME-ROUTER,Structural Portfolio MTF,2026-03-16 14:45:00+00:00,2026-03-17 04:45:00+00:00,-1,5000.825,5038.997253162894,3.0,-1.0,-1.013100680692491,stop,1,Ensemble REGIME-ROUTER,287.2515360934475,272.7007997561357,,,0.0
REGIME-ROUTER,Structural Portfolio MTF,2026-03-17 06:00:00+00:00,2026-03-17 23:15:00+00:00,-1,5020.575,5045.203452989421,3.0,0.8778464489542486,0.857461185608002,time_exit,1,Ensemble REGIME-ROUTER,272.7007997561357,284.39231730989303,,,0.0
REGIME-ROUTER,Structural Portfolio MTF,2026-03-18 02:00:00+00:00,2026-03-18 12:00:00+00:00,-1,4998.515,5016.452006298488,4.0,4.0,3.972132947288861,target,1,Ensemble REGIME-ROUTER,284.39231730989303,340.8745219870157,,,3.0
REGIME-ROUTER,M15-0591 MTF,2026-03-18 12:30:00+00:00,2026-03-18 23:45:00+00:00,-1,4901.365,4934.113717129551,4.0,2.05992801895516,2.0449614326897785,time_exit,0,Ensemble REGIME-ROUTER,340.8745219870157,375.72828452951626,,,0.0
REGIME-ROUTER,V1 Legacy M15,2026-03-19 05:45:00+00:00,2026-03-19 06:45:00+00:00,-1,4833.505,4854.637344332692,2.0,2.0,1.9771274548440774,target,3,Ensemble REGIME-ROUTER,375.72828452951626,412.8714198747549,,,1.0
REGIME-ROUTER,M15-0591 MTF,2026-03-19 08:00:00+00:00,2026-03-19 13:00:00+00:00,-1,4727.525,4773.436787728821,4.0,4.0,3.9897030256632062,target,0,Ensemble REGIME-ROUTER,412.8714198747549,495.2331375289636,,,0.0
REGIME-ROUTER,Structural Portfolio MTF,2026-03-19 23:00:00+00:00,2026-03-20 01:15:00+00:00,-1,4635.565,4679.080907788337,4.0,-1.0,-1.010652575657039,stop,1,Ensemble REGIME-ROUTER,495.2331375289636,470.20770522924545,,,3.0
REGIME-ROUTER,V1 Legacy M15,2026-03-20 11:00:00+00:00,2026-03-20 12:15:00+00:00,-1,4645.155,4694.140369345191,2.0,-1.0,-1.009482739565086,stop,3,Ensemble REGIME-ROUTER,470.20770522924545,446.4743771072739,,,1.0
REGIME-ROUTER,M15-0591 MTF,2026-03-20 15:00:00+00:00,2026-03-20 16:30:00+00:00,-1,4563.705,4591.208474866107,4.0,-1.0,-1.0165931942135205,stop,0,Ensemble REGIME-ROUTER,446.4743771072739,423.78023644937514,,,0.0
REGIME-ROUTER,V1 Legacy M15,2026-03-20 18:45:00+00:00,2026-03-23 00:45:00+00:00,-1,4525.698,4585.183662435518,3.0,3.0,2.9923919515817685,target,3,Ensemble REGIME-ROUTER,423.78023644937514,487.18606488890157,,,1.0
REGIME-ROUTER,V1 Legacy M15,2026-03-23 05:45:00+00:00,2026-03-23 07:15:00+00:00,-1,4321.755,4384.580972740001,3.0,3.0,2.993121069501168,target,3,Ensemble REGIME-ROUTER,487.18606488890157,560.0964086682183,,,1.0
REGIME-ROUTER,Structural Frequency M15,2026-03-23 15:45:00+00:00,2026-03-24 09:00:00+00:00,-1,4407.418,4517.445013896659,2.0,-0.037418083561433516,-0.04142384345976139,time_exit,4,Ensemble REGIME-ROUTER,560.0964086682183,558.9363413704659,,,2.0
REGIME-ROUTER,Structural Frequency M15,2026-03-24 12:45:00+00:00,2026-03-24 20:30:00+00:00,-1,4369.365,4434.112363370131,2.0,-1.0,-1.0067483288470334,stop,4,Ensemble REGIME-ROUTER,558.9363413704659,530.8009299901363,,,2.0
REGIME-ROUTER,Structural Frequency M15,2026-03-25 11:30:00+00:00,2026-03-25 12:30:00+00:00,1,4579.705,4549.61508635188,3.0,-1.0,-1.0152200669418874,stop,4,Ensemble REGIME-ROUTER,530.8009299901363,503.8569422062662,,,2.0
REGIME-ROUTER,Outcome First M15,2026-03-26 12:00:00+00:00,2026-03-26 14:00:00+00:00,-1,4422.775,4458.2465135434795,3.0,-1.0,-1.0124685263135973,stop,2,Ensemble REGIME-ROUTER,503.8569422062662,478.34997741884354,,,2.0
REGIME-ROUTER,Outcome First M15,2026-03-26 15:45:00+00:00,2026-03-27 09:00:00+00:00,-1,4439.925,4481.40060181662,3.0,0.38890333819186595,0.37819843023265015,time_exit,2,Ensemble REGIME-ROUTER,478.34997741884354,487.3955379469251,,,2.0
REGIME-ROUTER,M15-0591 MTF,2026-03-27 11:00:00+00:00,2026-03-27 12:30:00+00:00,-1,4414.498,4431.610772232452,4.0,-1.0,-1.0257965099987034,stop,0,Ensemble REGIME-ROUTER,487.3955379469251,462.3971058561803,,,0.0
REGIME-ROUTER,Structural Frequency M15,2026-03-30 15:45:00+00:00,2026-03-30 19:00:00+00:00,1,4551.795,4510.0584600020875,2.0,-1.0,-1.0109060190428523,stop,4,Ensemble REGIME-ROUTER,462.3971058561803,439.0251049812799,,,2.0
REGIME-ROUTER,M15-0591 MTF,2026-03-31 14:15:00+00:00,2026-04-01 00:30:00+00:00,1,4614.538,4582.933312017884,3.0,3.0,2.9853991977310095,target,0,Ensemble REGIME-ROUTER,439.0251049812799,504.55836479102425,,,3.0
REGIME-ROUTER,V1 Legacy M15,2026-04-02 19:15:00+00:00,2026-04-05 22:15:00+00:00,1,4674.188,4643.908882240736,2.0,-1.0,-1.0154370019534993,stop,3,Ensemble REGIME-ROUTER,504.55836479102425,478.9410031283264,,,1.0
REGIME-ROUTER,Structural Portfolio MTF,2026-04-06 08:00:00+00:00,2026-04-07 01:15:00+00:00,1,4684.445,4643.229265775968,3.0,-1.0,-1.0113656716013775,stop,1,Ensemble REGIME-ROUTER,478.9410031283264,454.72177866401046,,,0.0
REGIME-ROUTER,Structural Portfolio MTF,2026-04-07 10:00:00+00:00,2026-04-07 19:30:00+00:00,-1,4670.438,4695.347573037925,3.0,-1.0,-1.0187495706686311,stop,1,Ensemble REGIME-ROUTER,454.72177866401046,431.5593978246286,,,0.0
REGIME-ROUTER,Structural Portfolio MTF,2026-04-10 03:15:00+00:00,2026-04-10 09:00:00+00:00,1,4759.775,4736.717400122219,3.0,-1.0,-1.0206429768285934,stop,1,Ensemble REGIME-ROUTER,431.5593978246286,409.5359944009244,,,0.0
REGIME-ROUTER,Structural Frequency M15,2026-04-10 09:30:00+00:00,2026-04-12 22:15:00+00:00,1,4748.365,4729.295465661392,3.0,-1.0,-1.024900267178452,stop,4,Ensemble REGIME-ROUTER,409.5359944009244,388.54931689688937,,,2.0
REGIME-ROUTER,Structural Frequency M15,2026-04-13 08:45:00+00:00,2026-04-13 14:00:00+00:00,-1,4721.205,4740.743310963524,2.0,-1.0,-1.0241638338585868,stop,4,Ensemble REGIME-ROUTER,388.54931689688937,368.6524089950767,,,2.0
REGIME-ROUTER,Structural Frequency M15,2026-04-13 14:30:00+00:00,2026-04-13 17:00:00+00:00,-1,4715.065,4745.471153244038,2.0,-1.0,-1.0155069434865933,stop,4,Ensemble REGIME-ROUTER,368.6524089950767,349.93395494169874,,,2.0
REGIME-ROUTER,Structural Portfolio MTF,2026-04-14 11:30:00+00:00,2026-04-15 04:45:00+00:00,1,4778.245,4750.289245722507,4.0,1.6064671177968146,1.5893749479609718,time_exit,1,Ensemble REGIME-ROUTER,349.93395494169874,377.74276801296077,,,0.0
REGIME-ROUTER,Outcome First M15,2026-04-15 09:00:00+00:00,2026-04-15 09:15:00+00:00,1,4818.205,4803.332376840094,3.0,-1.0,-1.0323964706709514,stop,2,Ensemble REGIME-ROUTER,377.74276801296077,358.2437529870579,,,1.0
REGIME-ROUTER,Outcome First M15,2026-04-15 12:00:00+00:00,2026-04-15 15:45:00+00:00,1,4812.495,4791.844560727004,3.0,-1.0,-1.0233045647909933,stop,2,Ensemble REGIME-ROUTER,358.2437529870579,339.9141296000823,,,1.0
REGIME-ROUTER,M15-0591 MTF,2026-04-16 00:45:00+00:00,2026-04-16 01:45:00+00:00,1,4832.245,4813.399157099728,4.0,-1.0,-1.0256409067271288,stop,0,Ensemble REGIME-ROUTER,339.9141296000823,322.4826377954627,,,3.0
REGIME-ROUTER,V1 Legacy M15,2026-04-16 04:45:00+00:00,2026-04-16 06:30:00+00:00,1,4830.215,4818.069410340375,2.0,-1.0,-1.039769291861199,stop,3,Ensemble REGIME-ROUTER,322.4826377954627,305.7172605985567,,,1.0
REGIME-ROUTER,Outcome First M15,2026-04-16 11:00:00+00:00,2026-04-16 14:00:00+00:00,1,4817.035,4804.094671369596,3.0,-1.0,-1.0372249819736576,stop,2,Ensemble REGIME-ROUTER,305.7172605985567,289.862381592888,,,2.0
REGIME-ROUTER,Outcome First M15,2026-04-16 14:15:00+00:00,2026-04-17 07:30:00+00:00,-1,4800.595,4824.590062660631,2.0,0.3792446858215971,0.3592380908487217,time_exit,2,Ensemble REGIME-ROUTER,289.862381592888,295.0688620215027,,,1.0
REGIME-ROUTER,Structural Frequency M15,2026-04-17 09:00:00+00:00,2026-04-17 13:00:00+00:00,1,4795.865,4777.846248229514,2.0,2.0,1.9733840331389916,target,4,Ensemble REGIME-ROUTER,295.0688620215027,324.18307107098894,,,2.0
REGIME-ROUTER,Outcome First M15,2026-04-20 15:15:00+00:00,2026-04-20 22:15:00+00:00,-1,4798.005,4828.507177025809,2.0,-1.0,-1.0157300411571941,stop,2,Ensemble REGIME-ROUTER,324.18307107098894,307.7189468649189,,,1.0
REGIME-ROUTER,Structural Portfolio MTF,2026-04-21 12:30:00+00:00,2026-04-21 15:00:00+00:00,-1,4779.945,4798.725240778972,3.0,3.0,2.974548010026836,target,1,Ensemble REGIME-ROUTER,307.7189468649189,353.48518591714884,,,0.0
REGIME-ROUTER,Structural Frequency M15,2026-04-22 08:30:00+00:00,2026-04-23 00:15:00+00:00,-1,4754.095,4772.8243381328075,2.0,2.0,1.974616855297879,target,4,Ensemble REGIME-ROUTER,353.48518591714884,388.3850762276541,,,2.0
REGIME-ROUTER,Structural Portfolio MTF,2026-04-23 01:30:00+00:00,2026-04-23 17:45:00+00:00,-1,4728.045,4754.677099848227,3.0,1.9048441650904149,1.887090983677967,time_exit,1,Ensemble REGIME-ROUTER,388.3850762276541,425.0309750048684,,,0.0
REGIME-ROUTER,V1 Legacy M15,2026-04-24 02:30:00+00:00,2026-04-24 11:30:00+00:00,-1,4683.365,4711.958753620276,2.0,-1.0,-1.01637897934701,stop,3,Ensemble REGIME-ROUTER,425.0309750048684,403.4313475765528,,,1.0
REGIME-ROUTER,Structural Frequency M15,2026-04-24 13:00:00+00:00,2026-04-24 14:15:00+00:00,-1,4700.765,4718.200107449765,3.0,-1.0,-1.0269614914249554,stop,4,Ensemble REGIME-ROUTER,403.4313475765528,382.715924656813,,,2.0
REGIME-ROUTER,V1 Legacy M15,2026-04-27 12:45:00+00:00,2026-04-27 15:15:00+00:00,-1,4698.585,4713.148868309352,2.0,2.0,1.967738069994887,target,3,Ensemble REGIME-ROUTER,382.715924656813,420.37015940383833,,,1.0
REGIME-ROUTER,Structural Portfolio MTF,2026-04-27 15:15:00+00:00,2026-04-28 00:15:00+00:00,-1,4674.375,4698.1874938259425,4.0,-1.0,-1.0196299263494506,stop,1,Ensemble REGIME-ROUTER,420.37015940383833,398.93905967021624,,,3.0
REGIME-ROUTER,Structural Portfolio MTF,2026-04-28 01:15:00+00:00,2026-04-28 05:45:00+00:00,-1,4687.365,4701.51702883104,4.0,4.0,3.966878494553947,target,1,Ensemble REGIME-ROUTER,398.93905967021624,478.066198492384,,,3.0
REGIME-ROUTER,V1 Legacy M15,2026-04-28 08:15:00+00:00,2026-04-28 12:00:00+00:00,-1,4620.075,4640.246658430207,3.0,3.0,2.9770962064622246,target,3,Ensemble REGIME-ROUTER,478.066198492384,549.2286517908587,,,1.0
REGIME-ROUTER,V1 Legacy M15,2026-04-28 23:15:00+00:00,2026-04-29 00:15:00+00:00,-1,4590.515,4600.167722389093,2.0,-1.0,-1.0475566872739157,stop,3,Ensemble REGIME-ROUTER,549.2286517908587,520.4612444395611,,,1.0
REGIME-ROUTER,M15-0591 MTF,2026-04-29 01:30:00+00:00,2026-04-29 02:15:00+00:00,-1,4580.255,4601.198889180988,4.0,-1.0,-1.02186917129106,stop,0,Ensemble REGIME-ROUTER,520.4612444395611,493.8690794123327,,,0.0
REGIME-ROUTER,V1 Legacy M15,2026-04-29 06:00:00+00:00,2026-04-29 10:00:00+00:00,-1,4590.775,4608.417929681308,2.0,2.0,1.9739795199384396,target,3,Ensemble REGIME-ROUTER,493.8690794123327,542.6134518268725,,,1.0
REGIME-ROUTER,M15-0591 MTF,2026-04-29 13:30:00+00:00,2026-04-29 16:15:00+00:00,-1,4537.595,4560.955135728091,4.0,-1.0,-1.0194245232682597,stop,0,Ensemble REGIME-ROUTER,542.6134518268725,514.9557788544948,,,0.0
REGIME-ROUTER,V1 Legacy M15,2026-04-29 18:15:00+00:00,2026-04-30 00:00:00+00:00,-1,4525.375,4555.46022370506,2.0,-1.0,-1.0150418525863871,stop,3,Ensemble REGIME-ROUTER,514.9557788544948,488.82069546606823,,,1.0
REGIME-ROUTER,M15-0591 MTF,2026-04-30 02:00:00+00:00,2026-04-30 02:45:00+00:00,1,4578.755,4564.539481203206,3.0,-1.0,-1.0322095525703412,stop,0,Ensemble REGIME-ROUTER,488.82069546606823,463.59242589836055,,,3.0
REGIME-ROUTER,M15-0591 MTF,2026-04-30 05:00:00+00:00,2026-04-30 05:30:00+00:00,-1,4541.725,4557.72869167275,4.0,-1.0,-1.0283792333223558,stop,0,Ensemble REGIME-ROUTER,463.59242589836055,439.7549847223902,,,0.0
REGIME-ROUTER,M15-0591 MTF,2026-04-30 07:15:00+00:00,2026-04-30 10:45:00+00:00,1,4591.535,4573.403884734335,3.0,3.0,2.9746759372894442,target,0,Ensemble REGIME-ROUTER,439.7549847223902,505.16141329022923,,,3.0
REGIME-ROUTER,M15-0591 MTF,2026-04-30 11:00:00+00:00,2026-04-30 12:45:00+00:00,1,4639.475,4624.676000930745,3.0,-1.0,-1.0313499242637196,stop,0,Ensemble REGIME-ROUTER,505.16141329022923,479.11150402333766,,,3.0
REGIME-ROUTER,V1 Legacy M15,2026-05-01 10:00:00+00:00,2026-05-01 10:45:00+00:00,-1,4562.595,4573.491443726716,3.0,-1.0,-1.041872331142439,stop,3,Ensemble REGIME-ROUTER,479.11150402333766,454.1528530446399,,,1.0
REGIME-ROUTER,Structural Portfolio MTF,2026-05-01 15:00:00+00:00,2026-05-04 08:15:00+00:00,-1,4631.965,4661.386331409556,3.0,1.7664054449663893,1.7506618848415216,time_exit,1,Ensemble REGIME-ROUTER,454.1528530446399,493.9062575305041,,,0.0
REGIME-ROUTER,M15-0591 MTF,2026-05-04 08:30:00+00:00,2026-05-04 16:15:00+00:00,-1,4574.778,4591.849965936565,4.0,4.0,3.97320298074048,target,0,Ensemble REGIME-ROUTER,493.9062575305041,592.0257482618327,,,0.0
REGIME-ROUTER,Structural Portfolio MTF,2026-05-05 04:00:00+00:00,2026-05-05 05:45:00+00:00,-1,4534.395,4547.237706781855,4.0,-1.0,-1.0353071597523862,stop,1,Ensemble REGIME-ROUTER,592.0257482618327,561.3793234651708,,,3.0
REGIME-ROUTER,Structural Frequency M15,2026-05-05 10:30:00+00:00,2026-05-05 11:45:00+00:00,-1,4547.645,4561.077068842603,2.0,-1.0,-1.0338566236764384,stop,4,Ensemble REGIME-ROUTER,561.3793234651708,532.3600368671976,,,2.0
REGIME-ROUTER,Structural Frequency M15,2026-05-05 16:00:00+00:00,2026-05-05 23:15:00+00:00,-1,4568.305,4586.545596069952,2.0,-1.0,-1.025044713355204,stop,4,Ensemble REGIME-ROUTER,532.3600368671976,505.0753947975825,,,2.0
REGIME-ROUTER,Structural Portfolio MTF,2026-05-07 01:30:00+00:00,2026-05-07 15:00:00+00:00,1,4703.805,4684.092975038572,3.0,3.0,2.9761373830988735,target,1,Ensemble REGIME-ROUTER,505.0753947975825,580.2340829846078,,,0.0
REGIME-ROUTER,V1 Legacy M15,2026-05-08 06:30:00+00:00,2026-05-08 07:30:00+00:00,1,4733.425,4708.342756125318,2.0,-1.0,-1.0188716170038437,stop,3,Ensemble REGIME-ROUTER,580.2340829846078,550.6748810660443,,,1.0
REGIME-ROUTER,V1 Legacy M15,2026-05-08 18:15:00+00:00,2026-05-10 22:15:00+00:00,1,4727.545,4710.178568783535,2.0,-1.0,-1.027222317245687,stop,3,Ensemble REGIME-ROUTER,550.6748810660443,522.3916046971616,,,1.0
REGIME-ROUTER,Structural Portfolio MTF,2026-05-11 14:30:00+00:00,2026-05-11 23:00:00+00:00,-1,4724.865,4749.680189521355,3.0,-1.0,-1.0190402132368723,stop,1,Ensemble REGIME-ROUTER,522.3916046971616,495.7747020849742,,,0.0
REGIME-ROUTER,Structural Frequency M15,2026-05-12 12:00:00+00:00,2026-05-12 13:30:00+00:00,1,4706.495,4684.101056586012,2.0,-1.0,-1.0210168209903587,stop,4,Ensemble REGIME-ROUTER,495.7747020849742,470.46498657246207,,,2.0
REGIME-ROUTER,Outcome First M15,2026-05-12 13:30:00+00:00,2026-05-12 15:30:00+00:00,-1,4690.475,4712.544664635261,2.0,2.0,1.97874695842679,target,2,Ensemble REGIME-ROUTER,470.46498657246207,517.0115446337901,,,1.0
REGIME-ROUTER,Structural Frequency M15,2026-05-13 07:15:00+00:00,2026-05-14 00:30:00+00:00,-1,4702.115,4715.9698540600075,3.0,0.09671700576537143,0.06277861146952142,time_exit,4,Ensemble REGIME-ROUTER,517.0115446337901,518.6344079780812,,,2.0
REGIME-ROUTER,Structural Portfolio MTF,2026-05-14 01:30:00+00:00,2026-05-14 04:45:00+00:00,-1,4692.615,4707.619602289596,2.0,-1.0,-1.031274504378259,stop,1,Ensemble REGIME-ROUTER,518.6344079780812,491.8916858760258,,,0.0
REGIME-ROUTER,Structural Portfolio MTF,2026-05-14 08:15:00+00:00,2026-05-15 00:30:00+00:00,-1,4698.715,4719.603643955884,3.0,3.0,2.977505887840668,target,1,Ensemble REGIME-ROUTER,491.8916858760258,565.1222054198128,,,0.0
REGIME-ROUTER,V1 Legacy M15,2026-05-15 13:45:00+00:00,2026-05-15 14:30:00+00:00,-1,4519.785,4560.027336533821,3.0,-1.0,-1.0112314179277375,stop,3,Ensemble REGIME-ROUTER,565.1222054198128,536.5487389653564,,,1.0
REGIME-ROUTER,V1 Legacy M15,2026-05-15 20:00:00+00:00,2026-05-18 00:45:00+00:00,-1,4545.665,4563.620474751008,2.0,2.0,1.974683682481051,target,3,Ensemble REGIME-ROUTER,536.5487389653564,589.52444094989,,,1.0
REGIME-ROUTER,M15-0591 MTF,2026-05-18 01:15:00+00:00,2026-05-18 02:00:00+00:00,-1,4495.795,4520.339370111507,4.0,-1.0,-1.0183170111091675,stop,0,Ensemble REGIME-ROUTER,589.52444094989,559.5083026156954,,,0.0
REGIME-ROUTER,Structural Portfolio MTF,2026-05-18 15:00:00+00:00,2026-05-18 23:15:00+00:00,-1,4546.365,4585.410780520659,4.0,-1.0,-1.0116436781116325,stop,1,Ensemble REGIME-ROUTER,559.5083026156954,531.2071507560884,,,3.0
REGIME-ROUTER,Structural Portfolio MTF,2026-05-19 00:45:00+00:00,2026-05-19 13:30:00+00:00,-1,4570.615,4590.194888543794,3.0,3.0,2.976656583157882,target,1,Ensemble REGIME-ROUTER,531.2071507560884,610.268213872021,,,0.0
REGIME-ROUTER,M15-0591 MTF,2026-05-19 14:15:00+00:00,2026-05-20 01:30:00+00:00,-1,4492.475,4527.468634344485,4.0,0.5443847247321677,0.5315467469566237,time_exit,0,Ensemble REGIME-ROUTER,610.268213872021,626.487518064756,,,0.0
REGIME-ROUTER,Structural Frequency M15,2026-05-20 13:30:00+00:00,2026-05-20 14:30:00+00:00,-1,4489.265,4506.903102144406,2.0,-1.0,-1.0254520864163599,stop,4,Ensemble REGIME-ROUTER,626.487518064756,594.3658714390905,,,2.0
REGIME-ROUTER,M15-0591 MTF,2026-05-21 01:45:00+00:00,2026-05-21 02:15:00+00:00,1,4567.525,4555.897480637138,3.0,-1.0,-1.039282024458189,stop,0,Ensemble REGIME-ROUTER,594.3658714390905,563.4801831321868,,,3.0
REGIME-ROUTER,Outcome First M15,2026-05-21 08:15:00+00:00,2026-05-21 10:30:00+00:00,1,4534.085,4510.89020372813,3.0,-1.0,-1.0195478543844712,stop,2,Ensemble REGIME-ROUTER,563.4801831321868,534.7554325471573,,,1.0
REGIME-ROUTER,Outcome First M15,2026-05-22 10:45:00+00:00,2026-05-24 22:15:00+00:00,-1,4512.188,4537.454094267749,3.0,-1.0,-1.0178586684280668,stop,2,Ensemble REGIME-ROUTER,534.7554325471573,507.5401599218011,,,1.0
REGIME-ROUTER,Structural Frequency M15,2026-05-25 07:15:00+00:00,2026-05-26 00:15:00+00:00,1,4560.548,4549.663454021024,2.0,-1.0,-1.0418992947322667,stop,4,Ensemble REGIME-ROUTER,507.5401599218011,481.0998731882598,,,2.0
REGIME-ROUTER,Structural Portfolio MTF,2026-05-26 11:30:00+00:00,2026-05-27 04:45:00+00:00,-1,4523.375,4541.191696983941,4.0,0.8531323181676184,0.8277439142222796,time_exit,1,Ensemble REGIME-ROUTER,481.0998731882598,501.01124779649444,,,0.0
REGIME-ROUTER,Outcome First M15,2026-05-27 08:30:00+00:00,2026-05-27 10:45:00+00:00,1,4488.915,4474.7945330013745,3.0,-1.0,-1.0317901313068254,stop,2,Ensemble REGIME-ROUTER,501.01124779649444,475.1643247389874,,,1.0
REGIME-ROUTER,M15-0591 MTF,2026-05-27 12:00:00+00:00,2026-05-27 12:30:00+00:00,-1,4428.455,4453.380360407906,4.0,-1.0,-1.0177668644606455,stop,0,Ensemble REGIME-ROUTER,475.1643247389874,450.98399949432945,,,0.0
REGIME-ROUTER,M15-0591 MTF,2026-05-27 13:30:00+00:00,2026-05-27 14:15:00+00:00,-1,4404.605,4440.617210171458,4.0,-1.0,-1.0122308655287446,stop,0,Ensemble REGIME-ROUTER,450.98399949432945,428.15900328694147,,,0.0
REGIME-ROUTER,V1 Legacy M15,2026-05-28 00:00:00+00:00,2026-05-28 02:00:00+00:00,-1,4446.955,4462.922300225783,2.0,2.0,1.9721496124133793,target,3,Ensemble REGIME-ROUTER,428.15900328694147,470.37868390612346,,,1.0
REGIME-ROUTER,V1 Legacy M15,2026-05-28 03:30:00+00:00,2026-05-28 13:00:00+00:00,-1,4387.268,4413.195640657812,3.0,-1.0,-1.0169212002661652,stop,3,Ensemble REGIME-ROUTER,470.37868390612346,446.46178111525177,,,1.0
REGIME-ROUTER,Outcome First M15,2026-05-29 08:30:00+00:00,2026-05-29 09:15:00+00:00,-1,4516.855,4527.02962862568,2.0,-1.0,-1.0443933156302105,stop,2,Ensemble REGIME-ROUTER,446.46178111525177,423.14769612119545,,,1.0
REGIME-ROUTER,Structural Portfolio MTF,2026-06-01 05:30:00+00:00,2026-06-01 06:30:00+00:00,1,4520.295,4507.650359395218,2.0,-1.0,-1.0357487028796264,stop,1,Ensemble REGIME-ROUTER,423.14769612119545,401.23396225199394,,,0.0
REGIME-ROUTER,Structural Portfolio MTF,2026-06-04 00:45:00+00:00,2026-06-04 01:15:00+00:00,-1,4448.045,4465.993071822122,3.0,-1.0,-1.024782857145231,stop,1,Ensemble REGIME-ROUTER,401.23396225199394,380.6750779409789,,,0.0
REGIME-ROUTER,Structural Frequency M15,2026-06-04 14:00:00+00:00,2026-06-05 00:15:00+00:00,-1,4495.625,4516.253026466387,2.0,2.0,1.9782062282723678,target,4,Ensemble REGIME-ROUTER,380.6750779409789,418.3277684475246,,,2.0
REGIME-ROUTER,V1 Legacy M15,2026-06-08 09:30:00+00:00,2026-06-08 10:00:00+00:00,-1,4279.695,4298.15942577599,3.0,-1.0,-1.0231780562900852,stop,3,Ensemble REGIME-ROUTER,418.3277684475246,396.9265787969092,,,1.0
REGIME-ROUTER,Outcome First M15,2026-06-08 14:15:00+00:00,2026-06-09 05:45:00+00:00,-1,4319.415,4347.886050163807,3.0,-1.0,-1.0151712528169785,stop,2,Ensemble REGIME-ROUTER,396.9265787969092,376.77915618322845,,,2.0
REGIME-ROUTER,Structural Frequency M15,2026-06-09 13:30:00+00:00,2026-06-09 14:00:00+00:00,-1,4330.995,4346.2640099819555,2.0,-1.0,-1.0283646091339138,stop,4,Ensemble REGIME-ROUTER,376.77915618322845,357.4058386993199,,,2.0
REGIME-ROUTER,M15-0591 MTF,2026-06-09 15:15:00+00:00,2026-06-10 01:45:00+00:00,-1,4294.695,4322.183648637094,4.0,4.0,3.984376478244898,target,0,Ensemble REGIME-ROUTER,357.4058386993199,428.6078095443679,,,0.0
REGIME-ROUTER,Outcome First M15,2026-06-10 07:45:00+00:00,2026-06-10 17:45:00+00:00,-1,4189.495,4217.601935558153,3.0,3.0,2.9850944440693934,target,2,Ensemble REGIME-ROUTER,428.6078095443679,492.5795490921502,,,2.0
REGIME-ROUTER,V1 Legacy M15,2026-06-10 17:45:00+00:00,2026-06-11 11:00:00+00:00,-1,4102.065,4136.646332424267,3.0,0.35394818944022094,0.34208611035757286,time_exit,3,Ensemble REGIME-ROUTER,492.5795490921502,501.0047801916812,,,1.0
REGIME-ROUTER,Structural Frequency M15,2026-06-12 08:00:00+00:00,2026-06-14 22:15:00+00:00,1,4194.315,4168.8419819008695,2.0,2.0,1.9835342832809306,target,4,Ensemble REGIME-ROUTER,501.0047801916812,550.6927880715725,,,2.0
REGIME-ROUTER,Structural Frequency M15,2026-06-15 07:30:00+00:00,2026-06-15 13:30:00+00:00,1,4316.635,4299.797713006862,2.0,2.0,1.9743626452304388,target,4,Ensemble REGIME-ROUTER,550.6927880715725,605.0561515598883,,,2.0
REGIME-ROUTER,V1 Legacy M15,2026-06-16 08:30:00+00:00,2026-06-16 14:30:00+00:00,1,4341.075,4321.750549084897,2.0,-1.0,-1.022464157036448,stop,3,Ensemble REGIME-ROUTER,605.0561515598883,574.1237401616684,,,4.0
REGIME-ROUTER,Structural Frequency M15,2026-06-16 16:15:00+00:00,2026-06-17 04:45:00+00:00,1,4345.925,4320.051232235651,3.0,-1.0,-1.0167966453111175,stop,4,Ensemble REGIME-ROUTER,574.1237401616684,544.9353855121756,,,2.0
REGIME-ROUTER,Structural Frequency M15,2026-06-17 09:30:00+00:00,2026-06-17 14:45:00+00:00,1,4331.885,4316.342725275536,2.0,2.0,1.9721283719610132,target,4,Ensemble REGIME-ROUTER,544.9353855121756,598.6695122448792,,,2.0
REGIME-ROUTER,V1 Legacy M15,2026-06-17 17:45:00+00:00,2026-06-17 18:15:00+00:00,1,4376.278,4353.998674038042,2.0,-1.0,-1.0196427755824948,stop,3,Ensemble REGIME-ROUTER,598.6695122448792,568.1480600887799,,,1.0
REGIME-ROUTER,Structural Portfolio MTF,2026-06-18 03:00:00+00:00,2026-06-18 15:45:00+00:00,-1,4310.695,4331.1563158486115,4.0,4.0,3.978932464403102,target,1,Ensemble REGIME-ROUTER,568.1480600887799,681.1791981325243,,,3.0
REGIME-ROUTER,M15-0591 MTF,2026-06-18 23:45:00+00:00,2026-06-19 04:45:00+00:00,-1,4194.555,4208.792117671254,4.0,4.0,3.9705378918903707,target,0,Ensemble REGIME-ROUTER,681.1791981325243,816.4115890001588,,,0.0
REGIME-ROUTER,M15-0591 MTF,2026-06-19 04:45:00+00:00,2026-06-19 07:15:00+00:00,-1,4135.085,4156.09826189269,4.0,-1.0,-1.019678453640929,stop,0,Ensemble REGIME-ROUTER,816.4115890001588,774.787723669848,,,0.0
REGIME-ROUTER,Outcome First M15,2026-06-19 10:15:00+00:00,2026-06-19 13:00:00+00:00,-1,4155.005,4171.538358662238,3.0,-1.0,-1.0251310401285247,stop,2,Ensemble REGIME-ROUTER,774.787723669848,735.0747764176239,,,2.0
REGIME-ROUTER,Structural Frequency M15,2026-06-22 08:00:00+00:00,2026-06-22 09:15:00+00:00,-1,4190.195,4208.002013853442,2.0,-1.0,-1.0235311492116912,stop,4,Ensemble REGIME-ROUTER,735.0747764176239,697.456179884461,,,2.0
REGIME-ROUTER,Structural Portfolio MTF,2026-06-22 23:00:00+00:00,2026-06-22 23:45:00+00:00,-1,4189.438,4194.903420023302,3.0,-1.0,-1.0766535413955087,stop,1,Ensemble REGIME-ROUTER,697.456179884461,659.9102465824216,,,0.0
REGIME-ROUTER,V1 Legacy M15,2026-06-23 00:15:00+00:00,2026-06-23 01:15:00+00:00,-1,4178.505,4195.677410724906,2.0,-1.0,-1.024332663986075,stop,3,Ensemble REGIME-ROUTER,659.9102465824216,626.1118655387476,,,1.0
REGIME-ROUTER,Structural Portfolio MTF,2026-06-23 01:30:00+00:00,2026-06-23 06:15:00+00:00,-1,4177.995,4199.164940376932,3.0,3.0,2.980264493306969,target,1,Ensemble REGIME-ROUTER,626.1118655387476,719.4108136239133,,,0.0
REGIME-ROUTER,Outcome First M15,2026-06-23 14:45:00+00:00,2026-06-24 02:45:00+00:00,-1,4125.975,4145.9299955501665,3.0,3.0,2.979323598496289,target,2,Ensemble REGIME-ROUTER,719.4108136239133,826.5786943260704,,,2.0
REGIME-ROUTER,M15-0591 MTF,2026-06-24 03:15:00+00:00,2026-06-24 05:45:00+00:00,-1,4057.555,4078.211409701212,4.0,-1.0,-1.0196430795994618,stop,0,Ensemble REGIME-ROUTER,826.5786943260704,784.4379320553736,,,0.0
REGIME-ROUTER,Outcome First M15,2026-06-24 08:00:00+00:00,2026-06-24 12:30:00+00:00,-1,4074.665,4095.3546731584806,3.0,3.0,2.980305802954022,target,2,Ensemble REGIME-ROUTER,784.4379320553736,901.3311781034678,,,2.0
REGIME-ROUTER,V1 Legacy M15,2026-06-24 17:30:00+00:00,2026-06-25 10:45:00+00:00,-1,3990.315,4023.5697370745465,2.0,0.14584388350831823,0.13384464565220472,time_exit,3,Ensemble REGIME-ROUTER,901.3311781034678,907.3630957108949,,,1.0
REGIME-ROUTER,V1 Legacy M15,2026-06-25 11:30:00+00:00,2026-06-25 12:45:00+00:00,-1,3977.065,3990.1841924921077,2.0,-1.0,-1.0303148612415935,stop,3,Ensemble REGIME-ROUTER,907.3630957108949,860.6196116082392,,,1.0
REGIME-ROUTER,Structural Portfolio MTF,2026-06-25 17:00:00+00:00,2026-06-26 09:30:00+00:00,-1,4028.485,4045.0880950187407,3.0,-1.0,-1.0242634580808754,stop,1,Ensemble REGIME-ROUTER,860.6196116082392,816.5445506343355,,,0.0
REGIME-ROUTER,Structural Portfolio MTF,2026-06-29 06:15:00+00:00,2026-06-29 10:00:00+00:00,1,4059.475,4038.033001325768,2.0,-1.0,-1.0189323535630963,stop,1,Ensemble REGIME-ROUTER,816.5445506343355,774.9443675959873,,,0.0
REGIME-ROUTER,V1 Legacy M15,2026-06-29 19:00:00+00:00,2026-06-30 01:15:00+00:00,-1,4013.175,4025.7323387868355,3.0,3.0,2.9680411983133936,target,3,Ensemble REGIME-ROUTER,774.9443675959873,889.9477080672777,,,1.0
REGIME-ROUTER,Structural Frequency M15,2026-06-30 08:45:00+00:00,2026-06-30 14:15:00+00:00,-1,4017.628,4038.368757219234,2.0,-1.0,-1.0193706910385814,stop,4,Ensemble REGIME-ROUTER,889.9477080672777,844.5883775592406,,,2.0
REGIME-ROUTER,M15-0591 MTF,2026-06-30 20:30:00+00:00,2026-07-01 02:15:00+00:00,-1,4012.635,4023.1511374205666,4.0,4.0,3.9618430718473445,target,0,Ensemble REGIME-ROUTER,844.5883775592406,1011.894708169034,,,0.0
REGIME-ROUTER,V1 Legacy M15,2026-07-01 05:15:00+00:00,2026-07-01 08:30:00+00:00,-1,3971.715,3983.1924888511157,3.0,-1.0,-1.0346043899630009,stop,3,Ensemble REGIME-ROUTER,1011.894708169034,959.5491728064334,,,1.0
REGIME-ROUTER,Structural Frequency M15,2026-07-02 11:45:00+00:00,2026-07-02 12:45:00+00:00,1,4071.085,4056.4402460362244,2.0,2.0,1.9722010693380716,target,4,Ensemble REGIME-ROUTER,959.5491728064334,1054.170368040999,,,2.0
REGIME-ROUTER,M15-0591 MTF,2026-07-03 00:30:00+00:00,2026-07-03 01:30:00+00:00,1,4136.865,4121.672056208339,3.0,3.0,2.9727711425992984,target,0,Ensemble REGIME-ROUTER,1054.170368040999,1210.860730515777,,,3.0
REGIME-ROUTER,Structural Portfolio MTF,2026-07-03 07:00:00+00:00,2026-07-03 14:15:00+00:00,1,4172.865,4159.478374034644,3.0,-1.0,-1.0311718950749742,stop,1,Ensemble REGIME-ROUTER,1210.860730515777,1148.430452807886,,,0.0
REGIME-ROUTER,Structural Portfolio MTF,2026-07-03 15:15:00+00:00,2026-07-06 05:15:00+00:00,1,4171.995,4154.426847971014,4.0,-1.0,-1.0237474891674234,stop,1,Ensemble REGIME-ROUTER,1148.430452807886,1089.645313180612,,,3.0
REGIME-ROUTER,Structural Portfolio MTF,2026-07-07 09:00:00+00:00,2026-07-07 11:30:00+00:00,-1,4125.715,4139.8277352816585,3.0,-1.0,-1.0292339855999566,stop,1,Ensemble REGIME-ROUTER,1089.645313180612,1033.5703137518522,,,0.0
REGIME-ROUTER,Outcome First M15,2026-07-08 10:45:00+00:00,2026-07-08 14:45:00+00:00,1,4056.915,4039.27081047798,2.0,-1.0,-1.0229929235057067,stop,2,Ensemble REGIME-ROUTER,1033.5703137518522,980.7035579061662,,,1.0
REGIME-ROUTER,V1 Legacy M15,2026-07-09 03:15:00+00:00,2026-07-09 06:00:00+00:00,-1,4058.925,4083.3343119616334,2.0,-1.0,-1.0166285924256278,stop,3,Ensemble REGIME-ROUTER,980.7035579061662,930.8529940231186,,,1.0
REGIME-ROUTER,Structural Frequency M15,2026-07-09 09:15:00+00:00,2026-07-09 12:15:00+00:00,-1,4108.275,4118.321085720417,2.0,-1.0,-1.0408942857380818,stop,4,Ensemble REGIME-ROUTER,930.8529940231186,882.4070159060763,,,2.0
REGIME-ROUTER,Structural Portfolio MTF,2026-07-10 02:30:00+00:00,2026-07-10 07:45:00+00:00,1,4125.475,4107.803472618514,4.0,-1.0,-1.0233453221724462,stop,1,Ensemble REGIME-ROUTER,882.4070159060763,837.2566613070948,,,3.0
REGIME-ROUTER,M15-0591 MTF,2026-07-10 08:15:00+00:00,2026-07-10 12:15:00+00:00,-1,4107.185,4115.101607647201,3.0,-1.0,-1.0518806183536527,stop,0,Ensemble REGIME-ROUTER,837.2566613070948,793.2219585762737,,,3.0
REGIME-ROUTER,Structural Frequency M15,2026-07-10 16:15:00+00:00,2026-07-12 22:15:00+00:00,1,4110.005,4090.2524258884623,3.0,-1.0,-1.0208074399660108,stop,4,Ensemble REGIME-ROUTER,793.2219585762737,752.7356147333201,,,4.0
REGIME-ROUTER,Outcome First M15,2026-07-13 13:45:00+00:00,2026-07-13 14:30:00+00:00,-1,4054.585,4068.1897622056013,3.0,3.0,2.9701973107745268,target,2,Ensemble REGIME-ROUTER,752.7356147333201,864.5242796635758,,,2.0
REGIME-ROUTER,V1 Legacy M15,2026-07-13 23:45:00+00:00,2026-07-14 00:45:00+00:00,-1,3995.265,4006.2621326945173,3.0,-1.0,-1.0363300608529697,stop,3,Ensemble REGIME-ROUTER,864.5242796635758,819.7276546959447,,,1.0
REGIME-ROUTER,M15-0591 MTF,2026-07-15 02:00:00+00:00,2026-07-15 12:15:00+00:00,-1,4036.485,4055.3271175912564,4.0,-0.06156420552953955,-0.08298687726720633,time_exit,0,Ensemble REGIME-ROUTER,819.7276546959447,816.3263227823054,,,0.0
REGIME-ROUTER,Structural Portfolio MTF,2026-07-15 19:15:00+00:00,2026-07-16 12:30:00+00:00,-1,4060.665,4081.880477356999,3.0,1.708658230498917,1.689518123813265,time_exit,1,Ensemble REGIME-ROUTER,816.3263227823054,885.2862286466325,,,0.0
REGIME-ROUTER,V1 Legacy M15,2026-07-16 17:45:00+00:00,2026-07-17 03:30:00+00:00,-1,3981.445,3997.8317051426284,3.0,-1.0,-1.0242968001519885,stop,3,Ensemble REGIME-ROUTER,885.2862286466325,839.9464360855641,,,1.0
REGIME-ROUTER,Outcome First M15,2026-07-17 11:00:00+00:00,2026-07-17 13:15:00+00:00,-1,3990.635,4000.1590683344125,3.0,3.0,2.9580994711516184,target,2,Ensemble REGIME-ROUTER,839.9464360855641,964.1786915045836,,,2.0
REGIME-ROUTER,V1 Legacy M15,2026-07-20 22:45:00+00:00,2026-07-21 00:15:00+00:00,-1,4003.765,4011.051847869991,2.0,-1.0,-1.0549450883486728,stop,3,Ensemble REGIME-ROUTER,964.1786915045836,913.3209127599231,,,1.0
REGIME-ROUTER,Outcome First M15,2026-07-21 07:30:00+00:00,2026-07-21 18:30:00+00:00,-1,4069.375,4084.480374317168,2.0,-1.0,-1.026939914990223,stop,2,Ensemble REGIME-ROUTER,913.3209127599231,866.4246277344996,,,1.0
REGIME-ROUTER,V1 Legacy M15,2026-07-22 12:15:00+00:00,2026-07-22 13:00:00+00:00,1,4127.175,4111.849768970366,2.0,-1.0,-1.0269305891181635,stop,3,Ensemble REGIME-ROUTER,866.4246277344996,821.9367300652059,,,1.0
REGIME-ROUTER,M15-0591 MTF,2026-07-22 14:45:00+00:00,2026-07-22 17:45:00+00:00,1,4150.685,4141.402314388723,4.0,-1.0,-1.044714268842172,stop,0,Ensemble REGIME-ROUTER,821.9367300652059,779.002278565976,,,0.0
REGIME-ROUTER,Structural Portfolio MTF,2026-07-23 00:15:00+00:00,2026-07-23 02:00:00+00:00,1,4126.575,4114.873730148665,4.0,-1.0,-1.0352660442193748,stop,1,Ensemble REGIME-ROUTER,779.002278565976,738.6785481975321,,,3.0
REGIME-ROUTER,Structural Portfolio MTF,2026-07-23 03:00:00+00:00,2026-07-23 07:15:00+00:00,1,4128.085,4111.018823822284,4.0,-1.0,-1.0241886932199264,stop,1,Ensemble REGIME-ROUTER,738.6785481975321,700.8512373481309,,,3.0
REGIME-ROUTER,Structural Portfolio MTF,2026-07-23 14:45:00+00:00,2026-07-24 03:00:00+00:00,1,4056.865,4038.617142680189,3.0,-1.0,-1.0222320074565447,stop,1,Ensemble REGIME-ROUTER,700.8512373481309,665.0296089839917,,,0.0
REGIME-ROUTER,Structural Frequency M15,2026-07-24 11:45:00+00:00,2026-07-24 14:00:00+00:00,-1,4055.225,4064.3001000010145,2.0,-1.0,-1.0446851825274281,stop,4,Ensemble REGIME-ROUTER,665.0296089839917,630.2922800616125,,,2.0
REGIME-ROUTER,Structural Frequency M15,2026-07-24 14:15:00+00:00,2026-07-27 00:15:00+00:00,1,4058.725,4043.706804103069,3.0,3.0,2.972974616739222,target,4,Ensemble REGIME-ROUTER,630.2922800616125,723.9844275491056,,,2.0
REGIME-ROUTER,Structural Portfolio MTF,2026-07-27 06:15:00+00:00,2026-07-27 12:30:00+00:00,1,4094.135,4083.4580335647347,4.0,-1.0,-1.0383454890939552,stop,1,Ensemble REGIME-ROUTER,723.9844275491056,686.3971293231115,,,3.0
REGIME-ROUTER,M15-0591 MTF,2026-07-27 14:30:00+00:00,2026-07-27 16:45:00+00:00,-1,4068.115,4090.4005883773752,3.0,-1.0,-1.018254465312345,stop,0,Ensemble REGIME-ROUTER,686.3971293231115,651.4507822275698,,,3.0
REGIME-ROUTER,Structural Frequency M15,2026-07-28 09:15:00+00:00,2026-07-28 14:30:00+00:00,-1,4040.875,4055.582329377173,2.0,2.0,1.9725247534996277,target,4,Ensemble REGIME-ROUTER,651.4507822275698,715.7009219090986,,,2.0
REGIME-ROUTER,Structural Frequency M15,2026-07-28 17:00:00+00:00,2026-07-29 10:15:00+00:00,-1,4037.445,4047.764431369461,3.0,0.559139335630031,0.5200146507956671,time_exit,4,Ensemble REGIME-ROUTER,715.7009219090986,734.3096701581334,,,4.0
REGIME-ROUTER,Outcome First M15,2026-07-29 10:45:00+00:00,2026-07-29 17:15:00+00:00,-1,4027.175,4038.0558869956076,3.0,-1.0,-1.0370114587314965,stop,2,Ensemble REGIME-ROUTER,734.3096701581334,696.2352930475669,,,2.0
REGIME-ROUTER,Structural Portfolio MTF,2026-07-29 19:45:00+00:00,2026-07-30 13:00:00+00:00,-1,4069.105,4117.801141773004,3.0,0.007187427735680301,-0.0011686860175776966,time_exit,1,Ensemble REGIME-ROUTER,696.2352930475669,696.1946090249704,,,0.0
REGIME-ROUTER,Outcome First M15,2026-07-31 14:45:00+00:00,2026-08-03 08:00:00+00:00,1,4041.245,4019.705054949538,2.0,0.9113300871479768,0.8925684561849798,time_exit,2,Ensemble REGIME-ROUTER,696.1946090249704,727.2646763940567,,,1.0
REGIME-ROUTER,Structural Portfolio MTF,2026-08-03 12:00:00+00:00,2026-08-03 12:45:00+00:00,1,4062.405,4044.644813788909,3.0,-1.0,-1.0228736621999097,stop,1,Ensemble REGIME-ROUTER,727.2646763940567,690.0696822474656,,,0.0
REGIME-ROUTER,M15-0591 MTF,2026-08-03 13:15:00+00:00,2026-08-03 19:45:00+00:00,-1,4038.635,4054.268375264913,3.0,-1.0,-1.0258334168505772,stop,0,Ensemble REGIME-ROUTER,690.0696822474656,654.6748552472202,,,3.0
REGIME-ROUTER,Outcome First M15,2026-08-04 11:00:00+00:00,2026-08-04 12:00:00+00:00,1,4053.635,4044.8216769123355,2.0,2.0,1.95400560084228,target,2,Ensemble REGIME-ROUTER,654.6748552472202,718.636771941404,,,1.0
REGIME-ROUTER,Structural Portfolio MTF,2026-08-04 13:45:00+00:00,2026-08-05 05:45:00+00:00,1,4083.145,4059.8809963631006,3.0,3.0,2.9824486573174203,target,1,Ensemble REGIME-ROUTER,718.636771941404,825.8016357201823,,,0.0
REGIME-ROUTER,Outcome First M15,2026-08-05 07:30:00+00:00,2026-08-05 11:30:00+00:00,-1,4164.105,4180.273340036793,3.0,-1.0,-1.0257546847142247,stop,2,Ensemble REGIME-ROUTER,825.8016357201823,783.44814089595,,,1.0
REGIME-ROUTER,V1 Legacy M15,2026-08-05 18:30:00+00:00,2026-08-06 11:45:00+00:00,1,4262.535,4235.4736900906755,3.0,-0.07686250247935099,-0.09261390185463136,time_exit,3,Ensemble REGIME-ROUTER,783.44814089595,779.8202314344934,,,1.0
REGIME-ROUTER,Structural Portfolio MTF,2026-08-07 01:30:00+00:00,2026-08-07 06:15:00+00:00,1,4243.135,4228.548803310864,3.0,3.0,2.970909928815369,target,1,Ensemble REGIME-ROUTER,779.8202314344934,895.6590148474851,,,0.0
REGIME-ROUTER,Structural Portfolio MTF,2026-08-07 09:00:00+00:00,2026-08-10 02:15:00+00:00,1,4306.005,4281.777336840645,4.0,0.7499691522244125,0.732196059657962,time_exit,1,Ensemble REGIME-ROUTER,895.6590148474851,928.4489149209081,,,3.0
REGIME-ROUTER,V1 Legacy M15,2026-08-10 05:00:00+00:00,2026-08-10 14:00:00+00:00,1,4339.085,4321.82159406555,2.0,-1.0,-1.0251345824600064,stop,3,Ensemble REGIME-ROUTER,928.4489149209081,880.8596603842636,,,1.0
REGIME-ROUTER,V1 Legacy M15,2026-08-10 16:00:00+00:00,2026-08-10 19:45:00+00:00,1,4358.205,4341.50142521283,2.0,2.0,1.9739085491846473,target,3,Ensemble REGIME-ROUTER,880.8596603842636,967.7964810974828,,,1.0
REGIME-ROUTER,V1 Legacy M15,2026-08-10 22:45:00+00:00,2026-08-11 02:00:00+00:00,1,4395.175,4384.854280203591,3.0,3.0,2.9574140652328422,target,3,Ensemble REGIME-ROUTER,967.7964810974828,1110.9052273715101,,,1.0
REGIME-ROUTER,M15-0591 MTF,2026-08-11 02:15:00+00:00,2026-08-11 03:00:00+00:00,1,4433.695,4413.139108482957,4.0,-1.0,-1.0215689745021477,stop,0,Ensemble REGIME-ROUTER,1110.9052273715101,1054.1619116767606,,,0.0
REGIME-ROUTER,Structural Frequency M15,2026-08-11 08:45:00+00:00,2026-08-12 02:00:00+00:00,1,4374.655,4355.401140951014,2.0,1.111984872514566,1.089263946860805,time_exit,4,Ensemble REGIME-ROUTER,1054.1619116767606,1111.5749399039287,,,2.0
REGIME-ROUTER,V1 Legacy M15,2026-08-12 02:00:00+00:00,2026-08-12 18:15:00+00:00,1,4396.275,4376.618675440669,3.0,0.47363890293422356,0.45127320080750966,time_exit,3,Ensemble REGIME-ROUTER,1111.5749399039287,1136.656138957322,,,1.0
REGIME-ROUTER,Structural Portfolio MTF,2026-08-12 18:45:00+00:00,2026-08-13 04:15:00+00:00,1,4413.325,4394.921085274445,3.0,-1.0,-1.0239803599713053,stop,1,Ensemble REGIME-ROUTER,1136.656138957322,1078.4604608406662,,,0.0
REGIME-ROUTER,Structural Portfolio MTF,2026-08-13 08:15:00+00:00,2026-08-13 10:00:00+00:00,-1,4365.845,4382.476720141175,3.0,-1.0,-1.0262501110104154,stop,1,Ensemble REGIME-ROUTER,1078.4604608406662,1023.1219524577623,,,0.0
REGIME-ROUTER,Structural Portfolio MTF,2026-08-14 10:45:00+00:00,2026-08-14 11:45:00+00:00,-1,4351.695,4359.122747638161,3.0,-1.0,-1.0585870066134513,stop,1,Ensemble REGIME-ROUTER,1023.1219524577623,968.9687722051236,,,0.0
REGIME-ROUTER,V1 Legacy M15,2026-08-17 07:00:00+00:00,2026-08-17 12:30:00+00:00,1,4402.755,4391.033428697764,3.0,-1.0,-1.0375611331149786,stop,3,Ensemble REGIME-ROUTER,968.9687722051236,918.7005553430147,,,1.0
REGIME-ROUTER,V1 Legacy M15,2026-08-17 16:00:00+00:00,2026-08-17 17:45:00+00:00,1,4427.335,4412.757781594252,3.0,-1.0,-1.0303716036679145,stop,3,Ensemble REGIME-ROUTER,918.7005553430147,871.3704071180454,,,1.0
REGIME-ROUTER,V1 Legacy M15,2026-08-17 23:45:00+00:00,2026-08-18 02:00:00+00:00,1,4422.175,4408.337471117836,2.0,-1.0,-1.0319578375420764,stop,3,Ensemble REGIME-ROUTER,871.3704071180454,826.4095310666605,,,1.0
REGIME-ROUTER,Structural Frequency M15,2026-08-19 11:45:00+00:00,2026-08-19 12:45:00+00:00,-1,4363.255,4374.604349803955,2.0,-1.0,-1.0384449776892015,stop,4,Ensemble REGIME-ROUTER,826.4095310666605,783.5004897141274,,,2.0
REGIME-ROUTER,V1 Legacy M15,2026-08-19 19:15:00+00:00,2026-08-20 12:00:00+00:00,1,4503.105,4470.646257068849,3.0,-1.0,-1.0138733191533378,stop,3,Ensemble REGIME-ROUTER,783.5004897141274,743.781977610891,,,1.0
REGIME-ROUTER,M15-0591 MTF,2026-08-20 16:00:00+00:00,2026-08-21 03:15:00+00:00,1,4521.465,4497.240235400703,4.0,0.44045835641719716,0.42179371684364636,time_exit,0,Ensemble REGIME-ROUTER,743.781977610891,759.4681058537817,,,0.0
REGIME-ROUTER,M15-0591 MTF,2026-08-21 06:30:00+00:00,2026-08-21 16:00:00+00:00,1,4555.215,4540.311747728543,4.0,4.0,3.9694347588229166,target,0,Ensemble REGIME-ROUTER,759.4681058537817,910.2010607334519,,,0.0
REGIME-ROUTER,Structural Portfolio MTF,2026-08-24 01:15:00+00:00,2026-08-24 17:30:00+00:00,1,4621.775,4592.693310123501,4.0,0.567023445681072,0.5511310576540099,time_exit,1,Ensemble REGIME-ROUTER,910.2010607334519,935.2830643974432,,,3.0
REGIME-ROUTER,V1 Legacy M15,2026-08-24 22:15:00+00:00,2026-08-25 00:45:00+00:00,1,4658.335,4645.757033216315,3.0,3.0,2.9629643242018866,target,3,Ensemble REGIME-ROUTER,935.2830643974432,1073.8435820394352,,,1.0
REGIME-ROUTER,M15-0591 MTF,2026-08-25 00:45:00+00:00,2026-08-25 01:15:00+00:00,1,4693.425,4673.8184480588,4.0,-1.0,-1.023938043844096,stop,0,Ensemble REGIME-ROUTER,1073.8435820394352,1018.8661172000354,,,0.0
REGIME-ROUTER,Structural Portfolio MTF,2026-08-25 14:30:00+00:00,2026-08-26 07:45:00+00:00,1,4623.605,4603.765811673815,3.0,0.40173014485078784,0.3784247307180053,time_exit,1,Ensemble REGIME-ROUTER,1018.8661172000354,1038.1443240019914,,,0.0
REGIME-ROUTER,Structural Portfolio MTF,2026-08-27 10:00:00+00:00,2026-08-27 15:45:00+00:00,-1,4580.325,4602.951105915145,3.0,-1.0,-1.020243540877859,stop,1,Ensemble REGIME-ROUTER,1038.1443240019914,985.1863219488893,,,0.0
REGIME-ROUTER,Structural Portfolio MTF,2026-08-27 19:45:00+00:00,2026-08-28 00:30:00+00:00,-1,4609.645,4618.736135603662,2.0,2.0,1.9492951683820057,target,1,Ensemble REGIME-ROUTER,985.1863219488893,1081.2072688154399,,,0.0
REGIME-ROUTER,V1 Legacy M15,2026-08-31 12:45:00+00:00,2026-09-01 06:00:00+00:00,-1,4440.215,4464.699707747468,3.0,0.01592830937672354,-0.0022063363204839308,time_exit,3,Ensemble REGIME-ROUTER,1081.2072688154399,1081.087993472082,,,1.0
REGIME-ROUTER,Outcome First M15,2026-09-01 07:30:00+00:00,2026-09-01 08:45:00+00:00,-1,4425.835,4441.179960380312,3.0,3.0,2.971157729376229,target,2,Ensemble REGIME-ROUTER,1081.087993472082,1241.6921408691028,,,2.0
REGIME-ROUTER,V1 Legacy M15,2026-09-01 10:00:00+00:00,2026-09-01 10:30:00+00:00,-1,4364.415,4384.592242037761,3.0,-1.0,-1.0216303843301882,stop,3,Ensemble REGIME-ROUTER,1241.6921408691028,1178.264619914309,,,1.0
REGIME-ROUTER,V1 Legacy M15,2026-09-01 16:30:00+00:00,2026-09-02 03:45:00+00:00,-1,4352.485,4375.638339176602,3.0,3.0,2.981201480413683,target,3,Ensemble REGIME-ROUTER,1178.264619914309,1353.896831374689,,,1.0
REGIME-ROUTER,V1 Legacy M15,2026-09-02 09:00:00+00:00,2026-09-02 11:45:00+00:00,-1,4312.705,4332.447872766048,2.0,-1.0,-1.0218443640452193,stop,3,Ensemble REGIME-ROUTER,1353.896831374689,1284.7232390427437,,,1.0
REGIME-ROUTER,Outcome First M15,2026-09-03 13:45:00+00:00,2026-09-03 15:15:00+00:00,-1,4469.565,4497.055281824974,2.0,-1.0,-1.016258709272087,stop,2,Ensemble REGIME-ROUTER,1284.7232390427437,1219.442680008672,,,1.0
REGIME-ROUTER,Structural Portfolio MTF,2026-09-04 02:15:00+00:00,2026-09-04 04:15:00+00:00,1,4479.115,4466.1128909890285,3.0,-1.0,-1.034449142029347,stop,1,Ensemble REGIME-ROUTER,1219.442680008672,1156.370108304225,,,0.0
REGIME-ROUTER,Structural Portfolio MTF,2026-09-04 04:45:00+00:00,2026-09-04 06:45:00+00:00,1,4473.255,4464.500797156624,3.0,-1.0,-1.0510983704631038,stop,1,Ensemble REGIME-ROUTER,1156.370108304225,1095.5971714796842,,,0.0
REGIME-ROUTER,M15-0591 MTF,2026-09-07 02:15:00+00:00,2026-09-07 02:45:00+00:00,-1,4403.335,4417.566656261581,4.0,-1.0,-1.0309404254787065,stop,0,Ensemble REGIME-ROUTER,1095.5971714796842,1039.1224007737576,,,0.0
REGIME-ROUTER,Outcome First M15,2026-09-07 09:00:00+00:00,2026-09-07 23:45:00+00:00,-1,4410.775,4424.614178045192,3.0,-1.0,-1.0318716544118194,stop,2,Ensemble REGIME-ROUTER,1039.1224007737576,985.5103532326176,,,2.0
REGIME-ROUTER,Structural Portfolio MTF,2026-09-08 02:30:00+00:00,2026-09-08 04:15:00+00:00,-1,4423.985,4441.254888054863,3.0,-1.0,-1.0256167555107816,stop,1,Ensemble REGIME-ROUTER,985.5103532326176,934.9725566823815,,,0.0
REGIME-ROUTER,Structural Portfolio MTF,2026-09-08 04:45:00+00:00,2026-09-08 05:30:00+00:00,-1,4436.065,4443.444393462343,2.0,2.0,1.9398857775691614,target,1,Ensemble REGIME-ROUTER,934.9725566823815,1025.659554938663,,,0.0
REGIME-ROUTER,V1 Legacy M15,2026-09-08 16:15:00+00:00,2026-09-09 07:45:00+00:00,-1,4386.015,4410.131477506599,2.0,-1.0,-1.0181867977974803,stop,3,Ensemble REGIME-ROUTER,1025.659554938663,973.4439040449937,,,1.0
REGIME-ROUTER,Structural Portfolio MTF,2026-09-09 08:30:00+00:00,2026-09-09 12:00:00+00:00,-1,4399.425,4413.250767076119,3.0,-1.0,-1.0318204767647154,stop,1,Ensemble REGIME-ROUTER,973.4439040449937,923.2229363862232,,,0.0
REGIME-ROUTER,Structural Frequency M15,2026-09-09 12:45:00+00:00,2026-09-09 13:30:00+00:00,-1,4395.245,4415.6625784441585,2.0,-1.0,-1.021526769259248,stop,4,Ensemble REGIME-ROUTER,923.2229363862232,876.0680892105904,,,2.0
REGIME-ROUTER,Outcome First M15,2026-09-09 16:00:00+00:00,2026-09-10 09:15:00+00:00,1,4398.335,4373.123308270434,2.0,-0.1408076870873778,-0.1582533033799251,time_exit,2,Ensemble REGIME-ROUTER,876.0680892105904,869.1360557554246,,,1.0
REGIME-ROUTER,V1 Legacy M15,2026-09-10 18:00:00+00:00,2026-09-11 04:00:00+00:00,-1,4352.578,4368.83718500509,3.0,3.0,2.9732300358312083,target,3,Ensemble REGIME-ROUTER,869.1360557554246,998.3431270652195,,,1.0
REGIME-ROUTER,Outcome First M15,2026-09-11 11:00:00+00:00,2026-09-11 12:45:00+00:00,-1,4337.298,4350.497940843847,3.0,-1.0,-1.03285846543791,stop_same_bar,2,Ensemble REGIME-ROUTER,998.3431270652195,946.7857695551662,,,2.0
REGIME-ROUTER,Structural Frequency M15,2026-09-11 14:30:00+00:00,2026-09-14 07:30:00+00:00,-1,4374.888,4403.773498386457,2.0,2.0,1.9848543793793385,target,4,Ensemble REGIME-ROUTER,946.7857695551662,1040.7473636069467,,,2.0
REGIME-ROUTER,M15-0591 MTF,2026-09-15 08:00:00+00:00,2026-09-15 13:00:00+00:00,-1,4280.745,4293.694641301269,4.0,-1.0,-1.0330568615794817,stop,0,Ensemble REGIME-ROUTER,1040.7473636069467,986.9898033497011,,,3.0
REGIME-ROUTER,Structural Portfolio MTF,2026-09-15 14:45:00+00:00,2026-09-15 18:15:00+00:00,-1,4278.015,4301.242537299636,3.0,-1.0,-1.0184178587028558,stop,1,Ensemble REGIME-ROUTER,986.9898033497011,936.7314012452533,,,0.0
REGIME-ROUTER,Structural Portfolio MTF,2026-09-15 19:30:00+00:00,2026-09-16 02:45:00+00:00,-1,4300.665,4311.17643176237,3.0,-1.0,-1.0409141694226274,stop,1,Ensemble REGIME-ROUTER,936.7314012452533,887.9785518202885,,,0.0
REGIME-ROUTER,Structural Portfolio MTF,2026-09-16 04:00:00+00:00,2026-09-16 10:15:00+00:00,-1,4326.755,4341.588607775627,2.0,-1.0,-1.0291685951620573,stop,1,Ensemble REGIME-ROUTER,887.9785518202885,842.2845698847423,,,0.0
