technique,entry_time,exit_time,direction,entry,stop,target_r,gross_r,net_r,reason,priority
V1 Legacy M15,2026-01-02 01:00:00+00:00,2026-01-02 08:45:00+00:00,1,4353.695,4337.149156295635,2.0,2.0,1.973687077686757,target,3
M15-0591 MTF,2026-01-02 08:15:00+00:00,2026-01-02 13:30:00+00:00,1,4384.498,4374.355111388867,3.0,-1.0,-1.0432273109574297,stop,0
V1 Legacy M15,2026-01-02 13:15:00+00:00,2026-01-02 13:30:00+00:00,1,4399.425,4384.061197101517,2.0,-1.0,-1.0286350002604778,stop,3
Structural Frequency M15,2026-01-02 15:00:00+00:00,2026-01-05 00:15:00+00:00,-1,4352.955,4378.587032157783,3.0,-1.0,-1.0169824810346855,stop,4
M15-0591 MTF,2026-01-02 16:30:00+00:00,2026-01-04 23:15:00+00:00,-1,4321.105,4338.499979020557,3.0,-1.0,-1.0248411049814627,stop,0
V1 Legacy M15,2026-01-02 18:15:00+00:00,2026-01-04 23:15:00+00:00,-1,4314.115,4334.260602918481,3.0,-1.0,-1.021414673055242,stop,3
M15-0591 MTF,2026-01-05 00:15:00+00:00,2026-01-05 09:00:00+00:00,1,4377.625,4359.882088653809,3.0,3.0,2.9753274707031676,target,0
V1 Legacy M15,2026-01-05 06:15:00+00:00,2026-01-05 13:30:00+00:00,1,4417.889,4400.052762480986,2.0,-1.0,-1.024769175647556,stop,3
Outcome First M15,2026-01-05 11:30:00+00:00,2026-01-05 15:00:00+00:00,-1,4416.945,4440.459698997234,3.0,-1.0,-1.0187837615974564,stop,2
Structural Frequency M15,2026-01-05 14:30:00+00:00,2026-01-06 07:45:00+00:00,1,4420.905,4395.119315815294,3.0,1.6811653974150524,1.6640205934675112,time_exit,4
V1 Legacy M15,2026-01-05 23:00:00+00:00,2026-01-06 00:00:00+00:00,1,4446.615,4437.043498435291,2.0,-1.0,-1.0464568173545035,stop,3
V1 Legacy M15,2026-01-06 03:15:00+00:00,2026-01-06 19:30:00+00:00,1,4462.345,4437.305677294084,2.0,0.7320485547985144,0.7142272061446007,time_exit,3
Structural Portfolio MTF,2026-01-06 11:45:00+00:00,2026-01-07 05:00:00+00:00,1,4461.809,4447.384784487455,4.0,0.18760119034873718,0.1566684231828588,time_exit,1
Outcome First M15,2026-01-06 11:45:00+00:00,2026-01-07 05:00:00+00:00,1,4461.809,4447.384784487455,3.0,0.18760119034873718,0.1566684231828588,time_exit,2
Structural Frequency M15,2026-01-06 11:45:00+00:00,2026-01-07 05:00:00+00:00,1,4461.809,4447.384784487455,3.0,0.18760119034873718,0.1566684231828588,time_exit,4
M15-0591 MTF,2026-01-06 15:30:00+00:00,2026-01-06 15:45:00+00:00,1,4480.579,4463.884580014695,4.0,-1.0,-1.0268387820837377,stop,0
V1 Legacy M15,2026-01-06 23:15:00+00:00,2026-01-07 01:00:00+00:00,1,4497.305,4487.690809936411,2.0,-1.0,-1.0467777833624496,stop,3
M15-0591 MTF,2026-01-07 02:00:00+00:00,2026-01-07 03:30:00+00:00,-1,4465.255,4478.500203791301,3.0,-1.0,-1.0337122408258654,stop,0
V1 Legacy M15,2026-01-07 05:45:00+00:00,2026-01-07 08:45:00+00:00,-1,4452.119,4472.356732081212,2.0,-1.0,-1.0219991004038105,stop,3
M15-0591 MTF,2026-01-07 06:30:00+00:00,2026-01-07 08:45:00+00:00,-1,4454.725,4469.902278497453,3.0,-1.0,-1.02935127665179,stop,0
Structural Frequency M15,2026-01-07 07:45:00+00:00,2026-01-07 12:30:00+00:00,1,4458.665,4440.452797990826,2.0,-1.0,-1.024481745797428,stop,4
V1 Legacy M15,2026-01-07 11:45:00+00:00,2026-01-08 05:00:00+00:00,-1,4450.185,4468.183005335041,2.0,1.0506719854774254,1.0259459954737677,time_exit,3
Structural Frequency M15,2026-01-07 17:00:00+00:00,2026-01-08 02:45:00+00:00,1,4463.875,4439.0761888645275,3.0,-1.0,-1.0180003588704896,stop,4
Structural Portfolio MTF,2026-01-08 01:30:00+00:00,2026-01-08 02:00:00+00:00,1,4454.535,4443.4397037181225,3.0,-1.0,-1.0401479589803821,stop,1
V1 Legacy M15,2026-01-08 05:15:00+00:00,2026-01-08 15:15:00+00:00,-1,4426.995,4443.2153601280825,2.0,-1.0,-1.0272928280571,stop,3
Outcome First M15,2026-01-08 13:00:00+00:00,2026-01-08 20:30:00+00:00,1,4427.375,4406.747743719412,2.0,2.0,1.9785362874258436,target,2
V1 Legacy M15,2026-01-08 16:45:00+00:00,2026-01-09 10:00:00+00:00,1,4460.485,4441.940438262482,2.0,0.5570366205581984,0.5329838278142434,time_exit,3
Outcome First M15,2026-01-09 12:00:00+00:00,2026-01-09 12:45:00+00:00,1,4474.995,4466.298939202062,3.0,-1.0,-1.0514600243027399,stop,2
Structural Portfolio MTF,2026-01-09 14:00:00+00:00,2026-01-12 00:45:00+00:00,1,4482.178,4457.757192841831,4.0,4.0,3.981646069390869,target,1
Outcome First M15,2026-01-09 14:00:00+00:00,2026-01-12 00:30:00+00:00,1,4482.178,4457.757192841831,3.0,3.0,2.981646069390869,target,2
Structural Frequency M15,2026-01-09 14:00:00+00:00,2026-01-12 00:30:00+00:00,1,4482.178,4457.757192841831,3.0,3.0,2.981646069390869,target,4
V1 Legacy M15,2026-01-09 15:30:00+00:00,2026-01-12 00:45:00+00:00,1,4505.105,4477.9209063124845,3.0,3.0,2.983427422478061,target,3
M15-0591 MTF,2026-01-12 01:30:00+00:00,2026-01-12 11:45:00+00:00,1,4582.325,4560.545551210942,4.0,0.43710931769693656,0.41606964380811806,time_exit,0
V1 Legacy M15,2026-01-12 05:45:00+00:00,2026-01-12 22:00:00+00:00,1,4581.495,4562.253549023318,3.0,0.8861078107187564,0.8622972623066222,time_exit,3
Structural Portfolio MTF,2026-01-12 13:00:00+00:00,2026-01-12 23:15:00+00:00,1,4590.285,4577.452279810825,4.0,-1.0,-1.0357701635532583,stop,1
Outcome First M15,2026-01-12 13:00:00+00:00,2026-01-12 16:15:00+00:00,1,4590.285,4577.452279810825,3.0,3.0,2.9642298364467417,target,2
Structural Frequency M15,2026-01-12 13:00:00+00:00,2026-01-12 16:15:00+00:00,1,4590.285,4577.452279810825,3.0,3.0,2.9642298364467417,target,4
Outcome First M15,2026-01-12 17:00:00+00:00,2026-01-13 06:45:00+00:00,-1,4616.675,4631.072955200949,3.0,3.0,2.9679352037454887,target,2
Structural Portfolio MTF,2026-01-13 00:15:00+00:00,2026-01-13 01:45:00+00:00,1,4592.115,4576.383411445114,4.0,-1.0,-1.029190408737036,stop,1
Structural Portfolio MTF,2026-01-13 03:00:00+00:00,2026-01-13 06:45:00+00:00,1,4593.865,4574.350970562461,4.0,-1.0,-1.0235413450343724,stop,1
V1 Legacy M15,2026-01-13 05:30:00+00:00,2026-01-13 05:45:00+00:00,1,4601.125,4590.708125427659,2.0,-1.0,-1.0441699184150397,stop,3
V1 Legacy M15,2026-01-13 06:30:00+00:00,2026-01-13 13:15:00+00:00,-1,4584.725,4602.681773575089,2.0,-1.0,-1.0255320087477202,stop,3
Outcome First M15,2026-01-13 13:00:00+00:00,2026-01-13 20:45:00+00:00,1,4592.995,4576.9553120003175,3.0,-1.0,-1.0286351891638474,stop,2
M15-0591 MTF,2026-01-13 14:15:00+00:00,2026-01-13 16:30:00+00:00,1,4618.325,4598.923822214882,4.0,-1.0,-1.023804353793112,stop,0
M15-0591 MTF,2026-01-14 00:30:00+00:00,2026-01-14 10:45:00+00:00,1,4609.485,4595.722300672016,4.0,1.8993367054709893,1.8658441115390159,time_exit,0
V1 Legacy M15,2026-01-14 01:15:00+00:00,2026-01-14 17:30:00+00:00,1,4615.205,4592.670578939623,3.0,-0.1766186932131888,-0.19709938356522558,time_exit,3
Structural Portfolio MTF,2026-01-14 09:00:00+00:00,2026-01-14 14:45:00+00:00,1,4634.545,4620.506844928745,4.0,-1.0,-1.0330139179719542,stop,1
M15-0591 MTF,2026-01-14 15:30:00+00:00,2026-01-14 19:00:00+00:00,-1,4615.135,4635.929290602496,3.0,-1.0,-1.022194241141586,stop,0
V1 Legacy M15,2026-01-14 23:30:00+00:00,2026-01-15 15:45:00+00:00,-1,4608.825,4633.8355856509725,2.0,-0.09715886040860423,-0.115586357726408,time_exit,3
M15-0591 MTF,2026-01-15 02:00:00+00:00,2026-01-15 02:15:00+00:00,-1,4599.748,4610.966832961378,3.0,-1.0,-1.041000236083691,stop,0
M15-0591 MTF,2026-01-15 14:00:00+00:00,2026-01-15 14:30:00+00:00,-1,4588.195,4605.954816873127,3.0,-1.0,-1.0258346976929837,stop,0
Structural Portfolio MTF,2026-01-15 14:30:00+00:00,2026-01-16 07:45:00+00:00,1,4602.495,4581.303088414037,3.0,0.00802192852261041,-0.013696239663069586,time_exit,1
Outcome First M15,2026-01-15 14:30:00+00:00,2026-01-16 07:45:00+00:00,1,4602.495,4581.303088414037,2.0,0.00802192852261041,-0.013696239663069586,time_exit,2
Structural Frequency M15,2026-01-15 14:30:00+00:00,2026-01-16 07:45:00+00:00,1,4602.495,4581.303088414037,3.0,0.00802192852261041,-0.013696239663069586,time_exit,4
V1 Legacy M15,2026-01-15 16:15:00+00:00,2026-01-16 01:00:00+00:00,1,4621.845,4599.001141813756,2.0,-1.0,-1.0202323309938206,stop,3
V1 Legacy M15,2026-01-16 11:30:00+00:00,2026-01-16 13:00:00+00:00,1,4610.935,4597.643577179371,2.0,-1.0,-1.034691056497304,stop,3
V1 Legacy M15,2026-01-16 15:15:00+00:00,2026-01-16 15:30:00+00:00,1,4615.848,4594.861089929656,2.0,-1.0,-1.021993938052475,stop,3
M15-0591 MTF,2026-01-19 00:00:00+00:00,2026-01-19 10:15:00+00:00,1,4672.375,4651.682709466431,3.0,-0.11115250852818544,-0.13373277818185236,time_exit,0
V1 Legacy M15,2026-01-19 07:00:00+00:00,2026-01-19 08:00:00+00:00,1,4677.725,4662.677682873948,3.0,-1.0,-1.0310867708895497,stop,3
Structural Portfolio MTF,2026-01-19 12:45:00+00:00,2026-01-20 08:00:00+00:00,1,4671.465,4658.80448262264,4.0,4.0,3.963102100326852,target,1
Structural Frequency M15,2026-01-19 12:45:00+00:00,2026-01-20 06:00:00+00:00,1,4671.465,4658.80448262264,3.0,3.0,2.963102100326852,target,4
Outcome First M15,2026-01-19 16:00:00+00:00,2026-01-20 00:30:00+00:00,1,4674.085,4663.135058037149,3.0,-1.0,-1.0426859340063848,stop,2
V1 Legacy M15,2026-01-19 16:00:00+00:00,2026-01-20 00:30:00+00:00,1,4674.085,4663.135058037149,2.0,-1.0,-1.0426859340063848,stop,3
M15-0591 MTF,2026-01-20 01:00:00+00:00,2026-01-20 01:15:00+00:00,-1,4660.115,4668.4275384518605,3.0,-1.0,-1.056061274507029,stop,0
V1 Legacy M15,2026-01-20 03:45:00+00:00,2026-01-20 05:15:00+00:00,1,4676.715,4664.763097169656,2.0,2.0,1.9608705403115678,target,3
M15-0591 MTF,2026-01-20 07:00:00+00:00,2026-01-20 14:15:00+00:00,1,4712.245,4703.865451600229,4.0,4.0,3.9437649289056105,target,0
V1 Legacy M15,2026-01-20 08:15:00+00:00,2026-01-20 23:45:00+00:00,1,4724.235,4708.387623820498,3.0,3.0,2.970189166039291,target,3
M15-0591 MTF,2026-01-21 00:15:00+00:00,2026-01-21 04:30:00+00:00,1,4776.445,4757.521033022679,4.0,4.0,3.9747598111657862,target,0
V1 Legacy M15,2026-01-21 04:30:00+00:00,2026-01-21 15:30:00+00:00,1,4849.595,4825.614362607531,3.0,-1.0,-1.0202229612192164,stop,3
M15-0591 MTF,2026-01-21 05:00:00+00:00,2026-01-21 07:00:00+00:00,1,4865.695,4848.134175476963,4.0,-1.0,-1.0277076682454005,stop,0
Outcome First M15,2026-01-21 09:30:00+00:00,2026-01-21 14:15:00+00:00,1,4875.485,4850.019502763962,3.0,-1.0,-1.0191454537675408,stop,2
M15-0591 MTF,2026-01-21 14:00:00+00:00,2026-01-21 14:15:00+00:00,1,4879.195,4865.565290340815,4.0,-1.0,-1.0357982313784078,stop,0
Outcome First M15,2026-01-21 14:30:00+00:00,2026-01-21 19:45:00+00:00,-1,4860.085,4881.9389724615,3.0,3.0,2.9777610912223764,target,2
V1 Legacy M15,2026-01-21 17:45:00+00:00,2026-01-22 11:00:00+00:00,-1,4809.645,4854.295064085302,3.0,-0.42889076180079927,-0.4396626276391358,time_exit,3
Structural Portfolio MTF,2026-01-21 20:30:00+00:00,2026-01-22 13:45:00+00:00,1,4797.195,4753.31414126269,3.0,0.3728277082711357,0.36189539031282464,time_exit,1
M15-0591 MTF,2026-01-22 06:30:00+00:00,2026-01-22 16:45:00+00:00,1,4825.325,4799.29944600841,4.0,2.1275243561728963,2.108983636534193,time_exit,0
Structural Portfolio MTF,2026-01-22 15:00:00+00:00,2026-01-22 21:45:00+00:00,1,4834.498,4809.584054275333,4.0,4.0,3.9805952134060663,target,1
Structural Frequency M15,2026-01-22 15:00:00+00:00,2026-01-22 18:15:00+00:00,1,4834.498,4809.584054275333,3.0,3.0,2.9805952134060663,target,4
V1 Legacy M15,2026-01-22 17:30:00+00:00,2026-01-22 23:15:00+00:00,1,4889.805,4866.763324869429,3.0,3.0,2.978778430941801,target,3
M15-0591 MTF,2026-01-22 23:15:00+00:00,2026-01-23 08:30:00+00:00,1,4942.745,4922.7549122646,4.0,-1.0,-1.0247259795225758,stop,0
V1 Legacy M15,2026-01-23 05:45:00+00:00,2026-01-23 06:15:00+00:00,1,4961.025,4949.213802354647,3.0,-1.0,-1.0420027261329583,stop,3
Outcome First M15,2026-01-23 10:30:00+00:00,2026-01-25 23:15:00+00:00,1,4929.048,4898.426853247447,3.0,3.0,2.983903124073598,target,2
Structural Frequency M15,2026-01-23 10:30:00+00:00,2026-01-25 23:15:00+00:00,1,4929.048,4898.426853247447,2.0,2.0,1.9839031240735976,target,4
Structural Portfolio MTF,2026-01-23 10:45:00+00:00,2026-01-26 00:45:00+00:00,1,4927.955,4898.4670565869155,4.0,4.0,3.9832882377351098,target,1
V1 Legacy M15,2026-01-23 13:00:00+00:00,2026-01-25 23:15:00+00:00,1,4939.175,4917.244248439706,3.0,3.0,2.977478314017553,target,3
M15-0591 MTF,2026-01-23 16:00:00+00:00,2026-01-26 00:00:00+00:00,1,4960.345,4941.993593559768,4.0,4.0,3.972970218843144,target,0
V1 Legacy M15,2026-01-26 01:15:00+00:00,2026-01-26 17:30:00+00:00,1,5057.505,5023.385597157784,3.0,0.9000743694729174,0.885251410749436,time_exit,3
M15-0591 MTF,2026-01-26 02:15:00+00:00,2026-01-26 05:30:00+00:00,1,5074.625,5054.707265404388,4.0,-1.0,-1.0254779225802009,stop,0
Structural Portfolio MTF,2026-01-26 14:45:00+00:00,2026-01-26 19:15:00+00:00,1,5081.845,5053.148077288922,4.0,-1.0,-1.0177086757739293,stop,1
Structural Frequency M15,2026-01-26 14:45:00+00:00,2026-01-26 19:15:00+00:00,1,5081.845,5053.148077288922,3.0,-1.0,-1.0177086757739293,stop,4
M15-0591 MTF,2026-01-26 20:00:00+00:00,2026-01-27 01:15:00+00:00,-1,5028.265,5063.524607887628,3.0,-1.0,-1.0142606946056378,stop,0
Structural Portfolio MTF,2026-01-26 20:30:00+00:00,2026-01-26 21:45:00+00:00,1,5056.275,5005.973415063199,3.0,-1.0,-1.0100519198477598,stop,1
V1 Legacy M15,2026-01-26 21:45:00+00:00,2026-01-27 01:15:00+00:00,-1,5004.175,5064.248720448213,2.0,-1.0,-1.0083300567413898,stop,3
V1 Legacy M15,2026-01-27 06:00:00+00:00,2026-01-27 14:15:00+00:00,1,5082.855,5055.604888137156,2.0,-1.0,-1.0186526023290594,stop,3
Outcome First M15,2026-01-27 10:00:00+00:00,2026-01-27 12:00:00+00:00,1,5098.195,5071.948978458109,3.0,-1.0,-1.0194246392424198,stop,2
Structural Portfolio MTF,2026-01-27 13:00:00+00:00,2026-01-27 14:15:00+00:00,1,5084.835,5065.817704871546,4.0,-1.0,-1.0267379507214567,stop,1
Structural Frequency M15,2026-01-27 13:00:00+00:00,2026-01-27 14:15:00+00:00,1,5084.835,5065.817704871546,3.0,-1.0,-1.0267379507214567,stop,4
Structural Frequency M15,2026-01-27 16:00:00+00:00,2026-01-28 02:00:00+00:00,1,5090.575,5045.9684976196795,3.0,3.0,2.9885878185278973,target,4
Outcome First M15,2026-01-27 17:00:00+00:00,2026-01-27 20:15:00+00:00,-1,5087.265,5104.49573675511,3.0,-1.0,-1.0295243614495562,stop,2
V1 Legacy M15,2026-01-27 20:00:00+00:00,2026-01-27 20:15:00+00:00,1,5098.715,5079.769653846024,2.0,2.0,1.9730872428586905,target,3
V1 Legacy M15,2026-01-28 01:15:00+00:00,2026-01-28 08:15:00+00:00,1,5190.665,5155.592241876912,3.0,3.0,2.9852002942517855,target,3
M15-0591 MTF,2026-01-28 02:15:00+00:00,2026-01-28 12:30:00+00:00,1,5209.785,5183.960197207335,4.0,1.9868496349011602,1.9666760636184406,time_exit,0
Outcome First M15,2026-01-28 12:45:00+00:00,2026-01-28 15:15:00+00:00,1,5269.395,5244.809985321155,3.0,-1.0,-1.0214333612114301,stop,2
Structural Frequency M15,2026-01-28 12:45:00+00:00,2026-01-28 15:15:00+00:00,1,5269.395,5244.809985321155,2.0,-1.0,-1.0214333612114301,stop,4
Structural Portfolio MTF,2026-01-28 16:30:00+00:00,2026-01-28 23:45:00+00:00,1,5287.265,5233.357980896434,4.0,4.0,3.9901918802265026,target,1
Structural Frequency M15,2026-01-28 16:30:00+00:00,2026-01-28 23:15:00+00:00,1,5287.265,5233.357980896434,3.0,3.0,2.9901918802265026,target,4
V1 Legacy M15,2026-01-28 17:00:00+00:00,2026-01-28 20:45:00+00:00,1,5299.585,5264.058891691313,2.0,2.0,1.9850825625088124,target,3
M15-0591 MTF,2026-01-28 21:15:00+00:00,2026-01-28 23:45:00+00:00,1,5386.555,5350.063197837655,4.0,4.0,3.9852389997730553,target,0
V1 Legacy M15,2026-01-28 23:00:00+00:00,2026-01-29 15:15:00+00:00,1,5417.098,5350.615306813035,3.0,-0.5066431335035658,-0.514791266108191,time_exit,3
Structural Portfolio MTF,2026-01-29 11:45:00+00:00,2026-01-29 15:15:00+00:00,1,5514.305,5468.287330678566,4.0,-1.0,-1.0119830167005688,stop,1
Outcome First M15,2026-01-29 11:45:00+00:00,2026-01-29 15:15:00+00:00,1,5514.305,5468.287330678566,3.0,-1.0,-1.0119830167005688,stop,2
Structural Frequency M15,2026-01-29 11:45:00+00:00,2026-01-29 15:15:00+00:00,1,5514.305,5468.287330678566,3.0,-1.0,-1.0119830167005688,stop,4
M15-0591 MTF,2026-01-30 03:15:00+00:00,2026-01-30 13:30:00+00:00,-1,5179.845,5318.068286765141,3.0,1.120918215924482,1.1171707684999381,time_exit,0
V1 Legacy M15,2026-01-30 08:45:00+00:00,2026-01-30 17:15:00+00:00,-1,5095.755,5189.712180657264,2.0,2.0,1.9945765135092886,target,3
Outcome First M15,2026-01-30 10:30:00+00:00,2026-01-30 17:15:00+00:00,1,5058.978,4935.400580922801,2.0,-1.0,-1.0040937721776173,stop,2
Structural Portfolio MTF,2026-01-30 13:15:00+00:00,2026-01-30 17:45:00+00:00,-1,5074.525,5150.049004735689,3.0,3.0,2.993280911125199,target,1
M15-0591 MTF,2026-01-30 18:00:00+00:00,2026-01-30 20:00:00+00:00,-1,4848.798,4931.706554040554,3.0,-1.0,-1.00584836879151,stop,0
V1 Legacy M15,2026-02-01 23:15:00+00:00,2026-02-02 06:30:00+00:00,-1,4746.198,4901.941579905819,2.0,2.0,1.9969525562447774,target,3
Structural Portfolio MTF,2026-02-02 10:45:00+00:00,2026-02-02 11:15:00+00:00,-1,4672.418,4738.32452955156,3.0,-1.0,-1.0070894614415171,stop,1
Outcome First M15,2026-02-02 10:45:00+00:00,2026-02-02 11:15:00+00:00,-1,4672.418,4738.32452955156,2.0,-1.0,-1.0070894614415171,stop,2
Structural Frequency M15,2026-02-02 10:45:00+00:00,2026-02-02 11:15:00+00:00,-1,4672.418,4738.32452955156,2.0,-1.0,-1.0070894614415171,stop,4
Structural Frequency M15,2026-02-02 13:45:00+00:00,2026-02-03 00:30:00+00:00,-1,4684.959,4816.921213353567,2.0,-1.0,-1.003550227660586,stop,4
Structural Portfolio MTF,2026-02-02 14:00:00+00:00,2026-02-03 00:30:00+00:00,-1,4705.769,4816.836840971169,4.0,-1.0,-1.004236842058739,stop,1
V1 Legacy M15,2026-02-03 01:30:00+00:00,2026-02-03 02:30:00+00:00,1,4852.935,4761.28335907044,2.0,-1.0,-1.005294978846838,stop,3
V1 Legacy M15,2026-02-03 05:30:00+00:00,2026-02-03 07:45:00+00:00,1,4839.145,4797.111590884896,2.0,2.0,1.9884873839598676,target,3
V1 Legacy M15,2026-02-03 08:30:00+00:00,2026-02-04 01:45:00+00:00,1,4936.205,4868.786758718909,2.0,1.415195623424849,1.407873858712211,time_exit,3
Structural Portfolio MTF,2026-02-03 09:15:00+00:00,2026-02-03 16:30:00+00:00,-1,4915.975,4951.999579116093,3.0,-1.0,-1.0136461691451213,stop,1
Outcome First M15,2026-02-03 09:15:00+00:00,2026-02-03 16:30:00+00:00,-1,4915.975,4951.999579116093,2.0,-1.0,-1.0136461691451213,stop,2
Structural Frequency M15,2026-02-03 09:15:00+00:00,2026-02-03 16:30:00+00:00,-1,4915.975,4951.999579116093,2.0,-1.0,-1.0136461691451213,stop,4
M15-0591 MTF,2026-02-03 16:45:00+00:00,2026-02-03 17:15:00+00:00,1,4980.665,4937.97091623775,3.0,-1.0,-1.0116659372004229,stop,0
Structural Portfolio MTF,2026-02-03 19:45:00+00:00,2026-02-04 03:45:00+00:00,1,4940.075,4877.295943404679,2.0,2.0,1.9921310142778281,target,1
M15-0591 MTF,2026-02-04 00:45:00+00:00,2026-02-04 11:00:00+00:00,1,4986.335,4942.252262815646,3.0,1.4053120100261585,1.3940007001609223,time_exit,0
V1 Legacy M15,2026-02-04 02:15:00+00:00,2026-02-04 14:45:00+00:00,1,5059.485,4981.728394431187,2.0,-1.0,-1.00650682339203,stop,3
M15-0591 MTF,2026-02-04 23:30:00+00:00,2026-02-05 01:30:00+00:00,1,5019.125,4955.129976416347,3.0,-1.0,-1.007842992656201,stop,0
Structural Portfolio MTF,2026-02-05 09:15:00+00:00,2026-02-06 02:30:00+00:00,-1,4862.245,4946.273119218704,4.0,0.5032839053547036,0.49749745547910323,time_exit,1
Outcome First M15,2026-02-05 09:15:00+00:00,2026-02-06 02:30:00+00:00,-1,4862.245,4946.273119218704,3.0,0.5032839053547036,0.49749745547910323,time_exit,2
V1 Legacy M15,2026-02-05 09:15:00+00:00,2026-02-06 00:15:00+00:00,-1,4862.245,4946.273119218704,2.0,2.0,1.9942135501243996,target,3
Structural Frequency M15,2026-02-05 09:15:00+00:00,2026-02-06 02:30:00+00:00,-1,4862.245,4946.273119218704,3.0,0.5032839053547036,0.49749745547910323,time_exit,4
M15-0591 MTF,2026-02-05 13:15:00+00:00,2026-02-05 17:00:00+00:00,-1,4824.715,4881.242195269216,4.0,-1.0,-1.0085352103125265,stop,0
M15-0591 MTF,2026-02-05 23:15:00+00:00,2026-02-06 02:30:00+00:00,-1,4768.375,4807.608092991599,4.0,-1.0,-1.0121539614555015,stop,0
V1 Legacy M15,2026-02-06 12:15:00+00:00,2026-02-06 15:15:00+00:00,1,4895.655,4861.354985696249,2.0,2.0,1.9857269593048985,target,3
M15-0591 MTF,2026-02-09 00:30:00+00:00,2026-02-09 00:45:00+00:00,1,5034.795,5017.356624133614,3.0,-1.0,-1.0288719261390904,stop,0
M15-0591 MTF,2026-02-09 10:45:00+00:00,2026-02-09 12:00:00+00:00,-1,4986.615,5017.054161603965,3.0,-1.0,-1.0163822350460217,stop,0
Structural Frequency M15,2026-02-09 11:45:00+00:00,2026-02-09 16:15:00+00:00,1,5008.385,4980.554310417192,2.0,2.0,1.98200409305311,target,4
V1 Legacy M15,2026-02-09 13:15:00+00:00,2026-02-09 13:30:00+00:00,1,5021.895,5005.569982859593,2.0,-1.0,-1.0307619585131707,stop,3
V1 Legacy M15,2026-02-09 14:45:00+00:00,2026-02-09 23:15:00+00:00,1,5036.275,4993.290375005117,2.0,-1.0,-1.0117164567577352,stop,3
M15-0591 MTF,2026-02-09 15:00:00+00:00,2026-02-09 23:15:00+00:00,1,5037.605,5011.68745000614,3.0,-1.0,-1.0194370417002903,stop,0
Outcome First M15,2026-02-10 08:45:00+00:00,2026-02-10 15:45:00+00:00,1,5048.485,5017.93539750195,3.0,-1.0,-1.0165255341712625,stop,2
Structural Frequency M15,2026-02-10 13:45:00+00:00,2026-02-10 15:45:00+00:00,1,5052.705,5018.041197075269,2.0,-1.0,-1.0145763146962596,stop,4
Structural Portfolio MTF,2026-02-10 14:00:00+00:00,2026-02-10 15:45:00+00:00,1,5050.795,5018.083825855607,4.0,-1.0,-1.015440579961162,stop,1
V1 Legacy M15,2026-02-11 05:45:00+00:00,2026-02-11 11:30:00+00:00,1,5062.085,5042.291327841401,2.0,2.0,1.9744257409163928,target,3
Outcome First M15,2026-02-11 09:45:00+00:00,2026-02-11 13:45:00+00:00,1,5064.355,5044.452009286778,3.0,-1.0,-1.0254451960158717,stop,2
M15-0591 MTF,2026-02-11 11:45:00+00:00,2026-02-11 12:30:00+00:00,1,5108.315,5088.095362559558,4.0,-1.0,-1.0252641275841223,stop,0
V1 Legacy M15,2026-02-11 17:15:00+00:00,2026-02-12 10:30:00+00:00,1,5084.548,5040.782481638103,3.0,-0.5376378683654586,-0.5492555715032481,time_exit,3
Outcome First M15,2026-02-12 10:30:00+00:00,2026-02-12 14:00:00+00:00,-1,5061.018,5081.515275319403,3.0,-1.0,-1.0246911744177485,stop,2
V1 Legacy M15,2026-02-12 13:00:00+00:00,2026-02-12 13:30:00+00:00,-1,5052.475,5069.314317550767,2.0,-1.0,-1.0300040365933363,stop,3
Structural Portfolio MTF,2026-02-12 13:30:00+00:00,2026-02-12 15:00:00+00:00,1,5062.125,5047.55977721388,3.0,-1.0,-1.0347548751868316,stop,1
Structural Frequency M15,2026-02-12 13:30:00+00:00,2026-02-12 15:00:00+00:00,1,5062.125,5047.55977721388,3.0,-1.0,-1.0347548751868316,stop,4
Outcome First M15,2026-02-12 14:30:00+00:00,2026-02-12 16:15:00+00:00,-1,5059.695,5084.521370262245,3.0,3.0,2.9796196747790615,target,2
Structural Portfolio MTF,2026-02-13 05:00:00+00:00,2026-02-13 13:45:00+00:00,-1,4976.375,4998.413391220377,3.0,-1.0,-1.022580482169673,stop,1
V1 Legacy M15,2026-02-13 05:45:00+00:00,2026-02-13 13:45:00+00:00,-1,4963.805,4998.458552445761,2.0,-1.0,-1.0143240869973413,stop,3
Structural Portfolio MTF,2026-02-13 16:15:00+00:00,2026-02-13 16:30:00+00:00,-1,4997.275,5022.038199128185,3.0,-1.0,-1.020180248012916,stop,1
Outcome First M15,2026-02-13 16:15:00+00:00,2026-02-13 16:30:00+00:00,-1,4997.275,5022.038199128185,2.0,-1.0,-1.020180248012916,stop,2
Structural Frequency M15,2026-02-13 16:15:00+00:00,2026-02-13 16:30:00+00:00,-1,4997.275,5022.038199128185,3.0,-1.0,-1.020180248012916,stop,4
V1 Legacy M15,2026-02-13 16:30:00+00:00,2026-02-16 04:00:00+00:00,1,5027.235,4971.668793666686,2.0,-1.0,-1.009047288508134,stop,3
Structural Frequency M15,2026-02-16 11:30:00+00:00,2026-02-16 15:15:00+00:00,-1,5004.845,5017.821491810377,2.0,2.0,1.9614314479357362,target,4
V1 Legacy M15,2026-02-16 15:15:00+00:00,2026-02-16 23:30:00+00:00,-1,4976.265,5000.280701206649,2.0,-1.0,-1.0207208815482032,stop,3
V1 Legacy M15,2026-02-17 00:15:00+00:00,2026-02-17 01:00:00+00:00,-1,4978.985,5001.447168026961,2.0,2.0,1.977833907243398,target,3
V1 Legacy M15,2026-02-18 00:00:00+00:00,2026-02-18 01:15:00+00:00,-1,4858.855,4885.549656440332,3.0,-1.0,-1.0182016015484614,stop,3
V1 Legacy M15,2026-02-18 03:30:00+00:00,2026-02-18 15:00:00+00:00,1,4918.975,4884.964737743721,2.0,2.0,1.9855367919161169,target,3
Structural Frequency M15,2026-02-18 08:15:00+00:00,2026-02-18 13:00:00+00:00,-1,4929.095,4942.926216534702,2.0,-1.0,-1.0356374653497273,stop,4
M15-0591 MTF,2026-02-18 11:45:00+00:00,2026-02-18 12:15:00+00:00,-1,4911.095,4922.135910900893,3.0,-1.0,-1.0444808860798165,stop,0
M15-0591 MTF,2026-02-18 13:45:00+00:00,2026-02-18 15:15:00+00:00,1,4955.875,4941.617072079634,3.0,3.0,2.965241267681532,target,0
M15-0591 MTF,2026-02-18 15:30:00+00:00,2026-02-18 18:30:00+00:00,1,5004.445,4989.81180700227,3.0,-1.0,-1.034199268750002,stop,0
V1 Legacy M15,2026-02-19 04:00:00+00:00,2026-02-19 07:00:00+00:00,1,4981.115,4965.308329236989,2.0,2.0,1.968487260380874,target,3
Structural Portfolio MTF,2026-02-19 14:00:00+00:00,2026-02-19 14:45:00+00:00,1,4996.795,4971.003308264412,3.0,-1.0,-1.0193736612984767,stop,1
Outcome First M15,2026-02-19 14:00:00+00:00,2026-02-19 14:45:00+00:00,1,4996.795,4971.003308264412,2.0,-1.0,-1.0193736612984767,stop,2
Structural Frequency M15,2026-02-19 14:00:00+00:00,2026-02-19 14:45:00+00:00,1,4996.795,4971.003308264412,2.0,-1.0,-1.0193736612984767,stop,4
Structural Portfolio MTF,2026-02-19 15:15:00+00:00,2026-02-20 08:30:00+00:00,1,4999.735,4961.343812083542,3.0,0.481881416127507,0.46885828433257587,time_exit,1
Outcome First M15,2026-02-19 15:15:00+00:00,2026-02-20 08:30:00+00:00,1,4999.735,4961.343812083542,2.0,0.481881416127507,0.46885828433257587,time_exit,2
Structural Frequency M15,2026-02-19 15:15:00+00:00,2026-02-20 08:30:00+00:00,1,4999.735,4961.343812083542,2.0,0.481881416127507,0.46885828433257587,time_exit,4
M15-0591 MTF,2026-02-19 15:30:00+00:00,2026-02-19 18:00:00+00:00,1,5016.005,4985.70137253873,3.0,-1.0,-1.0165524903129524,stop,0
V1 Legacy M15,2026-02-19 21:00:00+00:00,2026-02-20 14:15:00+00:00,1,5001.475,4977.078986779263,2.0,1.6848244681660065,1.6643232700614385,time_exit,3
Structural Portfolio MTF,2026-02-20 08:45:00+00:00,2026-02-20 15:15:00+00:00,1,5022.365,5003.727267712849,3.0,-1.0,-1.0269472966057283,stop,1
M15-0591 MTF,2026-02-20 15:00:00+00:00,2026-02-20 15:15:00+00:00,1,5053.915,5036.0755962517305,4.0,-1.0,-1.0283300668078117,stop,0
Outcome First M15,2026-02-20 15:30:00+00:00,2026-02-20 16:45:00+00:00,-1,5025.135,5065.418417284665,3.0,-1.0,-1.012474450626891,stop,2
V1 Legacy M15,2026-02-20 20:00:00+00:00,2026-02-22 23:15:00+00:00,1,5079.165,5055.8944814426395,2.0,2.0,1.9781733914202206,target,3
M15-0591 MTF,2026-02-20 21:30:00+00:00,2026-02-23 00:00:00+00:00,1,5097.725,5081.97639516295,4.0,4.0,3.967630624726788,target,0
V1 Legacy M15,2026-02-23 02:45:00+00:00,2026-02-23 07:15:00+00:00,1,5174.095,5144.600700207859,3.0,-1.0,-1.017542694813791,stop,3
Outcome First M15,2026-02-23 09:00:00+00:00,2026-02-23 15:00:00+00:00,1,5139.925,5120.691658539846,3.0,3.0,2.9732759644981694,target,2
Structural Frequency M15,2026-02-23 09:00:00+00:00,2026-02-23 15:00:00+00:00,1,5139.925,5120.691658539846,3.0,3.0,2.9732759644981694,target,4
Structural Portfolio MTF,2026-02-23 09:15:00+00:00,2026-02-23 23:15:00+00:00,1,5145.725,5120.718754358429,4.0,4.0,3.9794222408523194,target,1
V1 Legacy M15,2026-02-23 10:30:00+00:00,2026-02-23 15:00:00+00:00,1,5155.775,5138.319891877275,2.0,2.0,1.970462657900768,target,3
V1 Legacy M15,2026-02-23 16:30:00+00:00,2026-02-24 01:30:00+00:00,1,5214.485,5174.178100102379,2.0,-1.0,-1.0129369537554236,stop,3
M15-0591 MTF,2026-02-23 17:30:00+00:00,2026-02-23 17:45:00+00:00,1,5209.875,5197.694720122855,4.0,-1.0,-1.0427730319216701,stop,0
M15-0591 MTF,2026-02-23 23:45:00+00:00,2026-02-24 00:15:00+00:00,1,5242.235,5220.408701163735,4.0,-1.0,-1.0240179750095326,stop,0
Structural Frequency M15,2026-02-24 07:45:00+00:00,2026-02-24 12:30:00+00:00,1,5179.515,5155.143262192281,2.0,-1.0,-1.0212521365561364,stop,4
Structural Frequency M15,2026-02-24 15:00:00+00:00,2026-02-25 05:45:00+00:00,1,5127.615,5091.688360212849,2.0,2.0,1.9857275408154538,target,4
V1 Legacy M15,2026-02-25 05:30:00+00:00,2026-02-25 10:45:00+00:00,1,5195.085,5170.918557252964,2.0,-1.0,-1.0214971026326876,stop,3
M15-0591 MTF,2026-02-25 11:00:00+00:00,2026-02-25 12:30:00+00:00,-1,5174.715,5185.656193247514,3.0,-1.0,-1.0472957097360083,stop,0
Structural Portfolio MTF,2026-02-25 12:00:00+00:00,2026-02-25 21:00:00+00:00,1,5181.295,5153.948152530059,4.0,-1.0,-1.018946589751141,stop,1
Outcome First M15,2026-02-25 12:00:00+00:00,2026-02-25 21:00:00+00:00,1,5181.295,5153.948152530059,3.0,-1.0,-1.018946589751141,stop,2
Structural Frequency M15,2026-02-25 12:00:00+00:00,2026-02-25 21:00:00+00:00,1,5181.295,5153.948152530059,3.0,-1.0,-1.018946589751141,stop,4
V1 Legacy M15,2026-02-25 16:30:00+00:00,2026-02-25 21:00:00+00:00,1,5202.595,5170.569811752662,2.0,-1.0,-1.016245322150237,stop,3
M15-0591 MTF,2026-02-25 16:45:00+00:00,2026-02-25 20:30:00+00:00,1,5207.445,5189.999174103195,4.0,-1.0,-1.0298492317348753,stop,0
M15-0591 MTF,2026-02-25 23:00:00+00:00,2026-02-26 00:30:00+00:00,-1,5157.898,5182.6772763611,3.0,-1.0,-1.0208153697663958,stop,0
V1 Legacy M15,2026-02-26 04:15:00+00:00,2026-02-26 08:45:00+00:00,1,5196.445,5174.510605395773,2.0,-1.0,-1.023690852169673,stop,3
M15-0591 MTF,2026-02-26 08:45:00+00:00,2026-02-26 16:00:00+00:00,-1,5173.855,5191.700465608923,3.0,-1.0,-1.028992546977384,stop,0
Structural Portfolio MTF,2026-02-26 10:15:00+00:00,2026-02-26 11:00:00+00:00,1,5187.655,5166.398073653857,4.0,-1.0,-1.0244045395628956,stop,1
Structural Frequency M15,2026-02-26 10:15:00+00:00,2026-02-26 11:00:00+00:00,1,5187.655,5166.398073653857,3.0,-1.0,-1.0244045395628956,stop,4
V1 Legacy M15,2026-02-26 12:00:00+00:00,2026-02-26 12:45:00+00:00,-1,5164.465,5180.038282940742,2.0,-1.0,-1.0331623397561804,stop,3
V1 Legacy M15,2026-02-26 20:15:00+00:00,2026-02-26 23:15:00+00:00,1,5196.585,5177.534745483742,3.0,-1.0,-1.0272782969674503,stop,3
Structural Portfolio MTF,2026-02-27 02:00:00+00:00,2026-02-27 18:15:00+00:00,1,5193.775,5165.51536264865,4.0,1.398460974875634,1.3800822004581628,time_exit,1
V1 Legacy M15,2026-02-27 05:30:00+00:00,2026-02-27 07:30:00+00:00,1,5194.415,5179.8329116218665,2.0,-1.0,-1.0356218866962106,stop,3
Outcome First M15,2026-02-27 12:00:00+00:00,2026-02-27 13:30:00+00:00,1,5185.465,5168.322730098425,3.0,3.0,2.969750417944804,target,2
V1 Legacy M15,2026-02-27 16:15:00+00:00,2026-03-01 23:15:00+00:00,1,5253.465,5212.979773048903,3.0,3.0,2.98702374817771,target,3
M15-0591 MTF,2026-03-02 00:00:00+00:00,2026-03-02 00:30:00+00:00,1,5386.675,5350.088917849996,4.0,-1.0,-1.0147232900694707,stop,0
V1 Legacy M15,2026-03-02 03:45:00+00:00,2026-03-02 14:30:00+00:00,1,5361.905,5323.926761752887,3.0,-1.0,-1.0141183615867373,stop,3
M15-0591 MTF,2026-03-02 08:00:00+00:00,2026-03-02 10:15:00+00:00,1,5408.075,5382.887130204048,4.0,-1.0,-1.0214709502780945,stop,0
V1 Legacy M15,2026-03-03 01:15:00+00:00,2026-03-03 06:00:00+00:00,1,5367.785,5328.042211404394,3.0,-1.0,-1.0135063119365346,stop,3
M15-0591 MTF,2026-03-03 10:15:00+00:00,2026-03-03 11:15:00+00:00,-1,5272.585,5304.896556691013,3.0,3.0,2.9836820458685405,target,0
M15-0591 MTF,2026-03-03 11:45:00+00:00,2026-03-03 13:00:00+00:00,-1,5123.498,5213.124131896004,3.0,-1.0,-1.0057165225047813,stop,0
V1 Legacy M15,2026-03-03 14:45:00+00:00,2026-03-04 02:15:00+00:00,-1,5070.935,5189.680378352312,2.0,-1.0,-1.004270427253981,stop,3
Outcome First M15,2026-03-03 16:00:00+00:00,2026-03-04 09:15:00+00:00,1,5094.998,4991.266439899736,2.0,0.663539620280191,0.6586279058558872,time_exit,2
V1 Legacy M15,2026-03-04 09:45:00+00:00,2026-03-04 15:00:00+00:00,1,5182.465,5150.387242033309,2.0,-1.0,-1.016155945204716,stop,3
Structural Portfolio MTF,2026-03-04 12:45:00+00:00,2026-03-05 06:00:00+00:00,-1,5166.205,5207.4773389730035,3.0,0.4332199348259739,0.42070258027677027,time_exit,1
Outcome First M15,2026-03-04 12:45:00+00:00,2026-03-05 06:00:00+00:00,-1,5166.205,5207.4773389730035,2.0,0.4332199348259739,0.42070258027677027,time_exit,2
Structural Frequency M15,2026-03-04 12:45:00+00:00,2026-03-05 06:00:00+00:00,-1,5166.205,5207.4773389730035,3.0,0.4332199348259739,0.42070258027677027,time_exit,4
M15-0591 MTF,2026-03-04 15:15:00+00:00,2026-03-05 01:15:00+00:00,-1,5134.125,5181.480318466312,3.0,-1.0,-1.0108417072596656,stop,0
V1 Legacy M15,2026-03-05 03:00:00+00:00,2026-03-05 05:45:00+00:00,1,5191.705,5165.937198103271,2.0,-1.0,-1.0201480321092466,stop,3
M15-0591 MTF,2026-03-05 03:45:00+00:00,2026-03-05 05:00:00+00:00,1,5188.235,5172.427637723925,3.0,-1.0,-1.0328216365854574,stop,0
M15-0591 MTF,2026-03-06 09:15:00+00:00,2026-03-06 13:45:00+00:00,-1,5095.545,5118.627456961871,4.0,-1.0,-1.0220754012816624,stop,0
V1 Legacy M15,2026-03-06 10:00:00+00:00,2026-03-06 13:45:00+00:00,-1,5085.355,5114.383996314088,3.0,-1.0,-1.0175181909321884,stop,3
V1 Legacy M15,2026-03-06 18:45:00+00:00,2026-03-08 22:15:00+00:00,1,5165.195,5130.844050472892,2.0,-1.0,-1.0150365421366998,stop,3
Structural Portfolio MTF,2026-03-06 20:00:00+00:00,2026-03-08 22:15:00+00:00,-1,5159.535,5175.855435083909,2.0,-1.0,-1.0316139549802021,stop_same_bar,1
Structural Portfolio MTF,2026-03-08 22:30:00+00:00,2026-03-08 23:45:00+00:00,-1,5154.995,5198.538486756206,2.0,2.0,1.9881612719053436,target,1
V1 Legacy M15,2026-03-09 13:45:00+00:00,2026-03-09 14:45:00+00:00,-1,5075.205,5113.385342844912,2.0,-1.0,-1.0132927171990451,stop,3
V1 Legacy M15,2026-03-09 18:45:00+00:00,2026-03-10 02:00:00+00:00,1,5117.795,5087.376946896695,2.0,2.0,1.9831751395047572,target,3
M15-0591 MTF,2026-03-09 19:00:00+00:00,2026-03-10 02:00:00+00:00,1,5122.945,5102.4683362760325,3.0,3.0,2.974981544508133,target,0
M15-0591 MTF,2026-03-10 02:30:00+00:00,2026-03-10 03:30:00+00:00,1,5179.415,5162.213381964635,3.0,-1.0,-1.030110045400099,stop,0
V1 Legacy M15,2026-03-10 06:00:00+00:00,2026-03-10 07:30:00+00:00,1,5177.755,5159.998769187495,2.0,-1.0,-1.0291602145448202,stop,3
V1 Legacy M15,2026-03-10 08:00:00+00:00,2026-03-10 10:45:00+00:00,1,5180.815,5157.242722420411,2.0,-1.0,-1.0219784235210523,stop,3
Structural Frequency M15,2026-03-10 11:30:00+00:00,2026-03-10 16:00:00+00:00,1,5182.858,5155.127090234181,2.0,2.0,1.9813101768251817,target,4
V1 Legacy M15,2026-03-11 00:30:00+00:00,2026-03-11 07:45:00+00:00,1,5212.065,5185.304056405388,3.0,-1.0,-1.01947638722668,stop,3
Structural Portfolio MTF,2026-03-11 06:30:00+00:00,2026-03-11 07:45:00+00:00,1,5206.405,5189.378307153513,4.0,-1.0,-1.0305778993427614,stop,1
V1 Legacy M15,2026-03-11 13:00:00+00:00,2026-03-12 06:15:00+00:00,-1,5167.265,5197.104801053866,2.0,0.43632998680176077,0.4190132996339334,time_exit,3
M15-0591 MTF,2026-03-11 13:45:00+00:00,2026-03-11 14:15:00+00:00,-1,5165.155,5184.14116126464,3.0,-1.0,-1.0272048410840142,stop,0
Structural Portfolio MTF,2026-03-12 00:45:00+00:00,2026-03-12 15:15:00+00:00,1,5153.935,5123.94080638098,2.0,-1.0,-1.0171831090559196,stop,1
M15-0591 MTF,2026-03-12 08:00:00+00:00,2026-03-12 12:30:00+00:00,1,5182.225,5166.710807566204,3.0,-1.0,-1.0334031244108512,stop,0
Outcome First M15,2026-03-12 10:45:00+00:00,2026-03-12 13:30:00+00:00,-1,5181.735,5192.158511152113,2.0,2.0,1.9502880082883625,target,2
Structural Frequency M15,2026-03-12 13:00:00+00:00,2026-03-12 13:30:00+00:00,1,5181.015,5162.732050277156,3.0,-1.0,-1.0283379601133316,stop,4
V1 Legacy M15,2026-03-12 18:45:00+00:00,2026-03-13 02:00:00+00:00,-1,5098.428,5123.843127558019,2.0,-1.0,-1.020060603624204,stop,3
Structural Portfolio MTF,2026-03-13 02:45:00+00:00,2026-03-13 07:30:00+00:00,-1,5117.845,5129.151366363907,4.0,4.0,3.9547348384505066,target,1
V1 Legacy M15,2026-03-13 04:30:00+00:00,2026-03-13 08:30:00+00:00,-1,5105.335,5118.594900706686,3.0,3.0,2.9614979394421415,target,3
Outcome First M15,2026-03-13 14:15:00+00:00,2026-03-15 23:30:00+00:00,-1,5090.095,5122.808378265805,3.0,3.0,2.9844403260383516,target,2
V1 Legacy M15,2026-03-13 14:15:00+00:00,2026-03-13 16:15:00+00:00,-1,5090.095,5122.808378265805,2.0,2.0,1.9844403260383514,target,3
Structural Frequency M15,2026-03-13 14:15:00+00:00,2026-03-15 23:30:00+00:00,-1,5090.095,5122.808378265805,3.0,3.0,2.9844403260383516,target,4
M15-0591 MTF,2026-03-13 15:30:00+00:00,2026-03-15 23:30:00+00:00,-1,5062.915,5080.917985940221,4.0,4.0,3.971877359584619,target,0
V1 Legacy M15,2026-03-13 19:45:00+00:00,2026-03-16 13:00:00+00:00,-1,5025.095,5050.993733900256,3.0,0.20927663957914514,0.18987377988973647,time_exit,3
M15-0591 MTF,2026-03-16 08:15:00+00:00,2026-03-16 11:30:00+00:00,-1,4988.575,5008.509087088142,4.0,-1.0,-1.0250253496833943,stop,0
Outcome First M15,2026-03-16 10:45:00+00:00,2026-03-16 14:15:00+00:00,1,4985.405,4968.975497551573,3.0,3.0,2.969655776152384,target,2
Structural Portfolio MTF,2026-03-16 14:45:00+00:00,2026-03-17 04:45:00+00:00,-1,5000.825,5038.997253162894,3.0,-1.0,-1.013100680692491,stop,1
Outcome First M15,2026-03-16 14:45:00+00:00,2026-03-17 04:45:00+00:00,-1,5000.825,5038.997253162894,3.0,-1.0,-1.013100680692491,stop,2
Structural Frequency M15,2026-03-16 14:45:00+00:00,2026-03-17 04:45:00+00:00,-1,5000.825,5038.997253162894,3.0,-1.0,-1.013100680692491,stop,4
V1 Legacy M15,2026-03-16 16:30:00+00:00,2026-03-16 18:30:00+00:00,-1,4979.625,5006.990517624888,3.0,-1.0,-1.0181967140847037,stop,3
V1 Legacy M15,2026-03-17 01:45:00+00:00,2026-03-17 10:45:00+00:00,1,5017.535,4993.662958117825,2.0,-1.0,-1.0210184575947252,stop,3
M15-0591 MTF,2026-03-17 05:15:00+00:00,2026-03-17 06:00:00+00:00,1,5040.425,5031.048205639054,3.0,-1.0,-1.053754244851449,stop,0
Structural Portfolio MTF,2026-03-17 06:00:00+00:00,2026-03-17 23:15:00+00:00,-1,5020.575,5045.203452989421,3.0,0.8778464489542486,0.857461185608002,time_exit,1
Outcome First M15,2026-03-17 15:30:00+00:00,2026-03-18 08:45:00+00:00,-1,4994.485,5021.566994186069,3.0,0.38054804713387624,0.36210595987218874,time_exit,2
V1 Legacy M15,2026-03-17 15:30:00+00:00,2026-03-18 08:45:00+00:00,-1,4994.485,5021.566994186069,2.0,0.38054804713387624,0.36210595987218874,time_exit,3
Structural Portfolio MTF,2026-03-18 02:00:00+00:00,2026-03-18 12:00:00+00:00,-1,4998.515,5016.452006298488,4.0,4.0,3.972132947288861,target,1
Outcome First M15,2026-03-18 10:30:00+00:00,2026-03-18 11:45:00+00:00,-1,4982.295,4996.348453120249,3.0,3.0,2.9645475389047187,target,2
M15-0591 MTF,2026-03-18 12:30:00+00:00,2026-03-18 23:45:00+00:00,-1,4901.365,4934.113717129551,4.0,2.05992801895516,2.0449614326897785,time_exit,0
Structural Portfolio MTF,2026-03-18 19:15:00+00:00,2026-03-19 10:30:00+00:00,-1,4856.915,4900.607946254283,4.0,4.0,3.988883983763114,target,1
V1 Legacy M15,2026-03-19 05:45:00+00:00,2026-03-19 06:45:00+00:00,-1,4833.505,4854.637344332692,2.0,2.0,1.9771274548440774,target,3
M15-0591 MTF,2026-03-19 08:00:00+00:00,2026-03-19 13:00:00+00:00,-1,4727.525,4773.436787728821,4.0,4.0,3.9897030256632062,target,0
V1 Legacy M15,2026-03-19 10:30:00+00:00,2026-03-19 13:00:00+00:00,-1,4683.108,4728.027523349533,3.0,3.0,2.98957444858985,target,3
Structural Portfolio MTF,2026-03-19 23:00:00+00:00,2026-03-20 01:15:00+00:00,-1,4635.565,4679.080907788337,4.0,-1.0,-1.010652575657039,stop,1
V1 Legacy M15,2026-03-19 23:45:00+00:00,2026-03-20 01:15:00+00:00,-1,4635.345,4678.867709588548,2.0,-1.0,-1.0106504053718652,stop,3
V1 Legacy M15,2026-03-20 03:15:00+00:00,2026-03-20 06:45:00+00:00,1,4717.165,4668.200756581016,2.0,-1.0,-1.0096338974537715,stop,3
V1 Legacy M15,2026-03-20 11:00:00+00:00,2026-03-20 12:15:00+00:00,-1,4645.155,4694.140369345191,2.0,-1.0,-1.009482739565086,stop,3
M15-0591 MTF,2026-03-20 15:00:00+00:00,2026-03-20 16:30:00+00:00,-1,4563.705,4591.208474866107,4.0,-1.0,-1.0165931942135205,stop,0
V1 Legacy M15,2026-03-20 18:45:00+00:00,2026-03-23 00:45:00+00:00,-1,4525.698,4585.183662435518,3.0,3.0,2.9923919515817685,target,3
M15-0591 MTF,2026-03-23 00:30:00+00:00,2026-03-23 06:45:00+00:00,-1,4426.875,4476.265285539065,4.0,4.0,3.991036952000412,target,0
V1 Legacy M15,2026-03-23 05:45:00+00:00,2026-03-23 07:15:00+00:00,-1,4321.755,4384.580972740001,3.0,3.0,2.993121069501168,target,3
Outcome First M15,2026-03-23 08:00:00+00:00,2026-03-24 01:15:00+00:00,1,4203.695,4093.642868469857,3.0,1.154725476309321,1.1509057456584444,time_exit,2
Structural Frequency M15,2026-03-23 15:45:00+00:00,2026-03-24 09:00:00+00:00,-1,4407.418,4517.445013896659,2.0,-0.037418083561433516,-0.04142384345976139,time_exit,4
V1 Legacy M15,2026-03-23 18:45:00+00:00,2026-03-23 20:15:00+00:00,1,4461.615,4384.4244316683835,2.0,-1.0,-1.0057800001948847,stop,3
V1 Legacy M15,2026-03-23 23:15:00+00:00,2026-03-24 00:45:00+00:00,1,4435.325,4356.460396433493,2.0,-1.0,-1.0056239742538737,stop,3
M15-0591 MTF,2026-03-24 01:15:00+00:00,2026-03-24 06:30:00+00:00,-1,4330.805,4390.8062424830505,4.0,-1.0,-1.007217858865545,stop,0
V1 Legacy M15,2026-03-24 11:00:00+00:00,2026-03-24 11:15:00+00:00,1,4438.445,4402.780344482875,2.0,-1.0,-1.0124449400552007,stop,3
Structural Frequency M15,2026-03-24 12:45:00+00:00,2026-03-24 20:30:00+00:00,-1,4369.365,4434.112363370131,2.0,-1.0,-1.0067483288470334,stop,4
M15-0591 MTF,2026-03-24 13:30:00+00:00,2026-03-24 14:30:00+00:00,-1,4356.108,4409.619836044157,4.0,-1.0,-1.0081404569942347,stop,0
Outcome First M15,2026-03-24 14:15:00+00:00,2026-03-24 23:45:00+00:00,1,4395.185,4348.23970149738,3.0,3.0,2.9906376460685307,target,2
V1 Legacy M15,2026-03-24 20:30:00+00:00,2026-03-25 02:00:00+00:00,1,4455.395,4386.164923347217,2.0,2.0,1.9935643650629689,target,3
M15-0591 MTF,2026-03-24 23:45:00+00:00,2026-03-25 10:00:00+00:00,1,4539.205,4480.204135597515,3.0,0.21270874803440448,0.20501529295375512,time_exit,0
V1 Legacy M15,2026-03-25 11:30:00+00:00,2026-03-25 12:30:00+00:00,1,4579.705,4549.61508635188,2.0,-1.0,-1.0152200669418874,stop,3
Structural Frequency M15,2026-03-25 11:30:00+00:00,2026-03-25 12:30:00+00:00,1,4579.705,4549.61508635188,3.0,-1.0,-1.0152200669418874,stop,4
V1 Legacy M15,2026-03-25 23:45:00+00:00,2026-03-26 01:00:00+00:00,-1,4494.435,4536.450552755353,2.0,-1.0,-1.0106970745480135,stop,3
V1 Legacy M15,2026-03-26 03:00:00+00:00,2026-03-26 06:00:00+00:00,-1,4508.395,4538.955803992998,2.0,2.0,1.985247786671342,target,3
Outcome First M15,2026-03-26 12:00:00+00:00,2026-03-26 14:00:00+00:00,-1,4422.775,4458.2465135434795,3.0,-1.0,-1.0124685263135973,stop,2
Outcome First M15,2026-03-26 15:45:00+00:00,2026-03-27 09:00:00+00:00,-1,4439.925,4481.40060181662,3.0,0.38890333819186595,0.37819843023265015,time_exit,2
Structural Frequency M15,2026-03-26 15:45:00+00:00,2026-03-26 20:15:00+00:00,-1,4439.925,4481.40060181662,2.0,2.0,1.9892950920407841,target,4
Structural Portfolio MTF,2026-03-26 16:00:00+00:00,2026-03-27 09:15:00+00:00,-1,4437.945,4481.358894544004,4.0,0.1983236033171947,0.18810119630530664,time_exit,1
V1 Legacy M15,2026-03-26 20:00:00+00:00,2026-03-26 20:15:00+00:00,-1,4363.685,4400.946110687099,3.0,-1.0,-1.0117110974942327,stop,3
V1 Legacy M15,2026-03-27 01:00:00+00:00,2026-03-27 01:45:00+00:00,-1,4378.395,4412.700183564817,3.0,-1.0,-1.012763071189307,stop,3
M15-0591 MTF,2026-03-27 03:00:00+00:00,2026-03-27 10:45:00+00:00,1,4431.925,4414.573937515027,3.0,-1.0,-1.0255426721207317,stop,0
V1 Legacy M15,2026-03-27 05:00:00+00:00,2026-03-27 08:45:00+00:00,1,4445.645,4429.045188087659,2.0,-1.0,-1.026781297423586,stop,3
M15-0591 MTF,2026-03-27 11:00:00+00:00,2026-03-27 12:30:00+00:00,-1,4414.498,4431.610772232452,4.0,-1.0,-1.0257965099987034,stop,0
M15-0591 MTF,2026-03-30 00:00:00+00:00,2026-03-30 01:45:00+00:00,-1,4448.675,4474.508499523283,3.0,-1.0,-1.017220566636706,stop,0
V1 Legacy M15,2026-03-30 03:15:00+00:00,2026-03-30 19:30:00+00:00,1,4504.145,4456.562469089823,2.0,-0.058004480787504364,-0.06747044426999035,time_exit,3
M15-0591 MTF,2026-03-30 12:30:00+00:00,2026-03-30 14:00:00+00:00,1,4565.595,4536.708543844875,3.0,-1.0,-1.015805313658006,stop,0
M15-0591 MTF,2026-03-30 14:30:00+00:00,2026-03-30 15:45:00+00:00,-1,4518.625,4549.861888316205,3.0,-1.0,-1.0144656694170648,stop,0
Structural Frequency M15,2026-03-30 15:45:00+00:00,2026-03-30 19:00:00+00:00,1,4551.795,4510.0584600020875,2.0,-1.0,-1.0109060190428523,stop,4
M15-0591 MTF,2026-03-30 19:15:00+00:00,2026-03-30 22:15:00+00:00,-1,4497.645,4520.2848689469365,3.0,-1.0,-1.0198660381406877,stop,0
V1 Legacy M15,2026-03-31 05:45:00+00:00,2026-03-31 07:30:00+00:00,1,4576.435,4545.815682127865,2.0,-1.0,-1.0149462343319045,stop,3
V1 Legacy M15,2026-03-31 14:00:00+00:00,2026-03-31 22:45:00+00:00,1,4606.295,4565.920260014904,2.0,2.0,1.9885911463412511,target,3
M15-0591 MTF,2026-03-31 14:15:00+00:00,2026-04-01 00:30:00+00:00,1,4614.538,4582.933312017884,3.0,3.0,2.9853991977310095,target,0
V1 Legacy M15,2026-04-01 00:15:00+00:00,2026-04-01 16:00:00+00:00,1,4702.748,4660.16644225589,2.0,2.0,1.9889559042713731,target,3
M15-0591 MTF,2026-04-01 01:00:00+00:00,2026-04-01 01:15:00+00:00,1,4710.495,4697.9022642279915,3.0,-1.0,-1.0374064467426583,stop,0
M15-0591 MTF,2026-04-01 07:30:00+00:00,2026-04-01 15:15:00+00:00,1,4722.885,4706.577470836909,3.0,3.0,2.9710386230018875,target,0
V1 Legacy M15,2026-04-02 05:45:00+00:00,2026-04-02 14:45:00+00:00,-1,4634.305,4682.286134529788,2.0,-1.0,-1.0096585982082664,stop,3
M15-0591 MTF,2026-04-02 14:15:00+00:00,2026-04-06 01:30:00+00:00,1,4647.465,4597.604263071197,3.0,-0.13938823266739628,-0.14870912378586532,time_exit,0
V1 Legacy M15,2026-04-02 19:15:00+00:00,2026-04-05 22:15:00+00:00,1,4674.188,4643.908882240736,2.0,-1.0,-1.0154370019534993,stop,3
V1 Legacy M15,2026-04-06 00:30:00+00:00,2026-04-06 02:30:00+00:00,-1,4603.035,4652.1737242271565,2.0,-1.0,-1.009367428789403,stop,3
V1 Legacy M15,2026-04-06 05:15:00+00:00,2026-04-06 22:30:00+00:00,1,4673.395,4628.929720477072,2.0,-0.2590785467582666,-0.26958875843385083,time_exit,3
Structural Portfolio MTF,2026-04-06 08:00:00+00:00,2026-04-07 01:15:00+00:00,1,4684.445,4643.229265775968,3.0,-1.0,-1.0113656716013775,stop,1
M15-0591 MTF,2026-04-06 08:15:00+00:00,2026-04-06 12:30:00+00:00,1,4689.435,4660.4781189311625,3.0,-1.0,-1.01619454453279,stop,0
Outcome First M15,2026-04-06 10:15:00+00:00,2026-04-07 02:00:00+00:00,-1,4686.495,4707.476513565496,3.0,3.0,2.9776636943499306,target,2
V1 Legacy M15,2026-04-07 05:30:00+00:00,2026-04-07 08:15:00+00:00,-1,4632.015,4664.991044488621,2.0,-1.0,-1.0140466058674757,stop,3
Structural Portfolio MTF,2026-04-07 10:00:00+00:00,2026-04-07 19:30:00+00:00,-1,4670.438,4695.347573037925,3.0,-1.0,-1.0187495706686311,stop,1
Outcome First M15,2026-04-07 10:00:00+00:00,2026-04-07 14:15:00+00:00,-1,4670.438,4695.347573037925,2.0,2.0,1.9812504293313689,target,2
Structural Frequency M15,2026-04-07 10:00:00+00:00,2026-04-07 19:30:00+00:00,-1,4670.438,4695.347573037925,3.0,-1.0,-1.0187495706686311,stop,4
V1 Legacy M15,2026-04-07 14:15:00+00:00,2026-04-07 16:15:00+00:00,-1,4621.498,4664.950105479054,2.0,-1.0,-1.0106358436468117,stop,3
V1 Legacy M15,2026-04-07 19:30:00+00:00,2026-04-07 22:15:00+00:00,1,4687.125,4655.420224176568,2.0,2.0,1.9852163439788908,target,3
M15-0591 MTF,2026-04-07 23:15:00+00:00,2026-04-08 09:30:00+00:00,1,4817.825,4758.3163418093,4.0,-0.3330607780885441,-0.3411567848655091,time_exit,0
V1 Legacy M15,2026-04-08 05:30:00+00:00,2026-04-08 09:45:00+00:00,1,4815.495,4788.610046833334,3.0,-1.0,-1.0179114874039308,stop,3
V1 Legacy M15,2026-04-08 12:15:00+00:00,2026-04-08 12:30:00+00:00,1,4805.065,4776.523079722421,2.0,-1.0,-1.0168351146428458,stop,3
V1 Legacy M15,2026-04-08 18:00:00+00:00,2026-04-09 11:15:00+00:00,-1,4733.525,4766.719780091277,2.0,-0.16116991844166942,-0.17542976588450215,time_exit,3
V1 Legacy M15,2026-04-09 11:45:00+00:00,2026-04-10 05:00:00+00:00,1,4750.755,4722.507897710607,2.0,0.26551396044670494,0.24869540344454513,time_exit,3
M15-0591 MTF,2026-04-09 14:15:00+00:00,2026-04-09 14:45:00+00:00,1,4770.535,4748.76723997304,4.0,-1.0,-1.0219155990055548,stop,0
Structural Portfolio MTF,2026-04-10 03:15:00+00:00,2026-04-10 09:00:00+00:00,1,4759.775,4736.717400122219,3.0,-1.0,-1.0206429768285934,stop,1
V1 Legacy M15,2026-04-10 06:45:00+00:00,2026-04-10 12:15:00+00:00,-1,4750.565,4769.719796068241,2.0,-1.0,-1.0248009166115661,stop,3
Structural Frequency M15,2026-04-10 09:30:00+00:00,2026-04-12 22:15:00+00:00,1,4748.365,4729.295465661392,3.0,-1.0,-1.024900267178452,stop,4
Outcome First M15,2026-04-10 11:30:00+00:00,2026-04-10 20:30:00+00:00,1,4761.405,4741.250411492884,3.0,-1.0,-1.0236244217951609,stop,2
V1 Legacy M15,2026-04-10 12:45:00+00:00,2026-04-10 16:15:00+00:00,1,4772.485,4753.248030465594,2.0,-1.0,-1.024808923211446,stop,3
V1 Legacy M15,2026-04-10 20:30:00+00:00,2026-04-12 22:15:00+00:00,-1,4745.158,4771.243131161012,2.0,2.0,1.981808954799919,target,3
Structural Frequency M15,2026-04-13 08:45:00+00:00,2026-04-13 14:00:00+00:00,-1,4721.205,4740.743310963524,2.0,-1.0,-1.0241638338585868,stop,4
V1 Legacy M15,2026-04-13 09:30:00+00:00,2026-04-13 14:00:00+00:00,-1,4715.015,4739.432711438361,2.0,-1.0,-1.0193098153850428,stop,3
M15-0591 MTF,2026-04-13 12:00:00+00:00,2026-04-13 13:00:00+00:00,-1,4706.745,4723.337505253713,3.0,-1.0,-1.0283666928413158,stop,0
Structural Frequency M15,2026-04-13 14:30:00+00:00,2026-04-13 17:00:00+00:00,-1,4715.065,4745.471153244038,2.0,-1.0,-1.0155069434865933,stop,4
V1 Legacy M15,2026-04-13 23:00:00+00:00,2026-04-14 13:45:00+00:00,1,4757.395,4737.043649984432,2.0,2.0,1.9766236883727093,target,3
M15-0591 MTF,2026-04-14 07:45:00+00:00,2026-04-14 10:45:00+00:00,1,4777.735,4766.636110081011,4.0,-1.0,-1.0430469626680945,stop,0
Structural Portfolio MTF,2026-04-14 11:30:00+00:00,2026-04-15 04:45:00+00:00,1,4778.245,4750.289245722507,4.0,1.6064671177968146,1.5893749479609718,time_exit,1
Structural Frequency M15,2026-04-14 11:30:00+00:00,2026-04-15 01:30:00+00:00,1,4778.245,4750.289245722507,3.0,3.0,2.982907830164157,target,4
M15-0591 MTF,2026-04-14 15:00:00+00:00,2026-04-14 15:15:00+00:00,1,4803.645,4793.372838904492,4.0,-1.0,-1.0467637233814444,stop,0
V1 Legacy M15,2026-04-14 17:15:00+00:00,2026-04-15 09:15:00+00:00,1,4826.835,4803.542136452364,3.0,-1.0,-1.020722377006711,stop,3
Outcome First M15,2026-04-15 09:00:00+00:00,2026-04-15 09:15:00+00:00,1,4818.205,4803.332376840094,3.0,-1.0,-1.0323964706709514,stop,2
Outcome First M15,2026-04-15 12:00:00+00:00,2026-04-15 15:45:00+00:00,1,4812.495,4791.844560727004,3.0,-1.0,-1.0233045647909933,stop,2
M15-0591 MTF,2026-04-15 14:00:00+00:00,2026-04-15 15:15:00+00:00,1,4828.555,4808.830505610909,4.0,-1.0,-1.0244799937820994,stop,0
M15-0591 MTF,2026-04-16 00:45:00+00:00,2026-04-16 01:45:00+00:00,1,4832.245,4813.399157099728,4.0,-1.0,-1.0256409067271288,stop,0
V1 Legacy M15,2026-04-16 00:45:00+00:00,2026-04-16 01:45:00+00:00,1,4832.245,4811.390368007369,3.0,-1.0,-1.023171087371417,stop,3
V1 Legacy M15,2026-04-16 04:45:00+00:00,2026-04-16 06:30:00+00:00,1,4830.215,4818.069410340375,2.0,-1.0,-1.039769291861199,stop,3
Outcome First M15,2026-04-16 11:00:00+00:00,2026-04-16 14:00:00+00:00,1,4817.035,4804.094671369596,3.0,-1.0,-1.0372249819736576,stop,2
Structural Frequency M15,2026-04-16 11:00:00+00:00,2026-04-16 14:00:00+00:00,1,4817.035,4804.094671369596,3.0,-1.0,-1.0372249819736576,stop,4
Structural Portfolio MTF,2026-04-16 11:15:00+00:00,2026-04-16 14:00:00+00:00,1,4817.325,4804.118837700338,4.0,-1.0,-1.036477857008644,stop,1
Outcome First M15,2026-04-16 14:15:00+00:00,2026-04-17 07:30:00+00:00,-1,4800.595,4824.590062660631,2.0,0.3792446858215971,0.3592380908487217,time_exit,2
Structural Frequency M15,2026-04-16 15:30:00+00:00,2026-04-17 01:15:00+00:00,1,4801.385,4771.706898148737,2.0,-1.0,-1.0161782078384358,stop,4
V1 Legacy M15,2026-04-16 17:30:00+00:00,2026-04-17 10:45:00+00:00,-1,4784.855,4811.161163202917,2.0,0.004561668650583827,-0.013627433892007108,time_exit,3
Structural Frequency M15,2026-04-17 09:00:00+00:00,2026-04-17 13:00:00+00:00,1,4795.865,4777.846248229514,2.0,2.0,1.9733840331389916,target,4
M15-0591 MTF,2026-04-17 13:45:00+00:00,2026-04-17 21:00:00+00:00,1,4864.215,4833.28733113761,3.0,-1.0,-1.0157277130120697,stop,0
V1 Legacy M15,2026-04-20 04:45:00+00:00,2026-04-20 07:15:00+00:00,-1,4787.175,4797.549015010091,2.0,-1.0,-1.0461458268119272,stop,3
M15-0591 MTF,2026-04-20 12:15:00+00:00,2026-04-20 15:00:00+00:00,1,4810.915,4793.566036944109,3.0,-1.0,-1.0277302740486642,stop,0
V1 Legacy M15,2026-04-20 13:30:00+00:00,2026-04-20 15:00:00+00:00,1,4824.148,4797.817525423979,2.0,-1.0,-1.0183215383606994,stop,3
Outcome First M15,2026-04-20 15:15:00+00:00,2026-04-20 22:15:00+00:00,-1,4798.005,4828.507177025809,2.0,-1.0,-1.0157300411571941,stop,2
V1 Legacy M15,2026-04-20 18:15:00+00:00,2026-04-21 03:15:00+00:00,1,4815.235,4800.554225127941,2.0,-1.0,-1.0327995970373791,stop,3
M15-0591 MTF,2026-04-20 22:45:00+00:00,2026-04-21 00:45:00+00:00,1,4830.315,4818.538533318275,4.0,-1.0,-1.041016674445281,stop,0
V1 Legacy M15,2026-04-21 05:00:00+00:00,2026-04-21 12:45:00+00:00,-1,4789.055,4800.267254085736,2.0,2.0,1.957287312940109,target,3
Structural Portfolio MTF,2026-04-21 12:30:00+00:00,2026-04-21 15:00:00+00:00,-1,4779.945,4798.725240778972,3.0,3.0,2.974548010026836,target,1
Structural Frequency M15,2026-04-21 12:45:00+00:00,2026-04-21 17:00:00+00:00,-1,4778.615,4798.853295009045,3.0,3.0,2.9763882530723844,target,4
Outcome First M15,2026-04-21 14:00:00+00:00,2026-04-21 14:45:00+00:00,1,4778.795,4758.437438303621,2.0,-1.0,-1.0234742994827815,stop,2
M15-0591 MTF,2026-04-21 15:30:00+00:00,2026-04-22 02:45:00+00:00,-1,4742.265,4776.451969408285,3.0,-0.261210635354985,-0.2750821925069648,time_exit,0
V1 Legacy M15,2026-04-21 16:30:00+00:00,2026-04-22 03:15:00+00:00,-1,4720.585,4758.808807932635,2.0,-1.0,-1.012349855378929,stop,3
V1 Legacy M15,2026-04-22 03:30:00+00:00,2026-04-22 10:15:00+00:00,1,4762.835,4748.834147514626,2.0,-1.0,-1.0340181785714517,stop,3
Structural Frequency M15,2026-04-22 08:30:00+00:00,2026-04-23 00:15:00+00:00,-1,4754.095,4772.8243381328075,2.0,2.0,1.974616855297879,target,4
Outcome First M15,2026-04-22 14:00:00+00:00,2026-04-22 14:45:00+00:00,1,4752.685,4735.3505886271005,2.0,-1.0,-1.027417631310113,stop,2
M15-0591 MTF,2026-04-22 15:30:00+00:00,2026-04-22 19:00:00+00:00,-1,4735.105,4745.524258215566,3.0,-1.0,-1.0454457016232277,stop,0
V1 Legacy M15,2026-04-22 15:45:00+00:00,2026-04-23 00:45:00+00:00,-1,4727.175,4751.421190462628,2.0,-1.0,-1.0194965679548145,stop,3
Structural Portfolio MTF,2026-04-23 01:30:00+00:00,2026-04-23 17:45:00+00:00,-1,4728.045,4754.677099848227,3.0,1.9048441650904149,1.887090983677967,time_exit,1
Outcome First M15,2026-04-23 07:30:00+00:00,2026-04-23 08:15:00+00:00,-1,4705.785,4721.9545135973085,3.0,-1.0,-1.029102823481241,stop,2
Outcome First M15,2026-04-23 08:45:00+00:00,2026-04-23 12:15:00+00:00,-1,4703.545,4725.607936596517,3.0,-1.0,-1.021318762257344,stop,2
Structural Frequency M15,2026-04-23 08:45:00+00:00,2026-04-23 12:15:00+00:00,-1,4703.545,4725.607936596517,3.0,-1.0,-1.021318762257344,stop,4
V1 Legacy M15,2026-04-23 10:15:00+00:00,2026-04-23 12:00:00+00:00,-1,4688.835,4708.253679212703,3.0,-1.0,-1.0241460036938699,stop,3
Outcome First M15,2026-04-23 13:30:00+00:00,2026-04-23 17:45:00+00:00,-1,4727.285,4744.0052511936765,2.0,2.0,1.9717271891119208,target,2
Structural Frequency M15,2026-04-23 13:30:00+00:00,2026-04-23 17:45:00+00:00,-1,4727.285,4744.0052511936765,2.0,2.0,1.9717271891119208,target,4
V1 Legacy M15,2026-04-24 02:30:00+00:00,2026-04-24 11:30:00+00:00,-1,4683.365,4711.958753620276,2.0,-1.0,-1.01637897934701,stop,3
M15-0591 MTF,2026-04-24 02:45:00+00:00,2026-04-24 08:30:00+00:00,-1,4683.235,4697.29350434433,4.0,-1.0,-1.0333124697001541,stop,0
Outcome First M15,2026-04-24 09:30:00+00:00,2026-04-24 11:15:00+00:00,-1,4683.105,4698.174373310832,3.0,-1.0,-1.0310769725017928,stop,2
Structural Frequency M15,2026-04-24 09:30:00+00:00,2026-04-24 11:15:00+00:00,-1,4683.105,4698.174373310832,3.0,-1.0,-1.0310769725017928,stop,4
Structural Portfolio MTF,2026-04-24 09:45:00+00:00,2026-04-24 11:15:00+00:00,-1,4685.815,4698.178418074344,4.0,-1.0,-1.037900643429049,stop,1
M15-0591 MTF,2026-04-24 12:00:00+00:00,2026-04-24 13:00:00+00:00,1,4706.705,4691.048052856111,3.0,-1.0,-1.0300614478464092,stop,0
Structural Frequency M15,2026-04-24 13:00:00+00:00,2026-04-24 14:15:00+00:00,-1,4700.765,4718.200107449765,3.0,-1.0,-1.0269614914249554,stop,4
M15-0591 MTF,2026-04-24 14:45:00+00:00,2026-04-24 20:15:00+00:00,1,4730.235,4705.215754507767,3.0,-1.0,-1.0189063854921945,stop,0
M15-0591 MTF,2026-04-24 20:45:00+00:00,2026-04-27 00:15:00+00:00,-1,4707.105,4718.195560645279,3.0,3.0,2.9575575559202827,target,0
M15-0591 MTF,2026-04-27 04:15:00+00:00,2026-04-27 05:45:00+00:00,1,4727.245,4713.9552439390045,3.0,-1.0,-1.035570592705416,stop,0
Outcome First M15,2026-04-27 12:45:00+00:00,2026-04-28 05:15:00+00:00,-1,4698.585,4713.148868309352,3.0,3.0,2.967738069994887,target,2
V1 Legacy M15,2026-04-27 12:45:00+00:00,2026-04-27 15:15:00+00:00,-1,4698.585,4713.148868309352,2.0,2.0,1.967738069994887,target,3
M15-0591 MTF,2026-04-27 13:15:00+00:00,2026-04-28 00:30:00+00:00,-1,4695.835,4708.443641971222,4.0,0.08565553708836603,0.04841254921768321,time_exit,0
Structural Portfolio MTF,2026-04-27 15:15:00+00:00,2026-04-28 00:15:00+00:00,-1,4674.375,4698.1874938259425,4.0,-1.0,-1.0196299263494506,stop,1
Structural Portfolio MTF,2026-04-28 01:15:00+00:00,2026-04-28 05:45:00+00:00,-1,4687.365,4701.51702883104,4.0,4.0,3.966878494553947,target,1
M15-0591 MTF,2026-04-28 02:30:00+00:00,2026-04-28 06:00:00+00:00,-1,4675.385,4688.294347088248,4.0,4.0,3.963782947595729,target,0
V1 Legacy M15,2026-04-28 08:15:00+00:00,2026-04-28 12:00:00+00:00,-1,4620.075,4640.246658430207,3.0,3.0,2.9770962064622246,target,3
M15-0591 MTF,2026-04-28 11:15:00+00:00,2026-04-28 22:30:00+00:00,-1,4598.315,4616.647151799055,4.0,0.15164613682410202,0.12656280208847667,time_exit,0
V1 Legacy M15,2026-04-28 23:15:00+00:00,2026-04-29 00:15:00+00:00,-1,4590.515,4600.167722389093,2.0,-1.0,-1.0475566872739157,stop,3
M15-0591 MTF,2026-04-29 01:30:00+00:00,2026-04-29 02:15:00+00:00,-1,4580.255,4601.198889180988,4.0,-1.0,-1.02186917129106,stop,0
V1 Legacy M15,2026-04-29 06:00:00+00:00,2026-04-29 10:00:00+00:00,-1,4590.775,4608.417929681308,2.0,2.0,1.9739795199384396,target,3
Outcome First M15,2026-04-29 09:15:00+00:00,2026-04-29 10:00:00+00:00,1,4573.665,4556.264103446176,3.0,-1.0,-1.0262840767189945,stop,2
M15-0591 MTF,2026-04-29 13:30:00+00:00,2026-04-29 16:15:00+00:00,-1,4537.595,4560.955135728091,4.0,-1.0,-1.0194245232682597,stop,0
V1 Legacy M15,2026-04-29 18:15:00+00:00,2026-04-30 00:00:00+00:00,-1,4525.375,4555.46022370506,2.0,-1.0,-1.0150418525863871,stop,3
V1 Legacy M15,2026-04-30 01:30:00+00:00,2026-04-30 04:15:00+00:00,1,4579.615,4555.296734336005,2.0,-1.0,-1.0188319967520567,stop,3
M15-0591 MTF,2026-04-30 02:00:00+00:00,2026-04-30 02:45:00+00:00,1,4578.755,4564.539481203206,3.0,-1.0,-1.0322095525703412,stop,0
M15-0591 MTF,2026-04-30 05:00:00+00:00,2026-04-30 05:30:00+00:00,-1,4541.725,4557.72869167275,4.0,-1.0,-1.0283792333223558,stop,0
V1 Legacy M15,2026-04-30 06:45:00+00:00,2026-04-30 08:15:00+00:00,1,4575.025,4550.905076043635,2.0,2.0,1.9810321748597688,target,3
M15-0591 MTF,2026-04-30 07:15:00+00:00,2026-04-30 10:45:00+00:00,1,4591.535,4573.403884734335,3.0,3.0,2.9746759372894442,target,0
V1 Legacy M15,2026-04-30 10:30:00+00:00,2026-04-30 14:00:00+00:00,1,4643.655,4613.315500775621,2.0,-1.0,-1.0153056415521478,stop,3
M15-0591 MTF,2026-04-30 11:00:00+00:00,2026-04-30 12:45:00+00:00,1,4639.475,4624.676000930745,3.0,-1.0,-1.0313499242637196,stop,0
V1 Legacy M15,2026-04-30 22:15:00+00:00,2026-05-01 04:45:00+00:00,1,4631.155,4613.553739490906,2.0,-1.0,-1.0263114962568012,stop,3
V1 Legacy M15,2026-05-01 06:00:00+00:00,2026-05-01 08:00:00+00:00,-1,4604.655,4618.434034018671,2.0,2.0,1.9665821639328236,target,3
M15-0591 MTF,2026-05-01 06:45:00+00:00,2026-05-01 09:15:00+00:00,-1,4593.158,4602.647893158094,3.0,3.0,2.951599476163938,target,0
V1 Legacy M15,2026-05-01 10:00:00+00:00,2026-05-01 10:45:00+00:00,-1,4562.595,4573.491443726716,3.0,-1.0,-1.041872331142439,stop,3
Structural Portfolio MTF,2026-05-01 15:00:00+00:00,2026-05-04 08:15:00+00:00,-1,4631.965,4661.386331409556,3.0,1.7664054449663893,1.7506618848415216,time_exit,1
Outcome First M15,2026-05-01 15:00:00+00:00,2026-05-04 08:15:00+00:00,-1,4631.965,4661.386331409556,2.0,1.7664054449663893,1.7506618848415216,time_exit,2
Structural Frequency M15,2026-05-01 15:00:00+00:00,2026-05-04 08:15:00+00:00,-1,4631.965,4661.386331409556,2.0,1.7664054449663893,1.7506618848415216,time_exit,4
M15-0591 MTF,2026-05-01 20:00:00+00:00,2026-05-03 22:15:00+00:00,-1,4610.735,4625.704137620104,3.0,-1.0,-1.030801607393919,stop,0
V1 Legacy M15,2026-05-04 01:15:00+00:00,2026-05-04 02:15:00+00:00,-1,4600.295,4617.779064638125,2.0,-1.0,-1.0263113589157564,stop,3
M15-0591 MTF,2026-05-04 01:30:00+00:00,2026-05-04 02:15:00+00:00,-1,4594.375,4614.89187756575,3.0,-1.0,-1.0223931491781653,stop,0
V1 Legacy M15,2026-05-04 06:45:00+00:00,2026-05-04 10:30:00+00:00,-1,4585.325,4613.852328681722,2.0,2.0,1.9839265531969072,target,3
M15-0591 MTF,2026-05-04 08:30:00+00:00,2026-05-04 16:15:00+00:00,-1,4574.778,4591.849965936565,4.0,4.0,3.97320298074048,target,0
Outcome First M15,2026-05-04 15:15:00+00:00,2026-05-05 08:30:00+00:00,-1,4548.198,4584.300097195122,3.0,-0.0819065990548317,-0.0945047536036332,time_exit,2
V1 Legacy M15,2026-05-04 15:15:00+00:00,2026-05-05 08:30:00+00:00,-1,4548.198,4584.300097195122,2.0,-0.0819065990548317,-0.0945047536036332,time_exit,3
Structural Portfolio MTF,2026-05-05 04:00:00+00:00,2026-05-05 05:45:00+00:00,-1,4534.395,4547.237706781855,4.0,-1.0,-1.0353071597523862,stop,1
V1 Legacy M15,2026-05-05 09:00:00+00:00,2026-05-05 11:00:00+00:00,1,4558.255,4542.327691622383,2.0,-1.0,-1.0286191168773113,stop,3
Structural Frequency M15,2026-05-05 10:30:00+00:00,2026-05-05 11:45:00+00:00,-1,4547.645,4561.077068842603,2.0,-1.0,-1.0338566236764384,stop,4
M15-0591 MTF,2026-05-05 12:15:00+00:00,2026-05-05 17:15:00+00:00,1,4565.075,4553.163782684797,3.0,-1.0,-1.0383258476375332,stop,0
V1 Legacy M15,2026-05-05 13:15:00+00:00,2026-05-05 17:15:00+00:00,1,4578.815,4553.221956126205,2.0,-1.0,-1.0178908574633767,stop,3
Structural Frequency M15,2026-05-05 16:00:00+00:00,2026-05-05 23:15:00+00:00,-1,4568.305,4586.545596069952,2.0,-1.0,-1.025044713355204,stop,4
V1 Legacy M15,2026-05-05 22:15:00+00:00,2026-05-05 23:00:00+00:00,-1,4550.515,4560.496411742549,3.0,-1.0,-1.0455898936680688,stop,3
M15-0591 MTF,2026-05-05 23:45:00+00:00,2026-05-06 03:00:00+00:00,1,4584.965,4567.8542922892875,3.0,3.0,2.9732041182777644,target,0
V1 Legacy M15,2026-05-06 02:15:00+00:00,2026-05-06 09:00:00+00:00,1,4633.225,4608.273547548852,2.0,2.0,1.981431040902043,target,3
M15-0591 MTF,2026-05-06 03:45:00+00:00,2026-05-06 08:00:00+00:00,1,4647.505,4637.192874381802,3.0,3.0,2.9549316487010375,target,0
M15-0591 MTF,2026-05-06 08:45:00+00:00,2026-05-06 09:15:00+00:00,1,4677.465,4669.025617792491,3.0,3.0,2.9445757416243312,target,0
V1 Legacy M15,2026-05-06 10:45:00+00:00,2026-05-06 12:15:00+00:00,1,4714.145,4690.254861471269,2.0,-1.0,-1.0197325980103902,stop,3
V1 Legacy M15,2026-05-06 19:15:00+00:00,2026-05-07 06:45:00+00:00,1,4695.075,4679.436333577293,2.0,2.0,1.9699777789672464,target,3
Structural Portfolio MTF,2026-05-07 01:30:00+00:00,2026-05-07 15:00:00+00:00,1,4703.805,4684.092975038572,3.0,3.0,2.9761373830988735,target,1
Outcome First M15,2026-05-07 08:45:00+00:00,2026-05-07 13:45:00+00:00,-1,4735.045,4754.249205744635,3.0,-1.0,-1.024656291767353,stop,2
V1 Legacy M15,2026-05-07 12:00:00+00:00,2026-05-07 16:15:00+00:00,1,4742.785,4726.204525792646,2.0,-1.0,-1.0286046402574924,stop,3
Outcome First M15,2026-05-07 15:45:00+00:00,2026-05-08 09:00:00+00:00,-1,4738.735,4765.7730803225695,3.0,0.8595284769755034,0.8420023251797178,time_exit,2
M15-0591 MTF,2026-05-07 22:45:00+00:00,2026-05-08 00:00:00+00:00,-1,4686.805,4705.34762925482,3.0,-1.0,-1.0252758383700182,stop,0
V1 Legacy M15,2026-05-08 06:30:00+00:00,2026-05-08 07:30:00+00:00,1,4733.425,4708.342756125318,2.0,-1.0,-1.0188716170038437,stop,3
V1 Legacy M15,2026-05-08 10:45:00+00:00,2026-05-08 12:15:00+00:00,1,4724.195,4706.387298149036,2.0,-1.0,-1.0265289425864028,stop,3
Outcome First M15,2026-05-08 14:30:00+00:00,2026-05-11 07:45:00+00:00,-1,4717.965,4750.518212491512,3.0,1.4207507173695935,1.4062576316219726,time_exit,2
V1 Legacy M15,2026-05-08 18:15:00+00:00,2026-05-10 22:15:00+00:00,1,4727.545,4710.178568783535,2.0,-1.0,-1.027222317245687,stop,3
V1 Legacy M15,2026-05-11 04:30:00+00:00,2026-05-11 12:30:00+00:00,-1,4671.455,4691.271185694939,2.0,-1.0,-1.02357393633626,stop,3
Structural Portfolio MTF,2026-05-11 14:30:00+00:00,2026-05-11 23:00:00+00:00,-1,4724.865,4749.680189521355,3.0,-1.0,-1.0190402132368723,stop,1
Outcome First M15,2026-05-11 14:30:00+00:00,2026-05-11 23:00:00+00:00,-1,4724.865,4749.680189521355,2.0,-1.0,-1.0190402132368723,stop,2
Structural Frequency M15,2026-05-11 14:30:00+00:00,2026-05-11 23:00:00+00:00,-1,4724.865,4749.680189521355,2.0,-1.0,-1.0190402132368723,stop,4
V1 Legacy M15,2026-05-11 20:00:00+00:00,2026-05-11 23:45:00+00:00,1,4733.325,4721.543894298576,2.0,2.0,1.9598227439770122,target,3
M15-0591 MTF,2026-05-12 05:15:00+00:00,2026-05-12 14:45:00+00:00,-1,4712.535,4725.991857657167,3.0,3.0,2.96498042024328,target,0
V1 Legacy M15,2026-05-12 06:15:00+00:00,2026-05-12 15:30:00+00:00,-1,4705.035,4725.834637763938,2.0,2.0,1.9773792454782197,target,3
Structural Frequency M15,2026-05-12 12:00:00+00:00,2026-05-12 13:30:00+00:00,1,4706.495,4684.101056586012,2.0,-1.0,-1.0210168209903587,stop,4
Outcome First M15,2026-05-12 13:30:00+00:00,2026-05-12 15:30:00+00:00,-1,4690.475,4712.544664635261,2.0,2.0,1.97874695842679,target,2
M15-0591 MTF,2026-05-12 15:00:00+00:00,2026-05-12 19:30:00+00:00,-1,4672.785,4702.776836673628,3.0,-1.0,-1.0155801895390713,stop,0
V1 Legacy M15,2026-05-13 06:15:00+00:00,2026-05-13 09:30:00+00:00,1,4710.485,4692.4935045002185,2.0,-1.0,-1.0261817312521757,stop,3
Structural Frequency M15,2026-05-13 07:15:00+00:00,2026-05-14 00:30:00+00:00,-1,4702.115,4715.9698540600075,3.0,0.09671700576537143,0.06277861146952142,time_exit,4
V1 Legacy M15,2026-05-13 12:30:00+00:00,2026-05-13 16:30:00+00:00,-1,4683.555,4706.081280097056,2.0,-1.0,-1.0207915154203029,stop,3
M15-0591 MTF,2026-05-13 12:45:00+00:00,2026-05-13 15:45:00+00:00,-1,4682.655,4695.092536116467,3.0,-1.0,-1.0376493781095444,stop,0
Structural Portfolio MTF,2026-05-13 23:45:00+00:00,2026-05-14 00:30:00+00:00,-1,4694.605,4702.418677984853,2.0,-1.0,-1.0600818847295752,stop,1
Structural Portfolio MTF,2026-05-14 01:30:00+00:00,2026-05-14 04:45:00+00:00,-1,4692.615,4707.619602289596,2.0,-1.0,-1.031274504378259,stop,1
V1 Legacy M15,2026-05-14 03:45:00+00:00,2026-05-14 04:30:00+00:00,-1,4675.945,4700.291730593568,2.0,-1.0,-1.019205638235613,stop,3
Structural Portfolio MTF,2026-05-14 08:15:00+00:00,2026-05-15 00:30:00+00:00,-1,4698.715,4719.603643955884,3.0,3.0,2.977505887840668,target,1
Outcome First M15,2026-05-14 08:15:00+00:00,2026-05-14 19:45:00+00:00,-1,4698.715,4719.603643955884,2.0,2.0,1.977505887840668,target,2
Structural Frequency M15,2026-05-14 08:15:00+00:00,2026-05-14 19:45:00+00:00,-1,4698.715,4719.603643955884,2.0,2.0,1.977505887840668,target,4
V1 Legacy M15,2026-05-14 18:45:00+00:00,2026-05-15 00:30:00+00:00,-1,4668.325,4683.473244943964,2.0,2.0,1.9691824035241787,target,3
M15-0591 MTF,2026-05-14 20:00:00+00:00,2026-05-15 00:45:00+00:00,-1,4653.838,4666.013697401434,3.0,3.0,2.961777647336638,target,0
V1 Legacy M15,2026-05-15 04:45:00+00:00,2026-05-15 05:45:00+00:00,-1,4605.965,4622.539368026824,2.0,2.0,1.972210312981191,target,3
M15-0591 MTF,2026-05-15 05:30:00+00:00,2026-05-15 13:45:00+00:00,-1,4588.635,4607.6300583461225,3.0,3.0,2.9758430065526134,target,0
Outcome First M15,2026-05-15 10:30:00+00:00,2026-05-15 13:45:00+00:00,1,4551.575,4530.369548496929,3.0,-1.0,-1.0214641739617802,stop,2
V1 Legacy M15,2026-05-15 13:45:00+00:00,2026-05-15 14:30:00+00:00,-1,4519.785,4560.027336533821,3.0,-1.0,-1.0112314179277375,stop,3
V1 Legacy M15,2026-05-15 20:00:00+00:00,2026-05-18 00:45:00+00:00,-1,4545.665,4563.620474751008,2.0,2.0,1.974683682481051,target,3
M15-0591 MTF,2026-05-18 01:15:00+00:00,2026-05-18 02:00:00+00:00,-1,4495.795,4520.339370111507,4.0,-1.0,-1.0183170111091675,stop,0
V1 Legacy M15,2026-05-18 11:45:00+00:00,2026-05-19 05:00:00+00:00,1,4562.255,4528.663830030089,2.0,-0.5968830504552198,-0.6104647595891578,time_exit,3
M15-0591 MTF,2026-05-18 13:00:00+00:00,2026-05-18 14:45:00+00:00,1,4571.065,4548.545775477594,3.0,-1.0,-1.0202985009339556,stop,0
Structural Portfolio MTF,2026-05-18 15:00:00+00:00,2026-05-18 23:15:00+00:00,-1,4546.365,4585.410780520659,4.0,-1.0,-1.0116436781116325,stop,1
Structural Frequency M15,2026-05-18 15:00:00+00:00,2026-05-18 23:15:00+00:00,-1,4546.365,4585.410780520659,3.0,-1.0,-1.0116436781116325,stop,4
M15-0591 MTF,2026-05-18 23:30:00+00:00,2026-05-19 00:30:00+00:00,1,4585.515,4572.223923914126,3.0,-1.0,-1.0345007053633044,stop,0
Structural Portfolio MTF,2026-05-19 00:45:00+00:00,2026-05-19 13:30:00+00:00,-1,4570.615,4590.194888543794,3.0,3.0,2.976656583157882,target,1
Structural Frequency M15,2026-05-19 08:30:00+00:00,2026-05-19 13:30:00+00:00,-1,4538.135,4560.162226497827,2.0,2.0,1.9793976104960478,target,4
Outcome First M15,2026-05-19 10:45:00+00:00,2026-05-19 11:15:00+00:00,-1,4528.925,4547.609670644094,3.0,-1.0,-1.0242387199981584,stop,2
V1 Legacy M15,2026-05-19 10:45:00+00:00,2026-05-19 11:15:00+00:00,-1,4528.925,4547.609670644094,2.0,-1.0,-1.0242387199981584,stop,3
V1 Legacy M15,2026-05-19 13:15:00+00:00,2026-05-19 13:45:00+00:00,-1,4524.165,4548.121748770691,2.0,2.0,1.9811152796929818,target,3
M15-0591 MTF,2026-05-19 14:15:00+00:00,2026-05-20 01:30:00+00:00,-1,4492.475,4527.468634344485,4.0,0.5443847247321677,0.5315467469566237,time_exit,0
V1 Legacy M15,2026-05-19 18:30:00+00:00,2026-05-20 11:45:00+00:00,-1,4495.848,4511.995962547494,3.0,0.047869816252459695,0.020028235701495926,time_exit,3
V1 Legacy M15,2026-05-20 12:45:00+00:00,2026-05-20 13:30:00+00:00,1,4502.815,4489.889967690373,2.0,-1.0,-1.0348379399921985,stop,3
Structural Frequency M15,2026-05-20 13:30:00+00:00,2026-05-20 14:30:00+00:00,-1,4489.265,4506.903102144406,2.0,-1.0,-1.0254520864163599,stop,4
Structural Portfolio MTF,2026-05-20 13:45:00+00:00,2026-05-20 14:30:00+00:00,-1,4489.665,4506.907880562663,3.0,-1.0,-1.0260377898210447,stop,1
Outcome First M15,2026-05-20 13:45:00+00:00,2026-05-20 14:30:00+00:00,-1,4489.665,4506.907880562663,2.0,-1.0,-1.0260377898210447,stop,2
V1 Legacy M15,2026-05-21 01:15:00+00:00,2026-05-21 02:45:00+00:00,1,4559.655,4536.25314928974,2.0,-1.0,-1.0194841641221175,stop,3
M15-0591 MTF,2026-05-21 01:45:00+00:00,2026-05-21 02:15:00+00:00,1,4567.525,4555.897480637138,3.0,-1.0,-1.039282024458189,stop,0
Outcome First M15,2026-05-21 08:15:00+00:00,2026-05-21 10:30:00+00:00,1,4534.085,4510.89020372813,3.0,-1.0,-1.0195478543844712,stop,2
M15-0591 MTF,2026-05-22 01:45:00+00:00,2026-05-22 12:00:00+00:00,-1,4524.855,4539.588844797539,3.0,0.29659603857979816,0.26588541917137654,time_exit,0
Outcome First M15,2026-05-22 10:45:00+00:00,2026-05-24 22:15:00+00:00,-1,4512.188,4537.454094267749,3.0,-1.0,-1.0178586684280668,stop,2
V1 Legacy M15,2026-05-22 10:45:00+00:00,2026-05-24 22:15:00+00:00,-1,4512.188,4537.454094267749,2.0,-1.0,-1.0178586684280668,stop,3
Structural Portfolio MTF,2026-05-22 11:00:00+00:00,2026-05-24 22:15:00+00:00,-1,4514.215,4537.428658962909,4.0,-1.0,-1.0194463742541098,stop,1
Structural Frequency M15,2026-05-22 11:00:00+00:00,2026-05-24 22:15:00+00:00,-1,4514.215,4537.428658962909,3.0,-1.0,-1.0194463742541098,stop,4
M15-0591 MTF,2026-05-22 15:00:00+00:00,2026-05-22 15:30:00+00:00,-1,4500.445,4514.512333015151,4.0,-1.0,-1.0319921693412162,stop,0
M15-0591 MTF,2026-05-25 00:15:00+00:00,2026-05-25 01:15:00+00:00,1,4572.495,4563.34050359166,3.0,-1.0,-1.0499480779285089,stop,0
M15-0591 MTF,2026-05-25 06:00:00+00:00,2026-05-25 07:15:00+00:00,-1,4553.185,4564.28091586545,3.0,-1.0,-1.0410347830247857,stop,0
Structural Frequency M15,2026-05-25 07:15:00+00:00,2026-05-26 00:15:00+00:00,1,4560.548,4549.663454021024,2.0,-1.0,-1.0418992947322667,stop,4
V1 Legacy M15,2026-05-25 09:45:00+00:00,2026-05-26 00:15:00+00:00,1,4565.575,4552.596417812609,2.0,-1.0,-1.0351777639042539,stop,3
V1 Legacy M15,2026-05-26 01:45:00+00:00,2026-05-26 18:00:00+00:00,-1,4532.085,4553.991049582074,2.0,1.8798460144862597,1.8591572774183556,time_exit,3
Structural Portfolio MTF,2026-05-26 11:30:00+00:00,2026-05-27 04:45:00+00:00,-1,4523.375,4541.191696983941,4.0,0.8531323181676184,0.8277439142222796,time_exit,1
Outcome First M15,2026-05-26 11:30:00+00:00,2026-05-27 04:45:00+00:00,-1,4523.375,4541.191696983941,3.0,0.8531323181676184,0.8277439142222796,time_exit,2
Structural Frequency M15,2026-05-26 11:30:00+00:00,2026-05-27 04:45:00+00:00,-1,4523.375,4541.191696983941,3.0,0.8531323181676184,0.8277439142222796,time_exit,4
M15-0591 MTF,2026-05-26 18:15:00+00:00,2026-05-26 19:30:00+00:00,-1,4487.165,4502.021466920874,4.0,-1.0,-1.030203446242627,stop,0
V1 Legacy M15,2026-05-27 02:15:00+00:00,2026-05-27 11:00:00+00:00,-1,4503.835,4522.674631202081,3.0,3.0,2.9760938260856062,target,3
M15-0591 MTF,2026-05-27 06:15:00+00:00,2026-05-27 12:00:00+00:00,-1,4493.745,4509.598301234791,4.0,4.0,3.9716542003873725,target,0
Outcome First M15,2026-05-27 08:30:00+00:00,2026-05-27 10:45:00+00:00,1,4488.915,4474.7945330013745,3.0,-1.0,-1.0317901313068254,stop,2
Structural Portfolio MTF,2026-05-27 10:30:00+00:00,2026-05-28 03:30:00+00:00,-1,4476.705,4498.516521417028,4.0,4.0,3.9794755032700055,target,1
M15-0591 MTF,2026-05-27 12:00:00+00:00,2026-05-27 12:30:00+00:00,-1,4428.455,4453.380360407906,4.0,-1.0,-1.0177668644606455,stop,0
M15-0591 MTF,2026-05-27 13:30:00+00:00,2026-05-27 14:15:00+00:00,-1,4404.605,4440.617210171458,4.0,-1.0,-1.0122308655287446,stop,0
V1 Legacy M15,2026-05-28 00:00:00+00:00,2026-05-28 02:00:00+00:00,-1,4446.955,4462.922300225783,2.0,2.0,1.9721496124133793,target,3
M15-0591 MTF,2026-05-28 01:45:00+00:00,2026-05-28 12:00:00+00:00,-1,4417.318,4441.243257933319,4.0,1.2360577295518462,1.2175947394670106,time_exit,0
V1 Legacy M15,2026-05-28 03:30:00+00:00,2026-05-28 13:00:00+00:00,-1,4387.268,4413.195640657812,3.0,-1.0,-1.0169212002661652,stop,3
M15-0591 MTF,2026-05-28 13:30:00+00:00,2026-05-28 17:15:00+00:00,1,4428.445,4399.991326407465,3.0,3.0,2.9844362978804893,target,0
V1 Legacy M15,2026-05-28 16:30:00+00:00,2026-05-29 09:45:00+00:00,1,4500.425,4467.015413737768,2.0,0.9503260456682575,0.9368555855294337,time_exit,3
M15-0591 MTF,2026-05-29 01:45:00+00:00,2026-05-29 12:00:00+00:00,1,4506.165,4491.095522525779,3.0,2.1274792078786837,2.0975766116691688,time_exit,0
Outcome First M15,2026-05-29 08:30:00+00:00,2026-05-29 09:15:00+00:00,-1,4516.855,4527.02962862568,2.0,-1.0,-1.0443933156302105,stop,2
V1 Legacy M15,2026-06-01 02:00:00+00:00,2026-06-01 13:15:00+00:00,-1,4525.155,4545.800066943932,2.0,2.0,1.9780811803018634,target,3
Structural Portfolio MTF,2026-06-01 05:30:00+00:00,2026-06-01 06:30:00+00:00,1,4520.295,4507.650359395218,2.0,-1.0,-1.0357487028796264,stop,1
M15-0591 MTF,2026-06-01 07:30:00+00:00,2026-06-01 13:30:00+00:00,-1,4503.635,4515.636659275015,3.0,3.0,2.962474897038813,target,0
M15-0591 MTF,2026-06-01 14:30:00+00:00,2026-06-01 15:45:00+00:00,-1,4455.965,4470.8005618788,3.0,-1.0,-1.0300357009488637,stop,0
V1 Legacy M15,2026-06-02 05:00:00+00:00,2026-06-02 14:15:00+00:00,1,4517.135,4491.8807781761,2.0,-1.0,-1.017886652899061,stop,3
M15-0591 MTF,2026-06-02 13:15:00+00:00,2026-06-02 23:15:00+00:00,-1,4513.885,4526.737265313264,3.0,3.0,2.9648786817733876,target,0
V1 Legacy M15,2026-06-02 17:45:00+00:00,2026-06-03 07:00:00+00:00,-1,4484.385,4498.928042810396,2.0,2.0,1.9691647404297365,target,3
V1 Legacy M15,2026-06-03 08:00:00+00:00,2026-06-04 01:15:00+00:00,-1,4453.275,4472.9424302774305,3.0,-0.5420128532111043,-0.564655745226897,time_exit,3
M15-0591 MTF,2026-06-03 09:30:00+00:00,2026-06-03 10:15:00+00:00,-1,4439.715,4459.881672203885,4.0,-1.0,-1.0220151096577295,stop,0
Structural Portfolio MTF,2026-06-04 00:45:00+00:00,2026-06-04 01:15:00+00:00,-1,4448.045,4465.993071822122,3.0,-1.0,-1.024782857145231,stop,1
V1 Legacy M15,2026-06-04 03:00:00+00:00,2026-06-04 14:00:00+00:00,1,4474.475,4454.285645696115,2.0,2.0,1.9778374536765697,target,3
M15-0591 MTF,2026-06-04 11:45:00+00:00,2026-06-04 14:45:00+00:00,1,4491.305,4472.238936356058,3.0,-1.0,-1.0235565404788047,stop,0
Structural Frequency M15,2026-06-04 14:00:00+00:00,2026-06-05 00:15:00+00:00,-1,4495.625,4516.253026466387,2.0,2.0,1.9782062282723678,target,4
Structural Portfolio MTF,2026-06-04 14:15:00+00:00,2026-06-05 07:30:00+00:00,-1,4487.515,4516.275667433074,3.0,0.7148651903800118,0.6992622318935912,time_exit,1
Outcome First M15,2026-06-04 14:15:00+00:00,2026-06-05 07:30:00+00:00,-1,4487.515,4516.275667433074,3.0,0.7148651903800118,0.6992622318935912,time_exit,2
V1 Legacy M15,2026-06-04 23:00:00+00:00,2026-06-05 02:15:00+00:00,-1,4468.995,4481.893681841127,2.0,2.0,1.9653530875864318,target,3
M15-0591 MTF,2026-06-04 23:30:00+00:00,2026-06-05 01:45:00+00:00,-1,4469.095,4476.5894182093525,3.0,3.0,2.9403676859876455,target,0
M15-0591 MTF,2026-06-05 02:45:00+00:00,2026-06-05 07:15:00+00:00,-1,4442.675,4460.506087906169,4.0,-1.0,-1.0249153333962475,stop,0
V1 Legacy M15,2026-06-05 12:00:00+00:00,2026-06-05 12:45:00+00:00,1,4470.035,4457.489185254786,2.0,-1.0,-1.0356296907835767,stop,3
M15-0591 MTF,2026-06-05 14:30:00+00:00,2026-06-08 01:45:00+00:00,-1,4360.945,4392.669353394533,4.0,1.1045142375080967,1.0907678738052151,time_exit,0
V1 Legacy M15,2026-06-05 15:45:00+00:00,2026-06-08 09:00:00+00:00,-1,4338.518,4374.018400430906,3.0,1.4065475147860467,1.3943264751714541,time_exit,3
V1 Legacy M15,2026-06-08 09:30:00+00:00,2026-06-08 10:00:00+00:00,-1,4279.695,4298.15942577599,3.0,-1.0,-1.0231780562900852,stop,3
Structural Portfolio MTF,2026-06-08 14:15:00+00:00,2026-06-09 05:45:00+00:00,-1,4319.415,4347.886050163807,4.0,-1.0,-1.0151712528169785,stop,1
Outcome First M15,2026-06-08 14:15:00+00:00,2026-06-09 05:45:00+00:00,-1,4319.415,4347.886050163807,3.0,-1.0,-1.0151712528169785,stop,2
Structural Frequency M15,2026-06-08 14:15:00+00:00,2026-06-09 05:45:00+00:00,-1,4319.415,4347.886050163807,3.0,-1.0,-1.0151712528169785,stop,4
M15-0591 MTF,2026-06-08 23:45:00+00:00,2026-06-09 01:30:00+00:00,-1,4319.475,4328.877440573877,4.0,-1.0,-1.0459399340635147,stop,0
Outcome First M15,2026-06-09 08:30:00+00:00,2026-06-09 14:15:00+00:00,1,4334.365,4320.061707199832,3.0,-1.0,-1.0303032669508745,stop,2
V1 Legacy M15,2026-06-09 11:00:00+00:00,2026-06-09 14:15:00+00:00,1,4338.925,4323.952071933901,2.0,-1.0,-1.028978466875987,stop,3
Structural Frequency M15,2026-06-09 13:30:00+00:00,2026-06-09 14:00:00+00:00,-1,4330.995,4346.2640099819555,2.0,-1.0,-1.0283646091339138,stop,4
Structural Portfolio MTF,2026-06-09 13:45:00+00:00,2026-06-09 14:00:00+00:00,-1,4330.015,4346.27658069753,3.0,-1.0,-1.026627270008614,stop,1
M15-0591 MTF,2026-06-09 15:15:00+00:00,2026-06-10 01:45:00+00:00,-1,4294.695,4322.183648637094,4.0,4.0,3.984376478244898,target,0
V1 Legacy M15,2026-06-09 16:15:00+00:00,2026-06-10 09:30:00+00:00,-1,4259.535,4303.256480905415,3.0,2.138765615059921,2.1290231843101144,time_exit,3
Structural Portfolio MTF,2026-06-09 16:30:00+00:00,2026-06-10 09:45:00+00:00,-1,4263.125,4303.247732269314,4.0,2.287730540978173,2.2771053298849084,time_exit,1
Outcome First M15,2026-06-10 07:45:00+00:00,2026-06-10 17:45:00+00:00,-1,4189.495,4217.601935558153,3.0,3.0,2.9850944440693934,target,2
Structural Frequency M15,2026-06-10 07:45:00+00:00,2026-06-10 17:45:00+00:00,-1,4189.495,4217.601935558153,3.0,3.0,2.9850944440693934,target,4
M15-0591 MTF,2026-06-10 08:45:00+00:00,2026-06-10 19:00:00+00:00,-1,4170.345,4188.664182302007,4.0,4.0,3.97723509198583,target,0
V1 Legacy M15,2026-06-10 10:15:00+00:00,2026-06-10 14:00:00+00:00,-1,4160.865,4180.540778764041,3.0,-1.0,-1.0211471426361245,stop,3
V1 Legacy M15,2026-06-10 17:45:00+00:00,2026-06-11 11:00:00+00:00,-1,4102.065,4136.646332424267,3.0,0.35394818944022094,0.34208611035757286,time_exit,3
M15-0591 MTF,2026-06-10 23:00:00+00:00,2026-06-11 00:45:00+00:00,-1,4045.685,4074.02712676606,4.0,-1.0,-1.014274458065175,stop,0
Structural Portfolio MTF,2026-06-11 08:45:00+00:00,2026-06-11 17:45:00+00:00,-1,4090.395,4113.696955409787,4.0,-1.0,-1.0175538701712648,stop,1
Outcome First M15,2026-06-11 08:45:00+00:00,2026-06-11 17:45:00+00:00,-1,4090.395,4113.696955409787,3.0,-1.0,-1.0175538701712648,stop,2
Structural Frequency M15,2026-06-11 08:45:00+00:00,2026-06-11 17:45:00+00:00,-1,4090.395,4113.696955409787,3.0,-1.0,-1.0175538701712648,stop,4
V1 Legacy M15,2026-06-11 22:45:00+00:00,2026-06-12 00:45:00+00:00,1,4225.575,4203.505863485973,2.0,-1.0,-1.0191469883622966,stop,3
V1 Legacy M15,2026-06-12 08:00:00+00:00,2026-06-14 22:15:00+00:00,1,4194.315,4168.8419819008695,2.0,2.0,1.9835342832809306,target,3
Structural Frequency M15,2026-06-12 08:00:00+00:00,2026-06-14 22:15:00+00:00,1,4194.315,4168.8419819008695,2.0,2.0,1.9835342832809306,target,4
Structural Portfolio MTF,2026-06-12 15:15:00+00:00,2026-06-15 02:30:00+00:00,1,4213.775,4175.542303374381,3.0,3.0,2.9889786089606445,target,1
Outcome First M15,2026-06-12 15:15:00+00:00,2026-06-15 02:30:00+00:00,1,4213.775,4175.542303374381,3.0,3.0,2.9889786089606445,target,2
V1 Legacy M15,2026-06-15 01:45:00+00:00,2026-06-15 18:00:00+00:00,1,4317.355,4283.925023203848,2.0,0.21477729535327567,0.20186267376581182,time_exit,3
Structural Frequency M15,2026-06-15 07:30:00+00:00,2026-06-15 13:30:00+00:00,1,4316.635,4299.797713006862,2.0,2.0,1.9743626452304388,target,4
M15-0591 MTF,2026-06-15 09:15:00+00:00,2026-06-15 12:30:00+00:00,1,4339.965,4326.626560690018,3.0,-1.0,-1.0325372774066006,stop,0
V1 Legacy M15,2026-06-15 20:15:00+00:00,2026-06-16 03:45:00+00:00,-1,4315.698,4327.828929819992,2.0,-1.0,-1.0355759868702554,stop,3
M15-0591 MTF,2026-06-16 08:15:00+00:00,2026-06-16 14:30:00+00:00,1,4337.655,4325.572952335903,3.0,-1.0,-1.035901654426426,stop,0
V1 Legacy M15,2026-06-16 08:30:00+00:00,2026-06-16 14:30:00+00:00,1,4341.075,4321.750549084897,2.0,-1.0,-1.022464157036448,stop,3
Outcome First M15,2026-06-16 11:30:00+00:00,2026-06-16 13:00:00+00:00,-1,4341.925,4349.966009984204,2.0,-1.0,-1.053997259156866,stop,2
M15-0591 MTF,2026-06-16 15:00:00+00:00,2026-06-16 16:00:00+00:00,-1,4323.895,4336.1376609236295,3.0,-1.0,-1.035318261503548,stop,0
V1 Legacy M15,2026-06-16 16:15:00+00:00,2026-06-17 04:45:00+00:00,1,4345.925,4320.051232235651,2.0,-1.0,-1.0167966453111175,stop,3
Structural Frequency M15,2026-06-16 16:15:00+00:00,2026-06-17 04:45:00+00:00,1,4345.925,4320.051232235651,3.0,-1.0,-1.0167966453111175,stop,4
Structural Portfolio MTF,2026-06-17 00:30:00+00:00,2026-06-17 04:30:00+00:00,1,4336.995,4327.891413670508,2.0,-1.0,-1.0476405104870583,stop,1
M15-0591 MTF,2026-06-17 04:45:00+00:00,2026-06-17 09:45:00+00:00,-1,4322.995,4334.662396339179,3.0,-1.0,-1.0370519255052923,stop,0
Structural Frequency M15,2026-06-17 09:30:00+00:00,2026-06-17 14:45:00+00:00,1,4331.885,4316.342725275536,2.0,2.0,1.9721283719610132,target,4
M15-0591 MTF,2026-06-17 14:15:00+00:00,2026-06-17 15:00:00+00:00,1,4342.165,4331.7254638248405,4.0,-1.0,-1.0415934666746216,stop,0
Outcome First M15,2026-06-17 17:00:00+00:00,2026-06-17 17:45:00+00:00,-1,4359.278,4367.187271023949,3.0,-1.0,-1.055116052880229,stop,2
V1 Legacy M15,2026-06-17 17:45:00+00:00,2026-06-17 18:15:00+00:00,1,4376.278,4353.998674038042,2.0,-1.0,-1.0196427755824948,stop,3
Structural Portfolio MTF,2026-06-18 03:00:00+00:00,2026-06-18 15:45:00+00:00,-1,4310.695,4331.1563158486115,4.0,4.0,3.978932464403102,target,1
V1 Legacy M15,2026-06-18 08:00:00+00:00,2026-06-18 11:15:00+00:00,-1,4288.535,4310.307911567919,2.0,2.0,1.980303346262983,target,3
M15-0591 MTF,2026-06-18 09:30:00+00:00,2026-06-18 19:45:00+00:00,-1,4266.115,4282.79419064217,4.0,3.13624330593973,3.1106658358362713,time_exit,0
V1 Legacy M15,2026-06-18 15:30:00+00:00,2026-06-19 03:30:00+00:00,-1,4235.575,4258.801878362953,3.0,3.0,2.9817643381352714,target,3
M15-0591 MTF,2026-06-18 23:45:00+00:00,2026-06-19 04:45:00+00:00,-1,4194.555,4208.792117671254,4.0,4.0,3.9705378918903707,target,0
V1 Legacy M15,2026-06-19 03:45:00+00:00,2026-06-22 01:00:00+00:00,-1,4162.025,4184.404036148754,3.0,-1.0,-1.018597874244158,stop,3
M15-0591 MTF,2026-06-19 04:45:00+00:00,2026-06-19 07:15:00+00:00,-1,4135.085,4156.09826189269,4.0,-1.0,-1.019678453640929,stop,0
Outcome First M15,2026-06-19 10:15:00+00:00,2026-06-19 13:00:00+00:00,-1,4155.005,4171.538358662238,3.0,-1.0,-1.0251310401285247,stop,2
Structural Frequency M15,2026-06-19 10:15:00+00:00,2026-06-19 13:00:00+00:00,-1,4155.005,4171.538358662238,3.0,-1.0,-1.0251310401285247,stop,4
V1 Legacy M15,2026-06-22 05:30:00+00:00,2026-06-22 22:45:00+00:00,1,4193.795,4169.4828215941125,2.0,-0.16452659787291343,-0.1817763684610743,time_exit,3
Structural Frequency M15,2026-06-22 08:00:00+00:00,2026-06-22 09:15:00+00:00,-1,4190.195,4208.002013853442,2.0,-1.0,-1.0235311492116912,stop,4
Structural Portfolio MTF,2026-06-22 23:00:00+00:00,2026-06-22 23:45:00+00:00,-1,4189.438,4194.903420023302,3.0,-1.0,-1.0766535413955087,stop,1
V1 Legacy M15,2026-06-22 23:45:00+00:00,2026-06-23 00:00:00+00:00,1,4194.655,4187.611281052772,2.0,-1.0,-1.0595517088547513,stop,3
V1 Legacy M15,2026-06-23 00:15:00+00:00,2026-06-23 01:15:00+00:00,-1,4178.505,4195.677410724906,2.0,-1.0,-1.024332663986075,stop,3
Structural Portfolio MTF,2026-06-23 01:30:00+00:00,2026-06-23 06:15:00+00:00,-1,4177.995,4199.164940376932,3.0,3.0,2.980264493306969,target,1
V1 Legacy M15,2026-06-23 01:30:00+00:00,2026-06-23 03:30:00+00:00,-1,4177.995,4199.164940376932,2.0,2.0,1.980264493306969,target,3
V1 Legacy M15,2026-06-23 05:00:00+00:00,2026-06-23 22:15:00+00:00,-1,4117.905,4147.793584159604,3.0,0.1425293341849543,0.1287518163941799,time_exit,3
M15-0591 MTF,2026-06-23 05:30:00+00:00,2026-06-23 14:15:00+00:00,-1,4124.995,4141.213300991524,4.0,-1.0,-1.0254341993169058,stop,0
Structural Portfolio MTF,2026-06-23 14:45:00+00:00,2026-06-24 08:00:00+00:00,-1,4125.975,4145.9299955501665,4.0,2.5687803272686502,2.548103925764939,time_exit,1
Outcome First M15,2026-06-23 14:45:00+00:00,2026-06-24 02:45:00+00:00,-1,4125.975,4145.9299955501665,3.0,3.0,2.979323598496289,target,2
Structural Frequency M15,2026-06-23 14:45:00+00:00,2026-06-24 02:45:00+00:00,-1,4125.975,4145.9299955501665,3.0,3.0,2.979323598496289,target,4
V1 Legacy M15,2026-06-23 22:30:00+00:00,2026-06-23 23:45:00+00:00,-1,4105.765,4115.524250278675,2.0,2.0,1.9579295039807345,target,3
M15-0591 MTF,2026-06-23 22:45:00+00:00,2026-06-24 02:45:00+00:00,-1,4103.795,4115.66210033441,4.0,4.0,3.9654187216391805,target,0
M15-0591 MTF,2026-06-24 03:15:00+00:00,2026-06-24 05:45:00+00:00,-1,4057.555,4078.211409701212,4.0,-1.0,-1.0196430795994618,stop,0
Outcome First M15,2026-06-24 08:00:00+00:00,2026-06-24 12:30:00+00:00,-1,4074.665,4095.3546731584806,3.0,3.0,2.980305802954022,target,2
V1 Legacy M15,2026-06-24 09:30:00+00:00,2026-06-24 12:30:00+00:00,-1,4069.125,4088.4223568950883,2.0,2.0,1.9789135630225314,target,3
M15-0591 MTF,2026-06-24 12:15:00+00:00,2026-06-24 23:30:00+00:00,-1,4037.985,4059.5902138200986,4.0,1.852330661165268,1.8336407975350195,time_exit,0
V1 Legacy M15,2026-06-24 17:30:00+00:00,2026-06-25 10:45:00+00:00,-1,3990.315,4023.5697370745465,2.0,0.14584388350831823,0.13384464565220472,time_exit,3
V1 Legacy M15,2026-06-25 11:30:00+00:00,2026-06-25 12:45:00+00:00,-1,3977.065,3990.1841924921077,2.0,-1.0,-1.0303148612415935,stop,3
V1 Legacy M15,2026-06-25 16:00:00+00:00,2026-06-26 02:45:00+00:00,1,4041.045,4003.3505181527275,2.0,-1.0,-1.0107205214184218,stop,3
Structural Portfolio MTF,2026-06-25 17:00:00+00:00,2026-06-26 09:30:00+00:00,-1,4028.485,4045.0880950187407,3.0,-1.0,-1.0242634580808754,stop,1
Outcome First M15,2026-06-25 17:00:00+00:00,2026-06-26 02:45:00+00:00,-1,4028.485,4045.0880950187407,2.0,2.0,1.9757365419191246,target,2
Structural Frequency M15,2026-06-25 17:00:00+00:00,2026-06-26 02:45:00+00:00,-1,4028.485,4045.0880950187407,2.0,2.0,1.9757365419191246,target,4
M15-0591 MTF,2026-06-26 00:30:00+00:00,2026-06-26 01:15:00+00:00,-1,4015.215,4025.1584678085474,4.0,-1.0,-1.040380429416673,stop,0
M15-0591 MTF,2026-06-26 02:45:00+00:00,2026-06-26 05:30:00+00:00,-1,3992.005,4017.609569754594,3.0,-1.0,-1.0155909864460182,stop,0
M15-0591 MTF,2026-06-26 08:30:00+00:00,2026-06-26 14:00:00+00:00,1,4035.435,4024.553738395384,3.0,3.0,2.9629139051459985,target,0
V1 Legacy M15,2026-06-26 09:30:00+00:00,2026-06-26 15:45:00+00:00,1,4047.925,4024.7867423888256,2.0,2.0,1.982505489099382,target,3
M15-0591 MTF,2026-06-26 14:15:00+00:00,2026-06-28 22:30:00+00:00,1,4082.115,4056.7455536078787,3.0,-1.0,-1.0160906743367792,stop,0
V1 Legacy M15,2026-06-28 22:00:00+00:00,2026-06-28 22:30:00+00:00,1,4086.298,4063.3858256894882,2.0,-1.0,-1.0178346146665151,stop,3
M15-0591 MTF,2026-06-28 23:30:00+00:00,2026-06-29 01:00:00+00:00,-1,4056.675,4071.4472130110803,3.0,-1.0,-1.0274615252092374,stop,0
Structural Portfolio MTF,2026-06-29 06:15:00+00:00,2026-06-29 10:00:00+00:00,1,4059.475,4038.033001325768,2.0,-1.0,-1.0189323535630963,stop,1
V1 Legacy M15,2026-06-29 09:00:00+00:00,2026-06-29 14:30:00+00:00,-1,4046.805,4069.3369011169134,2.0,2.0,1.9820396646558942,target,3
M15-0591 MTF,2026-06-29 14:45:00+00:00,2026-06-30 01:15:00+00:00,-1,4020.715,4036.5372614993694,3.0,3.0,2.974588240750791,target,0
V1 Legacy M15,2026-06-29 19:00:00+00:00,2026-06-30 01:15:00+00:00,-1,4013.175,4025.7323387868355,3.0,3.0,2.9680411983133936,target,3
Structural Frequency M15,2026-06-30 08:45:00+00:00,2026-06-30 14:15:00+00:00,-1,4017.628,4038.368757219234,2.0,-1.0,-1.0193706910385814,stop,4
V1 Legacy M15,2026-06-30 11:15:00+00:00,2026-06-30 12:30:00+00:00,1,4033.115,4017.0666251948546,2.0,-1.0,-1.0251309870872842,stop,3
M15-0591 MTF,2026-06-30 20:30:00+00:00,2026-07-01 02:15:00+00:00,-1,4012.635,4023.1511374205666,4.0,4.0,3.9618430718473445,target,0
V1 Legacy M15,2026-06-30 22:00:00+00:00,2026-07-01 01:15:00+00:00,-1,4009.785,4023.544068141504,2.0,2.0,1.970857147019248,target,3
V1 Legacy M15,2026-07-01 05:15:00+00:00,2026-07-01 08:30:00+00:00,-1,3971.715,3983.1924888511157,3.0,-1.0,-1.0346043899630009,stop,3
M15-0591 MTF,2026-07-01 07:15:00+00:00,2026-07-01 08:00:00+00:00,-1,3961.265,3978.1140676929417,4.0,-1.0,-1.0235102919175723,stop,0
M15-0591 MTF,2026-07-01 11:45:00+00:00,2026-07-01 13:15:00+00:00,1,4029.055,4013.7770877398398,3.0,-1.0,-1.0263717642266248,stop,0
V1 Legacy M15,2026-07-02 00:15:00+00:00,2026-07-02 06:15:00+00:00,1,4044.485,4029.7287661627606,2.0,2.0,1.9725913465142226,target,3
Structural Frequency M15,2026-07-02 11:45:00+00:00,2026-07-02 12:45:00+00:00,1,4071.085,4056.4402460362244,2.0,2.0,1.9722010693380716,target,4
V1 Legacy M15,2026-07-02 23:30:00+00:00,2026-07-02 23:45:00+00:00,1,4129.595,4121.537870822213,2.0,-1.0,-1.0512539256710078,stop,3
V1 Legacy M15,2026-07-03 00:15:00+00:00,2026-07-03 01:15:00+00:00,1,4134.565,4119.990880173616,2.0,2.0,1.9716307739386425,target,3
M15-0591 MTF,2026-07-03 00:30:00+00:00,2026-07-03 01:30:00+00:00,1,4136.865,4121.672056208339,3.0,3.0,2.9727711425992984,target,0
Structural Portfolio MTF,2026-07-03 07:00:00+00:00,2026-07-03 14:15:00+00:00,1,4172.865,4159.478374034644,3.0,-1.0,-1.0311718950749742,stop,1
V1 Legacy M15,2026-07-03 08:15:00+00:00,2026-07-03 13:15:00+00:00,1,4183.885,4168.2226094622865,2.0,-1.0,-1.026712940083607,stop,3
Structural Portfolio MTF,2026-07-03 15:15:00+00:00,2026-07-06 05:15:00+00:00,1,4171.995,4154.426847971014,4.0,-1.0,-1.0237474891674234,stop,1
Structural Frequency M15,2026-07-03 15:15:00+00:00,2026-07-06 05:15:00+00:00,1,4171.995,4154.426847971014,3.0,-1.0,-1.0237474891674234,stop,4
V1 Legacy M15,2026-07-06 05:15:00+00:00,2026-07-06 22:30:00+00:00,-1,4151.835,4167.383246507437,2.0,-0.9068546728568861,-0.9335575875425647,time_exit,3
V1 Legacy M15,2026-07-07 05:15:00+00:00,2026-07-07 11:30:00+00:00,-1,4122.125,4141.72091372602,2.0,-1.0,-1.021035635580119,stop,3
Structural Portfolio MTF,2026-07-07 09:00:00+00:00,2026-07-07 11:30:00+00:00,-1,4125.715,4139.8277352816585,3.0,-1.0,-1.0292339855999566,stop,1
M15-0591 MTF,2026-07-07 11:45:00+00:00,2026-07-07 19:00:00+00:00,1,4147.995,4131.982848080883,3.0,-1.0,-1.025905293810307,stop,0
V1 Legacy M15,2026-07-07 19:00:00+00:00,2026-07-08 08:30:00+00:00,-1,4126.705,4148.893081183531,2.0,2.0,1.9814012533762357,target,3
M15-0591 MTF,2026-07-07 20:15:00+00:00,2026-07-08 03:15:00+00:00,-1,4112.775,4128.586719033077,3.0,-1.0,-1.0260109289280703,stop,0
M15-0591 MTF,2026-07-08 03:30:00+00:00,2026-07-08 08:30:00+00:00,1,4129.485,4112.9619039675445,3.0,-1.0,-1.024992198749488,stop,0
Outcome First M15,2026-07-08 10:45:00+00:00,2026-07-08 14:45:00+00:00,1,4056.915,4039.27081047798,2.0,-1.0,-1.0229929235057067,stop,2
M15-0591 MTF,2026-07-08 15:15:00+00:00,2026-07-08 17:00:00+00:00,-1,4033.655,4062.78781704086,3.0,-1.0,-1.0138457430819088,stop,0
V1 Legacy M15,2026-07-09 00:15:00+00:00,2026-07-09 01:15:00+00:00,1,4087.445,4069.512410027087,2.0,-1.0,-1.0227933890540852,stop,3
V1 Legacy M15,2026-07-09 03:15:00+00:00,2026-07-09 06:00:00+00:00,-1,4058.925,4083.3343119616334,2.0,-1.0,-1.0166285924256278,stop,3
M15-0591 MTF,2026-07-09 06:45:00+00:00,2026-07-09 17:00:00+00:00,1,4102.615,4090.108792101634,3.0,2.011001272678937,1.9781966445027481,time_exit,0
V1 Legacy M15,2026-07-09 08:30:00+00:00,2026-07-09 11:00:00+00:00,1,4114.585,4100.343014921793,2.0,-1.0,-1.0288905301993054,stop,3
Structural Frequency M15,2026-07-09 09:15:00+00:00,2026-07-09 12:15:00+00:00,-1,4108.275,4118.321085720417,2.0,-1.0,-1.0408942857380818,stop,4
V1 Legacy M15,2026-07-09 13:30:00+00:00,2026-07-10 06:45:00+00:00,1,4126.055,4104.0394333743725,2.0,-0.6749769493873671,-0.6937184838214477,time_exit,3
Structural Portfolio MTF,2026-07-10 02:30:00+00:00,2026-07-10 07:45:00+00:00,1,4125.475,4107.803472618514,4.0,-1.0,-1.0233453221724462,stop,1
V1 Legacy M15,2026-07-10 07:45:00+00:00,2026-07-10 14:45:00+00:00,-1,4106.675,4120.448839706001,2.0,2.0,1.9701849659379238,target,3
M15-0591 MTF,2026-07-10 08:15:00+00:00,2026-07-10 12:15:00+00:00,-1,4107.185,4115.101607647201,3.0,-1.0,-1.0518806183536527,stop,0
Structural Frequency M15,2026-07-10 10:15:00+00:00,2026-07-10 13:30:00+00:00,1,4106.225,4093.651846806627,2.0,-1.0,-1.0326586731017018,stop,4
Structural Frequency M15,2026-07-10 16:15:00+00:00,2026-07-12 22:15:00+00:00,1,4110.005,4090.2524258884623,3.0,-1.0,-1.0208074399660108,stop,4
V1 Legacy M15,2026-07-10 18:45:00+00:00,2026-07-10 20:00:00+00:00,-1,4098.635,4107.42207596705,2.0,-1.0,-1.0466439008308268,stop,3
V1 Legacy M15,2026-07-13 03:15:00+00:00,2026-07-13 16:45:00+00:00,-1,4057.795,4088.7614646300267,2.0,2.0,1.986896163160759,target,3
Outcome First M15,2026-07-13 13:45:00+00:00,2026-07-13 14:30:00+00:00,-1,4054.585,4068.1897622056013,3.0,3.0,2.9701973107745268,target,2
M15-0591 MTF,2026-07-13 14:15:00+00:00,2026-07-14 01:30:00+00:00,-1,4035.875,4059.1657350290984,4.0,1.6435720020074447,1.6262437597044097,time_exit,0
V1 Legacy M15,2026-07-13 23:45:00+00:00,2026-07-14 00:45:00+00:00,-1,3995.265,4006.2621326945173,3.0,-1.0,-1.0363300608529697,stop,3
V1 Legacy M15,2026-07-14 05:45:00+00:00,2026-07-14 12:45:00+00:00,1,4031.715,4012.973143993031,2.0,2.0,1.9784881764191293,target,3
M15-0591 MTF,2026-07-14 19:30:00+00:00,2026-07-15 01:15:00+00:00,-1,4051.415,4060.5501968680665,3.0,-1.0,-1.0443495094688364,stop,0
V1 Legacy M15,2026-07-15 00:30:00+00:00,2026-07-15 01:45:00+00:00,1,4058.245,4042.9116391228313,2.0,-1.0,-1.026466767674155,stop,3
M15-0591 MTF,2026-07-15 02:00:00+00:00,2026-07-15 12:15:00+00:00,-1,4036.485,4055.3271175912564,4.0,-0.06156420552953955,-0.08298687726720633,time_exit,0
V1 Legacy M15,2026-07-15 05:15:00+00:00,2026-07-15 11:45:00+00:00,-1,4025.795,4036.635730244319,3.0,-1.0,-1.0371358285767673,stop,3
Structural Portfolio MTF,2026-07-15 19:15:00+00:00,2026-07-16 12:30:00+00:00,-1,4060.665,4081.880477356999,3.0,1.708658230498917,1.689518123813265,time_exit,1
M15-0591 MTF,2026-07-16 02:00:00+00:00,2026-07-16 12:15:00+00:00,-1,4038.665,4046.572552244166,3.0,0.8978758256371797,0.8468023091393343,time_exit,0
V1 Legacy M15,2026-07-16 02:45:00+00:00,2026-07-16 13:15:00+00:00,-1,4027.375,4046.468945378961,2.0,2.0,1.9789075808060201,target,3
Outcome First M15,2026-07-16 09:45:00+00:00,2026-07-16 11:30:00+00:00,-1,4033.995,4038.081013408182,3.0,3.0,2.9012730846178347,target,2
Structural Frequency M15,2026-07-16 09:45:00+00:00,2026-07-16 11:30:00+00:00,-1,4033.995,4038.081013408182,3.0,3.0,2.9012730846178347,target,4
M15-0591 MTF,2026-07-16 13:45:00+00:00,2026-07-16 15:30:00+00:00,-1,3986.135,4009.976767320735,4.0,-1.0,-1.016719125500958,stop,0
V1 Legacy M15,2026-07-16 17:45:00+00:00,2026-07-17 03:30:00+00:00,-1,3981.445,3997.8317051426284,3.0,-1.0,-1.0242968001519885,stop,3
Structural Portfolio MTF,2026-07-17 02:15:00+00:00,2026-07-17 03:30:00+00:00,-1,3980.695,3996.618541385521,4.0,-1.0,-1.0249988046228184,stop,1
Outcome First M15,2026-07-17 11:00:00+00:00,2026-07-17 13:15:00+00:00,-1,3990.635,4000.1590683344125,3.0,3.0,2.9580994711516184,target,2
V1 Legacy M15,2026-07-17 16:00:00+00:00,2026-07-19 23:15:00+00:00,1,4018.915,3990.713692491855,2.0,-1.0,-1.0142508108847055,stop,3
V1 Legacy M15,2026-07-20 03:00:00+00:00,2026-07-20 19:15:00+00:00,1,4021.545,3994.61441216302,2.0,-0.6368223413397,-0.6517553425216414,time_exit,3
V1 Legacy M15,2026-07-20 22:45:00+00:00,2026-07-21 00:15:00+00:00,-1,4003.765,4011.051847869991,2.0,-1.0,-1.0549450883486728,stop,3
M15-0591 MTF,2026-07-21 01:15:00+00:00,2026-07-21 06:45:00+00:00,1,4028.705,4012.895586906287,3.0,3.0,2.974517048949767,target,0
Outcome First M15,2026-07-21 07:30:00+00:00,2026-07-21 18:30:00+00:00,-1,4069.375,4084.480374317168,2.0,-1.0,-1.026939914990223,stop,2
M15-0591 MTF,2026-07-21 13:00:00+00:00,2026-07-21 14:15:00+00:00,-1,4053.715,4064.364674918685,3.0,-1.0,-1.0380642135178018,stop,0
V1 Legacy M15,2026-07-21 14:15:00+00:00,2026-07-22 01:15:00+00:00,1,4065.685,4043.3472608769225,2.0,2.0,1.981799030879541,target,3
Structural Frequency M15,2026-07-21 14:15:00+00:00,2026-07-22 01:15:00+00:00,1,4065.685,4043.3472608769225,2.0,2.0,1.981799030879541,target,4
M15-0591 MTF,2026-07-21 19:30:00+00:00,2026-07-22 02:30:00+00:00,1,4083.855,4070.1496206733004,3.0,3.0,2.9702025394361455,target,0
V1 Legacy M15,2026-07-22 02:45:00+00:00,2026-07-22 08:00:00+00:00,1,4127.725,4110.487396842627,2.0,-1.0,-1.0239460495888864,stop,3
V1 Legacy M15,2026-07-22 12:15:00+00:00,2026-07-22 13:00:00+00:00,1,4127.175,4111.849768970366,2.0,-1.0,-1.0269305891181635,stop,3
M15-0591 MTF,2026-07-22 14:45:00+00:00,2026-07-22 17:45:00+00:00,1,4150.685,4141.402314388723,4.0,-1.0,-1.044714268842172,stop,0
Outcome First M15,2026-07-22 16:30:00+00:00,2026-07-23 07:45:00+00:00,-1,4149.035,4166.623599049952,3.0,3.0,2.9764106567656885,target,2
Structural Portfolio MTF,2026-07-23 00:15:00+00:00,2026-07-23 02:00:00+00:00,1,4126.575,4114.873730148665,4.0,-1.0,-1.0352660442193748,stop,1
Structural Portfolio MTF,2026-07-23 03:00:00+00:00,2026-07-23 07:15:00+00:00,1,4128.085,4111.018823822284,4.0,-1.0,-1.0241886932199264,stop,1
V1 Legacy M15,2026-07-23 11:45:00+00:00,2026-07-23 13:15:00+00:00,-1,4078.585,4095.923943089577,2.0,2.0,1.9764773147998171,target,3
Structural Portfolio MTF,2026-07-23 14:45:00+00:00,2026-07-24 03:00:00+00:00,1,4056.865,4038.617142680189,3.0,-1.0,-1.0222320074565447,stop,1
Outcome First M15,2026-07-23 14:45:00+00:00,2026-07-24 03:00:00+00:00,1,4056.865,4038.617142680189,2.0,-1.0,-1.0222320074565447,stop,2
Structural Frequency M15,2026-07-23 14:45:00+00:00,2026-07-24 03:00:00+00:00,1,4056.865,4038.617142680189,2.0,-1.0,-1.0222320074565447,stop,4
V1 Legacy M15,2026-07-24 00:15:00+00:00,2026-07-24 07:45:00+00:00,-1,4041.385,4051.3055178466925,2.0,-1.0,-1.040737641547084,stop,3
M15-0591 MTF,2026-07-24 03:30:00+00:00,2026-07-24 07:15:00+00:00,-1,4030.135,4042.57526730704,3.0,-1.0,-1.0323958874880395,stop,0
V1 Legacy M15,2026-07-24 10:30:00+00:00,2026-07-24 13:15:00+00:00,1,4061.685,4050.836368994445,2.0,-1.0,-1.0374396087204019,stop,3
Structural Frequency M15,2026-07-24 11:45:00+00:00,2026-07-24 14:00:00+00:00,-1,4055.225,4064.3001000010145,2.0,-1.0,-1.0446851825274281,stop,4
Structural Frequency M15,2026-07-24 14:15:00+00:00,2026-07-27 00:15:00+00:00,1,4058.725,4043.706804103069,3.0,3.0,2.972974616739222,target,4
M15-0591 MTF,2026-07-24 14:30:00+00:00,2026-07-27 01:45:00+00:00,1,4065.955,4047.0684391485815,3.0,1.9357679933165146,1.9142396958568177,time_exit,0
Structural Portfolio MTF,2026-07-27 06:15:00+00:00,2026-07-27 12:30:00+00:00,1,4094.135,4083.4580335647347,4.0,-1.0,-1.0383454890939552,stop,1
V1 Legacy M15,2026-07-27 06:45:00+00:00,2026-07-27 12:30:00+00:00,1,4098.505,4083.4811871042866,3.0,-1.0,-1.0272800588535642,stop,3
Structural Frequency M15,2026-07-27 07:15:00+00:00,2026-07-27 12:30:00+00:00,1,4101.685,4083.5025439827778,2.0,-1.0,-1.022558476127289,stop,4
Outcome First M15,2026-07-27 08:00:00+00:00,2026-07-28 01:15:00+00:00,-1,4088.875,4106.547514894255,3.0,1.762058212219856,1.7389212958020959,time_exit,2
V1 Legacy M15,2026-07-27 14:00:00+00:00,2026-07-27 16:45:00+00:00,-1,4074.085,4090.234656981146,2.0,-1.0,-1.0252270683195084,stop,3
M15-0591 MTF,2026-07-27 14:30:00+00:00,2026-07-27 16:45:00+00:00,-1,4068.115,4090.4005883773752,3.0,-1.0,-1.018254465312345,stop,0
Structural Portfolio MTF,2026-07-27 15:15:00+00:00,2026-07-28 00:15:00+00:00,1,4075.695,4064.259385641956,3.0,-1.0,-1.0356403676478747,stop,1
Structural Frequency M15,2026-07-27 15:15:00+00:00,2026-07-28 00:15:00+00:00,1,4075.695,4064.259385641956,2.0,-1.0,-1.0356403676478747,stop,4
V1 Legacy M15,2026-07-27 22:30:00+00:00,2026-07-28 01:30:00+00:00,-1,4072.225,4084.384069126109,2.0,2.0,1.9665087437388133,target,3
V1 Legacy M15,2026-07-28 09:15:00+00:00,2026-07-28 14:30:00+00:00,-1,4040.875,4055.582329377173,2.0,2.0,1.9725247534996277,target,3
Structural Frequency M15,2026-07-28 09:15:00+00:00,2026-07-28 14:30:00+00:00,-1,4040.875,4055.582329377173,2.0,2.0,1.9725247534996277,target,4
Structural Frequency M15,2026-07-28 17:00:00+00:00,2026-07-29 10:15:00+00:00,-1,4037.445,4047.764431369461,3.0,0.559139335630031,0.5200146507956671,time_exit,4
V1 Legacy M15,2026-07-28 18:45:00+00:00,2026-07-29 06:30:00+00:00,-1,4024.275,4042.1521654629178,2.0,-1.0,-1.0225106995197168,stop,3
Structural Portfolio MTF,2026-07-29 03:30:00+00:00,2026-07-29 05:45:00+00:00,-1,4026.595,4038.526569136034,4.0,-1.0,-1.0337474053420128,stop,1
M15-0591 MTF,2026-07-29 06:30:00+00:00,2026-07-29 10:45:00+00:00,1,4040.885,4028.7643609649595,3.0,-1.0,-1.0333388774990973,stop,0
V1 Legacy M15,2026-07-29 07:15:00+00:00,2026-07-29 10:15:00+00:00,1,4045.175,4030.716120388285,2.0,-1.0,-1.0279770985624812,stop,3
Outcome First M15,2026-07-29 10:45:00+00:00,2026-07-29 17:15:00+00:00,-1,4027.175,4038.0558869956076,3.0,-1.0,-1.0370114587314965,stop,2
M15-0591 MTF,2026-07-29 13:15:00+00:00,2026-07-29 17:00:00+00:00,-1,4015.495,4028.0696016418956,4.0,-1.0,-1.0319333774091204,stop,0
V1 Legacy M15,2026-07-29 14:00:00+00:00,2026-07-29 17:00:00+00:00,-1,4007.055,4026.990566468827,3.0,-1.0,-1.02010003079805,stop,3
Structural Portfolio MTF,2026-07-29 19:45:00+00:00,2026-07-30 13:00:00+00:00,-1,4069.105,4117.801141773004,3.0,0.007187427735680301,-0.0011686860175776966,time_exit,1
V1 Legacy M15,2026-07-30 05:45:00+00:00,2026-07-30 08:30:00+00:00,-1,4033.075,4056.0040613430924,2.0,-1.0,-1.0175893593708534,stop,3
M15-0591 MTF,2026-07-30 06:15:00+00:00,2026-07-30 08:15:00+00:00,-1,4032.215,4052.4878736117107,3.0,-1.0,-1.0198897062016448,stop,0
M15-0591 MTF,2026-07-30 09:15:00+00:00,2026-07-30 14:00:00+00:00,1,4065.705,4050.70255420281,3.0,3.0,2.9728997187861093,target,0
V1 Legacy M15,2026-07-30 10:30:00+00:00,2026-07-30 14:00:00+00:00,1,4076.255,4059.1143586421904,2.0,2.0,1.9762187720114526,target,3
M15-0591 MTF,2026-07-30 14:45:00+00:00,2026-07-30 15:15:00+00:00,1,4110.475,4083.950830591243,3.0,-1.0,-1.0154970922431332,stop,0
V1 Legacy M15,2026-07-30 19:30:00+00:00,2026-07-31 00:30:00+00:00,1,4112.565,4097.609238879447,2.0,-1.0,-1.0274981993015946,stop,3
V1 Legacy M15,2026-07-31 02:45:00+00:00,2026-07-31 13:15:00+00:00,-1,4075.395,4095.4530579661473,2.0,2.0,1.9796820060701878,target,3
M15-0591 MTF,2026-07-31 12:45:00+00:00,2026-08-02 22:15:00+00:00,-1,4044.375,4060.0042361560736,3.0,-1.0,-1.0258769843875468,stop,0
Outcome First M15,2026-07-31 14:45:00+00:00,2026-08-03 08:00:00+00:00,1,4041.245,4019.705054949538,2.0,0.9113300871479768,0.8925684561849798,time_exit,2
Structural Portfolio MTF,2026-07-31 20:30:00+00:00,2026-08-02 22:15:00+00:00,-1,4047.905,4056.13809832481,3.0,-1.0,-1.0491662414355232,stop,1
Structural Portfolio MTF,2026-08-03 12:00:00+00:00,2026-08-03 12:45:00+00:00,1,4062.405,4044.644813788909,3.0,-1.0,-1.0228736621999097,stop,1
Outcome First M15,2026-08-03 12:00:00+00:00,2026-08-03 12:45:00+00:00,1,4062.405,4044.644813788909,3.0,-1.0,-1.0228736621999097,stop,2
Structural Frequency M15,2026-08-03 12:00:00+00:00,2026-08-03 12:45:00+00:00,1,4062.405,4044.644813788909,3.0,-1.0,-1.0228736621999097,stop,4
V1 Legacy M15,2026-08-03 12:45:00+00:00,2026-08-04 00:15:00+00:00,-1,4044.785,4065.117812720761,2.0,-1.0,-1.0198928945815255,stop,3
M15-0591 MTF,2026-08-03 13:15:00+00:00,2026-08-03 19:45:00+00:00,-1,4038.635,4054.268375264913,3.0,-1.0,-1.0258334168505772,stop,0
M15-0591 MTF,2026-08-03 20:15:00+00:00,2026-08-04 01:15:00+00:00,1,4052.255,4045.3494479317487,3.0,-1.0,-1.0586811157160112,stop,0
Outcome First M15,2026-08-04 11:00:00+00:00,2026-08-04 12:00:00+00:00,1,4053.635,4044.8216769123355,2.0,2.0,1.95400560084228,target,2
V1 Legacy M15,2026-08-04 11:30:00+00:00,2026-08-04 14:00:00+00:00,1,4060.805,4044.8159255009427,2.0,2.0,1.9746026263106131,target,3
Structural Portfolio MTF,2026-08-04 13:45:00+00:00,2026-08-05 05:45:00+00:00,1,4083.145,4059.8809963631006,3.0,3.0,2.9824486573174203,target,1
V1 Legacy M15,2026-08-04 17:00:00+00:00,2026-08-04 19:00:00+00:00,1,4093.105,4075.475870777289,3.0,-1.0,-1.0232178512522727,stop,3
M15-0591 MTF,2026-08-05 02:30:00+00:00,2026-08-05 05:45:00+00:00,1,4103.875,4091.68918588966,4.0,4.0,3.9663225209014326,target,0
V1 Legacy M15,2026-08-05 04:15:00+00:00,2026-08-05 11:45:00+00:00,1,4138.355,4123.461787905818,3.0,3.0,2.9722131466749424,target,3
M15-0591 MTF,2026-08-05 06:45:00+00:00,2026-08-05 09:00:00+00:00,1,4175.465,4158.903629444838,4.0,-1.0,-1.025212074001318,stop,0
Outcome First M15,2026-08-05 07:30:00+00:00,2026-08-05 11:30:00+00:00,-1,4164.105,4180.273340036793,3.0,-1.0,-1.0257546847142247,stop,2
M15-0591 MTF,2026-08-05 12:00:00+00:00,2026-08-05 15:15:00+00:00,1,4188.495,4172.814248032633,4.0,4.0,3.9732889404237963,target,0
V1 Legacy M15,2026-08-05 18:30:00+00:00,2026-08-06 11:45:00+00:00,1,4262.535,4235.4736900906755,3.0,-0.07686250247935099,-0.09261390185463136,time_exit,3
M15-0591 MTF,2026-08-06 00:30:00+00:00,2026-08-06 04:30:00+00:00,1,4273.685,4259.7279705085975,4.0,-1.0,-1.0306203050056781,stop,0
Structural Portfolio MTF,2026-08-06 06:00:00+00:00,2026-08-06 13:15:00+00:00,1,4266.935,4245.916113996771,4.0,-1.0,-1.020300481192697,stop,1
Outcome First M15,2026-08-06 08:15:00+00:00,2026-08-06 13:00:00+00:00,1,4268.605,4249.840359742634,3.0,-1.0,-1.0227481312801854,stop,2
V1 Legacy M15,2026-08-07 00:45:00+00:00,2026-08-07 01:45:00+00:00,-1,4234.785,4253.720800962671,2.0,-1.0,-1.0223639074383395,stop,3
Structural Portfolio MTF,2026-08-07 01:30:00+00:00,2026-08-07 06:15:00+00:00,1,4243.135,4228.548803310864,3.0,3.0,2.970909928815369,target,1
M15-0591 MTF,2026-08-07 02:00:00+00:00,2026-08-07 12:15:00+00:00,1,4256.595,4237.753523689248,4.0,3.096360340230225,3.0737687187999505,time_exit,0
V1 Legacy M15,2026-08-07 04:00:00+00:00,2026-08-07 08:45:00+00:00,1,4265.965,4246.028708866855,2.0,2.0,1.9786020129245228,target,3
Structural Portfolio MTF,2026-08-07 09:00:00+00:00,2026-08-10 02:15:00+00:00,1,4306.005,4281.777336840645,4.0,0.7499691522244125,0.732196059657962,time_exit,1
V1 Legacy M15,2026-08-07 09:45:00+00:00,2026-08-10 03:00:00+00:00,1,4317.365,4292.133973775109,3.0,0.08085283499041528,0.06374150166010153,time_exit,3
Outcome First M15,2026-08-07 10:30:00+00:00,2026-08-07 11:15:00+00:00,-1,4313.605,4321.498215967961,3.0,-1.0,-1.0546495245728589,stop,2
V1 Legacy M15,2026-08-10 05:00:00+00:00,2026-08-10 14:00:00+00:00,1,4339.085,4321.82159406555,2.0,-1.0,-1.0251345824600064,stop,3
M15-0591 MTF,2026-08-10 06:00:00+00:00,2026-08-10 11:15:00+00:00,1,4347.215,4330.303766397383,4.0,-1.0,-1.0257060785874732,stop,0
V1 Legacy M15,2026-08-10 16:00:00+00:00,2026-08-10 19:45:00+00:00,1,4358.205,4341.50142521283,2.0,2.0,1.9739085491846473,target,3
M15-0591 MTF,2026-08-10 16:15:00+00:00,2026-08-11 01:00:00+00:00,1,4361.225,4347.3807102553965,4.0,4.0,3.968498022791672,target,0
V1 Legacy M15,2026-08-10 22:45:00+00:00,2026-08-11 02:00:00+00:00,1,4395.175,4384.854280203591,3.0,3.0,2.9574140652328422,target,3
M15-0591 MTF,2026-08-11 02:15:00+00:00,2026-08-11 03:00:00+00:00,1,4433.695,4413.139108482957,4.0,-1.0,-1.0215689745021477,stop,0
M15-0591 MTF,2026-08-11 06:15:00+00:00,2026-08-11 12:15:00+00:00,-1,4372.515,4393.037859235244,3.0,-1.0,-1.0213055839338956,stop,0
Structural Frequency M15,2026-08-11 08:45:00+00:00,2026-08-12 02:00:00+00:00,1,4374.655,4355.401140951014,2.0,1.111984872514566,1.089263946860805,time_exit,4
V1 Legacy M15,2026-08-11 18:15:00+00:00,2026-08-12 01:15:00+00:00,-1,4363.495,4386.5025015931315,2.0,-1.0,-1.0189655316651272,stop,3
M15-0591 MTF,2026-08-12 01:30:00+00:00,2026-08-12 11:45:00+00:00,1,4390.425,4377.021026805206,4.0,1.69427375524894,1.6615191015638284,time_exit,0
V1 Legacy M15,2026-08-12 02:00:00+00:00,2026-08-12 18:15:00+00:00,1,4396.275,4376.618675440669,3.0,0.47363890293422356,0.45127320080750966,time_exit,3
Outcome First M15,2026-08-12 09:15:00+00:00,2026-08-12 12:45:00+00:00,1,4412.925,4400.880163761571,3.0,-1.0,-1.0366374844177655,stop,2
Structural Frequency M15,2026-08-12 14:15:00+00:00,2026-08-12 17:00:00+00:00,1,4431.695,4406.932879663372,3.0,-1.0,-1.0178970739975148,stop,4
Structural Portfolio MTF,2026-08-12 18:45:00+00:00,2026-08-13 04:15:00+00:00,1,4413.325,4394.921085274445,3.0,-1.0,-1.0239803599713053,stop,1
V1 Legacy M15,2026-08-12 22:30:00+00:00,2026-08-13 00:15:00+00:00,-1,4399.245,4414.84019666948,3.0,-1.0,-1.0282089741683689,stop,3
V1 Legacy M15,2026-08-13 04:15:00+00:00,2026-08-13 14:45:00+00:00,-1,4394.395,4412.91980351546,2.0,2.0,1.9762783178977708,target,3
Structural Portfolio MTF,2026-08-13 08:15:00+00:00,2026-08-13 10:00:00+00:00,-1,4365.845,4382.476720141175,3.0,-1.0,-1.0262501110104154,stop,1
Outcome First M15,2026-08-13 13:45:00+00:00,2026-08-14 07:00:00+00:00,-1,4379.395,4402.846062536898,3.0,1.8741155088751502,1.8554408966135116,time_exit,2
V1 Legacy M15,2026-08-13 19:15:00+00:00,2026-08-14 02:15:00+00:00,-1,4346.625,4364.252068190892,2.0,2.0,1.975341191439618,target,3
M15-0591 MTF,2026-08-13 20:00:00+00:00,2026-08-13 22:45:00+00:00,-1,4349.915,4359.83948182907,3.0,-1.0,-1.0438301472552312,stop,0
V1 Legacy M15,2026-08-14 10:00:00+00:00,2026-08-14 13:45:00+00:00,1,4357.155,4341.971783104637,2.0,2.0,1.9713028205417336,target,3
Structural Portfolio MTF,2026-08-14 10:45:00+00:00,2026-08-14 11:45:00+00:00,-1,4351.695,4359.122747638161,3.0,-1.0,-1.0585870066134513,stop,1
Outcome First M15,2026-08-14 10:45:00+00:00,2026-08-14 11:45:00+00:00,-1,4351.695,4359.122747638161,2.0,-1.0,-1.0585870066134513,stop,2
Structural Frequency M15,2026-08-14 10:45:00+00:00,2026-08-14 11:45:00+00:00,-1,4351.695,4359.122747638161,2.0,-1.0,-1.0585870066134513,stop,4
M15-0591 MTF,2026-08-14 12:15:00+00:00,2026-08-16 23:30:00+00:00,1,4371.515,4360.0164382679495,3.0,0.25481447752133846,0.21679654882843985,time_exit,0
V1 Legacy M15,2026-08-16 23:00:00+00:00,2026-08-16 23:45:00+00:00,1,4384.605,4370.135134204836,2.0,-1.0,-1.0303016286541191,stop,3
M15-0591 MTF,2026-08-17 00:45:00+00:00,2026-08-17 11:00:00+00:00,1,4395.355,4377.2415077139585,3.0,0.18825745726729035,0.16399181632632595,time_exit,0
V1 Legacy M15,2026-08-17 07:00:00+00:00,2026-08-17 12:30:00+00:00,1,4402.755,4391.033428697764,3.0,-1.0,-1.0375611331149786,stop,3
Outcome First M15,2026-08-17 07:30:00+00:00,2026-08-17 12:15:00+00:00,1,4404.755,4391.675910458786,3.0,-1.0,-1.033677841153393,stop,2
V1 Legacy M15,2026-08-17 16:00:00+00:00,2026-08-17 17:45:00+00:00,1,4427.335,4412.757781594252,3.0,-1.0,-1.0303716036679145,stop,3
V1 Legacy M15,2026-08-17 23:45:00+00:00,2026-08-18 02:00:00+00:00,1,4422.175,4408.337471117836,2.0,-1.0,-1.0319578375420764,stop,3
M15-0591 MTF,2026-08-18 01:00:00+00:00,2026-08-18 01:30:00+00:00,1,4434.105,4419.854993022982,4.0,-1.0,-1.0311165110806704,stop,0
M15-0591 MTF,2026-08-18 02:45:00+00:00,2026-08-18 13:00:00+00:00,-1,4394.755,4408.676994130216,3.0,0.05746303241601459,0.02589603878784149,time_exit,0
V1 Legacy M15,2026-08-18 04:00:00+00:00,2026-08-18 13:45:00+00:00,-1,4391.475,4404.671270525676,2.0,-1.0,-1.0332781522738235,stop,3
V1 Legacy M15,2026-08-18 19:45:00+00:00,2026-08-19 01:15:00+00:00,-1,4349.835,4361.597120464925,2.0,2.0,1.963018275378395,target,3
V1 Legacy M15,2026-08-19 04:45:00+00:00,2026-08-19 07:45:00+00:00,-1,4346.265,4360.907214971361,2.0,-1.0,-1.0296831115271905,stop,3
V1 Legacy M15,2026-08-19 10:30:00+00:00,2026-08-19 12:45:00+00:00,1,4368.615,4352.495644577295,2.0,2.0,1.9728983269774756,target,3
Structural Frequency M15,2026-08-19 11:45:00+00:00,2026-08-19 12:45:00+00:00,-1,4363.255,4374.604349803955,2.0,-1.0,-1.0384449776892015,stop,4
Structural Portfolio MTF,2026-08-19 12:00:00+00:00,2026-08-19 12:45:00+00:00,-1,4364.345,4374.5887533893865,3.0,-1.0,-1.0426049401435413,stop,1
Outcome First M15,2026-08-19 12:00:00+00:00,2026-08-19 12:45:00+00:00,-1,4364.345,4374.5887533893865,2.0,-1.0,-1.0426049401435413,stop,2
M15-0591 MTF,2026-08-19 14:30:00+00:00,2026-08-20 01:45:00+00:00,1,4485.835,4453.16410275152,3.0,0.23139860354928146,0.21766823377742384,time_exit,0
V1 Legacy M15,2026-08-19 19:15:00+00:00,2026-08-20 12:00:00+00:00,1,4503.105,4470.646257068849,3.0,-1.0,-1.0138733191533378,stop,3
Structural Portfolio MTF,2026-08-20 06:30:00+00:00,2026-08-20 11:45:00+00:00,1,4493.755,4476.7691696345155,4.0,-1.0,-1.0264559041466195,stop,1
M15-0591 MTF,2026-08-20 16:00:00+00:00,2026-08-21 03:15:00+00:00,1,4521.465,4497.240235400703,4.0,0.44045835641719716,0.42179371684364636,time_exit,0
V1 Legacy M15,2026-08-20 19:15:00+00:00,2026-08-21 08:30:00+00:00,1,4527.515,4507.0858468694705,2.0,2.0,1.9778379702228872,target,3
Structural Portfolio MTF,2026-08-21 01:30:00+00:00,2026-08-21 16:00:00+00:00,1,4529.125,4507.742320591591,4.0,4.0,3.978818720921294,target,1
M15-0591 MTF,2026-08-21 06:30:00+00:00,2026-08-21 16:00:00+00:00,1,4555.215,4540.311747728543,4.0,4.0,3.9694347588229166,target,0
Outcome First M15,2026-08-21 14:30:00+00:00,2026-08-24 07:45:00+00:00,1,4603.025,4572.071421428516,3.0,1.020883576579818,1.006012840424482,time_exit,2
V1 Legacy M15,2026-08-21 14:30:00+00:00,2026-08-24 07:45:00+00:00,1,4603.025,4572.071421428516,3.0,1.020883576579818,1.006012840424482,time_exit,3
Structural Portfolio MTF,2026-08-24 01:15:00+00:00,2026-08-24 17:30:00+00:00,1,4621.775,4592.693310123501,4.0,0.567023445681072,0.5511310576540099,time_exit,1
M15-0591 MTF,2026-08-24 03:00:00+00:00,2026-08-24 13:15:00+00:00,1,4643.315,4625.4545644347345,4.0,1.8722947644700485,1.8462969942419232,time_exit,0
V1 Legacy M15,2026-08-24 10:15:00+00:00,2026-08-24 17:30:00+00:00,1,4648.085,4631.556784841623,2.0,-1.0,-1.0281221230209132,stop,3
Structural Frequency M15,2026-08-24 10:15:00+00:00,2026-08-24 17:30:00+00:00,1,4648.085,4631.556784841623,3.0,-1.0,-1.0281221230209132,stop,4
V1 Legacy M15,2026-08-24 22:15:00+00:00,2026-08-25 00:45:00+00:00,1,4658.335,4645.757033216315,3.0,3.0,2.9629643242018866,target,3
M15-0591 MTF,2026-08-25 00:45:00+00:00,2026-08-25 01:15:00+00:00,1,4693.425,4673.8184480588,4.0,-1.0,-1.023938043844096,stop,0
M15-0591 MTF,2026-08-25 03:00:00+00:00,2026-08-25 13:15:00+00:00,-1,4629.235,4658.147143194419,3.0,0.21893914807469944,0.2029277615480392,time_exit,0
V1 Legacy M15,2026-08-25 08:00:00+00:00,2026-08-25 15:45:00+00:00,-1,4629.945,4654.08600543531,2.0,-1.0,-1.0191787579535854,stop,3
Structural Portfolio MTF,2026-08-25 14:30:00+00:00,2026-08-26 07:45:00+00:00,1,4623.605,4603.765811673815,3.0,0.40173014485078784,0.3784247307180053,time_exit,1
Outcome First M15,2026-08-25 14:30:00+00:00,2026-08-25 19:30:00+00:00,1,4623.605,4603.765811673815,2.0,2.0,1.9766945858672176,target,2
Structural Frequency M15,2026-08-25 14:30:00+00:00,2026-08-25 19:30:00+00:00,1,4623.605,4603.765811673815,2.0,2.0,1.9766945858672176,target,4
V1 Legacy M15,2026-08-25 19:00:00+00:00,2026-08-26 01:00:00+00:00,1,4654.385,4635.321855173905,2.0,-1.0,-1.0244156199958603,stop,3
V1 Legacy M15,2026-08-26 05:45:00+00:00,2026-08-26 12:45:00+00:00,-1,4637.645,4650.001420568984,2.0,2.0,1.962467731054403,target,3
M15-0591 MTF,2026-08-26 07:30:00+00:00,2026-08-26 13:30:00+00:00,-1,4631.125,4640.008509033553,3.0,3.0,2.947868291882092,target,0
M15-0591 MTF,2026-08-26 22:45:00+00:00,2026-08-27 01:00:00+00:00,1,4610.595,4601.106425785957,3.0,-1.0,-1.0485910200625956,stop,0
V1 Legacy M15,2026-08-27 09:45:00+00:00,2026-08-27 16:00:00+00:00,-1,4582.225,4606.822575600925,2.0,-1.0,-1.0186287668115865,stop,3
M15-0591 MTF,2026-08-27 10:00:00+00:00,2026-08-27 12:00:00+00:00,-1,4580.325,4599.970090721111,3.0,-1.0,-1.0233153670045305,stop,0
Structural Portfolio MTF,2026-08-27 10:00:00+00:00,2026-08-27 15:45:00+00:00,-1,4580.325,4602.951105915145,3.0,-1.0,-1.020243540877859,stop,1
Structural Portfolio MTF,2026-08-27 19:45:00+00:00,2026-08-28 00:30:00+00:00,-1,4609.645,4618.736135603662,2.0,2.0,1.9492951683820057,target,1
V1 Legacy M15,2026-08-28 05:45:00+00:00,2026-08-28 06:45:00+00:00,-1,4572.605,4586.77549562999,2.0,-1.0,-1.0322684902447778,stop,3
M15-0591 MTF,2026-08-28 07:30:00+00:00,2026-08-28 14:15:00+00:00,1,4607.195,4586.868991363838,3.0,-1.0,-1.0226665012421743,stop,0
M15-0591 MTF,2026-08-28 16:30:00+00:00,2026-08-31 03:45:00+00:00,-1,4480.765,4531.741801262077,3.0,1.142480472648387,1.1336906606376962,time_exit,0
V1 Legacy M15,2026-08-28 18:30:00+00:00,2026-08-31 11:45:00+00:00,-1,4455.845,4488.410592398186,2.0,0.042990159149647114,0.029307481599926778,time_exit,3
Outcome First M15,2026-08-31 12:45:00+00:00,2026-09-01 06:00:00+00:00,-1,4440.215,4464.699707747468,3.0,0.01592830937672354,-0.0022063363204839308,time_exit,2
V1 Legacy M15,2026-08-31 12:45:00+00:00,2026-09-01 06:00:00+00:00,-1,4440.215,4464.699707747468,3.0,0.01592830937672354,-0.0022063363204839308,time_exit,3
Structural Frequency M15,2026-08-31 12:45:00+00:00,2026-09-01 06:00:00+00:00,-1,4440.215,4464.699707747468,3.0,0.01592830937672354,-0.0022063363204839308,time_exit,4
M15-0591 MTF,2026-08-31 14:30:00+00:00,2026-08-31 14:45:00+00:00,-1,4419.915,4434.698305122152,4.0,-1.0,-1.0298980164684344,stop,0
M15-0591 MTF,2026-08-31 20:45:00+00:00,2026-09-01 01:30:00+00:00,1,4447.965,4440.385798752368,3.0,-1.0,-1.0586864612071036,stop,0
Structural Portfolio MTF,2026-08-31 20:45:00+00:00,2026-09-01 00:15:00+00:00,-1,4447.965,4456.322361862563,3.0,-1.0,-1.0532221180935653,stop,1
Outcome First M15,2026-09-01 07:30:00+00:00,2026-09-01 08:45:00+00:00,-1,4425.835,4441.179960380312,3.0,3.0,2.971157729376229,target,2
V1 Legacy M15,2026-09-01 07:45:00+00:00,2026-09-01 08:30:00+00:00,-1,4418.045,4435.9922489245755,2.0,2.0,1.9753831630765966,target,3
V1 Legacy M15,2026-09-01 10:00:00+00:00,2026-09-01 10:30:00+00:00,-1,4364.415,4384.592242037761,3.0,-1.0,-1.0216303843301882,stop,3
Outcome First M15,2026-09-01 10:30:00+00:00,2026-09-01 12:45:00+00:00,1,4384.815,4362.947770896012,3.0,-1.0,-1.0200519918602784,stop,2
Outcome First M15,2026-09-01 16:30:00+00:00,2026-09-02 03:45:00+00:00,-1,4352.485,4375.638339176602,3.0,3.0,2.981201480413683,target,2
V1 Legacy M15,2026-09-01 16:30:00+00:00,2026-09-02 03:45:00+00:00,-1,4352.485,4375.638339176602,3.0,3.0,2.981201480413683,target,3
M15-0591 MTF,2026-09-02 01:45:00+00:00,2026-09-02 11:45:00+00:00,-1,4308.805,4332.183594225443,4.0,-1.0,-1.0184305564246066,stop,0
Outcome First M15,2026-09-02 09:00:00+00:00,2026-09-02 11:45:00+00:00,-1,4312.705,4332.447872766048,3.0,-1.0,-1.0218443640452193,stop,2
V1 Legacy M15,2026-09-02 09:00:00+00:00,2026-09-02 11:45:00+00:00,-1,4312.705,4332.447872766048,2.0,-1.0,-1.0218443640452193,stop,3
Structural Frequency M15,2026-09-02 09:00:00+00:00,2026-09-02 11:45:00+00:00,-1,4312.705,4332.447872766048,3.0,-1.0,-1.0218443640452193,stop,4
M15-0591 MTF,2026-09-02 14:00:00+00:00,2026-09-03 01:15:00+00:00,1,4384.845,4355.4087415132335,3.0,0.5472842279613092,0.5323881602359519,time_exit,0
V1 Legacy M15,2026-09-02 19:45:00+00:00,2026-09-03 03:15:00+00:00,1,4387.795,4368.180973316234,2.0,2.0,1.977629300343353,target,3
M15-0591 MTF,2026-09-03 01:15:00+00:00,2026-09-03 11:30:00+00:00,1,4400.915,4384.637626257346,3.0,2.039026720448559,2.0119897114716894,time_exit,0
V1 Legacy M15,2026-09-03 04:30:00+00:00,2026-09-03 06:30:00+00:00,1,4436.475,4418.3054887373555,2.0,-1.0,-1.0244171399872546,stop,3
Outcome First M15,2026-09-03 13:45:00+00:00,2026-09-03 15:15:00+00:00,-1,4469.565,4497.055281824974,2.0,-1.0,-1.016258709272087,stop,2
V1 Legacy M15,2026-09-04 00:00:00+00:00,2026-09-04 01:30:00+00:00,1,4479.895,4470.505405203949,2.0,-1.0,-1.0477112707982215,stop,3
Structural Portfolio MTF,2026-09-04 02:15:00+00:00,2026-09-04 04:15:00+00:00,1,4479.115,4466.1128909890285,3.0,-1.0,-1.034449142029347,stop,1
Structural Portfolio MTF,2026-09-04 04:45:00+00:00,2026-09-04 06:45:00+00:00,1,4473.255,4464.500797156624,3.0,-1.0,-1.0510983704631038,stop,1
V1 Legacy M15,2026-09-04 17:45:00+00:00,2026-09-07 11:00:00+00:00,-1,4416.985,4444.585247300534,2.0,0.9228178183572276,0.9068143929099692,time_exit,3
M15-0591 MTF,2026-09-07 02:15:00+00:00,2026-09-07 02:45:00+00:00,-1,4403.335,4417.566656261581,4.0,-1.0,-1.0309404254787065,stop,0
Structural Portfolio MTF,2026-09-07 09:00:00+00:00,2026-09-07 23:45:00+00:00,-1,4410.775,4424.614178045192,4.0,-1.0,-1.0318716544118194,stop,1
Outcome First M15,2026-09-07 09:00:00+00:00,2026-09-07 23:45:00+00:00,-1,4410.775,4424.614178045192,3.0,-1.0,-1.0318716544118194,stop,2
Structural Frequency M15,2026-09-07 09:00:00+00:00,2026-09-07 23:45:00+00:00,-1,4410.775,4424.614178045192,3.0,-1.0,-1.0318716544118194,stop,4
M15-0591 MTF,2026-09-08 00:30:00+00:00,2026-09-08 06:15:00+00:00,1,4421.105,4409.895967006409,3.0,-1.0,-1.039442340856057,stop,0
V1 Legacy M15,2026-09-08 01:30:00+00:00,2026-09-08 06:15:00+00:00,1,4434.095,4413.979574996828,2.0,-1.0,-1.0220432578446677,stop,3
Structural Portfolio MTF,2026-09-08 02:30:00+00:00,2026-09-08 04:15:00+00:00,-1,4423.985,4441.254888054863,3.0,-1.0,-1.0256167555107816,stop,1
Structural Portfolio MTF,2026-09-08 04:45:00+00:00,2026-09-08 05:30:00+00:00,-1,4436.065,4443.444393462343,2.0,2.0,1.9398857775691614,target,1
M15-0591 MTF,2026-09-08 07:00:00+00:00,2026-09-08 13:15:00+00:00,-1,4403.605,4412.397439843834,3.0,-1.0,-1.0500839935013937,stop,0
V1 Legacy M15,2026-09-08 16:15:00+00:00,2026-09-09 07:45:00+00:00,-1,4386.015,4410.131477506599,2.0,-1.0,-1.0181867977974803,stop,3
M15-0591 MTF,2026-09-09 06:00:00+00:00,2026-09-09 15:15:00+00:00,1,4398.655,4383.0797078442465,3.0,-1.0,-1.0282412359011528,stop,0
Structural Portfolio MTF,2026-09-09 08:30:00+00:00,2026-09-09 12:00:00+00:00,-1,4399.425,4413.250767076119,3.0,-1.0,-1.0318204767647154,stop,1
Outcome First M15,2026-09-09 08:30:00+00:00,2026-09-09 12:00:00+00:00,-1,4399.425,4413.250767076119,2.0,-1.0,-1.0318204767647154,stop,2
Structural Frequency M15,2026-09-09 08:30:00+00:00,2026-09-09 12:00:00+00:00,-1,4399.425,4413.250767076119,2.0,-1.0,-1.0318204767647154,stop,4
Structural Frequency M15,2026-09-09 12:45:00+00:00,2026-09-09 13:30:00+00:00,-1,4395.245,4415.6625784441585,2.0,-1.0,-1.021526769259248,stop,4
Outcome First M15,2026-09-09 16:00:00+00:00,2026-09-10 09:15:00+00:00,1,4398.335,4373.123308270434,2.0,-0.1408076870873778,-0.1582533033799251,time_exit,2
M15-0591 MTF,2026-09-10 06:00:00+00:00,2026-09-10 06:15:00+00:00,1,4430.748,4416.414995169562,3.0,-1.0,-1.0309129038357034,stop,0
M15-0591 MTF,2026-09-10 09:00:00+00:00,2026-09-10 12:45:00+00:00,-1,4394.565,4406.784749606916,3.0,3.0,2.9640371927300984,target,0
V1 Legacy M15,2026-09-10 10:45:00+00:00,2026-09-10 12:45:00+00:00,-1,4383.585,4400.931581976631,2.0,2.0,1.9747294019887862,target,3
V1 Legacy M15,2026-09-10 18:00:00+00:00,2026-09-11 04:00:00+00:00,-1,4352.578,4368.83718500509,3.0,3.0,2.9732300358312083,target,3
M15-0591 MTF,2026-09-11 07:00:00+00:00,2026-09-11 07:45:00+00:00,1,4352.948,4344.484640270046,3.0,-1.0,-1.0514328604584016,stop,0
Outcome First M15,2026-09-11 11:00:00+00:00,2026-09-11 12:45:00+00:00,-1,4337.298,4350.497940843847,3.0,-1.0,-1.03285846543791,stop_same_bar,2
V1 Legacy M15,2026-09-11 12:15:00+00:00,2026-09-11 12:45:00+00:00,-1,4327.778,4345.924117114027,2.0,-1.0,-1.0238496091081368,stop,3
M15-0591 MTF,2026-09-11 13:15:00+00:00,2026-09-11 18:15:00+00:00,1,4389.168,4350.484698936071,3.0,-1.0,-1.011346415324655,stop,0
Structural Frequency M15,2026-09-11 14:30:00+00:00,2026-09-14 07:30:00+00:00,-1,4374.888,4403.773498386457,2.0,2.0,1.9848543793793385,target,4
M15-0591 MTF,2026-09-11 18:45:00+00:00,2026-09-14 06:00:00+00:00,-1,4346.935,4361.267546252075,3.0,0.6827816793951582,0.6524525604546149,time_exit,0
Structural Portfolio MTF,2026-09-14 03:00:00+00:00,2026-09-14 19:15:00+00:00,-1,4330.735,4356.302467344456,4.0,0.972603178288247,0.9556647191845181,time_exit,1
V1 Legacy M15,2026-09-14 04:45:00+00:00,2026-09-14 06:00:00+00:00,-1,4323.255,4337.124195124611,3.0,-1.0,-1.0311716358531027,stop,3
V1 Legacy M15,2026-09-14 07:30:00+00:00,2026-09-15 00:45:00+00:00,-1,4316.735,4339.3777239665515,3.0,1.0739432250254648,1.0548786681003495,time_exit,3
M15-0591 MTF,2026-09-14 08:30:00+00:00,2026-09-14 13:15:00+00:00,-1,4310.368,4322.890271532738,4.0,4.0,3.9655783857686577,target,0
V1 Legacy M15,2026-09-15 07:45:00+00:00,2026-09-15 14:00:00+00:00,-1,4283.705,4296.093034417724,3.0,-1.0,-1.0345793759974633,stop,3
M15-0591 MTF,2026-09-15 08:00:00+00:00,2026-09-15 13:00:00+00:00,-1,4280.745,4293.694641301269,4.0,-1.0,-1.0330568615794817,stop,0
Structural Portfolio MTF,2026-09-15 14:45:00+00:00,2026-09-15 18:15:00+00:00,-1,4278.015,4301.242537299636,3.0,-1.0,-1.0184178587028558,stop,1
Outcome First M15,2026-09-15 14:45:00+00:00,2026-09-15 18:15:00+00:00,-1,4278.015,4301.242537299636,3.0,-1.0,-1.0184178587028558,stop,2
Structural Frequency M15,2026-09-15 14:45:00+00:00,2026-09-15 18:15:00+00:00,-1,4278.015,4301.242537299636,3.0,-1.0,-1.0184178587028558,stop,4
V1 Legacy M15,2026-09-15 18:15:00+00:00,2026-09-15 21:00:00+00:00,1,4302.355,4289.262985380374,2.0,-1.0,-1.0328624365691623,stop,3
Structural Portfolio MTF,2026-09-15 19:30:00+00:00,2026-09-16 02:45:00+00:00,-1,4300.665,4311.17643176237,3.0,-1.0,-1.0409141694226274,stop,1
V1 Legacy M15,2026-09-16 00:00:00+00:00,2026-09-16 02:30:00+00:00,-1,4283.395,4299.379338379854,2.0,-1.0,-1.0267974494671532,stop,3
Structural Portfolio MTF,2026-09-16 04:00:00+00:00,2026-09-16 10:15:00+00:00,-1,4326.755,4341.588607775627,2.0,-1.0,-1.0291685951620573,stop,1
V1 Legacy M15,2026-09-16 07:15:00+00:00,2026-09-16 13:30:00+00:00,1,4335.525,4320.509782677121,2.0,1.0722455528811121,1.043371345423629,time_exit,3
