strategy,family,signal_time,entry_time,exit_time,direction,entry,stop,target_r,gross_r,net_r,reason,balance_before_rm,balance_after_rm
V1 Legacy M15,Legacy,2026-01-02 00:45:00+00:00,2026-01-02 01:15:00+00:00,2026-01-02 08:45:00+00:00,1,4353.695,4337.149156295635,2.0,2.0,1.973687077686757,target,100.0,109.86843538843378
V1 Legacy M15,Legacy,2026-01-02 13:00:00+00:00,2026-01-02 13:30:00+00:00,2026-01-02 13:30:00+00:00,1,4399.425,4384.061197101517,2.0,-1.0,-1.0286350002604778,stop,109.86843538843378,104.21770948521379
V1 Legacy M15,Legacy,2026-01-02 18:00:00+00:00,2026-01-02 18:30:00+00:00,2026-01-04 23:15:00+00:00,-1,4314.115,4334.260602918481,3.0,-1.0,-1.021414673055242,stop,104.21770948521379,98.8952346021935
V1 Legacy M15,Legacy,2026-01-05 06:00:00+00:00,2026-01-05 06:30:00+00:00,2026-01-05 13:30:00+00:00,1,4417.889,4400.052762480986,2.0,-1.0,-1.024769175647556,stop,98.8952346021935,93.82799520025543
V1 Legacy M15,Legacy,2026-01-05 21:45:00+00:00,2026-01-05 23:15:00+00:00,2026-01-06 00:00:00+00:00,1,4446.615,4437.043498435291,2.0,-1.0,-1.0464568173545035,stop,93.82799520025543,88.91864793845478
V1 Legacy M15,Legacy,2026-01-06 03:00:00+00:00,2026-01-06 03:30:00+00:00,2026-01-06 19:30:00+00:00,1,4462.345,4437.305677294084,2.0,0.7320485547985144,0.7142272061446007,time_exit,88.91864793845478,92.09405381301669
V1 Legacy M15,Legacy,2026-01-06 23:00:00+00:00,2026-01-06 23:30:00+00:00,2026-01-07 01:00:00+00:00,1,4497.305,4487.690809936411,2.0,-1.0,-1.0467777833624496,stop,92.09405381301669,87.2739533374541
V1 Legacy M15,Legacy,2026-01-07 05:30:00+00:00,2026-01-07 06:00:00+00:00,2026-01-07 08:45:00+00:00,-1,4452.119,4472.356732081212,2.0,-1.0,-1.0219991004038105,stop,87.2739533374541,82.81425824747599
V1 Legacy M15,Legacy,2026-01-07 11:30:00+00:00,2026-01-07 12:00:00+00:00,2026-01-08 05:00:00+00:00,-1,4450.185,4468.183005335041,2.0,1.0506719854774254,1.0259459954737677,time_exit,82.81425824747599,87.06240607833242
V1 Legacy M15,Legacy,2026-01-08 05:00:00+00:00,2026-01-08 05:30:00+00:00,2026-01-08 15:15:00+00:00,-1,4426.995,4443.2153601280825,2.0,-1.0,-1.0272928280571,stop,87.06240607833242,82.59047681044913
V1 Legacy M15,Legacy,2026-01-08 16:30:00+00:00,2026-01-08 17:00:00+00:00,2026-01-09 10:00:00+00:00,1,4460.485,4441.940438262482,2.0,0.5570366205581984,0.5329838278142434,time_exit,82.59047681044913,84.79144623402097
V1 Legacy M15,Legacy,2026-01-09 15:15:00+00:00,2026-01-09 15:45:00+00:00,2026-01-12 00:45:00+00:00,1,4505.105,4477.9209063124845,3.0,3.0,2.983427422478061,target,84.79144623402097,97.43990252832859
V1 Legacy M15,Legacy,2026-01-12 05:30:00+00:00,2026-01-12 06:00:00+00:00,2026-01-12 22:00:00+00:00,1,4581.495,4562.253549023318,3.0,0.8861078107187564,0.8622972623066222,time_exit,97.43990252832859,101.64101058780868
V1 Legacy M15,Legacy,2026-01-13 05:15:00+00:00,2026-01-13 05:45:00+00:00,2026-01-13 05:45:00+00:00,1,4601.125,4590.708125427659,2.0,-1.0,-1.0441699184150397,stop,101.64101058780868,96.33448630115396
V1 Legacy M15,Legacy,2026-01-13 06:15:00+00:00,2026-01-13 06:45:00+00:00,2026-01-13 13:15:00+00:00,-1,4584.725,4602.681773575089,2.0,-1.0,-1.0255320087477202,stop,96.33448630115396,91.39478133874886
V1 Legacy M15,Legacy,2026-01-14 01:00:00+00:00,2026-01-14 01:30:00+00:00,2026-01-14 17:30:00+00:00,1,4615.205,4592.670578939623,3.0,-0.1766186932131888,-0.19709938356522558,time_exit,91.39478133874886,90.49408858560156
V1 Legacy M15,Legacy,2026-01-14 23:15:00+00:00,2026-01-14 23:45:00+00:00,2026-01-15 15:45:00+00:00,-1,4608.825,4633.8355856509725,2.0,-0.09715886040860423,-0.115586357726408,time_exit,90.49408858560156,89.97109448083253
V1 Legacy M15,Legacy,2026-01-15 16:00:00+00:00,2026-01-15 16:30:00+00:00,2026-01-16 01:00:00+00:00,1,4621.845,4599.001141813756,2.0,-1.0,-1.0202323309938206,stop,89.97109448083253,85.38152350862029
V1 Legacy M15,Legacy,2026-01-16 11:15:00+00:00,2026-01-16 11:45:00+00:00,2026-01-16 13:00:00+00:00,1,4610.935,4597.643577179371,2.0,-1.0,-1.034691056497304,stop,85.38152350862029,80.96434857039611
V1 Legacy M15,Legacy,2026-01-16 15:00:00+00:00,2026-01-16 15:30:00+00:00,2026-01-16 15:30:00+00:00,1,4615.848,4594.861089929656,2.0,-1.0,-1.021993938052475,stop,80.96434857039611,76.82709489853049
V1 Legacy M15,Legacy,2026-01-19 06:45:00+00:00,2026-01-19 07:15:00+00:00,2026-01-19 08:00:00+00:00,1,4677.725,4662.677682873948,3.0,-1.0,-1.0310867708895497,stop,76.82709489853049,72.86632483874295
V1 Legacy M15,Legacy,2026-01-19 15:45:00+00:00,2026-01-19 16:15:00+00:00,2026-01-20 00:30:00+00:00,1,4674.085,4663.135058037149,2.0,-1.0,-1.0426859340063848,stop,72.86632483874295,69.06749024013808
V1 Legacy M15,Legacy,2026-01-20 03:30:00+00:00,2026-01-20 04:00:00+00:00,2026-01-20 05:15:00+00:00,1,4676.715,4664.763097169656,2.0,2.0,1.9608705403115678,target,69.06749024013808,75.83911058539526
V1 Legacy M15,Legacy,2026-01-20 08:00:00+00:00,2026-01-20 08:30:00+00:00,2026-01-20 23:45:00+00:00,1,4724.235,4708.387623820498,3.0,3.0,2.970189166039291,target,75.83911058539526,87.1019358165351
V1 Legacy M15,Legacy,2026-01-21 04:15:00+00:00,2026-01-21 04:45:00+00:00,2026-01-21 15:30:00+00:00,1,4849.595,4825.614362607531,3.0,-1.0,-1.0202229612192164,stop,87.1019358165351,82.65876607220152
V1 Legacy M15,Legacy,2026-01-21 17:30:00+00:00,2026-01-21 18:00:00+00:00,2026-01-22 11:00:00+00:00,-1,4809.645,4854.295064085302,3.0,-0.42889076180079927,-0.4396626276391358,time_exit,82.65876607220152,80.84166755776589
V1 Legacy M15,Legacy,2026-01-22 17:15:00+00:00,2026-01-22 17:45:00+00:00,2026-01-22 23:15:00+00:00,1,4889.805,4866.763324869429,3.0,3.0,2.978778430941801,target,80.84166755776589,92.88213833988792
V1 Legacy M15,Legacy,2026-01-23 05:30:00+00:00,2026-01-23 06:00:00+00:00,2026-01-23 06:15:00+00:00,1,4961.025,4949.213802354647,3.0,-1.0,-1.0420027261329583,stop,92.88213833988792,88.04296627192683
V1 Legacy M15,Legacy,2026-01-23 12:45:00+00:00,2026-01-23 13:15:00+00:00,2026-01-25 23:15:00+00:00,1,4939.175,4917.244248439706,3.0,3.0,2.977478314017553,target,88.04296627192683,101.15026741074887
V1 Legacy M15,Legacy,2026-01-26 01:00:00+00:00,2026-01-26 01:30:00+00:00,2026-01-26 17:30:00+00:00,1,5057.505,5023.385597157784,3.0,0.9000743694729174,0.885251410749436,time_exit,101.15026741074887,105.62743825690127
V1 Legacy M15,Legacy,2026-01-26 21:30:00+00:00,2026-01-26 22:00:00+00:00,2026-01-27 01:15:00+00:00,-1,5004.175,5064.248720448213,2.0,-1.0,-1.0083300567413898,stop,105.62743825690127,100.30207221634983
V1 Legacy M15,Legacy,2026-01-27 05:45:00+00:00,2026-01-27 06:15:00+00:00,2026-01-27 14:15:00+00:00,1,5082.855,5055.604888137156,2.0,-1.0,-1.0186526023290594,stop,100.30207221634983,95.19342387224073
V1 Legacy M15,Legacy,2026-01-27 19:45:00+00:00,2026-01-27 20:15:00+00:00,2026-01-27 20:15:00+00:00,1,5098.715,5079.769653846024,2.0,2.0,1.9730872428586905,target,95.19342387224073,104.58467038455863
V1 Legacy M15,Legacy,2026-01-28 01:00:00+00:00,2026-01-28 01:30:00+00:00,2026-01-28 08:15:00+00:00,1,5190.665,5155.592241876912,3.0,3.0,2.9852002942517855,target,104.58467038455863,120.19497982486916
V1 Legacy M15,Legacy,2026-01-28 16:45:00+00:00,2026-01-28 17:15:00+00:00,2026-01-28 20:45:00+00:00,1,5299.585,5264.058891691313,2.0,2.0,1.9850825625088124,target,120.19497982486916,132.1248277524415
V1 Legacy M15,Legacy,2026-01-28 21:45:00+00:00,2026-01-28 23:15:00+00:00,2026-01-29 15:15:00+00:00,1,5417.098,5350.615306813035,3.0,-0.5066431335035658,-0.514791266108191,time_exit,132.1248277524415,128.7239923842912
V1 Legacy M15,Legacy,2026-01-30 08:30:00+00:00,2026-01-30 09:00:00+00:00,2026-01-30 17:15:00+00:00,-1,5095.755,5189.712180657264,2.0,2.0,1.9945765135092886,target,128.7239923842912,141.561484981034
V1 Legacy M15,Legacy,2026-02-01 23:00:00+00:00,2026-02-01 23:30:00+00:00,2026-02-02 06:30:00+00:00,-1,4746.198,4901.941579905819,2.0,2.0,1.9969525562447774,target,141.561484981034,155.69606344596812
V1 Legacy M15,Legacy,2026-02-03 01:15:00+00:00,2026-02-03 01:45:00+00:00,2026-02-03 02:30:00+00:00,1,4852.935,4761.28335907044,2.0,-1.0,-1.005294978846838,stop,155.69606344596812,147.8700399055456
V1 Legacy M15,Legacy,2026-02-03 05:15:00+00:00,2026-02-03 05:45:00+00:00,2026-02-03 07:45:00+00:00,1,4839.145,4797.111590884896,2.0,2.0,1.9884873839598676,target,147.8700399055456,162.57192534643661
V1 Legacy M15,Legacy,2026-02-03 08:15:00+00:00,2026-02-03 08:45:00+00:00,2026-02-04 01:45:00+00:00,1,4936.205,4868.786758718909,2.0,1.415195623424849,1.407873858712211,time_exit,162.57192534643661,174.01596353922469
V1 Legacy M15,Legacy,2026-02-04 02:00:00+00:00,2026-02-04 02:30:00+00:00,2026-02-04 14:45:00+00:00,1,5059.485,4981.728394431187,2.0,-1.0,-1.00650682339203,stop,174.01596353922469,165.25855080515626
V1 Legacy M15,Legacy,2026-02-05 09:00:00+00:00,2026-02-05 09:30:00+00:00,2026-02-06 00:15:00+00:00,-1,4862.245,4946.273119218704,2.0,2.0,1.9942135501243996,target,165.25855080515626,181.73659286963448
V1 Legacy M15,Legacy,2026-02-06 12:00:00+00:00,2026-02-06 12:30:00+00:00,2026-02-06 15:15:00+00:00,1,4895.655,4861.354985696249,2.0,2.0,1.9857269593048985,target,181.73659286963448,199.78055546730704
V1 Legacy M15,Legacy,2026-02-09 13:00:00+00:00,2026-02-09 13:30:00+00:00,2026-02-09 13:30:00+00:00,1,5021.895,5005.569982859593,2.0,-1.0,-1.0307619585131707,stop,199.78055546730704,189.4842456359905
V1 Legacy M15,Legacy,2026-02-09 14:30:00+00:00,2026-02-09 15:00:00+00:00,2026-02-09 23:15:00+00:00,1,5036.275,4993.290375005117,2.0,-1.0,-1.0117164567577352,stop,189.4842456359905,179.89902915567765
V1 Legacy M15,Legacy,2026-02-11 05:30:00+00:00,2026-02-11 06:00:00+00:00,2026-02-11 11:30:00+00:00,1,5062.085,5042.291327841401,2.0,2.0,1.9744257409163928,target,179.89902915567765,197.65889285221957
V1 Legacy M15,Legacy,2026-02-11 17:00:00+00:00,2026-02-11 17:30:00+00:00,2026-02-12 10:30:00+00:00,1,5084.548,5040.782481638103,3.0,-0.5376378683654586,-0.5492555715032481,time_exit,197.65889285221957,192.2306304444073
V1 Legacy M15,Legacy,2026-02-12 12:45:00+00:00,2026-02-12 13:15:00+00:00,2026-02-12 13:30:00+00:00,-1,5052.475,5069.314317550767,2.0,-1.0,-1.0300040365933363,stop,192.2306304444073,182.33071417867623
V1 Legacy M15,Legacy,2026-02-13 05:30:00+00:00,2026-02-13 06:00:00+00:00,2026-02-13 13:45:00+00:00,-1,4963.805,4998.458552445761,2.0,-1.0,-1.0143240869973413,stop,182.33071417867623,173.08359241913328
V1 Legacy M15,Legacy,2026-02-13 16:15:00+00:00,2026-02-13 16:45:00+00:00,2026-02-16 04:00:00+00:00,1,5027.235,4971.668793666686,2.0,-1.0,-1.009047288508134,stop,173.08359241913328,164.3511159383446
V1 Legacy M15,Legacy,2026-02-16 15:00:00+00:00,2026-02-16 15:30:00+00:00,2026-02-16 23:30:00+00:00,-1,4976.265,5000.280701206649,2.0,-1.0,-1.0207208815482032,stop,164.3511159383446,155.9632851411437
V1 Legacy M15,Legacy,2026-02-17 00:00:00+00:00,2026-02-17 00:30:00+00:00,2026-02-17 01:00:00+00:00,-1,4978.985,5001.447168026961,2.0,2.0,1.977833907243398,target,155.9632851411437,171.38675882300493
V1 Legacy M15,Legacy,2026-02-17 23:45:00+00:00,2026-02-18 00:15:00+00:00,2026-02-18 01:15:00+00:00,-1,4858.855,4885.549656440332,3.0,-1.0,-1.0182016015484614,stop,171.38675882300493,162.66144520711575
V1 Legacy M15,Legacy,2026-02-18 03:15:00+00:00,2026-02-18 03:45:00+00:00,2026-02-18 15:00:00+00:00,1,4918.975,4884.964737743721,2.0,2.0,1.9855367919161169,target,162.66144520711575,178.80995941136456
V1 Legacy M15,Legacy,2026-02-19 03:45:00+00:00,2026-02-19 04:15:00+00:00,2026-02-19 07:00:00+00:00,1,4981.115,4965.308329236989,2.0,2.0,1.968487260380874,target,178.80995941136456,196.40921576788918
V1 Legacy M15,Legacy,2026-02-19 20:45:00+00:00,2026-02-19 21:15:00+00:00,2026-02-20 14:15:00+00:00,1,5001.475,4977.078986779263,2.0,1.6848244681660065,1.6643232700614385,time_exit,196.40921576788918,212.75363718074
V1 Legacy M15,Legacy,2026-02-20 19:45:00+00:00,2026-02-20 20:15:00+00:00,2026-02-22 23:15:00+00:00,1,5079.165,5055.8944814426395,2.0,2.0,1.9781733914202206,target,212.75363718074,233.79681638068058
V1 Legacy M15,Legacy,2026-02-23 02:30:00+00:00,2026-02-23 03:00:00+00:00,2026-02-23 07:15:00+00:00,1,5174.095,5144.600700207859,3.0,-1.0,-1.017542694813791,stop,233.79681638068058,221.90190425173645
V1 Legacy M15,Legacy,2026-02-23 10:15:00+00:00,2026-02-23 10:45:00+00:00,2026-02-23 15:00:00+00:00,1,5155.775,5138.319891877275,2.0,2.0,1.970462657900768,target,221.90190425173645,243.76437505399238
V1 Legacy M15,Legacy,2026-02-23 16:15:00+00:00,2026-02-23 16:45:00+00:00,2026-02-24 01:30:00+00:00,1,5214.485,5174.178100102379,2.0,-1.0,-1.0129369537554236,stop,243.76437505399238,231.41847787892812
V1 Legacy M15,Legacy,2026-02-25 05:15:00+00:00,2026-02-25 05:45:00+00:00,2026-02-25 10:45:00+00:00,1,5195.085,5170.918557252964,2.0,-1.0,-1.0214971026326876,stop,231.41847787892812,219.59881264647854
V1 Legacy M15,Legacy,2026-02-25 16:15:00+00:00,2026-02-25 16:45:00+00:00,2026-02-25 21:00:00+00:00,1,5202.595,5170.569811752662,2.0,-1.0,-1.016245322150237,stop,219.59881264647854,208.440499341392
V1 Legacy M15,Legacy,2026-02-26 04:00:00+00:00,2026-02-26 04:30:00+00:00,2026-02-26 08:45:00+00:00,1,5196.445,5174.510605395773,2.0,-1.0,-1.023690852169673,stop,208.440499341392,197.77156772151895
V1 Legacy M15,Legacy,2026-02-26 11:45:00+00:00,2026-02-26 12:15:00+00:00,2026-02-26 12:45:00+00:00,-1,5164.465,5180.038282940742,2.0,-1.0,-1.0331623397561804,stop,197.77156772151895,187.55506093929833
V1 Legacy M15,Legacy,2026-02-26 20:00:00+00:00,2026-02-26 20:30:00+00:00,2026-02-26 23:15:00+00:00,1,5196.585,5177.534745483742,3.0,-1.0,-1.0272782969674503,stop,187.55506093929833,177.92149875983088
V1 Legacy M15,Legacy,2026-02-27 05:15:00+00:00,2026-02-27 05:45:00+00:00,2026-02-27 07:30:00+00:00,1,5194.415,5179.8329116218665,2.0,-1.0,-1.0356218866962106,stop,177.92149875983088,168.70852884835722
V1 Legacy M15,Legacy,2026-02-27 16:00:00+00:00,2026-02-27 16:30:00+00:00,2026-03-01 23:15:00+00:00,1,5253.465,5212.979773048903,3.0,3.0,2.98702374817771,target,168.70852884835722,193.9053479578656
V1 Legacy M15,Legacy,2026-03-02 03:30:00+00:00,2026-03-02 04:00:00+00:00,2026-03-02 14:30:00+00:00,1,5361.905,5323.926761752887,3.0,-1.0,-1.0141183615867373,stop,193.9053479578656,184.07319926916875
V1 Legacy M15,Legacy,2026-03-03 01:00:00+00:00,2026-03-03 01:30:00+00:00,2026-03-03 06:00:00+00:00,1,5367.785,5328.042211404394,3.0,-1.0,-1.0135063119365346,stop,184.07319926916875,174.74523180328606
V1 Legacy M15,Legacy,2026-03-03 14:30:00+00:00,2026-03-03 15:00:00+00:00,2026-03-04 02:15:00+00:00,-1,5070.935,5189.680378352312,2.0,-1.0,-1.004270427253981,stop,174.74523180328606,165.97065837310194
V1 Legacy M15,Legacy,2026-03-04 09:30:00+00:00,2026-03-04 10:00:00+00:00,2026-03-04 15:00:00+00:00,1,5182.465,5150.387242033309,2.0,-1.0,-1.016155945204716,stop,165.97065837310194,157.53805481133352
V1 Legacy M15,Legacy,2026-03-05 02:45:00+00:00,2026-03-05 03:15:00+00:00,2026-03-05 05:45:00+00:00,1,5191.705,5165.937198103271,2.0,-1.0,-1.0201480321092466,stop,157.53805481133352,149.5024479814285
V1 Legacy M15,Legacy,2026-03-06 09:45:00+00:00,2026-03-06 10:15:00+00:00,2026-03-06 13:45:00+00:00,-1,5085.355,5114.383996314088,3.0,-1.0,-1.0175181909321884,stop,149.5024479814285,141.89637496092868
V1 Legacy M15,Legacy,2026-03-06 18:30:00+00:00,2026-03-06 19:00:00+00:00,2026-03-08 22:15:00+00:00,1,5165.195,5130.844050472892,2.0,-1.0,-1.0150365421366998,stop,141.89637496092868,134.694874671825
V1 Legacy M15,Legacy,2026-03-09 13:30:00+00:00,2026-03-09 14:00:00+00:00,2026-03-09 14:45:00+00:00,-1,5075.205,5113.385342844912,2.0,-1.0,-1.0132927171990451,stop,134.694874671825,127.87060789437508
V1 Legacy M15,Legacy,2026-03-09 18:30:00+00:00,2026-03-09 19:00:00+00:00,2026-03-10 02:00:00+00:00,1,5117.795,5087.376946896695,2.0,2.0,1.9831751395047572,target,127.87060789437508,140.55009842684936
V1 Legacy M15,Legacy,2026-03-10 05:45:00+00:00,2026-03-10 06:15:00+00:00,2026-03-10 07:30:00+00:00,1,5177.755,5159.998769187495,2.0,-1.0,-1.0291602145448202,stop,140.55009842684936,133.31766995428578
V1 Legacy M15,Legacy,2026-03-10 07:45:00+00:00,2026-03-10 08:15:00+00:00,2026-03-10 10:45:00+00:00,1,5180.815,5157.242722420411,2.0,-1.0,-1.0219784235210523,stop,133.31766995428578,126.50528084591673
V1 Legacy M15,Legacy,2026-03-11 00:15:00+00:00,2026-03-11 00:45:00+00:00,2026-03-11 07:45:00+00:00,1,5212.065,5185.304056405388,3.0,-1.0,-1.01947638722668,stop,126.50528084591673,120.05682351182213
V1 Legacy M15,Legacy,2026-03-11 12:45:00+00:00,2026-03-11 13:15:00+00:00,2026-03-12 06:15:00+00:00,-1,5167.265,5197.104801053866,2.0,0.43632998680176077,0.4190132996339334,time_exit,120.05682351182213,122.572093799985
V1 Legacy M15,Legacy,2026-03-12 18:30:00+00:00,2026-03-12 19:00:00+00:00,2026-03-13 02:00:00+00:00,-1,5098.428,5123.843127558019,2.0,-1.0,-1.020060603624204,stop,122.572093799985,116.32054560053024
V1 Legacy M15,Legacy,2026-03-13 04:15:00+00:00,2026-03-13 04:45:00+00:00,2026-03-13 08:30:00+00:00,-1,5105.335,5118.594900706686,3.0,3.0,2.9614979394421415,target,116.32054560053024,133.54469840606802
V1 Legacy M15,Legacy,2026-03-13 14:00:00+00:00,2026-03-13 14:30:00+00:00,2026-03-13 16:15:00+00:00,-1,5090.095,5122.808378265805,2.0,2.0,1.9844403260383514,target,133.54469840606802,146.79527264834957
V1 Legacy M15,Legacy,2026-03-13 19:30:00+00:00,2026-03-13 20:00:00+00:00,2026-03-16 13:00:00+00:00,-1,5025.095,5050.993733900256,3.0,0.20927663957914514,0.18987377988973647,time_exit,146.79527264834957,148.1889013127339
V1 Legacy M15,Legacy,2026-03-16 16:15:00+00:00,2026-03-16 16:45:00+00:00,2026-03-16 18:30:00+00:00,-1,4979.625,5006.990517624888,3.0,-1.0,-1.0181967140847037,stop,148.1889013127339,140.64462869371147
V1 Legacy M15,Legacy,2026-03-17 01:30:00+00:00,2026-03-17 02:00:00+00:00,2026-03-17 10:45:00+00:00,1,5017.535,4993.662958117825,2.0,-1.0,-1.0210184575947252,stop,140.64462869371147,133.46459060081966
V1 Legacy M15,Legacy,2026-03-17 15:15:00+00:00,2026-03-17 15:45:00+00:00,2026-03-18 08:45:00+00:00,-1,4994.485,5021.566994186069,2.0,0.38054804713387624,0.36210595987218874,time_exit,133.46459060081966,135.8810067852426
V1 Legacy M15,Legacy,2026-03-19 05:30:00+00:00,2026-03-19 06:00:00+00:00,2026-03-19 06:45:00+00:00,-1,4833.505,4854.637344332692,2.0,2.0,1.9771274548440774,target,135.8810067852426,149.31371024059047
V1 Legacy M15,Legacy,2026-03-19 10:15:00+00:00,2026-03-19 10:45:00+00:00,2026-03-19 13:00:00+00:00,-1,4683.108,4728.027523349533,3.0,3.0,2.98957444858985,target,149.31371024059047,171.63293288856136
V1 Legacy M15,Legacy,2026-03-19 23:30:00+00:00,2026-03-20 00:00:00+00:00,2026-03-20 01:15:00+00:00,-1,4635.345,4678.867709588548,2.0,-1.0,-1.0106504053718652,stop,171.63293288856136,162.95988822861202
V1 Legacy M15,Legacy,2026-03-20 03:00:00+00:00,2026-03-20 03:30:00+00:00,2026-03-20 06:45:00+00:00,1,4717.165,4668.200756581016,2.0,-1.0,-1.0096338974537715,stop,162.95988822861202,154.73339687456777
V1 Legacy M15,Legacy,2026-03-20 10:45:00+00:00,2026-03-20 11:15:00+00:00,2026-03-20 12:15:00+00:00,-1,4645.155,4694.140369345191,2.0,-1.0,-1.009482739565086,stop,154.73339687456777,146.92336220561026
V1 Legacy M15,Legacy,2026-03-20 18:30:00+00:00,2026-03-20 19:00:00+00:00,2026-03-23 00:45:00+00:00,-1,4525.698,4585.183662435518,3.0,3.0,2.9923919515817685,target,146.92336220561026,168.90597653378032
V1 Legacy M15,Legacy,2026-03-23 05:30:00+00:00,2026-03-23 06:00:00+00:00,2026-03-23 07:15:00+00:00,-1,4321.755,4384.580972740001,3.0,3.0,2.993121069501168,target,168.90597653378032,194.1837783901767
V1 Legacy M15,Legacy,2026-03-23 18:30:00+00:00,2026-03-23 19:00:00+00:00,2026-03-23 20:15:00+00:00,1,4461.615,4384.4244316683835,2.0,-1.0,-1.0057800001948847,stop,194.1837783901767,184.41847035682093
V1 Legacy M15,Legacy,2026-03-23 23:00:00+00:00,2026-03-23 23:30:00+00:00,2026-03-24 00:45:00+00:00,1,4435.325,4356.460396433493,2.0,-1.0,-1.0056239742538737,stop,184.41847035682093,175.14568860251862
V1 Legacy M15,Legacy,2026-03-24 10:45:00+00:00,2026-03-24 11:15:00+00:00,2026-03-24 11:15:00+00:00,1,4438.445,4402.780344482875,2.0,-1.0,-1.0124449400552007,stop,175.14568860251862,166.27942029261342
V1 Legacy M15,Legacy,2026-03-24 20:15:00+00:00,2026-03-24 20:45:00+00:00,2026-03-25 02:00:00+00:00,1,4455.395,4386.164923347217,2.0,2.0,1.9935643650629689,target,166.27942029261342,182.85385663954753
V1 Legacy M15,Legacy,2026-03-25 11:15:00+00:00,2026-03-25 11:45:00+00:00,2026-03-25 12:30:00+00:00,1,4579.705,4549.61508635188,2.0,-1.0,-1.0152200669418874,stop,182.85385663954753,173.57201141063834
V1 Legacy M15,Legacy,2026-03-25 23:30:00+00:00,2026-03-26 00:00:00+00:00,2026-03-26 01:00:00+00:00,-1,4494.435,4536.450552755353,2.0,-1.0,-1.0106970745480135,stop,173.57201141063834,164.80057520283103
V1 Legacy M15,Legacy,2026-03-26 02:45:00+00:00,2026-03-26 03:15:00+00:00,2026-03-26 06:00:00+00:00,-1,4508.395,4538.955803992998,2.0,2.0,1.985247786671342,target,164.80057520283103,181.15907406101024
V1 Legacy M15,Legacy,2026-03-26 19:45:00+00:00,2026-03-26 20:15:00+00:00,2026-03-26 20:15:00+00:00,-1,4363.685,4400.946110687099,3.0,-1.0,-1.0117110974942327,stop,181.15907406101024,171.99504177904507
V1 Legacy M15,Legacy,2026-03-27 00:45:00+00:00,2026-03-27 01:15:00+00:00,2026-03-27 01:45:00+00:00,-1,4378.395,4412.700183564817,3.0,-1.0,-1.012763071189307,stop,171.99504177904507,163.28553044197113
V1 Legacy M15,Legacy,2026-03-27 04:45:00+00:00,2026-03-27 05:15:00+00:00,2026-03-27 08:45:00+00:00,1,4445.645,4429.045188087659,2.0,-1.0,-1.026781297423586,stop,163.28553044197113,154.90260400208584
V1 Legacy M15,Legacy,2026-03-30 03:00:00+00:00,2026-03-30 03:30:00+00:00,2026-03-30 19:30:00+00:00,1,4504.145,4456.562469089823,2.0,-0.058004480787504364,-0.06747044426999035,time_exit,154.90260400208584,154.3800366265559
V1 Legacy M15,Legacy,2026-03-31 05:30:00+00:00,2026-03-31 06:00:00+00:00,2026-03-31 07:30:00+00:00,1,4576.435,4545.815682127865,2.0,-1.0,-1.0149462343319045,stop,154.3800366265559,146.54566478504867
V1 Legacy M15,Legacy,2026-03-31 13:45:00+00:00,2026-03-31 14:15:00+00:00,2026-03-31 22:45:00+00:00,1,4606.295,4565.920260014904,2.0,2.0,1.9885911463412511,target,146.54566478504867,161.1166353613607
V1 Legacy M15,Legacy,2026-04-01 00:00:00+00:00,2026-04-01 00:30:00+00:00,2026-04-01 16:00:00+00:00,1,4702.748,4660.16644225589,2.0,2.0,1.9889559042713731,target,161.1166353613607,177.1393295202765
V1 Legacy M15,Legacy,2026-04-02 05:30:00+00:00,2026-04-02 06:00:00+00:00,2026-04-02 14:45:00+00:00,-1,4634.305,4682.286134529788,2.0,-1.0,-1.0096585982082664,stop,177.1393295202765,168.19681716372676
V1 Legacy M15,Legacy,2026-04-02 19:00:00+00:00,2026-04-02 19:30:00+00:00,2026-04-05 22:15:00+00:00,1,4674.188,4643.908882240736,2.0,-1.0,-1.0154370019534993,stop,168.19681716372676,159.65715357578398
V1 Legacy M15,Legacy,2026-04-06 00:15:00+00:00,2026-04-06 00:45:00+00:00,2026-04-06 02:30:00+00:00,-1,4603.035,4652.1737242271565,2.0,-1.0,-1.009367428789403,stop,159.65715357578398,151.59951704615278
V1 Legacy M15,Legacy,2026-04-06 05:00:00+00:00,2026-04-06 05:30:00+00:00,2026-04-06 22:30:00+00:00,1,4673.395,4628.929720477072,2.0,-0.2590785467582666,-0.26958875843385083,time_exit,151.59951704615278,149.5560407671706
V1 Legacy M15,Legacy,2026-04-07 05:15:00+00:00,2026-04-07 05:45:00+00:00,2026-04-07 08:15:00+00:00,-1,4632.015,4664.991044488621,2.0,-1.0,-1.0140466058674757,stop,149.5560407671706,141.97320099082424
V1 Legacy M15,Legacy,2026-04-07 14:00:00+00:00,2026-04-07 14:30:00+00:00,2026-04-07 16:15:00+00:00,-1,4621.498,4664.950105479054,2.0,-1.0,-1.0106358436468117,stop,141.97320099082424,134.79904070289425
V1 Legacy M15,Legacy,2026-04-07 19:15:00+00:00,2026-04-07 19:45:00+00:00,2026-04-07 22:15:00+00:00,1,4687.125,4655.420224176568,2.0,2.0,1.9852163439788908,target,134.79904070289425,148.17930364069733
V1 Legacy M15,Legacy,2026-04-08 05:15:00+00:00,2026-04-08 05:45:00+00:00,2026-04-08 09:45:00+00:00,1,4815.495,4788.610046833334,3.0,-1.0,-1.0179114874039308,stop,148.17930364069733,140.63763287212828
V1 Legacy M15,Legacy,2026-04-08 12:00:00+00:00,2026-04-08 12:30:00+00:00,2026-04-08 12:30:00+00:00,1,4805.065,4776.523079722421,2.0,-1.0,-1.0168351146428458,stop,140.63763287212828,133.48736869489682
V1 Legacy M15,Legacy,2026-04-08 17:45:00+00:00,2026-04-08 18:15:00+00:00,2026-04-09 11:15:00+00:00,-1,4733.525,4766.719780091277,2.0,-0.16116991844166942,-0.17542976588450215,time_exit,133.48736869489682,132.3164858029626
V1 Legacy M15,Legacy,2026-04-09 11:30:00+00:00,2026-04-09 12:00:00+00:00,2026-04-10 05:00:00+00:00,1,4750.755,4722.507897710607,2.0,0.26551396044670494,0.24869540344454513,time_exit,132.3164858029626,133.9618108939192
V1 Legacy M15,Legacy,2026-04-10 06:30:00+00:00,2026-04-10 07:00:00+00:00,2026-04-10 12:15:00+00:00,-1,4750.565,4769.719796068241,2.0,-1.0,-1.0248009166115661,stop,133.9618108939192,127.09760156416752
V1 Legacy M15,Legacy,2026-04-10 12:30:00+00:00,2026-04-10 13:00:00+00:00,2026-04-10 16:15:00+00:00,1,4772.485,4753.248030465594,2.0,-1.0,-1.024808923211446,stop,127.09760156416752,120.58506375408092
V1 Legacy M15,Legacy,2026-04-10 20:15:00+00:00,2026-04-10 20:45:00+00:00,2026-04-12 22:15:00+00:00,-1,4745.158,4771.243131161012,2.0,2.0,1.981808954799919,target,120.58506375408092,132.53389171222875
V1 Legacy M15,Legacy,2026-04-13 09:15:00+00:00,2026-04-13 09:45:00+00:00,2026-04-13 14:00:00+00:00,-1,4715.015,4739.432711438361,2.0,-1.0,-1.0193098153850428,stop,132.53389171222875,125.77923687755609
V1 Legacy M15,Legacy,2026-04-13 22:45:00+00:00,2026-04-13 23:15:00+00:00,2026-04-14 13:45:00+00:00,1,4757.395,4737.043649984432,2.0,2.0,1.9766236883727093,target,125.77923687755609,138.21014783343708
V1 Legacy M15,Legacy,2026-04-14 17:00:00+00:00,2026-04-14 17:30:00+00:00,2026-04-15 09:15:00+00:00,1,4826.835,4803.542136452364,3.0,-1.0,-1.020722377006711,stop,138.21014783343708,131.15643830228734
V1 Legacy M15,Legacy,2026-04-16 00:30:00+00:00,2026-04-16 01:00:00+00:00,2026-04-16 01:45:00+00:00,1,4832.245,4811.390368007369,3.0,-1.0,-1.023171087371417,stop,131.15643830228734,124.44666452261167
V1 Legacy M15,Legacy,2026-04-16 04:30:00+00:00,2026-04-16 05:00:00+00:00,2026-04-16 06:30:00+00:00,1,4830.215,4818.069410340375,2.0,-1.0,-1.039769291861199,stop,124.44666452261167,117.97687351035346
V1 Legacy M15,Legacy,2026-04-16 17:15:00+00:00,2026-04-16 17:45:00+00:00,2026-04-17 10:45:00+00:00,-1,4784.855,4811.161163202917,2.0,0.004561668650583827,-0.013627433892007108,time_exit,117.97687351035346,117.89648740812605
V1 Legacy M15,Legacy,2026-04-20 04:30:00+00:00,2026-04-20 05:00:00+00:00,2026-04-20 07:15:00+00:00,-1,4787.175,4797.549015010091,2.0,-1.0,-1.0461458268119272,stop,117.89648740812605,111.72964149323624
V1 Legacy M15,Legacy,2026-04-20 13:15:00+00:00,2026-04-20 13:45:00+00:00,2026-04-20 15:00:00+00:00,1,4824.148,4797.817525423979,2.0,-1.0,-1.0183215383606994,stop,111.72964149323624,106.04080647294215
V1 Legacy M15,Legacy,2026-04-20 18:00:00+00:00,2026-04-20 18:30:00+00:00,2026-04-21 03:15:00+00:00,1,4815.235,4800.554225127941,2.0,-1.0,-1.0327995970373791,stop,106.04080647294215,100.56486136320348
V1 Legacy M15,Legacy,2026-04-21 04:45:00+00:00,2026-04-21 05:15:00+00:00,2026-04-21 12:45:00+00:00,-1,4789.055,4800.267254085736,2.0,2.0,1.957287312940109,target,100.56486136320348,110.40657772689244
V1 Legacy M15,Legacy,2026-04-21 16:15:00+00:00,2026-04-21 16:45:00+00:00,2026-04-22 03:15:00+00:00,-1,4720.585,4758.808807932635,2.0,-1.0,-1.012349855378929,stop,110.40657772689244,104.81807357715734
V1 Legacy M15,Legacy,2026-04-22 03:15:00+00:00,2026-04-22 03:45:00+00:00,2026-04-22 10:15:00+00:00,1,4762.835,4748.834147514626,2.0,-1.0,-1.0340181785714517,stop,104.81807357715734,99.3988839010763
V1 Legacy M15,Legacy,2026-04-22 15:30:00+00:00,2026-04-22 16:00:00+00:00,2026-04-23 00:45:00+00:00,-1,4727.175,4751.421190462628,2.0,-1.0,-1.0194965679548145,stop,99.3988839010763,94.33204285129199
V1 Legacy M15,Legacy,2026-04-23 10:00:00+00:00,2026-04-23 10:30:00+00:00,2026-04-23 12:00:00+00:00,-1,4688.835,4708.253679212703,3.0,-1.0,-1.0241460036938699,stop,94.33204285129199,89.50155361597051
V1 Legacy M15,Legacy,2026-04-24 02:15:00+00:00,2026-04-24 02:45:00+00:00,2026-04-24 11:30:00+00:00,-1,4683.365,4711.958753620276,2.0,-1.0,-1.01637897934701,stop,89.50155361597051,84.95317873026191
V1 Legacy M15,Legacy,2026-04-27 12:30:00+00:00,2026-04-27 13:00:00+00:00,2026-04-27 15:15:00+00:00,-1,4698.585,4713.148868309352,2.0,2.0,1.967738069994887,target,84.95317873026191,93.31145892799273
V1 Legacy M15,Legacy,2026-04-28 08:00:00+00:00,2026-04-28 08:30:00+00:00,2026-04-28 12:00:00+00:00,-1,4620.075,4640.246658430207,3.0,3.0,2.9770962064622246,target,93.31145892799273,107.20131844769188
V1 Legacy M15,Legacy,2026-04-28 23:00:00+00:00,2026-04-28 23:30:00+00:00,2026-04-29 00:15:00+00:00,-1,4590.515,4600.167722389093,2.0,-1.0,-1.0475566872739157,stop,107.20131844769188,101.58634554646886
V1 Legacy M15,Legacy,2026-04-29 05:45:00+00:00,2026-04-29 06:15:00+00:00,2026-04-29 10:00:00+00:00,-1,4590.775,4608.417929681308,2.0,2.0,1.9739795199384396,target,101.58634554646886,111.6128138271748
V1 Legacy M15,Legacy,2026-04-29 18:00:00+00:00,2026-04-29 18:30:00+00:00,2026-04-30 00:00:00+00:00,-1,4525.375,4555.46022370506,2.0,-1.0,-1.0150418525863871,stop,111.6128138271748,105.94822996119905
V1 Legacy M15,Legacy,2026-04-30 01:15:00+00:00,2026-04-30 01:45:00+00:00,2026-04-30 04:15:00+00:00,1,4579.615,4555.296734336005,2.0,-1.0,-1.0188319967520567,stop,105.94822996119905,100.55105762701332
V1 Legacy M15,Legacy,2026-04-30 06:30:00+00:00,2026-04-30 07:00:00+00:00,2026-04-30 08:15:00+00:00,1,4575.025,4550.905076043635,2.0,2.0,1.9810321748597688,target,100.55105762701332,110.51080164577793
V1 Legacy M15,Legacy,2026-04-30 10:15:00+00:00,2026-04-30 10:45:00+00:00,2026-04-30 14:00:00+00:00,1,4643.655,4613.315500775621,2.0,-1.0,-1.0153056415521478,stop,110.51080164577793,104.90068962760749
V1 Legacy M15,Legacy,2026-04-30 22:00:00+00:00,2026-04-30 22:30:00+00:00,2026-05-01 04:45:00+00:00,1,4631.155,4613.553739490906,2.0,-1.0,-1.0263114962568012,stop,104.90068962760749,99.51765044110348
V1 Legacy M15,Legacy,2026-05-01 05:45:00+00:00,2026-05-01 06:15:00+00:00,2026-05-01 08:00:00+00:00,-1,4604.655,4618.434034018671,2.0,2.0,1.9665821639328236,target,99.51765044110348,109.30313225880225
V1 Legacy M15,Legacy,2026-05-01 09:45:00+00:00,2026-05-01 10:15:00+00:00,2026-05-01 10:45:00+00:00,-1,4562.595,4573.491443726716,3.0,-1.0,-1.041872331142439,stop,109.30313225880225,103.60913679841981
V1 Legacy M15,Legacy,2026-05-04 01:00:00+00:00,2026-05-04 01:30:00+00:00,2026-05-04 02:15:00+00:00,-1,4600.295,4617.779064638125,2.0,-1.0,-1.0263113589157564,stop,103.60913679841981,98.29237509923607
V1 Legacy M15,Legacy,2026-05-04 06:30:00+00:00,2026-05-04 07:00:00+00:00,2026-05-04 10:30:00+00:00,-1,4585.325,4613.852328681722,2.0,2.0,1.9839265531969072,target,98.29237509923607,108.04261774604431
V1 Legacy M15,Legacy,2026-05-04 15:00:00+00:00,2026-05-04 15:30:00+00:00,2026-05-05 08:30:00+00:00,-1,4548.198,4584.300097195122,2.0,-0.0819065990548317,-0.0945047536036332,time_exit,108.04261774604431,107.53209069760524
V1 Legacy M15,Legacy,2026-05-05 08:45:00+00:00,2026-05-05 09:15:00+00:00,2026-05-05 11:00:00+00:00,1,4558.255,4542.327691622383,2.0,-1.0,-1.0286191168773113,stop,107.53209069760524,102.00161248913815
V1 Legacy M15,Legacy,2026-05-05 13:00:00+00:00,2026-05-05 13:30:00+00:00,2026-05-05 17:15:00+00:00,1,4578.815,4553.221956126205,2.0,-1.0,-1.0178908574633767,stop,102.00161248913815,96.81028704917736
V1 Legacy M15,Legacy,2026-05-05 22:00:00+00:00,2026-05-05 22:30:00+00:00,2026-05-05 23:00:00+00:00,-1,4550.515,4560.496411742549,3.0,-1.0,-1.0455898936680688,stop,96.81028704917736,91.74909416209114
V1 Legacy M15,Legacy,2026-05-06 02:00:00+00:00,2026-05-06 02:30:00+00:00,2026-05-06 09:00:00+00:00,1,4633.225,4608.273547548852,2.0,2.0,1.981431040902043,target,91.74909416209114,100.83881931946173
V1 Legacy M15,Legacy,2026-05-06 10:30:00+00:00,2026-05-06 11:00:00+00:00,2026-05-06 12:15:00+00:00,1,4714.145,4690.254861471269,2.0,-1.0,-1.0197325980103902,stop,100.83881931946173,95.69738775921499
V1 Legacy M15,Legacy,2026-05-06 19:00:00+00:00,2026-05-06 19:30:00+00:00,2026-05-07 06:45:00+00:00,1,4695.075,4679.436333577293,2.0,2.0,1.9699777789672464,target,95.69738775921499,105.12347412875826
V1 Legacy M15,Legacy,2026-05-07 11:45:00+00:00,2026-05-07 12:15:00+00:00,2026-05-07 16:15:00+00:00,1,4742.785,4726.204525792646,2.0,-1.0,-1.0286046402574924,stop,105.12347412875826,99.7169494643168
V1 Legacy M15,Legacy,2026-05-08 06:15:00+00:00,2026-05-08 06:45:00+00:00,2026-05-08 07:30:00+00:00,1,4733.425,4708.342756125318,2.0,-1.0,-1.0188716170038437,stop,99.7169494643168,94.63701098714685
V1 Legacy M15,Legacy,2026-05-08 10:30:00+00:00,2026-05-08 11:00:00+00:00,2026-05-08 12:15:00+00:00,1,4724.195,4706.387298149036,2.0,-1.0,-1.0265289425864028,stop,94.63701098714685,89.77962944623818
V1 Legacy M15,Legacy,2026-05-08 18:00:00+00:00,2026-05-08 18:30:00+00:00,2026-05-10 22:15:00+00:00,1,4727.545,4710.178568783535,2.0,-1.0,-1.027222317245687,stop,89.77962944623818,85.16844749617698
V1 Legacy M15,Legacy,2026-05-11 04:15:00+00:00,2026-05-11 04:45:00+00:00,2026-05-11 12:30:00+00:00,-1,4671.455,4691.271185694939,2.0,-1.0,-1.02357393633626,stop,85.16844749617698,80.80963734341148
V1 Legacy M15,Legacy,2026-05-11 19:45:00+00:00,2026-05-11 20:15:00+00:00,2026-05-11 23:45:00+00:00,1,4733.325,4721.543894298576,2.0,2.0,1.9598227439770122,target,80.80963734341148,88.72826560331909
V1 Legacy M15,Legacy,2026-05-12 06:00:00+00:00,2026-05-12 06:30:00+00:00,2026-05-12 15:30:00+00:00,-1,4705.035,4725.834637763938,2.0,2.0,1.9773792454782197,target,88.72826560331909,97.5007371478832
V1 Legacy M15,Legacy,2026-05-13 06:00:00+00:00,2026-05-13 06:30:00+00:00,2026-05-13 09:30:00+00:00,1,4710.485,4692.4935045002185,2.0,-1.0,-1.0261817312521757,stop,97.5007371478832,92.4980633856443
V1 Legacy M15,Legacy,2026-05-13 12:15:00+00:00,2026-05-13 12:45:00+00:00,2026-05-13 16:30:00+00:00,-1,4683.555,4706.081280097056,2.0,-1.0,-1.0207915154203029,stop,92.4980633856443,87.77700147080054
V1 Legacy M15,Legacy,2026-05-14 03:30:00+00:00,2026-05-14 04:00:00+00:00,2026-05-14 04:30:00+00:00,-1,4675.945,4700.291730593568,2.0,-1.0,-1.019205638235613,stop,87.77700147080054,83.30386073047775
V1 Legacy M15,Legacy,2026-05-14 18:30:00+00:00,2026-05-14 19:00:00+00:00,2026-05-15 00:30:00+00:00,-1,4668.325,4683.473244943964,2.0,2.0,1.9691824035241787,target,83.30386073047775,91.50588556528204
V1 Legacy M15,Legacy,2026-05-15 04:30:00+00:00,2026-05-15 05:00:00+00:00,2026-05-15 05:45:00+00:00,-1,4605.965,4622.539368026824,2.0,2.0,1.972210312981191,target,91.50588556528204,100.52932812579834
V1 Legacy M15,Legacy,2026-05-15 13:30:00+00:00,2026-05-15 14:00:00+00:00,2026-05-15 14:30:00+00:00,-1,4519.785,4560.027336533821,3.0,-1.0,-1.0112314179277375,stop,100.52932812579834,95.44640737459964
V1 Legacy M15,Legacy,2026-05-15 19:45:00+00:00,2026-05-15 20:15:00+00:00,2026-05-18 00:45:00+00:00,-1,4545.665,4563.620474751008,2.0,2.0,1.974683682481051,target,95.44640737459964,104.87023053430269
V1 Legacy M15,Legacy,2026-05-18 11:30:00+00:00,2026-05-18 12:00:00+00:00,2026-05-19 05:00:00+00:00,1,4562.255,4528.663830030089,2.0,-0.5968830504552198,-0.6104647595891578,time_exit,104.87023053430269,101.66925153074357
V1 Legacy M15,Legacy,2026-05-19 10:30:00+00:00,2026-05-19 11:00:00+00:00,2026-05-19 11:15:00+00:00,-1,4528.925,4547.609670644094,2.0,-1.0,-1.0242387199981584,stop,101.66925153074357,96.46257232819258
V1 Legacy M15,Legacy,2026-05-19 13:00:00+00:00,2026-05-19 13:30:00+00:00,2026-05-19 13:45:00+00:00,-1,4524.165,4548.121748770691,2.0,2.0,1.9811152796929818,target,96.46257232819258,106.01774612608618
V1 Legacy M15,Legacy,2026-05-19 18:15:00+00:00,2026-05-19 18:45:00+00:00,2026-05-20 11:45:00+00:00,-1,4495.848,4511.995962547494,3.0,0.047869816252459695,0.020028235701495926,time_exit,106.01774612608618,106.1239135464839
V1 Legacy M15,Legacy,2026-05-20 12:30:00+00:00,2026-05-20 13:00:00+00:00,2026-05-20 13:30:00+00:00,1,4502.815,4489.889967690373,2.0,-1.0,-1.0348379399921985,stop,106.1239135464839,100.63286094256623
V1 Legacy M15,Legacy,2026-05-21 01:00:00+00:00,2026-05-21 01:30:00+00:00,2026-05-21 02:45:00+00:00,1,4559.655,4536.25314928974,2.0,-1.0,-1.0194841641221175,stop,100.63286094256623,95.50318053650375
V1 Legacy M15,Legacy,2026-05-22 10:30:00+00:00,2026-05-22 11:00:00+00:00,2026-05-24 22:15:00+00:00,-1,4512.188,4537.454094267749,2.0,-1.0,-1.0178586684280668,stop,95.50318053650375,90.6427435279272
V1 Legacy M15,Legacy,2026-05-25 09:30:00+00:00,2026-05-25 10:00:00+00:00,2026-05-26 00:15:00+00:00,1,4565.575,4552.596417812609,2.0,-1.0,-1.0351777639042539,stop,90.6427435279272,85.95117589995787
V1 Legacy M15,Legacy,2026-05-26 01:30:00+00:00,2026-05-26 02:00:00+00:00,2026-05-26 18:00:00+00:00,-1,4532.085,4553.991049582074,2.0,1.8798460144862597,1.8591572774183556,time_exit,85.95117589995787,93.94101360881147
V1 Legacy M15,Legacy,2026-05-27 02:00:00+00:00,2026-05-27 02:30:00+00:00,2026-05-27 11:00:00+00:00,-1,4503.835,4522.674631202081,3.0,3.0,2.9760938260856062,target,93.94101360881147,107.91987713968184
V1 Legacy M15,Legacy,2026-05-27 23:45:00+00:00,2026-05-28 00:15:00+00:00,2026-05-28 02:00:00+00:00,-1,4446.955,4462.922300225783,2.0,2.0,1.9721496124133793,target,107.91987713968184,118.561584333318
V1 Legacy M15,Legacy,2026-05-28 03:15:00+00:00,2026-05-28 03:45:00+00:00,2026-05-28 13:00:00+00:00,-1,4387.268,4413.195640657812,3.0,-1.0,-1.0169212002661652,stop,118.561584333318,112.5331949010332
V1 Legacy M15,Legacy,2026-05-28 16:15:00+00:00,2026-05-28 16:45:00+00:00,2026-05-29 09:45:00+00:00,1,4500.425,4467.015413737768,2.0,0.9503260456682575,0.9368555855294337,time_exit,112.5331949010332,117.80456251105846
V1 Legacy M15,Legacy,2026-06-01 01:45:00+00:00,2026-06-01 02:15:00+00:00,2026-06-01 13:15:00+00:00,-1,4525.155,4545.800066943932,2.0,2.0,1.9780811803018634,target,117.80456251105846,129.45591191389943
V1 Legacy M15,Legacy,2026-06-02 04:45:00+00:00,2026-06-02 05:15:00+00:00,2026-06-02 14:15:00+00:00,1,4517.135,4491.8807781761,2.0,-1.0,-1.017886652899061,stop,129.45591191389943,122.86733967009769
V1 Legacy M15,Legacy,2026-06-02 17:30:00+00:00,2026-06-02 18:00:00+00:00,2026-06-03 07:00:00+00:00,-1,4484.385,4498.928042810396,2.0,2.0,1.9691647404297365,target,122.86733967009769,134.9646413215357
V1 Legacy M15,Legacy,2026-06-03 07:45:00+00:00,2026-06-03 08:15:00+00:00,2026-06-04 01:15:00+00:00,-1,4453.275,4472.9424302774305,3.0,-0.5420128532111043,-0.564655745226897,time_exit,134.9646413215357,131.1542133153011
V1 Legacy M15,Legacy,2026-06-04 02:45:00+00:00,2026-06-04 03:15:00+00:00,2026-06-04 14:00:00+00:00,1,4474.475,4454.285645696115,2.0,2.0,1.9778374536765697,target,131.1542133153011,144.12429908042552
V1 Legacy M15,Legacy,2026-06-04 22:45:00+00:00,2026-06-04 23:15:00+00:00,2026-06-05 02:15:00+00:00,-1,4468.995,4481.893681841127,2.0,2.0,1.9653530875864318,target,144.12429908042552,158.28705589012273
V1 Legacy M15,Legacy,2026-06-05 11:45:00+00:00,2026-06-05 12:15:00+00:00,2026-06-05 12:45:00+00:00,1,4470.035,4457.489185254786,2.0,-1.0,-1.0356296907835767,stop,158.28705589012273,150.0907171527962
V1 Legacy M15,Legacy,2026-06-05 15:30:00+00:00,2026-06-05 16:00:00+00:00,2026-06-08 09:00:00+00:00,-1,4338.518,4374.018400430906,3.0,1.4065475147860467,1.3943264751714541,time_exit,150.0907171527962,160.5544901829769
V1 Legacy M15,Legacy,2026-06-08 09:15:00+00:00,2026-06-08 09:45:00+00:00,2026-06-08 10:00:00+00:00,-1,4279.695,4298.15942577599,3.0,-1.0,-1.0231780562900852,stop,160.5544901829769,152.3406986232737
V1 Legacy M15,Legacy,2026-06-09 10:45:00+00:00,2026-06-09 11:15:00+00:00,2026-06-09 14:15:00+00:00,1,4338.925,4323.952071933901,2.0,-1.0,-1.028978466875987,stop,152.3406986232737,144.50293369766405
V1 Legacy M15,Legacy,2026-06-09 16:00:00+00:00,2026-06-09 16:30:00+00:00,2026-06-10 09:30:00+00:00,-1,4259.535,4303.256480905415,3.0,2.138765615059921,2.1290231843101144,time_exit,144.50293369766405,159.88543849982176
V1 Legacy M15,Legacy,2026-06-10 10:00:00+00:00,2026-06-10 10:30:00+00:00,2026-06-10 14:00:00+00:00,-1,4160.865,4180.540778764041,3.0,-1.0,-1.0211471426361245,stop,159.88543849982176,151.72211056616092
V1 Legacy M15,Legacy,2026-06-10 17:30:00+00:00,2026-06-10 18:00:00+00:00,2026-06-11 11:00:00+00:00,-1,4102.065,4136.646332424267,3.0,0.35394818944022094,0.34208611035757286,time_exit,151.72211056616092,154.3172118991019
V1 Legacy M15,Legacy,2026-06-11 22:30:00+00:00,2026-06-11 23:00:00+00:00,2026-06-12 00:45:00+00:00,1,4225.575,4203.505863485973,2.0,-1.0,-1.0191469883622966,stop,154.3172118991019,146.4536158111301
V1 Legacy M15,Legacy,2026-06-12 07:45:00+00:00,2026-06-12 08:15:00+00:00,2026-06-14 22:15:00+00:00,1,4194.315,4168.8419819008695,2.0,2.0,1.9835342832809306,target,146.4536158111301,160.97840420472164
V1 Legacy M15,Legacy,2026-06-15 01:30:00+00:00,2026-06-15 02:00:00+00:00,2026-06-15 18:00:00+00:00,1,4317.355,4283.925023203848,2.0,0.21477729535327567,0.20186267376581182,time_exit,160.97840420472164,162.60318075928757
V1 Legacy M15,Legacy,2026-06-15 20:00:00+00:00,2026-06-15 20:30:00+00:00,2026-06-16 03:45:00+00:00,-1,4315.698,4327.828929819992,2.0,-1.0,-1.0355759868702554,stop,162.60318075928757,154.18378329013547
V1 Legacy M15,Legacy,2026-06-16 08:15:00+00:00,2026-06-16 08:45:00+00:00,2026-06-16 14:30:00+00:00,1,4341.075,4321.750549084897,2.0,-1.0,-1.022464157036448,stop,154.18378329013547,146.30141368961353
V1 Legacy M15,Legacy,2026-06-16 16:00:00+00:00,2026-06-16 16:30:00+00:00,2026-06-17 04:45:00+00:00,1,4345.925,4320.051232235651,2.0,-1.0,-1.0167966453111175,stop,146.30141368961353,138.86347435741988
V1 Legacy M15,Legacy,2026-06-17 17:30:00+00:00,2026-06-17 18:00:00+00:00,2026-06-17 18:15:00+00:00,1,4376.278,4353.998674038042,2.0,-1.0,-1.0196427755824948,stop,138.86347435741988,131.78391743637846
V1 Legacy M15,Legacy,2026-06-18 07:45:00+00:00,2026-06-18 08:15:00+00:00,2026-06-18 11:15:00+00:00,-1,4288.535,4310.307911567919,2.0,2.0,1.980303346262983,target,131.78391743637846,144.8325240705237
V1 Legacy M15,Legacy,2026-06-18 15:15:00+00:00,2026-06-18 15:45:00+00:00,2026-06-19 03:30:00+00:00,-1,4235.575,4258.801878362953,3.0,3.0,2.9817643381352714,target,144.8325240705237,166.425346834304
V1 Legacy M15,Legacy,2026-06-19 03:30:00+00:00,2026-06-19 04:00:00+00:00,2026-06-22 01:00:00+00:00,-1,4162.025,4184.404036148754,3.0,-1.0,-1.018597874244158,stop,166.425346834304,157.94932160901556
V1 Legacy M15,Legacy,2026-06-22 05:15:00+00:00,2026-06-22 05:45:00+00:00,2026-06-22 22:45:00+00:00,1,4193.795,4169.4828215941125,2.0,-0.16452659787291343,-0.1817763684610743,time_exit,157.94932160901556,156.5137489048667
V1 Legacy M15,Legacy,2026-06-22 23:30:00+00:00,2026-06-23 00:00:00+00:00,2026-06-23 00:00:00+00:00,1,4194.655,4187.611281052772,2.0,-1.0,-1.0595517088547513,stop,156.5137489048667,148.22202839929597
V1 Legacy M15,Legacy,2026-06-23 00:00:00+00:00,2026-06-23 00:30:00+00:00,2026-06-23 01:15:00+00:00,-1,4178.505,4195.677410724906,2.0,-1.0,-1.024332663986075,stop,148.22202839929597,140.63059513871244
V1 Legacy M15,Legacy,2026-06-23 01:15:00+00:00,2026-06-23 01:45:00+00:00,2026-06-23 03:30:00+00:00,-1,4177.995,4199.164940376932,2.0,2.0,1.980264493306969,target,140.63059513871244,154.55488385000342
V1 Legacy M15,Legacy,2026-06-23 04:45:00+00:00,2026-06-23 05:15:00+00:00,2026-06-23 22:15:00+00:00,-1,4117.905,4147.793584159604,3.0,0.1425293341849543,0.1287518163941799,time_exit,154.55488385000342,155.54984495141738
V1 Legacy M15,Legacy,2026-06-23 22:15:00+00:00,2026-06-23 22:45:00+00:00,2026-06-23 23:45:00+00:00,-1,4105.765,4115.524250278675,2.0,2.0,1.9579295039807345,target,155.54984495141738,170.77762648991782
V1 Legacy M15,Legacy,2026-06-24 09:15:00+00:00,2026-06-24 09:45:00+00:00,2026-06-24 12:30:00+00:00,-1,4069.125,4088.4223568950883,2.0,2.0,1.9789135630225314,target,170.77762648991782,187.67533455600255
V1 Legacy M15,Legacy,2026-06-24 17:15:00+00:00,2026-06-24 17:45:00+00:00,2026-06-25 10:45:00+00:00,-1,3990.315,4023.5697370745465,2.0,0.14584388350831823,0.13384464565220472,time_exit,187.67533455600255,188.9313014885679
V1 Legacy M15,Legacy,2026-06-25 11:15:00+00:00,2026-06-25 11:45:00+00:00,2026-06-25 12:45:00+00:00,-1,3977.065,3990.1841924921077,2.0,-1.0,-1.0303148612415935,stop,188.9313014885679,179.19836510469852
V1 Legacy M15,Legacy,2026-06-25 15:45:00+00:00,2026-06-25 16:15:00+00:00,2026-06-26 02:45:00+00:00,1,4041.045,4003.3505181527275,2.0,-1.0,-1.0107205214184218,stop,179.19836510469852,170.14239185390105
V1 Legacy M15,Legacy,2026-06-26 09:15:00+00:00,2026-06-26 09:45:00+00:00,2026-06-26 15:45:00+00:00,1,4047.925,4024.7867423888256,2.0,2.0,1.982505489099382,target,170.14239185390105,187.0078031428439
V1 Legacy M15,Legacy,2026-06-26 20:45:00+00:00,2026-06-28 22:15:00+00:00,2026-06-28 22:30:00+00:00,1,4086.298,4063.3858256894882,2.0,-1.0,-1.0178346146665151,stop,187.0078031428439,177.4906523802675
V1 Legacy M15,Legacy,2026-06-29 08:45:00+00:00,2026-06-29 09:15:00+00:00,2026-06-29 14:30:00+00:00,-1,4046.805,4069.3369011169134,2.0,2.0,1.9820396646558942,target,177.4906523802675,195.08032803643457
V1 Legacy M15,Legacy,2026-06-29 18:45:00+00:00,2026-06-29 19:15:00+00:00,2026-06-30 01:15:00+00:00,-1,4013.175,4025.7323387868355,3.0,3.0,2.9680411983133936,target,195.08032803643457,224.03065056606602
V1 Legacy M15,Legacy,2026-06-30 11:00:00+00:00,2026-06-30 11:30:00+00:00,2026-06-30 12:30:00+00:00,1,4033.115,4017.0666251948546,2.0,-1.0,-1.0251309870872842,stop,224.03065056606602,212.54761246843614
V1 Legacy M15,Legacy,2026-06-30 20:45:00+00:00,2026-06-30 22:15:00+00:00,2026-07-01 01:15:00+00:00,-1,4009.785,4023.544068141504,2.0,2.0,1.970857147019248,target,212.54761246843614,233.49266152420088
V1 Legacy M15,Legacy,2026-07-01 05:00:00+00:00,2026-07-01 05:30:00+00:00,2026-07-01 08:30:00+00:00,-1,3971.715,3983.1924888511157,3.0,-1.0,-1.0346043899630009,stop,233.49266152420088,221.4140348923467
V1 Legacy M15,Legacy,2026-07-02 00:00:00+00:00,2026-07-02 00:30:00+00:00,2026-07-02 06:15:00+00:00,1,4044.485,4029.7287661627606,2.0,2.0,1.9725913465142226,target,221.4140348923467,243.25200535361878
V1 Legacy M15,Legacy,2026-07-02 23:15:00+00:00,2026-07-02 23:45:00+00:00,2026-07-02 23:45:00+00:00,1,4129.595,4121.537870822213,2.0,-1.0,-1.0512539256710078,stop,243.25200535361878,230.46602407585195
V1 Legacy M15,Legacy,2026-07-03 00:00:00+00:00,2026-07-03 00:30:00+00:00,2026-07-03 01:15:00+00:00,1,4134.565,4119.990880173616,2.0,2.0,1.9716307739386425,target,230.46602407585195,253.18571934661367
V1 Legacy M15,Legacy,2026-07-03 08:00:00+00:00,2026-07-03 08:30:00+00:00,2026-07-03 13:15:00+00:00,1,4183.885,4168.2226094622865,2.0,-1.0,-1.026712940083607,stop,253.18571934661367,240.18826663173644
V1 Legacy M15,Legacy,2026-07-06 05:00:00+00:00,2026-07-06 05:30:00+00:00,2026-07-06 22:30:00+00:00,-1,4151.835,4167.383246507437,2.0,-0.9068546728568861,-0.9335575875425647,time_exit,240.18826663173644,228.97678769409873
V1 Legacy M15,Legacy,2026-07-07 05:00:00+00:00,2026-07-07 05:30:00+00:00,2026-07-07 11:30:00+00:00,-1,4122.125,4141.72091372602,2.0,-1.0,-1.021035635580119,stop,228.97678769409873,217.28711469628183
V1 Legacy M15,Legacy,2026-07-07 18:45:00+00:00,2026-07-07 19:15:00+00:00,2026-07-08 08:30:00+00:00,-1,4126.705,4148.893081183531,2.0,2.0,1.9814012533762357,target,217.28711469628183,238.81376276636774
V1 Legacy M15,Legacy,2026-07-09 00:00:00+00:00,2026-07-09 00:30:00+00:00,2026-07-09 01:15:00+00:00,1,4087.445,4069.512410027087,2.0,-1.0,-1.0227933890540852,stop,238.81376276636774,226.60090587773917
V1 Legacy M15,Legacy,2026-07-09 03:00:00+00:00,2026-07-09 03:30:00+00:00,2026-07-09 06:00:00+00:00,-1,4058.925,4083.3343119616334,2.0,-1.0,-1.0166285924256278,stop,226.60090587773917,215.08245787849626
V1 Legacy M15,Legacy,2026-07-09 08:15:00+00:00,2026-07-09 08:45:00+00:00,2026-07-09 11:00:00+00:00,1,4114.585,4100.343014921793,2.0,-1.0,-1.0288905301993054,stop,215.08245787849626,204.01764267233747
V1 Legacy M15,Legacy,2026-07-09 13:15:00+00:00,2026-07-09 13:45:00+00:00,2026-07-10 06:45:00+00:00,1,4126.055,4104.0394333743725,2.0,-0.6749769493873671,-0.6937184838214477,time_exit,204.01764267233747,196.94110218496348
V1 Legacy M15,Legacy,2026-07-10 07:30:00+00:00,2026-07-10 08:00:00+00:00,2026-07-10 14:45:00+00:00,-1,4106.675,4120.448839706001,2.0,2.0,1.9701849659379238,target,196.94110218496348,216.34162211996644
V1 Legacy M15,Legacy,2026-07-10 18:30:00+00:00,2026-07-10 19:00:00+00:00,2026-07-10 20:00:00+00:00,-1,4098.635,4107.42207596705,2.0,-1.0,-1.0466439008308268,stop,216.34162211996644,205.01999015558093
V1 Legacy M15,Legacy,2026-07-13 03:00:00+00:00,2026-07-13 03:30:00+00:00,2026-07-13 16:45:00+00:00,-1,4057.795,4088.7614646300267,2.0,2.0,1.986896163160759,target,205.01999015558093,225.38766174614994
V1 Legacy M15,Legacy,2026-07-13 23:30:00+00:00,2026-07-14 00:00:00+00:00,2026-07-14 00:45:00+00:00,-1,3995.265,4006.2621326945173,3.0,-1.0,-1.0363300608529697,stop,225.38766174614994,213.70886128550512
V1 Legacy M15,Legacy,2026-07-14 05:30:00+00:00,2026-07-14 06:00:00+00:00,2026-07-14 12:45:00+00:00,1,4031.715,4012.973143993031,2.0,2.0,1.9784881764191293,target,213.70886128550512,234.8498840479735
V1 Legacy M15,Legacy,2026-07-15 00:15:00+00:00,2026-07-15 00:45:00+00:00,2026-07-15 01:45:00+00:00,1,4058.245,4042.9116391228313,2.0,-1.0,-1.026466767674155,stop,234.8498840479735,222.7966039796048
V1 Legacy M15,Legacy,2026-07-15 05:00:00+00:00,2026-07-15 05:30:00+00:00,2026-07-15 11:45:00+00:00,-1,4025.795,4036.635730244319,3.0,-1.0,-1.0371358285767673,stop,222.7966039796048,211.24308695598094
V1 Legacy M15,Legacy,2026-07-16 02:30:00+00:00,2026-07-16 03:00:00+00:00,2026-07-16 13:15:00+00:00,-1,4027.375,4046.468945378961,2.0,2.0,1.9789075808060201,target,211.24308695598094,232.14461426448375
V1 Legacy M15,Legacy,2026-07-16 17:30:00+00:00,2026-07-16 18:00:00+00:00,2026-07-17 03:30:00+00:00,-1,3981.445,3997.8317051426284,3.0,-1.0,-1.0242968001519885,stop,232.14461426448375,220.2553649863023
V1 Legacy M15,Legacy,2026-07-17 15:45:00+00:00,2026-07-17 16:15:00+00:00,2026-07-19 23:15:00+00:00,1,4018.915,3990.713692491855,2.0,-1.0,-1.0142508108847055,stop,220.2553649863023,209.08565585934912
V1 Legacy M15,Legacy,2026-07-20 02:45:00+00:00,2026-07-20 03:15:00+00:00,2026-07-20 19:15:00+00:00,1,4021.545,3994.61441216302,2.0,-0.6368223413397,-0.6517553425216414,time_exit,209.08565585934912,202.27202119680052
V1 Legacy M15,Legacy,2026-07-20 22:30:00+00:00,2026-07-20 23:00:00+00:00,2026-07-21 00:15:00+00:00,-1,4003.765,4011.051847869991,2.0,-1.0,-1.0549450883486728,stop,202.27202119680052,191.60272743320436
V1 Legacy M15,Legacy,2026-07-21 14:00:00+00:00,2026-07-21 14:30:00+00:00,2026-07-22 01:15:00+00:00,1,4065.685,4043.3472608769225,2.0,2.0,1.981799030879541,target,191.60272743320436,210.58863241025443
V1 Legacy M15,Legacy,2026-07-22 02:30:00+00:00,2026-07-22 03:00:00+00:00,2026-07-22 08:00:00+00:00,1,4127.725,4110.487396842627,2.0,-1.0,-1.0239460495888864,stop,210.58863241025443,199.80706249801412
V1 Legacy M15,Legacy,2026-07-22 12:00:00+00:00,2026-07-22 12:30:00+00:00,2026-07-22 13:00:00+00:00,1,4127.175,4111.849768970366,2.0,-1.0,-1.0269305891181635,stop,199.80706249801412,189.54766327796136
V1 Legacy M15,Legacy,2026-07-23 11:30:00+00:00,2026-07-23 12:00:00+00:00,2026-07-23 13:15:00+00:00,-1,4078.585,4095.923943089577,2.0,2.0,1.9764773147998171,target,189.54766327796136,208.27949610507162
V1 Legacy M15,Legacy,2026-07-24 00:00:00+00:00,2026-07-24 00:30:00+00:00,2026-07-24 07:45:00+00:00,-1,4041.385,4051.3055178466925,2.0,-1.0,-1.040737641547084,stop,208.27949610507162,197.44128052712125
V1 Legacy M15,Legacy,2026-07-24 10:15:00+00:00,2026-07-24 10:45:00+00:00,2026-07-24 13:15:00+00:00,1,4061.685,4050.836368994445,2.0,-1.0,-1.0374396087204019,stop,197.44128052712125,187.19961028635566
V1 Legacy M15,Legacy,2026-07-27 06:30:00+00:00,2026-07-27 07:00:00+00:00,2026-07-27 12:30:00+00:00,1,4098.505,4083.4811871042866,3.0,-1.0,-1.0272800588535642,stop,187.19961028635566,177.5842889527391
V1 Legacy M15,Legacy,2026-07-27 13:45:00+00:00,2026-07-27 14:15:00+00:00,2026-07-27 16:45:00+00:00,-1,4074.085,4090.234656981146,2.0,-1.0,-1.0252270683195084,stop,177.5842889527391,168.48107795560804
V1 Legacy M15,Legacy,2026-07-27 22:15:00+00:00,2026-07-27 22:45:00+00:00,2026-07-28 01:30:00+00:00,-1,4072.225,4084.384069126109,2.0,2.0,1.9665087437388133,target,168.48107795560804,185.04705360332022
V1 Legacy M15,Legacy,2026-07-28 09:00:00+00:00,2026-07-28 09:30:00+00:00,2026-07-28 14:30:00+00:00,-1,4040.875,4055.582329377173,2.0,2.0,1.9725247534996277,target,185.04705360332022,203.2975482930563
V1 Legacy M15,Legacy,2026-07-28 18:30:00+00:00,2026-07-28 19:00:00+00:00,2026-07-29 06:30:00+00:00,-1,4024.275,4042.1521654629178,2.0,-1.0,-1.0225106995197168,stop,203.2975482930563,192.9038523772675
V1 Legacy M15,Legacy,2026-07-29 07:00:00+00:00,2026-07-29 07:30:00+00:00,2026-07-29 10:15:00+00:00,1,4045.175,4030.716120388285,2.0,-1.0,-1.0279770985624812,stop,192.9038523772675,182.98881525385207
V1 Legacy M15,Legacy,2026-07-29 13:45:00+00:00,2026-07-29 14:15:00+00:00,2026-07-29 17:00:00+00:00,-1,4007.055,4026.990566468827,3.0,-1.0,-1.02010003079805,stop,182.98881525385207,173.65547045004442
V1 Legacy M15,Legacy,2026-07-30 05:30:00+00:00,2026-07-30 06:00:00+00:00,2026-07-30 08:30:00+00:00,-1,4033.075,4056.0040613430924,2.0,-1.0,-1.0175893593708534,stop,173.65547045004442,164.81997250371916
V1 Legacy M15,Legacy,2026-07-30 10:15:00+00:00,2026-07-30 10:45:00+00:00,2026-07-30 14:00:00+00:00,1,4076.255,4059.1143586421904,2.0,2.0,1.9762187720114526,target,164.81997250371916,181.10598868693222
V1 Legacy M15,Legacy,2026-07-30 19:15:00+00:00,2026-07-30 19:45:00+00:00,2026-07-31 00:30:00+00:00,1,4112.565,4097.609238879447,2.0,-1.0,-1.0274981993015946,stop,181.10598868693222,171.80168482400433
V1 Legacy M15,Legacy,2026-07-31 02:30:00+00:00,2026-07-31 03:00:00+00:00,2026-07-31 13:15:00+00:00,-1,4075.395,4095.4530579661473,2.0,2.0,1.9796820060701878,target,171.80168482400433,188.80732002693549
V1 Legacy M15,Legacy,2026-08-03 12:30:00+00:00,2026-08-03 13:00:00+00:00,2026-08-04 00:15:00+00:00,-1,4044.785,4065.117812720761,2.0,-1.0,-1.0198928945815255,stop,188.80732002693549,179.1791578199129
V1 Legacy M15,Legacy,2026-08-04 11:15:00+00:00,2026-08-04 11:45:00+00:00,2026-08-04 14:00:00+00:00,1,4060.805,4044.8159255009427,2.0,2.0,1.9746026263106131,target,179.1791578199129,196.86953960047907
V1 Legacy M15,Legacy,2026-08-04 16:45:00+00:00,2026-08-04 17:15:00+00:00,2026-08-04 19:00:00+00:00,1,4093.105,4075.475870777289,3.0,-1.0,-1.0232178512522727,stop,196.86953960047907,186.79751823612773
V1 Legacy M15,Legacy,2026-08-05 04:00:00+00:00,2026-08-05 04:30:00+00:00,2026-08-05 11:45:00+00:00,1,4138.355,4123.461787905818,3.0,3.0,2.9722131466749424,target,186.79751823612773,214.5576202095113
V1 Legacy M15,Legacy,2026-08-05 18:15:00+00:00,2026-08-05 18:45:00+00:00,2026-08-06 11:45:00+00:00,1,4262.535,4235.4736900906755,3.0,-0.07686250247935099,-0.09261390185463136,time_exit,214.5576202095113,213.56406929049894
V1 Legacy M15,Legacy,2026-08-07 00:30:00+00:00,2026-08-07 01:00:00+00:00,2026-08-07 01:45:00+00:00,-1,4234.785,4253.720800962671,2.0,-1.0,-1.0223639074383395,stop,213.56406929049894,202.6470594720856
V1 Legacy M15,Legacy,2026-08-07 03:45:00+00:00,2026-08-07 04:15:00+00:00,2026-08-07 08:45:00+00:00,1,4265.965,4246.028708866855,2.0,2.0,1.9786020129245228,target,202.6470594720856,222.6949534613208
V1 Legacy M15,Legacy,2026-08-07 09:30:00+00:00,2026-08-07 10:00:00+00:00,2026-08-10 03:00:00+00:00,1,4317.365,4292.133973775109,3.0,0.08085283499041528,0.06374150166010153,time_exit,222.6949534613208,223.40469899860832
V1 Legacy M15,Legacy,2026-08-10 04:45:00+00:00,2026-08-10 05:15:00+00:00,2026-08-10 14:00:00+00:00,1,4339.085,4321.82159406555,2.0,-1.0,-1.0251345824600064,stop,223.40469899860832,211.95370485723126
V1 Legacy M15,Legacy,2026-08-10 15:45:00+00:00,2026-08-10 16:15:00+00:00,2026-08-10 19:45:00+00:00,1,4358.205,4341.50142521283,2.0,2.0,1.9739085491846473,target,211.95370485723126,232.87256635968367
V1 Legacy M15,Legacy,2026-08-10 22:30:00+00:00,2026-08-10 23:00:00+00:00,2026-08-11 02:00:00+00:00,1,4395.175,4384.854280203591,3.0,3.0,2.9574140652328422,target,232.87256635968367,267.30759651763356
V1 Legacy M15,Legacy,2026-08-11 18:00:00+00:00,2026-08-11 18:30:00+00:00,2026-08-12 01:15:00+00:00,-1,4363.495,4386.5025015931315,2.0,-1.0,-1.0189655316651272,stop,267.30759651763356,253.68873515744767
V1 Legacy M15,Legacy,2026-08-12 01:45:00+00:00,2026-08-12 02:15:00+00:00,2026-08-12 18:15:00+00:00,1,4396.275,4376.618675440669,3.0,0.47363890293422356,0.45127320080750966,time_exit,253.68873515744767,259.4128815336132
V1 Legacy M15,Legacy,2026-08-12 22:15:00+00:00,2026-08-12 22:45:00+00:00,2026-08-13 00:15:00+00:00,-1,4399.245,4414.84019666948,3.0,-1.0,-1.0282089741683689,stop,259.4128815336132,246.07634889322634
V1 Legacy M15,Legacy,2026-08-13 04:00:00+00:00,2026-08-13 04:30:00+00:00,2026-08-13 14:45:00+00:00,-1,4394.395,4412.91980351546,2.0,2.0,1.9762783178977708,target,246.07634889322634,270.3921165364829
V1 Legacy M15,Legacy,2026-08-13 19:00:00+00:00,2026-08-13 19:30:00+00:00,2026-08-14 02:15:00+00:00,-1,4346.625,4364.252068190892,2.0,2.0,1.975341191439618,target,270.3921165364829,297.0979508182357
V1 Legacy M15,Legacy,2026-08-14 09:45:00+00:00,2026-08-14 10:15:00+00:00,2026-08-14 13:45:00+00:00,1,4357.155,4341.971783104637,2.0,2.0,1.9713028205417336,target,297.0979508182357,326.38145223949357
V1 Legacy M15,Legacy,2026-08-16 22:45:00+00:00,2026-08-16 23:15:00+00:00,2026-08-16 23:45:00+00:00,1,4384.605,4370.135134204836,2.0,-1.0,-1.0303016286541191,stop,326.38145223949357,309.5678851492512
V1 Legacy M15,Legacy,2026-08-17 06:45:00+00:00,2026-08-17 07:15:00+00:00,2026-08-17 12:30:00+00:00,1,4402.755,4391.033428697764,3.0,-1.0,-1.0375611331149786,stop,309.5678851492512,293.50810486467793
V1 Legacy M15,Legacy,2026-08-17 15:45:00+00:00,2026-08-17 16:15:00+00:00,2026-08-17 17:45:00+00:00,1,4427.335,4412.757781594252,3.0,-1.0,-1.0303716036679145,stop,293.50810486467793,278.3869840297305
V1 Legacy M15,Legacy,2026-08-17 23:30:00+00:00,2026-08-18 00:00:00+00:00,2026-08-18 02:00:00+00:00,1,4422.175,4408.337471117836,2.0,-1.0,-1.0319578375420764,stop,278.3869840297305,264.02280252777143
V1 Legacy M15,Legacy,2026-08-18 03:45:00+00:00,2026-08-18 04:15:00+00:00,2026-08-18 13:45:00+00:00,-1,4391.475,4404.671270525676,2.0,-1.0,-1.0332781522738235,stop,264.02280252777143,250.3823528500688
V1 Legacy M15,Legacy,2026-08-18 19:30:00+00:00,2026-08-18 20:00:00+00:00,2026-08-19 01:15:00+00:00,-1,4349.835,4361.597120464925,2.0,2.0,1.963018275378395,target,250.3823528500688,274.95760957391514
V1 Legacy M15,Legacy,2026-08-19 04:30:00+00:00,2026-08-19 05:00:00+00:00,2026-08-19 07:45:00+00:00,-1,4346.265,4360.907214971361,2.0,-1.0,-1.0296831115271905,stop,274.95760957391514,260.80164922570776
V1 Legacy M15,Legacy,2026-08-19 10:15:00+00:00,2026-08-19 10:45:00+00:00,2026-08-19 12:45:00+00:00,1,4368.615,4352.495644577295,2.0,2.0,1.9728983269774756,target,260.80164922570776,286.528406097226
V1 Legacy M15,Legacy,2026-08-19 19:00:00+00:00,2026-08-19 19:30:00+00:00,2026-08-20 12:00:00+00:00,1,4503.105,4470.646257068849,3.0,-1.0,-1.0138733191533378,stop,286.528406097226,272.00323079115054
V1 Legacy M15,Legacy,2026-08-20 19:00:00+00:00,2026-08-20 19:30:00+00:00,2026-08-21 08:30:00+00:00,1,4527.515,4507.0858468694705,2.0,2.0,1.9778379702228872,target,272.00323079115054,298.9021466852524
V1 Legacy M15,Legacy,2026-08-21 14:15:00+00:00,2026-08-21 14:45:00+00:00,2026-08-24 07:45:00+00:00,1,4603.025,4572.071421428516,3.0,1.020883576579818,1.006012840424482,time_exit,298.9021466852524,313.9371165650427
V1 Legacy M15,Legacy,2026-08-24 10:00:00+00:00,2026-08-24 10:30:00+00:00,2026-08-24 17:30:00+00:00,1,4648.085,4631.556784841623,2.0,-1.0,-1.0281221230209132,stop,313.9371165650427,297.7988318261469
V1 Legacy M15,Legacy,2026-08-24 22:00:00+00:00,2026-08-24 22:30:00+00:00,2026-08-25 00:45:00+00:00,1,4658.335,4645.757033216315,3.0,3.0,2.9629643242018866,target,297.7988318261469,341.9171975506404
V1 Legacy M15,Legacy,2026-08-25 07:45:00+00:00,2026-08-25 08:15:00+00:00,2026-08-25 15:45:00+00:00,-1,4629.945,4654.08600543531,2.0,-1.0,-1.0191787579535854,stop,341.9171975506404,324.4934603145088
V1 Legacy M15,Legacy,2026-08-25 18:45:00+00:00,2026-08-25 19:15:00+00:00,2026-08-26 01:00:00+00:00,1,4654.385,4635.321855173905,2.0,-1.0,-1.0244156199958603,stop,324.4934603145088,307.87265184787435
V1 Legacy M15,Legacy,2026-08-26 05:30:00+00:00,2026-08-26 06:00:00+00:00,2026-08-26 12:45:00+00:00,-1,4637.645,4650.001420568984,2.0,2.0,1.962467731054403,target,307.87265184787435,338.0821590741544
V1 Legacy M15,Legacy,2026-08-27 09:30:00+00:00,2026-08-27 10:00:00+00:00,2026-08-27 16:00:00+00:00,-1,4582.225,4606.822575600925,2.0,-1.0,-1.0186287668115865,stop,338.0821590741544,320.86314843521916
V1 Legacy M15,Legacy,2026-08-28 05:30:00+00:00,2026-08-28 06:00:00+00:00,2026-08-28 06:45:00+00:00,-1,4572.605,4586.77549562999,2.0,-1.0,-1.0322684902447778,stop,320.86314843521916,304.30230254469865
V1 Legacy M15,Legacy,2026-08-28 18:15:00+00:00,2026-08-28 18:45:00+00:00,2026-08-31 11:45:00+00:00,-1,4455.845,4488.410592398186,2.0,0.042990159149647114,0.029307481599926778,time_exit,304.30230254469865,304.74821925133085
V1 Legacy M15,Legacy,2026-08-31 12:30:00+00:00,2026-08-31 13:00:00+00:00,2026-09-01 06:00:00+00:00,-1,4440.215,4464.699707747468,3.0,0.01592830937672354,-0.0022063363204839308,time_exit,304.74821925133085,304.714600398094
V1 Legacy M15,Legacy,2026-09-01 07:30:00+00:00,2026-09-01 08:00:00+00:00,2026-09-01 08:30:00+00:00,-1,4418.045,4435.9922489245755,2.0,2.0,1.9753831630765966,target,304.714600398094,334.8110049565944
V1 Legacy M15,Legacy,2026-09-01 09:45:00+00:00,2026-09-01 10:15:00+00:00,2026-09-01 10:30:00+00:00,-1,4364.415,4384.592242037761,3.0,-1.0,-1.0216303843301882,stop,334.8110049565944,317.7083501730053
V1 Legacy M15,Legacy,2026-09-01 16:15:00+00:00,2026-09-01 16:45:00+00:00,2026-09-02 03:45:00+00:00,-1,4352.485,4375.638339176602,3.0,3.0,2.981201480413683,target,317.7083501730053,365.0659803667829
V1 Legacy M15,Legacy,2026-09-02 08:45:00+00:00,2026-09-02 09:15:00+00:00,2026-09-02 11:45:00+00:00,-1,4312.705,4332.447872766048,2.0,-1.0,-1.0218443640452193,stop,365.0659803667829,346.4139496396609
V1 Legacy M15,Legacy,2026-09-02 19:30:00+00:00,2026-09-02 20:00:00+00:00,2026-09-03 03:15:00+00:00,1,4387.795,4368.180973316234,2.0,2.0,1.977629300343353,target,346.4139496396609,380.66786848241395
V1 Legacy M15,Legacy,2026-09-03 04:15:00+00:00,2026-09-03 04:45:00+00:00,2026-09-03 06:30:00+00:00,1,4436.475,4418.3054887373555,2.0,-1.0,-1.0244171399872546,stop,380.66786848241395,361.169734026624
V1 Legacy M15,Legacy,2026-09-03 23:45:00+00:00,2026-09-04 00:15:00+00:00,2026-09-04 01:30:00+00:00,1,4479.895,4470.505405203949,2.0,-1.0,-1.0477112707982215,stop,361.169734026624,342.2496539760795
V1 Legacy M15,Legacy,2026-09-04 17:30:00+00:00,2026-09-04 18:00:00+00:00,2026-09-07 11:00:00+00:00,-1,4416.985,4444.585247300534,2.0,0.9228178183572276,0.9068143929099692,time_exit,342.2496539760795,357.7674995857778
V1 Legacy M15,Legacy,2026-09-08 01:15:00+00:00,2026-09-08 01:45:00+00:00,2026-09-08 06:15:00+00:00,1,4434.095,4413.979574996828,2.0,-1.0,-1.0220432578446677,stop,357.7674995857778,339.48480654439834
V1 Legacy M15,Legacy,2026-09-08 16:00:00+00:00,2026-09-08 16:30:00+00:00,2026-09-09 07:45:00+00:00,-1,4386.015,4410.131477506599,2.0,-1.0,-1.0181867977974803,stop,339.48480654439834,322.20185914058146
V1 Legacy M15,Legacy,2026-09-10 10:30:00+00:00,2026-09-10 11:00:00+00:00,2026-09-10 12:45:00+00:00,-1,4383.585,4400.931581976631,2.0,2.0,1.9747294019887862,target,322.20185914058146,354.0149333715992
V1 Legacy M15,Legacy,2026-09-10 17:45:00+00:00,2026-09-10 18:15:00+00:00,2026-09-11 04:00:00+00:00,-1,4352.578,4368.83718500509,3.0,3.0,2.9732300358312083,target,354.0149333715992,406.6433250232604
V1 Legacy M15,Legacy,2026-09-11 12:00:00+00:00,2026-09-11 12:30:00+00:00,2026-09-11 12:45:00+00:00,-1,4327.778,4345.924117114027,2.0,-1.0,-1.0238496091081368,stop,406.6433250232604,385.8262445546855
V1 Legacy M15,Legacy,2026-09-14 04:30:00+00:00,2026-09-14 05:00:00+00:00,2026-09-14 06:00:00+00:00,-1,4323.255,4337.124195124611,3.0,-1.0,-1.0311716358531027,stop,385.8262445546855,365.93359056705975
V1 Legacy M15,Legacy,2026-09-14 07:15:00+00:00,2026-09-14 07:45:00+00:00,2026-09-15 00:45:00+00:00,-1,4316.735,4339.3777239665515,3.0,1.0739432250254648,1.0548786681003495,time_exit,365.93359056705975,385.2343674985877
V1 Legacy M15,Legacy,2026-09-15 07:30:00+00:00,2026-09-15 08:00:00+00:00,2026-09-15 14:00:00+00:00,-1,4283.705,4296.093034417724,3.0,-1.0,-1.0345793759974633,stop,385.2343674985877,365.3065909216144
V1 Legacy M15,Legacy,2026-09-15 18:00:00+00:00,2026-09-15 18:30:00+00:00,2026-09-15 21:00:00+00:00,1,4302.355,4289.262985380374,2.0,-1.0,-1.0328624365691623,stop,365.3065909216144,346.4410181419107
V1 Legacy M15,Legacy,2026-09-15 23:45:00+00:00,2026-09-16 00:15:00+00:00,2026-09-16 02:30:00+00:00,-1,4283.395,4299.379338379854,2.0,-1.0,-1.0267974494671532,stop,346.4410181419107,328.65478045096484
V1 Legacy M15,Legacy,2026-09-16 07:00:00+00:00,2026-09-16 07:30:00+00:00,2026-09-16 13:30:00+00:00,1,4335.525,4320.509782677121,2.0,1.0722455528811121,1.043371345423629,time_exit,328.65478045096484,345.8002294739163
V2 MTF M15,V2,2026-01-02 20:30:00+00:00,2026-01-02 21:00:00+00:00,2026-01-02 21:00:00+00:00,-1,4326.595,4330.053980419229,3.0,-1.0,-1.1250829572768772,stop,100.0,94.37458521361562
V2 MTF M15,V2,2026-01-02 21:30:00+00:00,2026-01-02 22:00:00+00:00,2026-01-02 22:00:00+00:00,-1,4328.275,4332.329060645398,3.0,-1.0,-1.1067639430829057,stop,94.37458521361562,89.15206581072387
V2 MTF M15,V2,2026-01-06 15:45:00+00:00,2026-01-06 16:15:00+00:00,2026-01-07 02:00:00+00:00,1,4477.978,4462.0145915265275,3.0,-1.0,-1.0280515154858147,stop,89.15206581072387,84.56941999245358
V2 MTF M15,V2,2026-01-09 00:30:00+00:00,2026-01-09 01:00:00+00:00,2026-01-09 01:00:00+00:00,1,4467.545,4462.418279093163,3.0,-1.0,-1.087142348514462,stop,84.56941999245358,79.97247009929848
V2 MTF M15,V2,2026-01-09 01:45:00+00:00,2026-01-09 02:15:00+00:00,2026-01-09 18:15:00+00:00,1,4468.715,4451.873485823127,3.0,1.4185185339692181,1.391984607428714,time_exit,79.97247009929848,85.5384924691123
V2 MTF M15,V2,2026-01-09 18:30:00+00:00,2026-01-09 19:00:00+00:00,2026-01-12 00:45:00+00:00,1,4502.085,4480.600615825143,3.0,3.0,2.9790448496761255,target,85.5384924691123,98.27964274107076
V2 MTF M15,V2,2026-01-12 04:45:00+00:00,2026-01-12 05:15:00+00:00,2026-01-12 07:30:00+00:00,1,4568.415,4562.236323404635,3.0,3.0,2.9260615937816326,target,98.27964274107076,112.6582571448321
V2 MTF M15,V2,2026-01-12 10:00:00+00:00,2026-01-12 10:30:00+00:00,2026-01-12 11:30:00+00:00,1,4591.845,4584.087713598353,3.0,-1.0,-1.0591939598752576,stop,112.6582571448321,106.69190986993812
V2 MTF M15,V2,2026-01-12 11:30:00+00:00,2026-01-12 12:00:00+00:00,2026-01-12 12:00:00+00:00,1,4591.995,4582.931293283139,3.0,-1.0,-1.0506635435528564,stop,106.69190986993812,101.08704486531956
V2 MTF M15,V2,2026-01-12 12:45:00+00:00,2026-01-12 13:15:00+00:00,2026-01-12 14:00:00+00:00,1,4590.285,4577.452279810825,2.0,2.0,1.9642298364467417,target,101.08704486531956,111.01495434545411
V2 MTF M15,V2,2026-01-12 14:30:00+00:00,2026-01-12 15:00:00+00:00,2026-01-12 23:15:00+00:00,1,4604.085,4583.51812329762,3.0,-1.0,-1.0223859221145972,stop,111.01495434545411,105.33994802210476
V2 MTF M15,V2,2026-01-12 23:45:00+00:00,2026-01-13 00:15:00+00:00,2026-01-13 01:45:00+00:00,1,4599.205,4576.367673863969,3.0,-1.0,-1.020138982000803,stop,105.33994802210476,99.96687865514039
V2 MTF M15,V2,2026-01-13 02:45:00+00:00,2026-01-13 03:15:00+00:00,2026-01-13 06:45:00+00:00,1,4593.865,4574.350970562461,2.0,-1.0,-1.0235413450343724,stop,99.96687865514039,94.85086698326187
V2 MTF M15,V2,2026-01-13 09:00:00+00:00,2026-01-13 09:30:00+00:00,2026-01-13 20:45:00+00:00,1,4593.805,4576.481704727497,3.0,-1.0,-1.0265180782740089,stop,94.85086698326187,89.9825604983478
V2 MTF M15,V2,2026-01-13 23:45:00+00:00,2026-01-14 00:15:00+00:00,2026-01-14 05:15:00+00:00,1,4596.795,4584.490192910784,3.0,3.0,2.962642283079525,target,89.9825604983478,103.31186742195612
V2 MTF M15,V2,2026-01-14 06:00:00+00:00,2026-01-14 06:30:00+00:00,2026-01-14 14:45:00+00:00,1,4633.195,4616.8432058061435,3.0,-1.0,-1.0283344747681622,stop,103.31186742195612,97.99990967582237
V2 MTF M15,V2,2026-01-19 07:45:00+00:00,2026-01-19 08:15:00+00:00,2026-01-19 11:45:00+00:00,1,4664.955,4660.88107847675,3.0,-1.0,-1.1145077285700584,stop,97.99990967582237,92.53882683917878
V2 MTF M15,V2,2026-01-20 02:15:00+00:00,2026-01-20 02:45:00+00:00,2026-01-20 06:00:00+00:00,1,4671.875,4659.048918005923,3.0,3.0,2.9635751977715605,target,92.53882683917878,106.25111544175215
V2 MTF M15,V2,2026-01-20 12:30:00+00:00,2026-01-20 13:00:00+00:00,2026-01-20 13:15:00+00:00,1,4726.535,4723.152184926968,3.0,-1.0,-1.1397219445331488,stop,106.25111544175215,100.19627904674765
V2 MTF M15,V2,2026-01-20 13:30:00+00:00,2026-01-20 14:00:00+00:00,2026-01-21 00:00:00+00:00,1,4729.715,4714.38646202882,3.0,3.0,2.969144382791807,target,100.19627904674765,115.07114000216221
V2 MTF M15,V2,2026-01-21 07:15:00+00:00,2026-01-21 07:45:00+00:00,2026-01-21 15:30:00+00:00,1,4849.315,4830.97516356596,3.0,-1.0,-1.0264414299300924,stop,115.07114000216221,109.16545072778695
V2 MTF M15,V2,2026-01-22 05:45:00+00:00,2026-01-22 06:15:00+00:00,2026-01-22 18:15:00+00:00,1,4821.145,4792.392038340342,3.0,3.0,2.983232527288609,target,109.16545072778695,125.44874690114975
V2 MTF M15,V2,2026-01-23 03:30:00+00:00,2026-01-23 04:00:00+00:00,2026-01-23 08:30:00+00:00,1,4949.375,4936.727621664892,3.0,-1.0,-1.0391336043633708,stop,125.44874690114975,118.93084647463674
V2 MTF M15,V2,2026-01-23 12:00:00+00:00,2026-01-23 12:30:00+00:00,2026-01-25 23:15:00+00:00,1,4933.645,4910.588133690739,3.0,3.0,2.97860227433414,target,118.93084647463674,136.6432309645286
V2 MTF M15,V2,2026-01-26 04:45:00+00:00,2026-01-26 05:15:00+00:00,2026-01-26 05:15:00+00:00,1,5070.145,5056.840829666266,3.0,-1.0,-1.0381094414218663,stop,136.6432309645286,129.55069955599532
V2 MTF M15,V2,2026-01-26 05:15:00+00:00,2026-01-26 05:45:00+00:00,2026-01-26 07:00:00+00:00,1,5065.255,5050.914439865301,3.0,3.0,2.9646788204057404,target,129.55069955599532,148.75451031311567
V2 MTF M15,V2,2026-01-26 07:00:00+00:00,2026-01-26 07:30:00+00:00,2026-01-26 13:45:00+00:00,1,5090.815,5056.665426531075,3.0,-1.0,-1.0149074043476196,stop,148.75451031311567,141.2059076157714
V2 MTF M15,V2,2026-01-26 14:30:00+00:00,2026-01-26 15:00:00+00:00,2026-01-26 19:15:00+00:00,1,5081.845,5053.148077288922,3.0,-1.0,-1.0177086757739293,stop,141.2059076157714,134.02058375321627
V2 MTF M15,V2,2026-01-27 02:00:00+00:00,2026-01-27 02:30:00+00:00,2026-01-27 18:30:00+00:00,1,5063.625,5011.57347216306,3.0,0.4061360132641014,0.39640791264837577,time_exit,134.02058375321627,136.67692474609274
V2 MTF M15,V2,2026-01-28 09:45:00+00:00,2026-01-28 10:15:00+00:00,2026-01-28 11:15:00+00:00,1,5278.095,5261.49891962616,3.0,-1.0,-1.0318032624638271,stop,136.67692474609274,129.62573990326567
V2 MTF M15,V2,2026-01-28 12:30:00+00:00,2026-01-28 13:00:00+00:00,2026-01-28 15:15:00+00:00,1,5269.395,5244.809985321155,3.0,-1.0,-1.0214333612114301,stop,129.62573990326567,123.0055371428201
V2 MTF M15,V2,2026-01-28 15:15:00+00:00,2026-01-28 15:45:00+00:00,2026-01-28 20:45:00+00:00,1,5269.015,5233.202727531158,3.0,3.0,2.9852871246732966,target,123.0055371428201,141.3658794576193
V2 MTF M15,V2,2026-01-29 07:30:00+00:00,2026-01-29 08:00:00+00:00,2026-01-29 08:15:00+00:00,1,5548.905,5534.168410256697,3.0,-1.0,-1.0376539287355933,stop,141.3658794576193,134.03143644720123
V2 MTF M15,V2,2026-01-29 11:45:00+00:00,2026-01-29 12:15:00+00:00,2026-01-29 15:15:00+00:00,1,5522.425,5468.345521344383,3.0,-1.0,-1.0102116831324637,stop,134.03143644720123,127.26143029690179
V2 MTF M15,V2,2026-02-05 08:45:00+00:00,2026-02-05 09:15:00+00:00,2026-02-05 12:15:00+00:00,-1,4911.389,4946.111820697066,2.0,2.0,1.985855443476644,target,127.26143029690179,139.89757050188808
V2 MTF M15,V2,2026-02-05 12:30:00+00:00,2026-02-05 13:00:00+00:00,2026-02-05 17:00:00+00:00,-1,4847.408,4897.061103743611,3.0,-1.0,-1.0097625478258723,stop,139.89757050188808,132.8344041406563
V2 MTF M15,V2,2026-02-05 18:45:00+00:00,2026-02-05 19:15:00+00:00,2026-02-05 21:00:00+00:00,-1,4857.895,4887.513587302906,2.0,2.0,1.9835984918851162,target,132.8344041406563,146.00891032684947
V2 MTF M15,V2,2026-02-06 01:15:00+00:00,2026-02-06 01:45:00+00:00,2026-02-06 02:00:00+00:00,-1,4710.508,4767.681292521639,3.0,-1.0,-1.008239000750599,stop,146.00891032684947,138.64831643441815
V2 MTF M15,V2,2026-02-09 18:00:00+00:00,2026-02-09 18:30:00+00:00,2026-02-09 23:15:00+00:00,1,5058.145,5039.218899311734,3.0,-1.0,-1.0267257639770244,stop,138.64831643441815,131.53062650365533
V2 MTF M15,V2,2026-02-10 02:00:00+00:00,2026-02-10 02:30:00+00:00,2026-02-10 15:45:00+00:00,1,5041.745,5006.339630243189,3.0,-1.0,-1.0142400574676393,stop,131.53062650365533,124.86044499446423
V2 MTF M15,V2,2026-02-11 01:30:00+00:00,2026-02-11 02:00:00+00:00,2026-02-11 10:45:00+00:00,1,5043.838,5026.573703473192,3.0,3.0,2.9707845727037414,target,124.86044499446423,143.40711918098813
V2 MTF M15,V2,2026-02-11 12:45:00+00:00,2026-02-11 13:15:00+00:00,2026-02-11 13:45:00+00:00,1,5083.025,5047.971918938398,3.0,-1.0,-1.014500936425723,stop,143.40711918098813,136.13278634602676
V2 MTF M15,V2,2026-02-11 16:30:00+00:00,2026-02-11 17:00:00+00:00,2026-02-12 10:00:00+00:00,1,5074.045,5036.793985213421,3.0,-0.035972174387124044,-0.049593400625041584,time_exit,136.13278634602676,135.79522195545368
V2 MTF M15,V2,2026-02-17 07:45:00+00:00,2026-02-17 08:15:00+00:00,2026-02-17 08:15:00+00:00,-1,4916.885,4923.368458317464,3.0,-1.0,-1.07583738121299,stop,135.79522195545368,128.4905431569641
V2 MTF M15,V2,2026-02-17 08:15:00+00:00,2026-02-17 08:45:00+00:00,2026-02-17 10:00:00+00:00,-1,4919.735,4931.620216610466,3.0,-1.0,-1.0413937344285982,stop,128.4905431569641,121.80008082811462
V2 MTF M15,V2,2026-02-17 10:30:00+00:00,2026-02-17 11:00:00+00:00,2026-02-17 12:30:00+00:00,-1,4921.215,4940.212244695392,3.0,-1.0,-1.0259048882030446,stop,121.80008082811462,115.55231591286018
V2 MTF M15,V2,2026-02-17 13:00:00+00:00,2026-02-17 13:30:00+00:00,2026-02-17 14:15:00+00:00,-1,4921.285,4945.418363926507,3.0,3.0,2.979607960933309,target,115.55231591286018,132.76734593277214
V2 MTF M15,V2,2026-02-17 16:30:00+00:00,2026-02-17 17:00:00+00:00,2026-02-17 18:45:00+00:00,-1,4877.055,4894.993920440174,3.0,-1.0,-1.027187003901739,stop,132.76734593277214,125.94850131853865
V2 MTF M15,V2,2026-02-17 19:45:00+00:00,2026-02-17 20:15:00+00:00,2026-02-18 03:15:00+00:00,-1,4879.925,4911.75607443786,3.0,-1.0,-1.015330695197005,stop,125.94850131853865,119.5545323484
V2 MTF M15,V2,2026-02-20 12:30:00+00:00,2026-02-20 13:00:00+00:00,2026-02-20 15:15:00+00:00,1,5024.865,5005.762933803642,3.0,-1.0,-1.0263053480620759,stop,119.5545323484,113.41955955168883
V2 MTF M15,V2,2026-02-23 05:45:00+00:00,2026-02-23 06:15:00+00:00,2026-02-23 06:45:00+00:00,1,5157.945,5150.900555915531,3.0,-1.0,-1.0732200431737708,stop,113.41955955168883,107.33335232174817
V2 MTF M15,V2,2026-02-23 09:00:00+00:00,2026-02-23 09:30:00+00:00,2026-02-23 20:15:00+00:00,1,5145.725,5120.718754358429,3.0,3.0,2.9794222408523194,target,107.33335232174817,123.32292117638089
V2 MTF M15,V2,2026-02-24 00:30:00+00:00,2026-02-24 01:00:00+00:00,2026-02-24 01:15:00+00:00,1,5229.525,5216.184426117477,2.0,-1.0,-1.0392001502038177,stop,123.32292117638089,116.91506126587745
V2 MTF M15,V2,2026-02-24 18:30:00+00:00,2026-02-24 19:00:00+00:00,2026-02-24 19:15:00+00:00,1,5159.145,5152.098883554189,2.0,-1.0,-1.0732196954120323,stop,116.91506126587745,110.64128394383525
V2 MTF M15,V2,2026-02-25 11:45:00+00:00,2026-02-25 12:15:00+00:00,2026-02-25 21:00:00+00:00,1,5181.295,5153.948152530059,3.0,-1.0,-1.018946589751141,stop,110.64128394383525,105.00440599582231
V2 MTF M15,V2,2026-02-26 01:30:00+00:00,2026-02-26 02:00:00+00:00,2026-02-26 11:00:00+00:00,1,5189.205,5165.759378113939,3.0,-1.0,-1.022132938188708,stop,105.00440599582231,99.63798289465882
V2 MTF M15,V2,2026-02-26 21:30:00+00:00,2026-02-26 22:00:00+00:00,2026-02-26 22:00:00+00:00,1,5189.685,5183.096677879372,2.0,-1.0,-1.0787709663398308,stop,99.63798289465882,94.26365474008769
V2 MTF M15,V2,2026-02-26 23:30:00+00:00,2026-02-27 00:00:00+00:00,2026-02-27 00:45:00+00:00,1,5185.445,5171.837109462535,2.0,-1.0,-1.038106163374285,stop,94.26365474008769,89.37087069169417
V2 MTF M15,V2,2026-02-27 03:15:00+00:00,2026-02-27 03:45:00+00:00,2026-02-27 10:00:00+00:00,1,5186.755,5172.225048965511,2.0,-1.0,-1.0356969888452365,stop,89.37087069169417,84.74281360840094
V2 MTF M15,V2,2026-02-27 11:45:00+00:00,2026-02-27 12:15:00+00:00,2026-02-27 13:30:00+00:00,1,5185.465,5168.322730098425,3.0,3.0,2.969750417944804,target,84.74281360840094,97.32606391496931
V2 MTF M15,V2,2026-02-27 17:00:00+00:00,2026-02-27 17:30:00+00:00,2026-02-27 21:00:00+00:00,1,5231.085,5220.200522830324,3.0,3.0,2.9519399515617177,target,97.32606391496931,111.69109873491168
V2 MTF M15,V2,2026-03-02 01:30:00+00:00,2026-03-02 02:00:00+00:00,2026-03-02 16:15:00+00:00,1,5333.065,5300.430091263082,3.0,-1.0,-1.0163415961815365,stop,111.69109873491168,106.0152832565362
V2 MTF M15,V2,2026-03-02 23:45:00+00:00,2026-03-03 00:15:00+00:00,2026-03-03 06:00:00+00:00,1,5345.755,5319.1318714157205,3.0,-1.0,-1.0200793643882882,stop,106.0152832565362,100.6080831185476
V2 MTF M15,V2,2026-03-05 20:45:00+00:00,2026-03-05 21:15:00+00:00,2026-03-05 23:30:00+00:00,-1,5076.495,5096.145781484503,3.0,-1.0,-1.0258335527470168,stop,100.6080831185476,95.44772575151926
V2 MTF M15,V2,2026-03-06 00:30:00+00:00,2026-03-06 01:00:00+00:00,2026-03-06 01:45:00+00:00,-1,5083.405,5103.173781350848,3.0,-1.0,-1.0257143063590102,stop,95.44772575151926,90.55262086088104
V2 MTF M15,V2,2026-03-06 06:45:00+00:00,2026-03-06 07:15:00+00:00,2026-03-06 10:00:00+00:00,-1,5115.425,5130.993964379376,2.0,2.0,1.9671434472110656,target,90.55262086088104,99.45912059859454
V2 MTF M15,V2,2026-03-06 11:30:00+00:00,2026-03-06 12:00:00+00:00,2026-03-06 13:45:00+00:00,-1,5080.795,5100.645852988518,3.0,-1.0,-1.0255948447300423,stop,99.45912059859454,94.35888253122943
V2 MTF M15,V2,2026-03-06 13:45:00+00:00,2026-03-06 14:15:00+00:00,2026-03-06 15:15:00+00:00,-1,5084.785,5132.464420021046,3.0,-1.0,-1.0106645277936592,stop,94.35888253122943,89.5906237584013
V2 MTF M15,V2,2026-03-09 02:15:00+00:00,2026-03-09 02:45:00+00:00,2026-03-09 03:00:00+00:00,-1,5077.375,5097.978786763502,3.0,-1.0,-1.0246429215089436,stop,89.5906237584013,85.00070383502046
V2 MTF M15,V2,2026-03-09 03:00:00+00:00,2026-03-09 03:30:00+00:00,2026-03-09 03:30:00+00:00,-1,5086.885,5101.8994965449765,3.0,-1.0,-1.033879823973865,stop,85.00070383502046,80.60667819909018
V2 MTF M15,V2,2026-03-09 04:15:00+00:00,2026-03-09 04:45:00+00:00,2026-03-09 05:30:00+00:00,-1,5089.205,5104.149893516605,3.0,-1.0,-1.0340531365736771,stop,80.60667819909018,76.43909877806247
V2 MTF M15,V2,2026-03-09 06:45:00+00:00,2026-03-09 07:15:00+00:00,2026-03-09 19:30:00+00:00,-1,5097.415,5142.198662663,3.0,-1.0,-1.0113823092996177,stop,76.43909877806247,72.57364116591555
V2 MTF M15,V2,2026-03-10 23:45:00+00:00,2026-03-11 00:15:00+00:00,2026-03-11 08:30:00+00:00,1,5197.175,5184.292840564829,3.0,-1.0,-1.0403439735873052,stop,72.57364116591555,68.79856365450316
V2 MTF M15,V2,2026-03-11 19:45:00+00:00,2026-03-11 20:15:00+00:00,2026-03-11 22:15:00+00:00,1,5182.975,5168.102708314818,3.0,-1.0,-1.0348498745836463,stop,68.79856365450316,65.23875440603328
V2 MTF M15,V2,2026-03-12 23:00:00+00:00,2026-03-12 23:30:00+00:00,2026-03-12 23:30:00+00:00,-1,5090.305,5096.6567431653675,3.0,-1.0,-1.0801402838161782,stop,65.23875440603328,61.71540407103595
V2 MTF M15,V2,2026-03-13 04:15:00+00:00,2026-03-13 04:45:00+00:00,2026-03-13 08:30:00+00:00,-1,5105.335,5118.594900706686,3.0,3.0,2.9614979394421415,target,61.71540407103595,70.85390617044655
V2 MTF M15,V2,2026-03-13 09:30:00+00:00,2026-03-13 10:00:00+00:00,2026-03-13 11:00:00+00:00,-1,5085.405,5098.020720556775,3.0,-1.0,-1.04031006375826,stop,70.85390617044655,67.1684045881616
V2 MTF M15,V2,2026-03-13 11:00:00+00:00,2026-03-13 11:30:00+00:00,2026-03-13 12:00:00+00:00,-1,5090.285,5099.160888958725,3.0,-1.0,-1.0573495795595338,stop,67.1684045881616,63.61738037061272
V2 MTF M15,V2,2026-03-13 13:45:00+00:00,2026-03-13 14:15:00+00:00,2026-03-13 16:00:00+00:00,-1,5100.608,5122.765484286251,3.0,3.0,2.9769802025622334,target,63.61738037061272,73.08676446572198
V2 MTF M15,V2,2026-03-13 17:15:00+00:00,2026-03-13 17:45:00+00:00,2026-03-13 17:45:00+00:00,-1,5056.235,5063.55883804784,3.0,-1.0,-1.0690380503633723,stop,73.08676446572198,69.18013785613186
V2 MTF M15,V2,2026-03-15 23:00:00+00:00,2026-03-15 23:30:00+00:00,2026-03-16 06:30:00+00:00,-1,5007.005,5031.463975409874,3.0,-1.0,-1.0204710332959352,stop,69.18013785613186,65.65032151805175
V2 MTF M15,V2,2026-03-16 06:45:00+00:00,2026-03-16 07:15:00+00:00,2026-03-16 14:15:00+00:00,-1,5011.965,5037.058111944266,3.0,-1.0,-1.0199734692577471,stop,65.65032151805175,62.30224220821907
V2 MTF M15,V2,2026-03-16 17:15:00+00:00,2026-03-16 17:45:00+00:00,2026-03-16 18:30:00+00:00,-1,4995.815,5005.050184378499,2.0,-1.0,-1.0540954548956383,stop,62.30224220821907,59.01861669114452
V2 MTF M15,V2,2026-03-17 11:45:00+00:00,2026-03-17 12:15:00+00:00,2026-03-17 12:30:00+00:00,-1,5002.995,5012.136031172459,3.0,-1.0,-1.0547311884798434,stop,59.01861669114452,55.906177904890164
V2 MTF M15,V2,2026-03-17 12:45:00+00:00,2026-03-17 13:15:00+00:00,2026-03-17 13:45:00+00:00,-1,5011.395,5024.637921499288,3.0,-1.0,-1.037842065289519,stop,55.906177904890164,53.005088747927445
V2 MTF M15,V2,2026-03-17 16:30:00+00:00,2026-03-17 17:00:00+00:00,2026-03-18 06:45:00+00:00,-1,5002.085,5015.871074380704,2.0,-1.0,-1.0362836066444066,stop,53.005088747927445,50.258673521016995
V2 MTF M15,V2,2026-03-18 07:45:00+00:00,2026-03-18 08:15:00+00:00,2026-03-18 12:00:00+00:00,-1,4994.259,5016.8210987875955,3.0,3.0,2.977864386434006,target,50.258673521016995,57.74184922039951
V2 MTF M15,V2,2026-03-18 18:00:00+00:00,2026-03-18 18:30:00+00:00,2026-03-18 19:15:00+00:00,-1,4887.295,4900.499742316604,3.0,3.0,2.9629883349268047,target,57.74184922039951,66.29627050425681
V2 MTF M15,V2,2026-03-18 23:30:00+00:00,2026-03-19 00:00:00+00:00,2026-03-19 00:15:00+00:00,-1,4833.835,4843.770614114273,3.0,-1.0,-1.048651597620485,stop,66.29627050425681,62.82018600522837
V2 MTF M15,V2,2026-03-19 00:30:00+00:00,2026-03-19 01:00:00+00:00,2026-03-19 01:15:00+00:00,-1,4840.665,4849.8511612796165,3.0,-1.0,-1.0526951884759645,stop,62.82018600522837,59.51366062788492
V2 MTF M15,V2,2026-03-19 03:45:00+00:00,2026-03-19 04:15:00+00:00,2026-03-19 06:30:00+00:00,-1,4850.515,4866.821010174866,2.0,2.0,1.9702532075720365,target,59.51366062788492,65.37650966520711
V2 MTF M15,V2,2026-03-19 14:15:00+00:00,2026-03-19 14:45:00+00:00,2026-03-19 19:15:00+00:00,-1,4584.845,4652.677195206404,3.0,-1.0,-1.006759098664062,stop,65.37650966520711,62.085589867989796
V2 MTF M15,V2,2026-03-19 22:45:00+00:00,2026-03-19 23:15:00+00:00,2026-03-20 01:15:00+00:00,-1,4635.565,4679.080907788337,2.0,-1.0,-1.010652575657039,stop,62.085589867989796,58.948241802426274
V2 MTF M15,V2,2026-03-20 12:30:00+00:00,2026-03-20 13:00:00+00:00,2026-03-20 14:15:00+00:00,-1,4670.315,4697.0923768847415,3.0,3.0,2.9825587285113757,target,58.948241802426274,67.73907145833756
V2 MTF M15,V2,2026-03-20 16:15:00+00:00,2026-03-20 16:45:00+00:00,2026-03-20 19:00:00+00:00,-1,4584.515,4616.119323564043,3.0,3.0,2.985494025870511,target,67.73907145833756,77.85080111618169
V2 MTF M15,V2,2026-03-22 22:30:00+00:00,2026-03-22 23:00:00+00:00,2026-03-23 00:30:00+00:00,-1,4506.335,4538.389338090442,3.0,3.0,2.9859415752486127,target,77.85080111618169,89.47369830214258
V2 MTF M15,V2,2026-03-23 08:45:00+00:00,2026-03-23 09:15:00+00:00,2026-03-23 09:30:00+00:00,-1,4251.078,4275.087592196804,3.0,-1.0,-1.0177057484573437,stop,89.47369830214258,84.92080344725116
V2 MTF M15,V2,2026-03-23 09:30:00+00:00,2026-03-23 10:00:00+00:00,2026-03-23 11:15:00+00:00,-1,4225.375,4312.974539379146,3.0,-1.0,-1.004823512806057,stop,84.92080344725116,80.65428244574218
V2 MTF M15,V2,2026-03-23 15:45:00+00:00,2026-03-23 16:15:00+00:00,2026-03-24 09:15:00+00:00,-1,4363.158,4509.03406290404,3.0,-0.24374800972925825,-0.24673901312840413,time_exit,80.65428244574218,79.6592545429801
V2 MTF M15,V2,2026-03-26 10:30:00+00:00,2026-03-26 11:00:00+00:00,2026-03-26 11:30:00+00:00,-1,4428.165,4449.589867440022,3.0,-1.0,-1.020668342580865,stop,79.6592545429801,75.59397057769957
V2 MTF M15,V2,2026-03-26 11:30:00+00:00,2026-03-26 12:00:00+00:00,2026-03-26 14:00:00+00:00,-1,4440.698,4458.198860739131,3.0,-1.0,-1.0253741691119844,stop,75.59397057769957,71.71836533915034
V2 MTF M15,V2,2026-03-26 15:30:00+00:00,2026-03-26 16:00:00+00:00,2026-03-27 09:00:00+00:00,-1,4439.925,4481.40060181662,3.0,0.38890333819186595,0.37819843023265015,time_exit,71.71836533915034,73.07455399865627
V2 MTF M15,V2,2026-03-27 09:30:00+00:00,2026-03-27 10:00:00+00:00,2026-03-27 14:15:00+00:00,-1,4432.368,4448.288775103634,2.0,-1.0,-1.0278401520726737,stop,73.07455399865627,69.31910596392518
V2 MTF M15,V2,2026-04-01 12:30:00+00:00,2026-04-01 13:00:00+00:00,2026-04-01 13:15:00+00:00,1,4747.575,4723.005054605742,3.0,-1.0,-1.019322692516482,stop,69.31910596392518,65.78617907722601
V2 MTF M15,V2,2026-04-01 13:15:00+00:00,2026-04-01 13:45:00+00:00,2026-04-02 01:30:00+00:00,1,4736.085,4714.478788181055,3.0,-1.0,-1.0219200155940678,stop,65.78617907722601,62.42476841980236
V2 MTF M15,V2,2026-04-06 13:45:00+00:00,2026-04-06 14:15:00+00:00,2026-04-06 15:30:00+00:00,1,4679.865,4658.192234584909,3.0,-1.0,-1.0215932988262835,stop,62.42476841980236,59.23613216487973
V2 MTF M15,V2,2026-04-08 03:15:00+00:00,2026-04-08 03:45:00+00:00,2026-04-08 04:15:00+00:00,1,4802.685,4794.385994216123,3.0,-1.0,-1.0578706067337669,stop,59.23613216487973,56.102924011188584
V2 MTF M15,V2,2026-04-08 04:15:00+00:00,2026-04-08 04:45:00+00:00,2026-04-08 06:00:00+00:00,1,4802.185,4788.418718747571,3.0,3.0,2.965116323632045,target,56.102924011188584,64.42050880064176
V2 MTF M15,V2,2026-04-08 07:15:00+00:00,2026-04-08 07:45:00+00:00,2026-04-08 07:45:00+00:00,1,4818.335,4805.741742675462,3.0,-1.0,-1.0382612288133857,stop,64.42050880064176,61.07624296923486
V2 MTF M15,V2,2026-04-08 07:45:00+00:00,2026-04-08 08:15:00+00:00,2026-04-08 08:30:00+00:00,1,4813.355,4803.538972000781,3.0,-1.0,-1.049035669013811,stop,61.07624296923486,57.87268509903079
V2 MTF M15,V2,2026-04-08 11:45:00+00:00,2026-04-08 12:15:00+00:00,2026-04-08 12:30:00+00:00,1,4798.085,4776.491547393377,3.0,-1.0,-1.0222200918371356,stop,57.87268509903079,54.914754025191144
V2 MTF M15,V2,2026-04-08 12:45:00+00:00,2026-04-08 13:15:00+00:00,2026-04-08 14:30:00+00:00,1,4799.295,4766.67138624277,2.0,-1.0,-1.0147111078365325,stop,54.914754025191144,52.128623480517525
V2 MTF M15,V2,2026-04-09 12:30:00+00:00,2026-04-09 13:00:00+00:00,2026-04-09 13:45:00+00:00,1,4743.525,4733.665394744707,3.0,3.0,2.9518893010706133,target,52.128623480517525,59.82251977710142
V2 MTF M15,V2,2026-04-09 19:00:00+00:00,2026-04-09 19:30:00+00:00,2026-04-09 20:30:00+00:00,1,4779.295,4766.327626165235,3.0,-1.0,-1.036856306148798,stop,59.82251977710142,56.721151933071475
V2 MTF M15,V2,2026-04-10 13:45:00+00:00,2026-04-10 14:15:00+00:00,2026-04-10 15:45:00+00:00,1,4775.015,4760.180939176499,3.0,-1.0,-1.0321895336470177,stop,56.721151933071475,53.79380296498554
V2 MTF M15,V2,2026-04-10 19:00:00+00:00,2026-04-10 19:30:00+00:00,2026-04-10 20:30:00+00:00,1,4766.545,4749.742745771829,2.0,-1.0,-1.0283684851762818,stop,53.79380296498554,51.02781038163686
V2 MTF M15,V2,2026-04-14 02:30:00+00:00,2026-04-14 03:00:00+00:00,2026-04-14 05:45:00+00:00,1,4772.325,4760.5808416479385,3.0,-1.0,-1.0406357344386656,stop,51.02781038163686,48.37274223497228
V2 MTF M15,V2,2026-04-14 11:00:00+00:00,2026-04-14 11:30:00+00:00,2026-04-15 01:30:00+00:00,1,4776.465,4750.274572316546,3.0,3.0,2.981762554404495,target,48.37274223497228,55.58454380747733
V2 MTF M15,V2,2026-04-15 01:45:00+00:00,2026-04-15 02:15:00+00:00,2026-04-15 02:45:00+00:00,1,4846.695,4825.820898971435,3.0,-1.0,-1.0232187005005275,stop,55.58454380747733,52.74078657334725
V2 MTF M15,V2,2026-04-15 08:45:00+00:00,2026-04-15 09:15:00+00:00,2026-04-15 09:15:00+00:00,1,4818.205,4803.332376840094,3.0,-1.0,-1.0323964706709514,stop,52.74078657334725,50.01831647741057
V2 MTF M15,V2,2026-04-15 11:45:00+00:00,2026-04-15 12:15:00+00:00,2026-04-15 15:45:00+00:00,1,4812.495,4791.844560727004,3.0,-1.0,-1.0233045647909933,stop,50.01831647741057,47.45911789868583
V2 MTF M15,V2,2026-04-16 01:45:00+00:00,2026-04-16 02:15:00+00:00,2026-04-16 08:15:00+00:00,1,4817.785,4810.225289537023,3.0,-1.0,-1.0637297555719194,stop,47.45911789868583,44.934934104584435
V2 MTF M15,V2,2026-04-16 10:45:00+00:00,2026-04-16 11:15:00+00:00,2026-04-16 14:00:00+00:00,1,4817.035,4804.094671369596,3.0,-1.0,-1.0372249819736576,stop,44.934934104584435,42.604552293753684
V2 MTF M15,V2,2026-04-17 17:45:00+00:00,2026-04-17 18:15:00+00:00,2026-04-17 20:15:00+00:00,1,4862.325,4852.258985294935,3.0,-1.0,-1.0483043701252837,stop,42.604552293753684,40.371425375915024
V2 MTF M15,V2,2026-04-21 00:00:00+00:00,2026-04-21 00:30:00+00:00,2026-04-21 00:45:00+00:00,1,4828.035,4818.867271539288,3.0,-1.0,-1.052663372619404,stop,40.371425375915024,38.24654933623186
V2 MTF M15,V2,2026-04-21 00:45:00+00:00,2026-04-21 01:15:00+00:00,2026-04-21 01:15:00+00:00,1,4823.845,4815.900880310428,2.0,-1.0,-1.0607222094895163,stop,38.24654933623186,36.218101120367976
V2 MTF M15,V2,2026-04-22 17:15:00+00:00,2026-04-22 17:45:00+00:00,2026-04-22 19:00:00+00:00,-1,4735.215,4740.102618980491,3.0,-1.0,-1.0968818358980343,stop,36.218101120367976,34.23175225788548
V2 MTF M15,V2,2026-04-22 20:00:00+00:00,2026-04-22 20:30:00+00:00,2026-04-23 00:15:00+00:00,-1,4735.835,4750.283229379882,2.0,2.0,1.9672220389399804,target,34.23175225788548,37.59882513154777
V2 MTF M15,V2,2026-04-23 07:15:00+00:00,2026-04-23 07:45:00+00:00,2026-04-23 08:15:00+00:00,-1,4705.785,4721.9545135973085,3.0,-1.0,-1.029102823481241,stop,37.59882513154777,35.664172276425106
V2 MTF M15,V2,2026-04-23 08:30:00+00:00,2026-04-23 09:00:00+00:00,2026-04-23 12:15:00+00:00,-1,4703.545,4725.607936596517,3.0,-1.0,-1.021318762257344,stop,35.664172276425106,33.84294786211055
V2 MTF M15,V2,2026-04-23 15:45:00+00:00,2026-04-23 16:15:00+00:00,2026-04-24 09:15:00+00:00,-1,4720.345,4741.945573346618,3.0,1.1670986503673983,1.1452457813520533,time_exit,33.84294786211055,35.78087252549053
V2 MTF M15,V2,2026-04-24 09:15:00+00:00,2026-04-24 09:45:00+00:00,2026-04-24 11:15:00+00:00,-1,4683.105,4698.174373310832,3.0,-1.0,-1.0310769725017928,stop,35.78087252549053,33.936230839637766
V2 MTF M15,V2,2026-04-27 01:00:00+00:00,2026-04-27 01:30:00+00:00,2026-04-27 02:45:00+00:00,-1,4692.375,4710.463713943879,3.0,-1.0,-1.0259408989193939,stop,33.936230839637766,32.19540248096006
V2 MTF M15,V2,2026-04-27 17:45:00+00:00,2026-04-27 18:15:00+00:00,2026-04-27 22:15:00+00:00,-1,4682.035,4686.7015061907605,3.0,-1.0,-1.1003327716412359,stop,32.19540248096006,30.424119658661066
V2 MTF M15,V2,2026-04-28 01:00:00+00:00,2026-04-28 01:30:00+00:00,2026-04-28 05:45:00+00:00,-1,4687.365,4701.51702883104,3.0,3.0,2.966878494553947,target,30.424119658661066,34.937352975211944
V2 MTF M15,V2,2026-04-28 13:45:00+00:00,2026-04-28 14:15:00+00:00,2026-04-29 00:15:00+00:00,-1,4580.225,4601.4927037666475,3.0,-1.0,-1.021536057913233,stop,34.937352975211944,33.15286468360089
V2 MTF M15,V2,2026-04-29 09:15:00+00:00,2026-04-29 09:45:00+00:00,2026-04-29 13:45:00+00:00,-1,4565.615,4581.4147610856935,3.0,3.0,2.971103265579541,target,33.15286468360089,38.07789390983905
V2 MTF M15,V2,2026-04-29 15:00:00+00:00,2026-04-29 15:30:00+00:00,2026-04-29 15:45:00+00:00,-1,4537.875,4548.00849537593,3.0,-1.0,-1.0447809450900716,stop,38.07789390983905,36.088741010530995
V2 MTF M15,V2,2026-04-29 16:45:00+00:00,2026-04-29 17:15:00+00:00,2026-04-30 00:15:00+00:00,-1,4545.245,4565.906001686673,2.0,-1.0,-1.0219991511976485,stop,36.088741010530995,34.244607876503274
V2 MTF M15,V2,2026-04-30 03:45:00+00:00,2026-04-30 04:15:00+00:00,2026-04-30 06:45:00+00:00,-1,4555.835,4574.890694121592,2.0,-1.0,-1.0239079981601815,stop,34.244607876503274,32.491441481572735
V2 MTF M15,V2,2026-05-04 12:45:00+00:00,2026-05-04 13:15:00+00:00,2026-05-04 14:30:00+00:00,-1,4568.165,4580.2474365742455,3.0,-1.0,-1.0378083093747608,stop,32.491441481572735,30.805447083915737
V2 MTF M15,V2,2026-05-04 14:45:00+00:00,2026-05-04 15:15:00+00:00,2026-05-05 08:15:00+00:00,-1,4561.315,4584.261512363978,3.0,0.45192052872831306,0.43204249703596587,time_exit,30.805447083915737,31.470910197937954
V2 MTF M15,V2,2026-05-05 20:30:00+00:00,2026-05-05 21:00:00+00:00,2026-05-05 23:00:00+00:00,-1,4555.315,4560.488453855263,3.0,-1.0,-1.0880517180097244,stop,31.470910197937954,29.758811302528148
V2 MTF M15,V2,2026-05-07 09:00:00+00:00,2026-05-07 09:30:00+00:00,2026-05-07 16:15:00+00:00,1,4733.955,4720.678215454881,3.0,-1.0,-1.0356558847807797,stop,29.758811302528148,28.217816900050945
V2 MTF M15,V2,2026-05-08 02:45:00+00:00,2026-05-08 03:15:00+00:00,2026-05-08 07:30:00+00:00,1,4713.125,4703.815773383657,3.0,-1.0,-1.050628534401835,stop,28.217816900050945,26.735494719364954
V2 MTF M15,V2,2026-05-11 16:45:00+00:00,2026-05-11 17:15:00+00:00,2026-05-11 23:00:00+00:00,1,4716.305,4706.619277994421,3.0,3.0,2.951306624356105,target,26.735494719364954,30.68072685289993
V2 MTF M15,V2,2026-05-15 11:15:00+00:00,2026-05-15 11:45:00+00:00,2026-05-15 13:45:00+00:00,-1,4562.045,4573.76198158005,3.0,3.0,2.9610646737913484,target,30.68072685289993,35.22310767541811
V2 MTF M15,V2,2026-05-15 15:15:00+00:00,2026-05-15 15:45:00+00:00,2026-05-18 00:45:00+00:00,-1,4547.205,4568.061471724668,3.0,3.0,2.9781976306442006,target,35.22310767541811,40.468176466560905
V2 MTF M15,V2,2026-05-19 06:45:00+00:00,2026-05-19 07:15:00+00:00,2026-05-19 07:15:00+00:00,-1,4547.775,4554.608212069617,3.0,-1.0,-1.0665539859390667,stop,40.468176466560905,38.3101017208561
V2 MTF M15,V2,2026-05-19 07:30:00+00:00,2026-05-19 08:00:00+00:00,2026-05-19 08:00:00+00:00,-1,4542.055,4556.084209153408,3.0,-1.0,-1.0323757023673483,stop,38.3101017208561,36.33258081226444
V2 MTF M15,V2,2026-05-19 16:00:00+00:00,2026-05-19 16:30:00+00:00,2026-05-19 16:30:00+00:00,-1,4500.755,4511.659394843737,3.0,-1.0,-1.0412746884581607,stop,36.33258081226444,34.44097097395586
V2 MTF M15,V2,2026-05-19 16:30:00+00:00,2026-05-19 17:00:00+00:00,2026-05-19 20:00:00+00:00,-1,4505.785,4513.723059839753,3.0,3.0,2.9432382081899213,target,34.44097097395586,39.509370058841206
V2 MTF M15,V2,2026-05-19 23:15:00+00:00,2026-05-19 23:45:00+00:00,2026-05-19 23:45:00+00:00,-1,4485.795,4489.178905004018,3.0,-1.0,-1.1325626752132183,stop,39.509370058841206,37.2720281663497
V2 MTF M15,V2,2026-05-19 23:45:00+00:00,2026-05-20 00:15:00+00:00,2026-05-20 00:30:00+00:00,-1,4489.075,4496.855188498363,3.0,-1.0,-1.0576987948421126,stop,37.2720281663497,35.30089920270623
V2 MTF M15,V2,2026-05-20 01:00:00+00:00,2026-05-20 01:30:00+00:00,2026-05-20 14:30:00+00:00,-1,4492.175,4509.697312050266,3.0,-1.0,-1.0256368850589657,stop,35.30089920270623,33.49060398780403
V2 MTF M15,V2,2026-05-21 12:45:00+00:00,2026-05-21 13:15:00+00:00,2026-05-21 14:00:00+00:00,-1,4503.925,4520.1259488024825,3.0,-1.0,-1.027800377958789,stop,33.49060398780403,31.769521215967373
V2 MTF M15,V2,2026-05-21 14:00:00+00:00,2026-05-21 14:30:00+00:00,2026-05-21 17:15:00+00:00,-1,4507.905,4522.159290533185,3.0,-1.0,-1.0316248991102368,stop,31.769521215967373,30.130809760007228
V2 MTF M15,V2,2026-05-22 11:45:00+00:00,2026-05-22 12:15:00+00:00,2026-05-22 12:15:00+00:00,-1,4520.335,4526.105340473752,2.0,-1.0,-1.0783374052287185,stop,30.130809760007228,28.50625079930491
V2 MTF M15,V2,2026-05-22 12:15:00+00:00,2026-05-22 12:45:00+00:00,2026-05-24 22:15:00+00:00,-1,4521.555,4536.781788469715,3.0,-1.0,-1.0296947383815904,stop,28.50625079930491,27.0386139763534
V2 MTF M15,V2,2026-05-26 11:15:00+00:00,2026-05-26 11:45:00+00:00,2026-05-27 04:45:00+00:00,-1,4523.375,4541.191696983941,3.0,0.8531323181676184,0.8277439142222796,time_exit,27.0386139763534,28.15766638475
V2 MTF M15,V2,2026-05-27 09:00:00+00:00,2026-05-27 09:30:00+00:00,2026-05-27 10:45:00+00:00,-1,4491.555,4499.466286441684,3.0,3.0,2.9432259843818267,target,28.15766638475,32.30138515290755
V2 MTF M15,V2,2026-05-27 14:15:00+00:00,2026-05-27 14:45:00+00:00,2026-05-27 18:30:00+00:00,-1,4445.315,4456.821497280075,3.0,-1.0,-1.0386330860886521,stop,32.30138515290755,30.623920785592425
V2 MTF M15,V2,2026-05-28 05:45:00+00:00,2026-05-28 06:15:00+00:00,2026-05-28 09:30:00+00:00,-1,4387.798,4396.594239014318,3.0,-1.0,-1.0498826599965916,stop,30.623920785592425,29.01634461489729
V2 MTF M15,V2,2026-05-28 10:30:00+00:00,2026-05-28 11:00:00+00:00,2026-05-28 13:00:00+00:00,-1,4388.815,4404.703107979765,3.0,-1.0,-1.0276232702193955,stop,29.01634461489729,27.525451067748605
V2 MTF M15,V2,2026-06-01 16:00:00+00:00,2026-06-01 16:30:00+00:00,2026-06-01 17:00:00+00:00,-1,4466.955,4480.79212273646,3.0,-1.0,-1.0322823977576614,stop,27.525451067748605,26.10474913636977
V2 MTF M15,V2,2026-06-01 17:00:00+00:00,2026-06-01 17:30:00+00:00,2026-06-01 17:45:00+00:00,-1,4474.765,4483.031725428885,3.0,-1.0,-1.054129837001298,stop,26.10474913636977,24.728859388765706
V2 MTF M15,V2,2026-06-01 19:45:00+00:00,2026-06-01 20:15:00+00:00,2026-06-02 00:30:00+00:00,-1,4480.965,4489.251256779534,2.0,-1.0,-1.054077071459668,stop,24.728859388765706,23.425553204513303
V2 MTF M15,V2,2026-06-02 02:30:00+00:00,2026-06-02 03:00:00+00:00,2026-06-02 03:30:00+00:00,-1,4476.235,4493.046663158416,3.0,-1.0,-1.0266257713934692,stop,23.425553204513303,22.22308937306819
V2 MTF M15,V2,2026-06-02 20:30:00+00:00,2026-06-02 21:00:00+00:00,2026-06-02 22:15:00+00:00,-1,4488.795,4491.451763526173,3.0,-1.0,-1.1689572653260027,stop,22.22308937306819,20.924197284036335
V2 MTF M15,V2,2026-06-02 22:30:00+00:00,2026-06-02 23:00:00+00:00,2026-06-02 23:15:00+00:00,-1,4488.755,4493.389180785896,3.0,3.0,2.9031381120550757,target,20.924197284036335,23.961489014008595
V2 MTF M15,V2,2026-06-03 01:00:00+00:00,2026-06-03 01:30:00+00:00,2026-06-03 17:30:00+00:00,-1,4471.065,4497.402230332689,3.0,1.2229835709042334,1.2060073553207347,time_exit,23.961489014008595,25.406375613775165
V2 MTF M15,V2,2026-06-03 18:30:00+00:00,2026-06-03 19:00:00+00:00,2026-06-03 19:15:00+00:00,-1,4439.815,4444.081049136969,2.0,-1.0,-1.1040732269472566,stop,25.406375613775165,24.00385065832842
V2 MTF M15,V2,2026-06-03 19:45:00+00:00,2026-06-03 20:15:00+00:00,2026-06-03 22:30:00+00:00,-1,4443.638,4452.7254523660395,2.0,2.0,1.9511013888050055,target,24.00385065832842,26.345547976135048
V2 MTF M15,V2,2026-06-05 05:15:00+00:00,2026-06-05 05:45:00+00:00,2026-06-05 07:00:00+00:00,-1,4444.298,4450.637791742642,3.0,-1.0,-1.0701016402495898,stop,26.345547976135048,24.93592727100823
V2 MTF M15,V2,2026-06-07 22:15:00+00:00,2026-06-07 22:45:00+00:00,2026-06-07 23:45:00+00:00,-1,4316.495,4336.671434954563,3.0,-1.0,-1.0213937447805854,stop,24.93592727100823,23.662457264262656
V2 MTF M15,V2,2026-06-08 01:00:00+00:00,2026-06-08 01:30:00+00:00,2026-06-08 17:30:00+00:00,-1,4326.935,4354.234178652346,3.0,-0.43993997595848994,-0.4557900315777577,time_exit,23.662457264262656,23.123201657078376
V2 MTF M15,V2,2026-06-10 07:15:00+00:00,2026-06-10 07:45:00+00:00,2026-06-10 16:00:00+00:00,-1,4194.715,4222.646699831857,3.0,3.0,2.984982242308018,target,23.123201657078376,26.57431897366269
V2 MTF M15,V2,2026-06-11 00:30:00+00:00,2026-06-11 01:00:00+00:00,2026-06-11 01:15:00+00:00,-1,4063.135,4078.2752714543785,3.0,-1.0,-1.026836606016235,stop,26.57431897366269,25.20994479855726
V2 MTF M15,V2,2026-06-11 03:00:00+00:00,2026-06-11 03:30:00+00:00,2026-06-11 17:45:00+00:00,-1,4065.375,4118.724082813676,3.0,-1.0,-1.0076203278211895,stop,25.20994479855726,23.93984215644344
V2 MTF M15,V2,2026-06-17 23:30:00+00:00,2026-06-18 00:00:00+00:00,2026-06-18 00:15:00+00:00,-1,4275.895,4285.492260410538,3.0,-1.0,-1.044553287262116,stop,23.93984215644344,22.68952011539098
V2 MTF M15,V2,2026-06-18 12:15:00+00:00,2026-06-18 12:45:00+00:00,2026-06-18 13:45:00+00:00,-1,4254.925,4270.039272894319,3.0,-1.0,-1.0281517015720907,stop,22.68952011539098,21.52310667966631
V2 MTF M15,V2,2026-06-18 13:45:00+00:00,2026-06-18 14:15:00+00:00,2026-06-19 00:00:00+00:00,-1,4256.325,4277.633518625551,3.0,3.0,2.9800252421353393,target,21.52310667966631,24.730076739395173
V2 MTF M15,V2,2026-06-19 07:15:00+00:00,2026-06-19 07:45:00+00:00,2026-06-19 08:00:00+00:00,-1,4152.315,4160.916547738354,3.0,-1.0,-1.0482740446987788,stop,24.730076739395173,23.433881860929326
V2 MTF M15,V2,2026-06-19 10:00:00+00:00,2026-06-19 10:30:00+00:00,2026-06-19 13:00:00+00:00,-1,4155.005,4171.538358662238,3.0,-1.0,-1.0251310401285247,stop,23.433881860929326,22.232741876612153
V2 MTF M15,V2,2026-06-22 03:45:00+00:00,2026-06-22 04:15:00+00:00,2026-06-22 06:45:00+00:00,-1,4171.305,4201.162895455933,2.0,-1.0,-1.0139705258401632,stop,22.232741876612153,21.105574628037303
V2 MTF M15,V2,2026-06-23 10:45:00+00:00,2026-06-23 11:15:00+00:00,2026-06-23 14:00:00+00:00,-1,4119.445,4134.031427629775,3.0,-1.0,-1.0282416305387276,stop,21.105574628037303,20.02049310458781
V2 MTF M15,V2,2026-06-23 17:15:00+00:00,2026-06-23 17:45:00+00:00,2026-06-23 23:45:00+00:00,-1,4130.798,4144.565363365954,3.0,3.0,2.9699957218372313,target,20.02049310458781,22.99353204807269
V2 MTF M15,V2,2026-06-24 00:15:00+00:00,2026-06-24 00:45:00+00:00,2026-06-24 02:45:00+00:00,-1,4099.385,4112.908839071683,3.0,3.0,2.96968771235541,target,22.99353204807269,26.407712527413278
V2 MTF M15,V2,2026-06-24 07:45:00+00:00,2026-06-24 08:15:00+00:00,2026-06-24 12:30:00+00:00,-1,4074.665,4095.3546731584806,3.0,3.0,2.980305802954022,target,26.407712527413278,30.342865471822847
V2 MTF M15,V2,2026-06-24 14:00:00+00:00,2026-06-24 14:30:00+00:00,2026-06-25 07:30:00+00:00,-1,4019.645,4043.7034399284007,3.0,1.4402430125610988,1.423535175261745,time_exit,30.342865471822847,32.50257228769159
V2 MTF M15,V2,2026-06-25 11:45:00+00:00,2026-06-25 12:15:00+00:00,2026-06-25 12:45:00+00:00,-1,3979.905,3990.2005945467663,3.0,-1.0,-1.0386563882437476,stop,32.50257228769159,30.81462207064334
V2 MTF M15,V2,2026-06-29 16:00:00+00:00,2026-06-29 16:30:00+00:00,2026-06-29 17:15:00+00:00,-1,4023.555,4031.21840706565,3.0,-1.0,-1.0525034748321658,stop,30.81462207064334,29.192997230393736
V2 MTF M15,V2,2026-06-29 17:15:00+00:00,2026-06-29 17:45:00+00:00,2026-06-30 00:45:00+00:00,-1,4023.618,4032.8098401529614,3.0,3.0,2.9562261970068784,target,29.192997230393736,33.5080523894757
V2 MTF M15,V2,2026-06-30 05:30:00+00:00,2026-06-30 06:00:00+00:00,2026-06-30 06:30:00+00:00,-1,3979.065,3998.86952638158,3.0,-1.0,-1.020091694814277,stop,33.5080523894757,31.798988091880407
V2 MTF M15,V2,2026-07-01 08:00:00+00:00,2026-07-01 08:30:00+00:00,2026-07-01 08:30:00+00:00,-1,3973.945,3978.97851095096,3.0,-1.0,-1.0789497636682868,stop,31.798988091880407,30.083512557549156
V2 MTF M15,V2,2026-07-01 08:45:00+00:00,2026-07-01 09:15:00+00:00,2026-07-01 10:00:00+00:00,-1,3974.145,3984.897143060954,3.0,-1.0,-1.0369614222715464,stop,30.083512557549156,28.52374045911915
V2 MTF M15,V2,2026-07-03 15:00:00+00:00,2026-07-03 15:30:00+00:00,2026-07-06 05:15:00+00:00,1,4171.995,4154.426847971014,3.0,-1.0,-1.0237474891674234,stop,28.52374045911915,27.063685075284827
V2 MTF M15,V2,2026-07-07 14:15:00+00:00,2026-07-07 14:45:00+00:00,2026-07-07 14:45:00+00:00,1,4157.925,4149.722249633405,3.0,-1.0,-1.0506894006787384,stop,27.063685075284827,25.64190872268937
V2 MTF M15,V2,2026-07-09 20:30:00+00:00,2026-07-09 21:00:00+00:00,2026-07-10 00:30:00+00:00,1,4124.235,4118.168444448135,3.0,-1.0,-1.0679831407582263,stop,25.64190872268937,24.27265241205469
V2 MTF M15,V2,2026-07-10 00:30:00+00:00,2026-07-10 01:00:00+00:00,2026-07-10 01:45:00+00:00,1,4122.795,4113.519361198189,3.0,-1.0,-1.044447558686684,stop,24.27265241205469,23.00507678432364
V2 MTF M15,V2,2026-07-13 05:15:00+00:00,2026-07-13 05:45:00+00:00,2026-07-13 08:15:00+00:00,-1,4057.825,4073.9165167490755,3.0,-1.0,-1.0252171691660643,stop,23.00507678432364,21.825816799460032
V2 MTF M15,V2,2026-07-13 11:15:00+00:00,2026-07-13 11:45:00+00:00,2026-07-13 14:00:00+00:00,-1,4062.115,4071.2069050275622,2.0,2.0,1.9553216296509308,target,21.825816799460032,23.959641383099175
V2 MTF M15,V2,2026-07-13 20:00:00+00:00,2026-07-13 20:30:00+00:00,2026-07-14 00:45:00+00:00,-1,3998.345,4006.719136802384,3.0,-1.0,-1.047746353974795,stop,23.959641383099175,22.704460038014886
V2 MTF M15,V2,2026-07-14 01:00:00+00:00,2026-07-14 01:30:00+00:00,2026-07-14 02:00:00+00:00,-1,3995.025,4007.897304136017,3.0,-1.0,-1.0310358189006885,stop,22.704460038014886,21.534004460615254
V2 MTF M15,V2,2026-07-14 07:45:00+00:00,2026-07-14 08:15:00+00:00,2026-07-14 12:00:00+00:00,-1,4020.425,4030.4233558239284,3.0,-1.0,-1.0402108613736094,stop,21.534004460615254,20.414009194175268
V2 MTF M15,V2,2026-07-15 05:00:00+00:00,2026-07-15 05:30:00+00:00,2026-07-15 11:45:00+00:00,-1,4025.795,4036.635730244319,3.0,-1.0,-1.0371358285767673,stop,20.414009194175268,19.355404177166534
V2 MTF M15,V2,2026-07-16 08:00:00+00:00,2026-07-16 08:30:00+00:00,2026-07-16 08:45:00+00:00,-1,4025.535,4034.5133409195164,3.0,-1.0,-1.0448360675550818,stop,19.355404177166534,18.34424295784604
V2 MTF M15,V2,2026-07-16 09:45:00+00:00,2026-07-16 10:15:00+00:00,2026-07-16 12:00:00+00:00,-1,4031.405,4038.0736553075976,3.0,-1.0,-1.0604530420909164,stop,18.34424295784604,17.371582545370902
V2 MTF M15,V2,2026-07-16 12:00:00+00:00,2026-07-16 12:30:00+00:00,2026-07-16 13:00:00+00:00,-1,4031.615,4043.768789230806,3.0,3.0,2.966828328816324,target,17.371582545370902,19.948507705969778
V2 MTF M15,V2,2026-07-16 14:45:00+00:00,2026-07-16 15:15:00+00:00,2026-07-16 15:30:00+00:00,-1,3997.595,4009.537090367144,3.0,-1.0,-1.0334748346152058,stop,19.948507705969778,18.917693670857414
V2 MTF M15,V2,2026-07-16 15:45:00+00:00,2026-07-16 16:15:00+00:00,2026-07-16 19:45:00+00:00,-1,4006.685,4017.9410242601,3.0,3.0,2.9644040834719707,target,18.917693670857414,21.721678089245493
V2 MTF M15,V2,2026-07-16 23:15:00+00:00,2026-07-16 23:45:00+00:00,2026-07-16 23:45:00+00:00,-1,3978.005,3981.144951394818,3.0,-1.0,-1.1266900184049184,stop,21.721678089245493,20.497998194937608
V2 MTF M15,V2,2026-07-17 01:45:00+00:00,2026-07-17 02:15:00+00:00,2026-07-17 03:30:00+00:00,-1,3982.935,3996.615736876715,3.0,-1.0,-1.0291134537261593,stop,20.497998194937608,19.443259909094365
V2 MTF M15,V2,2026-07-17 04:15:00+00:00,2026-07-17 04:45:00+00:00,2026-07-17 15:15:00+00:00,-1,3986.045,4009.201462998335,2.0,-1.0,-1.017213531273263,stop,19.443259909094365,18.454362555514678
V2 MTF M15,V2,2026-07-20 00:30:00+00:00,2026-07-20 01:00:00+00:00,2026-07-20 01:00:00+00:00,-1,3998.145,4007.746717085979,3.0,-1.0,-1.0416398959081838,stop,18.454362555514678,17.49322254094577
V2 MTF M15,V2,2026-07-22 05:30:00+00:00,2026-07-22 06:00:00+00:00,2026-07-22 06:30:00+00:00,1,4132.255,4122.069869994628,3.0,-1.0,-1.0405714507111878,stop,17.49322254094577,16.58307514309349
V2 MTF M15,V2,2026-07-22 09:00:00+00:00,2026-07-22 09:30:00+00:00,2026-07-22 13:00:00+00:00,1,4121.575,4108.3690606185,2.0,-1.0,-1.031210009988187,stop,16.58307514309349,15.728043488896278
V2 MTF M15,V2,2026-07-22 23:45:00+00:00,2026-07-23 00:15:00+00:00,2026-07-23 02:00:00+00:00,1,4133.185,4114.881940160101,3.0,-1.0,-1.022581934584457,stop,15.728043488896278,14.923882831991076
V2 MTF M15,V2,2026-07-23 02:45:00+00:00,2026-07-23 03:15:00+00:00,2026-07-23 07:15:00+00:00,1,4128.085,4111.018823822284,3.0,-1.0,-1.0241886932199264,stop,14.923882831991076,14.159639229217863
V2 MTF M15,V2,2026-07-27 05:00:00+00:00,2026-07-27 05:30:00+00:00,2026-07-27 05:30:00+00:00,1,4094.355,4085.986838325789,3.0,-1.0,-1.0489277712286316,stop,14.159639229217863,13.417017288312612
V2 MTF M15,V2,2026-07-27 05:45:00+00:00,2026-07-27 06:15:00+00:00,2026-07-27 12:30:00+00:00,1,4092.995,4083.442651531253,3.0,-1.0,-1.042848049496847,stop,13.417017288312612,12.717421772853498
V2 MTF M15,V2,2026-07-28 20:45:00+00:00,2026-07-28 22:15:00+00:00,2026-07-29 01:15:00+00:00,-1,4024.565,4030.8138361976635,2.0,2.0,1.9355949672435826,target,12.717421772853498,13.948210651845956
V2 MTF M15,V2,2026-07-29 09:45:00+00:00,2026-07-29 10:15:00+00:00,2026-07-29 14:00:00+00:00,-1,4032.505,4040.442479706849,3.0,3.0,2.949196657516863,target,13.948210651845956,16.005011463484216
V2 MTF M15,V2,2026-07-29 15:45:00+00:00,2026-07-29 16:15:00+00:00,2026-07-29 16:15:00+00:00,-1,4009.815,4014.3173337648145,3.0,-1.0,-1.0890608117802487,stop,16.005011463484216,15.1334899246355
V2 MTF M15,V2,2026-07-30 22:00:00+00:00,2026-07-30 22:30:00+00:00,2026-07-31 00:30:00+00:00,1,4106.575,4098.046030854899,3.0,-1.0,-1.0481485503128936,stop,15.1334899246355,14.340382648351426
V2 MTF M15,V2,2026-08-03 15:45:00+00:00,2026-08-03 16:15:00+00:00,2026-08-03 19:00:00+00:00,-1,4035.925,4041.5854268652515,3.0,-1.0,-1.0713007180567256,stop,14.340382648351426,13.572239536932072
V2 MTF M15,V2,2026-08-04 18:00:00+00:00,2026-08-04 18:30:00+00:00,2026-08-04 18:45:00+00:00,1,4088.395,4083.860677845935,3.0,-1.0,-1.090165516720831,stop,13.572239536932072,12.83244016054015
V2 MTF M15,V2,2026-08-05 09:30:00+00:00,2026-08-05 10:00:00+00:00,2026-08-05 10:00:00+00:00,1,4158.125,4153.524224341173,3.0,-1.0,-1.090378781934788,stop,12.83244016054015,12.132829136965109
V2 MTF M15,V2,2026-08-05 10:15:00+00:00,2026-08-05 10:45:00+00:00,2026-08-05 11:30:00+00:00,1,4156.665,4149.363067739636,3.0,3.0,2.943074451367305,target,12.132829136965109,13.91822010975545
V2 MTF M15,V2,2026-08-05 20:00:00+00:00,2026-08-05 20:30:00+00:00,2026-08-05 20:45:00+00:00,1,4249.045,4245.022494707077,3.0,-1.0,-1.1056318063142363,stop,13.91822010975545,13.148798767724049
V2 MTF M15,V2,2026-08-05 20:45:00+00:00,2026-08-05 22:15:00+00:00,2026-08-05 23:45:00+00:00,1,4247.545,4241.989662489595,3.0,3.0,2.92354118913488,target,13.148798767724049,15.070851506978409
V2 MTF M15,V2,2026-08-06 05:45:00+00:00,2026-08-06 06:15:00+00:00,2026-08-06 13:15:00+00:00,1,4266.935,4245.916113996771,2.0,-1.0,-1.020300481192697,stop,15.070851506978409,14.302011654750721
V2 MTF M15,V2,2026-08-07 14:15:00+00:00,2026-08-07 14:45:00+00:00,2026-08-10 01:15:00+00:00,1,4348.825,4325.575281914792,3.0,-1.0,-1.018704850459098,stop,14.302011654750721,13.573535222549866
V2 MTF M15,V2,2026-08-10 09:00:00+00:00,2026-08-10 09:30:00+00:00,2026-08-10 09:45:00+00:00,1,4349.515,4342.71919642222,3.0,-1.0,-1.0640029534435247,stop,13.573535222549866,12.85142114427673
V2 MTF M15,V2,2026-08-11 01:00:00+00:00,2026-08-11 01:30:00+00:00,2026-08-11 05:30:00+00:00,1,4414.285,4392.609252646501,3.0,-1.0,-1.0203650878929784,stop,12.85142114427673,12.195764071005248
V2 MTF M15,V2,2026-08-11 10:45:00+00:00,2026-08-11 11:15:00+00:00,2026-08-11 15:45:00+00:00,1,4382.255,4369.140292940626,2.0,-1.0,-1.033414814224673,stop,12.195764071005248,11.565599907916956
V2 MTF M15,V2,2026-08-12 04:15:00+00:00,2026-08-12 04:45:00+00:00,2026-08-12 05:30:00+00:00,1,4398.635,4394.40677837887,3.0,-1.0,-1.1040303795339805,stop,11.565599907916956,10.92716122512317
V2 MTF M15,V2,2026-08-12 06:30:00+00:00,2026-08-12 07:00:00+00:00,2026-08-12 12:45:00+00:00,1,4394.235,4382.926984062234,3.0,-1.0,-1.0388594694611664,stop_same_bar,10.92716122512317,10.359571979470765
V2 MTF M15,V2,2026-08-12 14:00:00+00:00,2026-08-12 14:30:00+00:00,2026-08-12 17:00:00+00:00,1,4431.695,4406.932879663372,3.0,-1.0,-1.0178970739975148,stop,10.359571979470765,9.832323079182268
V2 MTF M15,V2,2026-08-12 19:00:00+00:00,2026-08-12 19:30:00+00:00,2026-08-13 04:15:00+00:00,1,4416.205,4394.991088833578,3.0,-1.0,-1.0208174954884799,stop,9.832323079182268,9.330472708156048
V2 MTF M15,V2,2026-08-17 02:15:00+00:00,2026-08-17 02:45:00+00:00,2026-08-17 03:00:00+00:00,1,4395.355,4388.843160630603,3.0,-1.0,-1.067497902676419,stop,9.330472708156048,8.83245970580924
V2 MTF M15,V2,2026-08-17 03:15:00+00:00,2026-08-17 03:45:00+00:00,2026-08-17 05:15:00+00:00,1,4392.705,4387.005880772872,3.0,-1.0,-1.0770769100441095,stop,8.83245970580924,8.356797785408133
V2 MTF M15,V2,2026-08-17 05:15:00+00:00,2026-08-17 05:45:00+00:00,2026-08-17 12:30:00+00:00,1,4398.835,4386.007408857331,3.0,-1.0,-1.0342919800847716,stop,8.356797785408133,7.924629338976243
V2 MTF M15,V2,2026-08-17 17:30:00+00:00,2026-08-17 18:00:00+00:00,2026-08-17 18:15:00+00:00,1,4417.285,4410.14792504304,3.0,-1.0,-1.0618920920214316,stop,7.924629338976243,7.503874277613248
V2 MTF M15,V2,2026-08-17 19:15:00+00:00,2026-08-17 19:45:00+00:00,2026-08-18 02:45:00+00:00,1,4414.285,4397.050805839515,3.0,-1.0,-1.0256135271477984,stop,7.503874277613248,7.11907052935642
V2 MTF M15,V2,2026-08-19 18:30:00+00:00,2026-08-19 19:00:00+00:00,2026-08-20 12:00:00+00:00,1,4490.275,4470.618451985174,3.0,-1.0,-1.0228436600191106,stop,7.11907052935642,6.7549857215473645
V2 MTF M15,V2,2026-08-20 14:00:00+00:00,2026-08-20 14:30:00+00:00,2026-08-21 06:00:00+00:00,1,4484.885,4462.939108003158,3.0,3.0,2.9795638974226,target,6.7549857215473645,7.761331300723748
V2 MTF M15,V2,2026-08-21 13:00:00+00:00,2026-08-21 13:30:00+00:00,2026-08-24 02:30:00+00:00,1,4584.815,4562.205464854901,3.0,3.0,2.979721763536594,target,7.761331300723748,8.917661690262966
V2 MTF M15,V2,2026-08-24 02:45:00+00:00,2026-08-24 03:15:00+00:00,2026-08-24 19:15:00+00:00,1,4643.315,4606.125760162509,3.0,-0.19656223230006217,-0.20904787336261246,time_exit,8.917661690262966,8.82445077967713
V2 MTF M15,V2,2026-08-24 20:45:00+00:00,2026-08-24 22:15:00+00:00,2026-08-25 00:15:00+00:00,1,4650.385,4638.902728079109,3.0,3.0,2.9594994350243624,target,8.82445077967713,10.13024863451987
V2 MTF M15,V2,2026-08-25 01:30:00+00:00,2026-08-25 02:00:00+00:00,2026-08-25 02:00:00+00:00,1,4670.345,4662.744714874689,3.0,-1.0,-1.0614496025214393,stop,10.13024863451987,9.592611215192145
V2 MTF M15,V2,2026-08-25 22:00:00+00:00,2026-08-25 22:30:00+00:00,2026-08-26 00:00:00+00:00,1,4664.135,4654.42120460785,3.0,-1.0,-1.0480155779662517,stop,9.592611215192145,9.089950915847387
V2 MTF M15,V2,2026-08-31 08:30:00+00:00,2026-08-31 09:00:00+00:00,2026-08-31 10:15:00+00:00,-1,4435.225,4450.340542368295,3.0,-1.0,-1.0293421492390704,stop,9.089950915847387,8.622117435237588
V2 MTF M15,V2,2026-08-31 12:15:00+00:00,2026-08-31 12:45:00+00:00,2026-09-01 05:45:00+00:00,-1,4447.305,4464.679916035734,3.0,0.28892225951919104,0.26332613582654396,time_exit,8.622117435237588,8.735638878580778
V2 MTF M15,V2,2026-09-01 06:00:00+00:00,2026-09-01 06:30:00+00:00,2026-09-01 08:15:00+00:00,-1,4432.685,4446.620095947354,3.0,3.0,2.9681904953023164,target,8.735638878580778,10.03209089307062
V2 MTF M15,V2,2026-09-01 11:45:00+00:00,2026-09-01 12:15:00+00:00,2026-09-01 13:15:00+00:00,-1,4374.235,4388.117807386696,3.0,3.0,2.9684917115237672,target,10.03209089307062,11.52109982633728
V2 MTF M15,V2,2026-09-01 14:15:00+00:00,2026-09-01 14:45:00+00:00,2026-09-01 18:45:00+00:00,-1,4365.345,4376.660677697859,3.0,3.0,2.9614221514914116,target,11.52109982633728,13.227041838100236
V2 MTF M15,V2,2026-09-01 23:45:00+00:00,2026-09-02 00:15:00+00:00,2026-09-02 02:15:00+00:00,-1,4324.195,4336.367183845238,3.0,3.0,2.964474780737957,target,13.227041838100236,15.187603435740936
V2 MTF M15,V2,2026-09-07 02:45:00+00:00,2026-09-07 03:15:00+00:00,2026-09-07 08:30:00+00:00,-1,4408.615,4419.721953031138,3.0,-1.0,-1.0396923889714904,stop,15.187603435740936,14.398081650798082
V2 MTF M15,V2,2026-09-08 10:00:00+00:00,2026-09-08 10:30:00+00:00,2026-09-08 10:30:00+00:00,-1,4396.025,4406.334029445201,3.0,-1.0,-1.0426424720519765,stop,14.398081650798082,13.647479078538366
V2 MTF M15,V2,2026-09-08 10:45:00+00:00,2026-09-08 11:15:00+00:00,2026-09-08 11:45:00+00:00,-1,4395.115,4407.542674085679,3.0,-1.0,-1.0353655476455128,stop,13.647479078538366,12.940972596031788
V2 MTF M15,V2,2026-09-08 12:00:00+00:00,2026-09-08 12:30:00+00:00,2026-09-08 13:00:00+00:00,-1,4391.585,4408.656031172454,3.0,-1.0,-1.0257253645408735,stop,12.940972596031788,12.27727840435288
V2 MTF M15,V2,2026-09-08 13:45:00+00:00,2026-09-08 14:15:00+00:00,2026-09-09 07:15:00+00:00,-1,4395.345,4414.141749163355,3.0,-0.5878676096578935,-0.6112511477463255,time_exit,12.27727840435288,11.902053378559787
V2 MTF M15,V2,2026-09-10 14:00:00+00:00,2026-09-10 14:30:00+00:00,2026-09-11 03:30:00+00:00,-1,4359.095,4377.09751099495,3.0,3.0,2.9757861833761816,target,11.902053378559787,13.672951678445987
V2 MTF M15,V2,2026-09-11 10:45:00+00:00,2026-09-11 11:15:00+00:00,2026-09-11 12:45:00+00:00,-1,4337.298,4350.497940843847,3.0,-1.0,-1.03285846543791,stop_same_bar,13.672951678445987,12.966840484015666
V2 MTF M15,V2,2026-09-14 00:15:00+00:00,2026-09-14 00:45:00+00:00,2026-09-14 02:00:00+00:00,-1,4337.725,4348.112690166055,3.0,-1.0,-1.0417583209612393,stop,12.966840484015666,12.291424785475646
V2 MTF M15,V2,2026-09-14 02:45:00+00:00,2026-09-14 03:15:00+00:00,2026-09-14 13:15:00+00:00,-1,4330.735,4356.302467344456,3.0,3.0,2.983061540896271,target,12.291424785475646,14.124728613494225
V2 MTF M15,V2,2026-09-14 14:15:00+00:00,2026-09-14 14:45:00+00:00,2026-09-14 15:15:00+00:00,-1,4270.025,4283.946266012834,3.0,-1.0,-1.0306726772986265,stop,14.124728613494225,13.396830020684893
V2 MTF M15,V2,2026-09-14 19:15:00+00:00,2026-09-14 19:45:00+00:00,2026-09-15 02:45:00+00:00,-1,4296.248,4316.531747376306,3.0,-1.0,-1.021180741015432,stop,13.396830020684893,12.712800780295854
V2 MTF M15,V2,2026-09-15 12:00:00+00:00,2026-09-15 12:30:00+00:00,2026-09-15 13:00:00+00:00,-1,4278.285,4287.231675949827,3.0,-1.0,-1.0478198274307966,stop,12.712800780295854,12.046764544307269
V2 MTF M15,V2,2026-09-15 14:45:00+00:00,2026-09-15 15:15:00+00:00,2026-09-15 18:15:00+00:00,-1,4277.005,4301.245113206805,3.0,-1.0,-1.0176443276626252,stop,12.046764544307269,11.433798464047193
V2 MTF M15,V2,2026-09-16 01:45:00+00:00,2026-09-16 02:15:00+00:00,2026-09-16 02:15:00+00:00,-1,4282.175,4293.971028153107,3.0,-1.0,-1.0363018377408006,stop,11.433798464047193,10.84135514601469
V3 Trend M15,V3,2026-01-23 10:15:00+00:00,2026-01-23 10:45:00+00:00,2026-01-25 23:15:00+00:00,1,4929.048,4898.426853247447,3.0,3.0,2.983903124073598,target,100.0,114.919515620368
V3 Trend M15,V3,2026-01-29 11:45:00+00:00,2026-01-29 12:15:00+00:00,2026-01-29 15:15:00+00:00,1,5522.425,5468.345521344383,3.0,-1.0,-1.0102116831324637,stop,114.919515620368,109.11486375538703
V3 Trend M15,V3,2026-02-05 09:00:00+00:00,2026-02-05 09:30:00+00:00,2026-02-06 02:30:00+00:00,-1,4862.245,4946.273119218704,3.0,0.5032839053547036,0.49749745547910323,time_exit,109.11486375538703,111.82908210904974
V3 Trend M15,V3,2026-02-23 08:45:00+00:00,2026-02-23 09:15:00+00:00,2026-02-23 15:00:00+00:00,1,5139.925,5120.691658539846,3.0,3.0,2.9732759644981694,target,111.82908210904974,128.4540182073862
V3 Trend M15,V3,2026-02-25 11:45:00+00:00,2026-02-25 12:15:00+00:00,2026-02-25 21:00:00+00:00,1,5181.295,5153.948152530059,3.0,-1.0,-1.018946589751141,stop,128.4540182073862,121.90962901777385
V3 Trend M15,V3,2026-02-26 09:45:00+00:00,2026-02-26 10:15:00+00:00,2026-02-26 11:00:00+00:00,1,5186.155,5166.366979319539,2.0,-1.0,-1.02620855862113,stop,121.90962901777385,115.65439378395553
V3 Trend M15,V3,2026-03-12 12:45:00+00:00,2026-03-12 13:15:00+00:00,2026-03-12 13:30:00+00:00,1,5181.015,5162.732050277156,2.0,-1.0,-1.0283379601133316,stop,115.65439378395553,109.70780361485868
V3 Trend M15,V3,2026-03-26 15:30:00+00:00,2026-03-26 16:00:00+00:00,2026-03-27 09:00:00+00:00,-1,4439.925,4481.40060181662,3.0,0.38890333819186595,0.37819843023265015,time_exit,109.70780361485868,111.78236957042925
V3 Trend M15,V3,2026-04-16 10:45:00+00:00,2026-04-16 11:15:00+00:00,2026-04-16 14:00:00+00:00,1,4817.035,4804.094671369596,3.0,-1.0,-1.0372249819736576,stop,111.78236957042925,105.9851962572962
V3 Trend M15,V3,2026-04-23 08:45:00+00:00,2026-04-23 09:15:00+00:00,2026-04-23 12:15:00+00:00,-1,4703.105,4725.5852982681945,2.0,-1.0,-1.020921008003946,stop,105.9851962572962,100.57507058747146
V3 Trend M15,V3,2026-04-24 09:15:00+00:00,2026-04-24 09:45:00+00:00,2026-04-24 11:15:00+00:00,-1,4683.105,4698.174373310832,3.0,-1.0,-1.0310769725017928,stop,100.57507058747146,95.39003862294726
V3 Trend M15,V3,2026-05-20 09:15:00+00:00,2026-05-20 09:45:00+00:00,2026-05-20 10:15:00+00:00,-1,4473.925,4491.115239331603,2.0,-1.0,-1.0260259610916236,stop,95.39003862294726,90.49640582011344
V3 Trend M15,V3,2026-05-20 13:45:00+00:00,2026-05-20 14:15:00+00:00,2026-05-20 14:30:00+00:00,-1,4482.865,4506.912724808187,3.0,-1.0,-1.01864153484688,stop,90.49640582011344,85.88723593397711
V3 Trend M15,V3,2026-06-08 14:00:00+00:00,2026-06-08 14:30:00+00:00,2026-06-09 05:45:00+00:00,-1,4319.415,4347.886050163807,3.0,-1.0,-1.0151712528169785,stop,85.88723593397711,81.52772328877296
V3 Trend M15,V3,2026-06-11 08:30:00+00:00,2026-06-11 09:00:00+00:00,2026-06-11 17:45:00+00:00,-1,4090.395,4113.696955409787,2.0,-1.0,-1.0175538701712648,stop,81.52772328877296,77.37978077083582
V3 Trend M15,V3,2026-09-02 08:45:00+00:00,2026-09-02 09:15:00+00:00,2026-09-02 11:45:00+00:00,-1,4312.705,4332.447872766048,3.0,-1.0,-1.0218443640452193,stop,77.37978077083582,73.42627612724917
V3 Range M15,V3,2026-01-02 00:00:00+00:00,2026-01-02 00:30:00+00:00,2026-01-02 01:00:00+00:00,-1,4347.675,4353.65297848192,2.0,-1.0,-1.072728180824824,stop,100.0,94.63635909587587
V3 Range M15,V3,2026-01-05 23:15:00+00:00,2026-01-05 23:45:00+00:00,2026-01-06 02:30:00+00:00,-1,4448.645,4460.533651859366,3.0,-1.0,-1.037419255375836,stop,94.63635909587587,89.72748003663969
V3 Range M15,V3,2026-01-06 02:30:00+00:00,2026-01-06 03:00:00+00:00,2026-01-06 03:15:00+00:00,-1,4453.305,4462.005184913371,2.0,-1.0,-1.0511863258579277,stop,89.72748003663969,85.0114650332294
V3 Range M15,V3,2026-01-06 10:00:00+00:00,2026-01-06 10:30:00+00:00,2026-01-06 14:45:00+00:00,1,4449.875,4441.301572459867,3.0,3.0,2.94809689614603,target,85.0114650332294,97.54256684329393
V3 Range M15,V3,2026-01-06 21:00:00+00:00,2026-01-06 21:30:00+00:00,2026-01-06 23:15:00+00:00,-1,4491.648,4497.176950277751,2.0,-1.0,-1.0812387121308582,stop,97.54256684329393,92.26922687571486
V3 Range M15,V3,2026-01-07 23:30:00+00:00,2026-01-08 00:00:00+00:00,2026-01-08 00:15:00+00:00,-1,4461.305,4464.361085554527,3.0,-1.0,-1.145981024431478,stop,92.26922687571486,86.98228771878826
V3 Range M15,V3,2026-01-08 01:45:00+00:00,2026-01-08 02:15:00+00:00,2026-01-08 02:15:00+00:00,1,4448.065,4440.945593512054,3.0,-1.0,-1.0624780311045787,stop,86.98228771878826,82.36144922896675
V3 Range M15,V3,2026-01-08 02:30:00+00:00,2026-01-08 03:00:00+00:00,2026-01-08 04:45:00+00:00,1,4441.595,4432.52684691909,2.0,-1.0,-1.0489801502066611,stop,82.36144922896675,78.04167295979475
V3 Range M15,V3,2026-01-09 06:45:00+00:00,2026-01-09 07:15:00+00:00,2026-01-09 12:15:00+00:00,-1,4473.875,4477.681115262159,3.0,-1.0,-1.1175443908512035,stop,78.04167295979475,73.68092126635162
V3 Range M15,V3,2026-01-09 14:30:00+00:00,2026-01-09 15:00:00+00:00,2026-01-09 15:15:00+00:00,-1,4487.585,4498.861720745808,2.0,-1.0,-1.0397951239651662,stop,73.68092126635162,69.85026813325094
V3 Range M15,V3,2026-01-13 06:45:00+00:00,2026-01-13 07:15:00+00:00,2026-01-13 13:15:00+00:00,1,4581.595,4572.548568703111,2.0,2.0,1.9493546698179685,target,69.85026813325094,76.65841545193044
V3 Range M15,V3,2026-01-13 13:15:00+00:00,2026-01-13 13:45:00+00:00,2026-01-13 13:45:00+00:00,-1,4599.915,4606.950159550747,3.0,-1.0,-1.0653846578292798,stop,76.65841545193044,72.57488046613095
V3 Range M15,V3,2026-01-15 11:00:00+00:00,2026-01-15 11:30:00+00:00,2026-01-15 11:45:00+00:00,-1,4618.775,4622.048120160945,3.0,-1.0,-1.141112295696061,stop,72.57488046613095,68.43407604320225
V3 Range M15,V3,2026-01-16 01:00:00+00:00,2026-01-16 01:30:00+00:00,2026-01-16 02:45:00+00:00,1,4603.475,4592.943197796598,2.0,-1.0,-1.043710230320436,stop,68.43407604320225,64.86280877976141
V3 Range M15,V3,2026-01-16 11:45:00+00:00,2026-01-16 12:15:00+00:00,2026-01-16 13:00:00+00:00,-1,4612.365,4616.585762534114,3.0,3.0,2.8907219972049947,target,64.86280877976141,74.2378261867693
V3 Range M15,V3,2026-01-19 16:00:00+00:00,2026-01-19 16:30:00+00:00,2026-01-19 18:00:00+00:00,-1,4672.225,4676.51487467979,3.0,-1.0,-1.1089128552405327,stop,74.2378261867693,70.12166219658826
V3 Range M15,V3,2026-01-20 00:30:00+00:00,2026-01-20 01:00:00+00:00,2026-01-20 01:15:00+00:00,1,4662.935,4658.72201191225,2.0,2.0,1.8893200051156518,target,70.12166219658826,76.74577515558707
V3 Range M15,V3,2026-01-20 23:00:00+00:00,2026-01-20 23:30:00+00:00,2026-01-20 23:45:00+00:00,-1,4758.025,4766.512121930744,2.0,-1.0,-1.0560617019388427,stop,76.74577515558707,72.69336145921582
V3 Range M15,V3,2026-01-22 14:45:00+00:00,2026-01-22 15:15:00+00:00,2026-01-22 15:30:00+00:00,-1,4834.498,4848.455945724667,3.0,-1.0,-1.034636171363356,stop,72.69336145921582,68.93280240003104
V3 Range M15,V3,2026-01-23 14:45:00+00:00,2026-01-23 15:15:00+00:00,2026-01-23 15:45:00+00:00,-1,4943.005,4957.4357414929445,3.0,-1.0,-1.0342532987817483,stop,68.93280240003104,65.36810348620591
V3 Range M15,V3,2026-01-27 06:15:00+00:00,2026-01-27 06:45:00+00:00,2026-01-27 07:00:00+00:00,-1,5082.075,5088.586014820514,3.0,-1.0,-1.0780535007229304,stop,65.36810348620591,61.844587846259756
V3 Range M15,V3,2026-01-27 07:00:00+00:00,2026-01-27 07:30:00+00:00,2026-01-27 07:45:00+00:00,-1,5085.295,5095.68723161832,3.0,-1.0,-1.0489336187526408,stop,61.844587846259756,58.601044479767616
V3 Range M15,V3,2026-01-27 07:45:00+00:00,2026-01-27 08:15:00+00:00,2026-01-27 16:30:00+00:00,-1,5085.725,5101.838099440761,3.0,-1.0,-1.0315626737034522,stop,58.601044479767616,55.57851197349942
V3 Range M15,V3,2026-01-28 17:00:00+00:00,2026-01-28 17:30:00+00:00,2026-01-28 18:30:00+00:00,-1,5295.328,5308.606293429495,3.0,-1.0,-1.039879582629479,stop,55.57851197349942,52.68876398179091
V3 Range M15,V3,2026-02-02 23:30:00+00:00,2026-02-03 00:00:00+00:00,2026-02-03 00:00:00+00:00,-1,4730.435,4766.948109672455,3.0,-1.0,-1.0129554426956098,stop,52.68876398179091,50.02019546957794
V3 Range M15,V3,2026-02-03 13:45:00+00:00,2026-02-03 14:15:00+00:00,2026-02-03 16:30:00+00:00,-1,4932.685,4953.109024820131,3.0,-1.0,-1.0241513856521474,stop,50.02019546957794,47.45878284453997
V3 Range M15,V3,2026-02-03 18:45:00+00:00,2026-02-03 19:15:00+00:00,2026-02-03 23:15:00+00:00,1,4908.075,4879.30050591827,2.0,2.0,1.9829429668300709,target,47.45878284453997,52.16418582733478
V3 Range M15,V3,2026-02-04 00:15:00+00:00,2026-02-04 00:45:00+00:00,2026-02-04 01:00:00+00:00,-1,4980.558,5002.130522821226,3.0,-1.0,-1.0230875083145095,stop,52.16418582733478,49.49575948226763
V3 Range M15,V3,2026-02-06 11:30:00+00:00,2026-02-06 12:00:00+00:00,2026-02-06 12:15:00+00:00,-1,4886.385,4895.860253275357,3.0,-1.0,-1.0515699671343741,stop,49.49575948226763,46.893346773664675
V3 Range M15,V3,2026-02-06 13:15:00+00:00,2026-02-06 13:45:00+00:00,2026-02-06 13:45:00+00:00,-1,4908.469,4930.166363936311,3.0,-1.0,-1.0226224209282193,stop,46.893346773664675,44.495637383509106
V3 Range M15,V3,2026-02-06 13:45:00+00:00,2026-02-06 14:15:00+00:00,2026-02-06 14:45:00+00:00,-1,4928.625,4940.148199516513,3.0,-1.0,-1.042771323996752,stop,44.495637383509106,42.17569864818505
V3 Range M15,V3,2026-02-09 06:00:00+00:00,2026-02-09 06:30:00+00:00,2026-02-09 10:30:00+00:00,-1,5033.435,5047.3214572573315,3.0,3.0,2.9637529219532026,target,42.17569864818505,48.42561615338386
V3 Range M15,V3,2026-02-09 10:45:00+00:00,2026-02-09 11:15:00+00:00,2026-02-09 13:15:00+00:00,1,4990.785,4980.473974867899,3.0,3.0,2.95159758669909,target,48.42561615338386,55.572262742021074
V3 Range M15,V3,2026-02-09 15:00:00+00:00,2026-02-09 15:30:00+00:00,2026-02-09 15:45:00+00:00,-1,5029.885,5043.458410837424,3.0,-1.0,-1.0370568979326256,stop,55.572262742021074,52.69068282150421
V3 Range M15,V3,2026-02-10 08:45:00+00:00,2026-02-10 09:15:00+00:00,2026-02-10 09:15:00+00:00,-1,5041.505,5056.30839517676,2.0,-1.0,-1.0340564103018384,stop,52.69068282150421,49.966425904766346
V3 Range M15,V3,2026-02-10 15:45:00+00:00,2026-02-10 16:15:00+00:00,2026-02-11 09:15:00+00:00,1,5019.035,4996.937730479424,3.0,1.4580987017422713,1.4353853298692143,time_exit,49.966425904766346,53.55247964125129
V3 Range M15,V3,2026-02-11 09:45:00+00:00,2026-02-11 10:15:00+00:00,2026-02-11 10:30:00+00:00,-1,5062.545,5072.89089851942,3.0,-1.0,-1.0489328692959548,stop,53.55247964125129,50.74383183485074
V3 Range M15,V3,2026-02-12 13:45:00+00:00,2026-02-12 14:15:00+00:00,2026-02-12 15:00:00+00:00,-1,5075.098,5084.449299239052,3.0,3.0,2.9457284183698706,target,50.74383183485074,58.21770920949582
V3 Range M15,V3,2026-02-13 11:00:00+00:00,2026-02-13 11:30:00+00:00,2026-02-13 11:30:00+00:00,1,4951.255,4939.391399297037,3.0,-1.0,-1.041734841925045,stop,58.21770920949582,55.1853384044662
V3 Range M15,V3,2026-02-13 14:30:00+00:00,2026-02-13 15:00:00+00:00,2026-02-13 15:45:00+00:00,-1,4991.205,5012.354676516958,2.0,-1.0,-1.0235994389606766,stop,55.1853384044662,52.36095433298287
V3 Range M15,V3,2026-02-16 13:30:00+00:00,2026-02-16 14:00:00+00:00,2026-02-16 14:00:00+00:00,1,4995.035,4991.50654513396,3.0,-1.0,-1.1415643727818368,stop,52.36095433298287,49.372284333413376
V3 Range M15,V3,2026-02-20 14:00:00+00:00,2026-02-20 14:30:00+00:00,2026-02-20 14:45:00+00:00,-1,5042.645,5049.573469105822,3.0,-1.0,-1.0727815181533062,stop,49.372284333413376,46.724000626318585
V3 Range M15,V3,2026-02-20 21:00:00+00:00,2026-02-20 21:30:00+00:00,2026-02-20 21:45:00+00:00,-1,5093.065,5099.874015647718,3.0,-1.0,-1.0747988441134908,stop,46.724000626318585,44.21305553304232
V3 Range M15,V3,2026-02-23 15:15:00+00:00,2026-02-23 15:45:00+00:00,2026-02-23 16:00:00+00:00,-1,5197.365,5204.5707044034525,3.0,-1.0,-1.0721284791742165,stop,44.21305553304232,41.84295173362803
V3 Range M15,V3,2026-02-23 21:00:00+00:00,2026-02-23 21:30:00+00:00,2026-02-23 23:15:00+00:00,-1,5230.698,5238.719089753334,3.0,-1.0,-1.0652118123703358,stop,41.84295173362803,39.6143714110729
V3 Range M15,V3,2026-02-25 06:00:00+00:00,2026-02-25 06:30:00+00:00,2026-02-25 17:00:00+00:00,-1,5191.595,5211.428673438498,2.0,-1.0,-1.0261756603792973,stop,39.6143714110729,37.581806223909474
V3 Range M15,V3,2026-02-25 17:15:00+00:00,2026-02-25 17:45:00+00:00,2026-02-25 19:15:00+00:00,-1,5212.915,5218.4595212810345,3.0,3.0,2.905980791924613,target,37.581806223909474,43.042406574535164
V3 Range M15,V3,2026-02-26 05:30:00+00:00,2026-02-26 06:00:00+00:00,2026-02-26 07:15:00+00:00,-1,5199.275,5206.138763304423,2.0,2.0,1.924250374475339,target,43.042406574535164,47.18362492300362
V3 Range M15,V3,2026-02-26 08:45:00+00:00,2026-02-26 09:15:00+00:00,2026-02-26 11:00:00+00:00,1,5178.858,5166.305213911956,2.0,-1.0,-1.041256641861624,stop,47.18362492300362,44.727111781094365
V3 Range M15,V3,2026-02-27 05:30:00+00:00,2026-02-27 06:00:00+00:00,2026-02-27 06:00:00+00:00,-1,5191.805,5197.961274922553,2.0,-1.0,-1.0843335469145616,stop,44.727111781094365,42.30215639305246
V3 Range M15,V3,2026-02-27 06:15:00+00:00,2026-02-27 06:45:00+00:00,2026-02-27 10:15:00+00:00,-1,5192.985,5200.866788667948,3.0,3.0,2.934114130449631,target,42.30215639305246,48.508124134119726
V3 Range M15,V3,2026-03-04 01:15:00+00:00,2026-03-04 01:45:00+00:00,2026-03-04 02:00:00+00:00,-1,5145.605,5166.040179133237,2.0,-1.0,-1.02518013160761,stop,48.508124134119726,46.021645879926965
V3 Range M15,V3,2026-03-04 10:15:00+00:00,2026-03-04 10:45:00+00:00,2026-03-04 12:15:00+00:00,-1,5187.745,5203.637817074642,3.0,-1.0,-1.0326420733066721,stop,46.021645879926965,43.6454514890053
V3 Range M15,V3,2026-03-04 14:15:00+00:00,2026-03-04 14:45:00+00:00,2026-03-04 15:00:00+00:00,1,5166.155,5158.459143888574,3.0,-1.0,-1.0671290487400065,stop,43.6454514890053,41.31668503254079
V3 Range M15,V3,2026-03-04 15:15:00+00:00,2026-03-04 15:45:00+00:00,2026-03-04 17:30:00+00:00,1,5156.015,5129.0060192992905,3.0,-1.0,-1.019090002163112,stop,41.31668503254079,39.211414000581556
V3 Range M15,V3,2026-03-05 00:30:00+00:00,2026-03-05 01:00:00+00:00,2026-03-05 01:15:00+00:00,-1,5171.245,5181.155311272185,2.0,-1.0,-1.0521804498160818,stop,39.211414000581556,37.14853983952873
V3 Range M15,V3,2026-03-06 08:30:00+00:00,2026-03-06 09:00:00+00:00,2026-03-06 09:15:00+00:00,1,5107.305,5094.888932112837,3.0,-1.0,-1.0411346413890055,stop,37.14853983952873,35.214708254331086
V3 Range M15,V3,2026-03-09 14:15:00+00:00,2026-03-09 14:45:00+00:00,2026-03-09 23:00:00+00:00,1,5081.355,5058.48941529509,3.0,3.0,2.9777772794110575,target,35.214708254331086,40.45778616137289
V3 Range M15,V3,2026-03-10 13:30:00+00:00,2026-03-10 14:00:00+00:00,2026-03-10 15:45:00+00:00,-1,5209.055,5229.6990862103485,3.0,-1.0,-1.0252326741272224,stop,40.45778616137289,38.3838539465983
V3 Range M15,V3,2026-03-12 14:00:00+00:00,2026-03-12 14:30:00+00:00,2026-03-12 14:45:00+00:00,1,5161.085,5144.796167873796,2.0,-1.0,-1.031684806866523,stop,38.3838539465983,36.403851999313844
V3 Range M15,V3,2026-03-16 19:00:00+00:00,2026-03-16 19:30:00+00:00,2026-03-16 20:15:00+00:00,-1,5011.478,5021.296782142669,2.0,-1.0,-1.0510397107012062,stop,36.403851999313844,34.49075729562542
V3 Range M15,V3,2026-03-17 02:00:00+00:00,2026-03-17 02:30:00+00:00,2026-03-17 03:30:00+00:00,-1,5021.275,5030.284357541263,3.0,-1.0,-1.0557339963144154,stop,34.49075729562542,32.67010404384436
V3 Range M15,V3,2026-03-17 15:45:00+00:00,2026-03-17 16:15:00+00:00,2026-03-18 09:15:00+00:00,1,4997.738,4972.195719298747,3.0,-0.4803408177797535,-0.4999073477167403,time_exit,32.67010404384436,31.853502790734954
V3 Range M15,V3,2026-03-19 06:00:00+00:00,2026-03-19 06:30:00+00:00,2026-03-19 06:30:00+00:00,1,4832.895,4825.614677590689,2.0,-1.0,-1.06638298042706,stop,31.853502790734954,30.15510112858367
V3 Range M15,V3,2026-03-20 13:30:00+00:00,2026-03-20 14:00:00+00:00,2026-03-20 14:00:00+00:00,1,4662.405,4634.427538509863,2.0,-1.0,-1.0166648607545885,stop,30.15510112858367,28.62221954408707
V3 Range M15,V3,2026-03-24 00:45:00+00:00,2026-03-24 01:15:00+00:00,2026-03-24 01:45:00+00:00,1,4364.165,4327.471729030973,2.0,-1.0,-1.0118936384921469,stop,28.62221954408707,27.174087450277703
V3 Range M15,V3,2026-03-25 11:45:00+00:00,2026-03-25 12:15:00+00:00,2026-03-25 12:30:00+00:00,-1,4578.605,4586.769124523124,3.0,3.0,2.9439179916103546,target,27.174087450277703,31.17400169780099
V3 Range M15,V3,2026-03-25 12:30:00+00:00,2026-03-25 13:00:00+00:00,2026-03-25 19:15:00+00:00,1,4547.195,4520.100203397484,2.0,-1.0,-1.0167825397130965,stop,31.17400169780099,29.589142666835464
V3 Range M15,V3,2026-03-31 10:45:00+00:00,2026-03-31 11:15:00+00:00,2026-03-31 14:00:00+00:00,1,4546.885,4527.854841260676,3.0,3.0,2.9761069518006478,target,29.589142666835464,33.992165326264974
V3 Range M15,V3,2026-03-31 14:30:00+00:00,2026-03-31 15:00:00+00:00,2026-03-31 16:45:00+00:00,-1,4607.895,4631.852244732965,2.0,-1.0,-1.0192338269753518,stop,33.992165326264974,32.25986708863158
V3 Range M15,V3,2026-04-01 23:30:00+00:00,2026-04-02 00:00:00+00:00,2026-04-02 01:15:00+00:00,-1,4789.155,4801.458929366112,3.0,3.0,2.9610762151057988,target,32.25986708863158,37.036063345562646
V3 Range M15,V3,2026-04-05 22:15:00+00:00,2026-04-05 22:45:00+00:00,2026-04-05 23:00:00+00:00,1,4635.558,4612.187234284737,2.0,-1.0,-1.0198348571736042,stop,37.036063345562646,35.147529926947925
V3 Range M15,V3,2026-04-06 17:15:00+00:00,2026-04-06 17:45:00+00:00,2026-04-07 01:15:00+00:00,1,4655.905,4643.993910415029,2.0,-1.0,-1.0390888253067523,stop,35.147529926947925,33.32145964773661
V3 Range M15,V3,2026-04-08 13:45:00+00:00,2026-04-08 14:15:00+00:00,2026-04-08 14:30:00+00:00,1,4777.168,4766.420794267486,2.0,-1.0,-1.0444503261489397,stop,33.32145964773661,31.581329177894748
V3 Range M15,V3,2026-04-09 12:00:00+00:00,2026-04-09 12:30:00+00:00,2026-04-09 13:45:00+00:00,-1,4742.195,4760.401098402589,2.0,-1.0,-1.0260472886344807,stop,31.581329177894748,29.96113231917215
V3 Range M15,V3,2026-04-10 02:30:00+00:00,2026-04-10 03:00:00+00:00,2026-04-10 09:00:00+00:00,1,4749.635,4736.679363455355,3.0,-1.0,-1.036660761388549,stop,29.96113231917215,28.40815580706935
V3 Range M15,V3,2026-04-10 12:00:00+00:00,2026-04-10 12:30:00+00:00,2026-04-10 12:30:00+00:00,-1,4766.725,4770.56792975588,3.0,-1.0,-1.1240388272178803,stop,28.40815580706935,26.811562300229294
V3 Range M15,V3,2026-04-13 06:00:00+00:00,2026-04-13 06:30:00+00:00,2026-04-13 06:30:00+00:00,-1,4725.918,4731.610746150582,3.0,-1.0,-1.0830164893180214,stop,26.811562300229294,25.35969409645301
V3 Range M15,V3,2026-04-13 06:30:00+00:00,2026-04-13 07:00:00+00:00,2026-04-13 07:15:00+00:00,-1,4726.175,4733.386878058411,3.0,-1.0,-1.0655332073243848,stop,25.35969409645301,24.008614287085067
V3 Range M15,V3,2026-04-13 09:45:00+00:00,2026-04-13 10:15:00+00:00,2026-04-13 10:30:00+00:00,1,4714.565,4709.472575341413,3.0,-1.0,-1.0925799656564519,stop,24.008614287085067,22.697047738422945
V3 Range M15,V3,2026-04-13 16:45:00+00:00,2026-04-13 17:15:00+00:00,2026-04-13 17:30:00+00:00,-1,4732.795,4747.314366271217,3.0,-1.0,-1.0325964295658148,stop,22.697047738422945,21.525203215603927
V3 Range M15,V3,2026-04-15 07:00:00+00:00,2026-04-15 07:30:00+00:00,2026-04-15 09:15:00+00:00,1,4815.605,4802.827580658619,2.0,-1.0,-1.0376884006960958,stop,21.525203215603927,20.408380530631003
V3 Range M15,V3,2026-04-15 13:30:00+00:00,2026-04-15 14:00:00+00:00,2026-04-15 14:00:00+00:00,-1,4820.325,4826.087358753463,3.0,-1.0,-1.0836519419604458,stop,20.408380530631003,19.302601470916702
V3 Range M15,V3,2026-04-17 01:30:00+00:00,2026-04-17 02:00:00+00:00,2026-04-17 03:30:00+00:00,1,4777.385,4767.167161580617,2.0,2.0,1.9532446609163696,target,19.302601470916702,21.18773663415993
V3 Range M15,V3,2026-04-17 06:30:00+00:00,2026-04-17 07:00:00+00:00,2026-04-17 12:00:00+00:00,1,4785.435,4778.531425044911,3.0,3.0,2.93068178398683,target,21.18773663415993,24.292462324042074
V3 Range M15,V3,2026-04-20 12:15:00+00:00,2026-04-20 12:45:00+00:00,2026-04-20 13:30:00+00:00,-1,4805.345,4822.728744032506,2.0,-1.0,-1.0276427505548542,stop,24.292462324042074,23.044263684020635
V3 Range M15,V3,2026-04-23 02:15:00+00:00,2026-04-23 02:45:00+00:00,2026-04-23 02:45:00+00:00,1,4713.785,4703.511236834517,2.0,-1.0,-1.0458817759770553,stop,23.044263684020635,21.839184912624283
V3 Range M15,V3,2026-04-24 11:30:00+00:00,2026-04-24 12:00:00+00:00,2026-04-24 14:15:00+00:00,-1,4705.135,4718.2239710041995,3.0,-1.0,-1.0359473254122915,stop,21.839184912624283,20.707972652653403
V3 Range M15,V3,2026-04-27 09:30:00+00:00,2026-04-27 10:00:00+00:00,2026-04-27 12:45:00+00:00,1,4704.475,4698.523547228056,3.0,-1.0,-1.0790475062185985,stop,20.707972652653403,19.590728340168976
V3 Range M15,V3,2026-04-27 12:45:00+00:00,2026-04-27 13:15:00+00:00,2026-04-27 13:15:00+00:00,1,4699.045,4695.994836569888,3.0,-1.0,-1.1540587941488707,stop,19.590728340168976,18.4602857239313
V3 Range M15,V3,2026-04-27 13:15:00+00:00,2026-04-27 13:45:00+00:00,2026-04-27 13:45:00+00:00,1,4699.865,4692.432869287301,3.0,-1.0,-1.0632371143845722,stop,18.4602857239313,17.478902677739928
V3 Range M15,V3,2026-04-27 13:45:00+00:00,2026-04-27 14:15:00+00:00,2026-04-27 14:15:00+00:00,1,4695.945,4688.079606681397,3.0,-1.0,-1.0597038801466374,stop,17.478902677739928,16.552779628324608
V3 Range M15,V3,2026-04-27 14:30:00+00:00,2026-04-27 15:00:00+00:00,2026-04-27 15:00:00+00:00,1,4693.455,4682.554237929676,3.0,-1.0,-1.0430562099211145,stop,16.552779628324608,15.689505649185623
V3 Range M15,V3,2026-04-29 00:15:00+00:00,2026-04-29 00:45:00+00:00,2026-04-29 01:15:00+00:00,-1,4599.875,4610.904852189588,2.0,2.0,1.9582961319795196,target,15.689505649185623,17.225740560459172
V3 Range M15,V3,2026-04-30 00:00:00+00:00,2026-04-30 00:30:00+00:00,2026-04-30 01:00:00+00:00,-1,4557.695,4569.185620452774,2.0,-1.0,-1.0396644812935198,stop,17.225740560459172,16.330291029224846
V3 Range M15,V3,2026-05-01 05:00:00+00:00,2026-05-01 05:30:00+00:00,2026-05-01 06:00:00+00:00,1,4614.045,4606.590211494204,3.0,-1.0,-1.0618937076003216,stop,16.330291029224846,15.463239364864053
V3 Range M15,V3,2026-05-04 01:30:00+00:00,2026-05-04 02:00:00+00:00,2026-05-04 02:30:00+00:00,1,4601.405,4591.461770796718,3.0,-1.0,-1.0462767668926045,stop,15.463239364864053,14.654297960446232
V3 Range M15,V3,2026-05-04 05:30:00+00:00,2026-05-04 06:00:00+00:00,2026-05-04 06:15:00+00:00,1,4598.685,4591.138468588739,3.0,-1.0,-1.0609377308512546,stop,14.654297960446232,13.876933079177533
V3 Range M15,V3,2026-05-04 06:45:00+00:00,2026-05-04 07:15:00+00:00,2026-05-04 07:45:00+00:00,1,4588.218,4582.644123366973,3.0,-1.0,-1.0823164612724552,stop,13.876933079177533,13.125971423999028
V3 Range M15,V3,2026-05-04 08:00:00+00:00,2026-05-04 08:30:00+00:00,2026-05-04 10:00:00+00:00,1,4580.025,4573.114633501467,3.0,-1.0,-1.0662775990386726,stop,13.125971423999028,12.426174959247433
V3 Range M15,V3,2026-05-07 01:15:00+00:00,2026-05-07 01:45:00+00:00,2026-05-07 01:45:00+00:00,-1,4703.805,4717.147024961428,2.0,-1.0,-1.0352555553868248,stop,12.426174959247433,11.782961626308955
V3 Range M15,V3,2026-05-07 12:15:00+00:00,2026-05-07 12:45:00+00:00,2026-05-07 12:45:00+00:00,-1,4737.915,4747.953040515524,2.0,-1.0,-1.0471996002872557,stop,11.782961626308955,11.166005991045415
V3 Range M15,V3,2026-05-07 14:30:00+00:00,2026-05-07 15:00:00+00:00,2026-05-07 15:00:00+00:00,-1,4751.665,4760.495074775807,3.0,-1.0,-1.0538122849539053,stop,11.166005991045415,10.577662276683787
V3 Range M15,V3,2026-05-07 15:00:00+00:00,2026-05-07 15:30:00+00:00,2026-05-07 16:15:00+00:00,-1,4754.665,4765.741625699548,3.0,3.0,2.9570747885775917,target,10.577662276683787,12.141609198707279
V3 Range M15,V3,2026-05-07 16:15:00+00:00,2026-05-07 16:45:00+00:00,2026-05-07 17:30:00+00:00,1,4719.975,4702.988217759226,2.0,-1.0,-1.0277861629889529,stop,12.141609198707279,11.517660302164742
V3 Range M15,V3,2026-05-08 06:00:00+00:00,2026-05-08 06:30:00+00:00,2026-05-08 06:30:00+00:00,-1,4722.775,4731.948724172734,2.0,-1.0,-1.0514815456740771,stop,11.517660302164742,10.912129939311285
V3 Range M15,V3,2026-05-08 06:30:00+00:00,2026-05-08 07:00:00+00:00,2026-05-08 07:30:00+00:00,-1,4728.935,4735.357297883632,3.0,3.0,2.9263669314988854,target,10.912129939311285,12.508774749642258
V3 Range M15,V3,2026-05-08 07:30:00+00:00,2026-05-08 08:00:00+00:00,2026-05-08 14:00:00+00:00,1,4708.005,4695.654945130819,3.0,3.0,2.961878671391585,target,12.508774749642258,14.361248406452608
V3 Range M15,V3,2026-05-08 14:00:00+00:00,2026-05-08 14:30:00+00:00,2026-05-11 01:00:00+00:00,-1,4731.535,4750.482767298551,3.0,3.0,2.975028535418198,target,14.361248406452608,16.49750459712389
V3 Range M15,V3,2026-05-13 06:15:00+00:00,2026-05-13 06:45:00+00:00,2026-05-13 09:30:00+00:00,-1,4708.265,4715.941174392654,2.0,2.0,1.938663913048849,target,16.49750459712389,18.096660438013966
V3 Range M15,V3,2026-05-13 09:30:00+00:00,2026-05-13 10:00:00+00:00,2026-05-13 12:30:00+00:00,1,4693.925,4685.00123638226,3.0,-1.0,-1.052600283928056,stop,18.096660438013966,17.14423294225381
V3 Range M15,V3,2026-05-13 12:45:00+00:00,2026-05-13 13:15:00+00:00,2026-05-13 13:45:00+00:00,1,4683.385,4674.51005440611,3.0,-1.0,-1.052770858710661,stop,17.14423294225381,16.241785500426204
V3 Range M15,V3,2026-05-13 13:45:00+00:00,2026-05-13 14:15:00+00:00,2026-05-14 04:15:00+00:00,1,4679.155,4668.519846962018,3.0,-1.0,-1.043997063166738,stop,16.241785500426204,15.393966682274751
V3 Range M15,V3,2026-05-14 12:15:00+00:00,2026-05-14 12:45:00+00:00,2026-05-14 12:45:00+00:00,-1,4702.715,4708.161030868068,3.0,-1.0,-1.0863512365964267,stop,15.393966682274751,14.557803945204084
V3 Range M15,V3,2026-05-14 13:00:00+00:00,2026-05-14 13:30:00+00:00,2026-05-14 13:45:00+00:00,-1,4703.815,4710.667054087881,3.0,3.0,2.931351753216324,target,14.557803945204084,16.691506151091758
V3 Range M15,V3,2026-05-18 00:45:00+00:00,2026-05-18 01:15:00+00:00,2026-05-18 17:15:00+00:00,1,4514.525,4478.552704080381,2.0,1.071380044413034,1.0588300392365841,time_exit,16.691506151091758,17.575179556735666
V3 Range M15,V3,2026-05-22 01:00:00+00:00,2026-05-22 01:30:00+00:00,2026-05-22 01:45:00+00:00,1,4529.485,4522.348953430475,2.0,-1.0,-1.0634733105490641,stop,17.575179556735666,16.640642837400872
V3 Range M15,V3,2026-05-22 14:30:00+00:00,2026-05-22 15:00:00+00:00,2026-05-24 22:15:00+00:00,1,4504.165,4490.601860205949,3.0,3.0,2.966791133407209,target,16.640642837400872,19.109108418610727
V3 Range M15,V3,2026-05-25 10:15:00+00:00,2026-05-25 10:45:00+00:00,2026-05-25 11:30:00+00:00,-1,4570.755,4574.159657239687,3.0,-1.0,-1.134250078002593,stop,19.109108418610727,18.025383032892268
V3 Range M15,V3,2026-05-25 22:15:00+00:00,2026-05-25 22:45:00+00:00,2026-05-25 23:00:00+00:00,-1,4572.855,4575.831799167966,3.0,-1.0,-1.1536165102842297,stop,18.025383032892268,16.98566405934518
V3 Range M15,V3,2026-05-25 23:45:00+00:00,2026-05-26 00:15:00+00:00,2026-05-26 00:15:00+00:00,1,4559.555,4554.22895766853,3.0,-1.0,-1.0856086887079084,stop,16.98566405934518,16.06367483503024
V3 Range M15,V3,2026-05-27 05:45:00+00:00,2026-05-27 06:15:00+00:00,2026-05-27 06:30:00+00:00,1,4497.185,4490.527635949268,2.0,-1.0,-1.0675520365978088,stop,16.06367483503024,15.206234395761165
V3 Range M15,V3,2026-05-27 06:30:00+00:00,2026-05-27 07:00:00+00:00,2026-05-27 08:00:00+00:00,1,4487.395,4478.559735488537,2.0,-1.0,-1.0507895942920285,stop,15.206234395761165,14.407306752189598
V3 Range M15,V3,2026-05-27 22:30:00+00:00,2026-05-27 23:00:00+00:00,2026-05-28 01:30:00+00:00,-1,4458.225,4466.234700461984,3.0,3.0,2.9443396788536607,target,14.407306752189598,16.528306998984004
V3 Range M15,V3,2026-06-02 04:15:00+00:00,2026-06-02 04:45:00+00:00,2026-06-02 04:45:00+00:00,-1,4504.195,4510.736950754346,3.0,-1.0,-1.068850946287044,stop,16.528306998984004,15.644992170164663
V3 Range M15,V3,2026-06-03 20:45:00+00:00,2026-06-03 22:15:00+00:00,2026-06-03 22:15:00+00:00,1,4437.698,4429.534382186422,2.0,-1.0,-1.054359453141213,stop,15.644992170164663,14.820219900717994
V3 Range M15,V3,2026-06-03 22:15:00+00:00,2026-06-03 22:45:00+00:00,2026-06-04 00:00:00+00:00,1,4433.715,4422.943140762782,2.0,2.0,1.9588398353305545,target,14.820219900717994,16.271741756212244
V3 Range M15,V3,2026-06-04 23:00:00+00:00,2026-06-04 23:30:00+00:00,2026-06-04 23:45:00+00:00,1,4470.875,4463.138031147525,2.0,-1.0,-1.0577858730628054,stop,16.271741756212244,15.411140828219871
V3 Range M15,V3,2026-06-09 00:00:00+00:00,2026-06-09 00:30:00+00:00,2026-06-09 05:45:00+00:00,1,4322.245,4311.940631930027,2.0,2.0,1.9580542448537424,target,15.411140828219871,16.91993331405661
V3 Range M15,V3,2026-06-09 05:45:00+00:00,2026-06-09 06:15:00+00:00,2026-06-09 14:00:00+00:00,-1,4343.185,4351.84729294626,3.0,-1.0,-1.050138976215017,stop,16.91993331405661,16.031519241654124
V3 Range M15,V3,2026-06-11 12:30:00+00:00,2026-06-11 13:00:00+00:00,2026-06-11 14:15:00+00:00,1,4072.975,4056.172332741977,3.0,-1.0,-1.0242400503292428,stop,16.031519241654124,15.210513037907821
V3 Range M15,V3,2026-06-17 01:15:00+00:00,2026-06-17 01:45:00+00:00,2026-06-17 03:30:00+00:00,-1,4343.125,4350.0418535546805,2.0,2.0,1.9372095279209565,target,15.210513037907821,16.68381057698787
V3 Range M15,V3,2026-06-17 04:45:00+00:00,2026-06-17 05:15:00+00:00,2026-06-17 14:30:00+00:00,1,4326.705,4316.827501780097,2.0,2.0,1.9561963474588961,target,16.68381057698787,18.315651042607858
V3 Range M15,V3,2026-06-17 14:30:00+00:00,2026-06-17 15:00:00+00:00,2026-06-17 16:15:00+00:00,-1,4351.815,4364.699127560972,3.0,-1.0,-1.0337765594092867,stop,18.315651042607858,17.368936506699445
V3 Range M15,V3,2026-06-22 15:45:00+00:00,2026-06-22 16:15:00+00:00,2026-06-23 01:45:00+00:00,1,4182.755,4168.462307281199,2.0,-1.0,-1.0292649893361097,stop,17.368936506699445,16.475074594282066
V3 Range M15,V3,2026-06-23 18:45:00+00:00,2026-06-23 19:15:00+00:00,2026-06-23 20:00:00+00:00,1,4117.655,4111.624834344154,2.0,-1.0,-1.0682842766683898,stop,16.475074594282066,15.595071436981547
V3 Range M15,V3,2026-06-24 10:15:00+00:00,2026-06-24 10:45:00+00:00,2026-06-24 11:15:00+00:00,1,4060.725,4054.1576057038574,3.0,-1.0,-1.0618316004322312,stop,15.595071436981547,14.767104453842293
V3 Range M15,V3,2026-06-24 18:00:00+00:00,2026-06-24 18:30:00+00:00,2026-06-25 11:30:00+00:00,1,3988.725,3957.106237480766,2.0,-0.3694009211427824,-0.38201597841320417,time_exit,14.767104453842293,14.485040961029066
V3 Range M15,V3,2026-06-26 03:00:00+00:00,2026-06-26 03:30:00+00:00,2026-06-26 07:00:00+00:00,1,3997.445,3981.5759665479704,2.0,2.0,1.9748097764612835,target,14.485040961029066,15.915300986143182
V3 Range M15,V3,2026-06-26 07:00:00+00:00,2026-06-26 07:30:00+00:00,2026-06-26 07:30:00+00:00,-1,4027.165,4034.706542465681,3.0,-1.0,-1.0533997523494183,stop,15.915300986143182,15.077042280274698
V3 Range M15,V3,2026-06-29 05:00:00+00:00,2026-06-29 05:30:00+00:00,2026-06-29 05:45:00+00:00,1,4055.725,4046.141418081674,3.0,-1.0,-1.0423195109570111,stop,15.077042280274698,14.291287513461993
V3 Range M15,V3,2026-06-29 05:45:00+00:00,2026-06-29 06:15:00+00:00,2026-06-29 10:00:00+00:00,1,4054.155,4038.040309120058,2.0,-1.0,-1.0251581307404793,stop,14.291287513461993,13.55874603380322
V3 Range M15,V3,2026-06-30 20:00:00+00:00,2026-06-30 20:30:00+00:00,2026-06-30 20:30:00+00:00,1,4019.525,4012.868250805514,3.0,-1.0,-1.060382701564443,stop,13.55874603380322,12.8398730463457
V3 Range M15,V3,2026-07-02 23:30:00+00:00,2026-07-03 00:00:00+00:00,2026-07-03 00:15:00+00:00,-1,4124.515,4132.650334236516,2.0,-1.0,-1.0506987774575638,stop,12.8398730463457,12.165331100720412
V3 Range M15,V3,2026-07-03 00:30:00+00:00,2026-07-03 01:00:00+00:00,2026-07-03 01:00:00+00:00,-1,4136.085,4141.338735972749,2.0,-1.0,-1.0787265485257247,stop,12.165331100720412,11.509177819222772
V3 Range M15,V3,2026-07-06 09:45:00+00:00,2026-07-06 10:15:00+00:00,2026-07-06 12:45:00+00:00,1,4143.045,4135.584089478877,3.0,-1.0,-1.05553001859854,stop,11.509177819222772,10.901763685343866
V3 Range M15,V3,2026-07-06 12:45:00+00:00,2026-07-06 13:15:00+00:00,2026-07-06 14:45:00+00:00,1,4139.685,4130.545261842052,3.0,-1.0,-1.045293255982394,stop,10.901763685343866,10.33198668241368
V3 Range M15,V3,2026-07-09 03:30:00+00:00,2026-07-09 04:00:00+00:00,2026-07-09 06:00:00+00:00,1,4061.875,4053.102149380021,2.0,2.0,1.9536994851964133,target,10.33198668241368,11.34126653553807
V3 Range M15,V3,2026-07-10 01:45:00+00:00,2026-07-10 02:15:00+00:00,2026-07-10 03:15:00+00:00,1,4116.635,4107.837642800171,2.0,2.0,1.953206003729393,target,11.34126653553807,12.448858029893481
V3 Range M15,V3,2026-07-10 05:30:00+00:00,2026-07-10 06:00:00+00:00,2026-07-10 06:00:00+00:00,1,4113.885,4108.210710730746,2.0,-1.0,-1.0725004455146578,stop,12.448858029893481,11.781287740733008
V3 Range M15,V3,2026-07-14 12:00:00+00:00,2026-07-14 12:30:00+00:00,2026-07-14 12:45:00+00:00,-1,4025.545,4036.324177280435,2.0,-1.0,-1.0373455681752883,stop,11.781287740733008,11.170224409470647
V3 Range M15,V3,2026-07-15 12:00:00+00:00,2026-07-15 12:30:00+00:00,2026-07-15 12:45:00+00:00,-1,4037.705,4043.0188963852333,2.0,-1.0,-1.0759838865360685,stop,11.170224409470647,10.569275335791533
V3 Range M15,V3,2026-07-16 01:30:00+00:00,2026-07-16 02:00:00+00:00,2026-07-16 02:15:00+00:00,1,4041.765,4032.6799179063,2.0,-1.0,-1.0444879304151011,stop,10.569275335791533,10.01730130971812
V3 Range M15,V3,2026-07-17 06:30:00+00:00,2026-07-17 07:00:00+00:00,2026-07-17 12:45:00+00:00,-1,3996.045,4007.7822052172714,2.0,2.0,1.9659540331277519,target,10.01730130971812,11.001979005262932
V3 Range M15,V3,2026-07-19 22:30:00+00:00,2026-07-19 23:00:00+00:00,2026-07-19 23:15:00+00:00,1,3996.495,3992.4802829990003,2.0,-1.0,-1.099546119913433,stop,11.001979005262932,10.397119838932637
V3 Range M15,V3,2026-07-20 03:15:00+00:00,2026-07-20 03:45:00+00:00,2026-07-20 06:00:00+00:00,-1,4022.035,4029.6976446145386,2.0,2.0,1.9475111374424336,target,10.397119838932637,11.409545173114887
V3 Range M15,V3,2026-07-20 14:15:00+00:00,2026-07-20 14:45:00+00:00,2026-07-21 01:30:00+00:00,1,4006.525,3997.264117384849,3.0,3.0,2.9567371149544073,target,11.409545173114887,13.096296457019772
V3 Range M15,V3,2026-07-22 12:30:00+00:00,2026-07-22 13:00:00+00:00,2026-07-22 13:30:00+00:00,-1,4127.105,4134.851581857184,3.0,-1.0,-1.0532764653635245,stop,13.096296457019772,12.406595414939641
V3 Range M15,V3,2026-07-22 14:15:00+00:00,2026-07-22 14:45:00+00:00,2026-07-22 16:00:00+00:00,-1,4146.235,4164.251489235994,2.0,-1.0,-1.02301355689052,stop,12.406595414939641,11.771989649722691
V3 Range M15,V3,2026-07-27 12:30:00+00:00,2026-07-27 13:00:00+00:00,2026-07-27 13:15:00+00:00,1,4086.475,4080.848374514931,3.0,-1.0,-1.0726274569161232,stop,11.771989649722691,11.140641683681443
V3 Range M15,V3,2026-07-28 00:30:00+00:00,2026-07-28 01:00:00+00:00,2026-07-28 01:00:00+00:00,1,4065.155,4058.2387591909073,3.0,-1.0,-1.0587769441841222,stop,11.140641683681443,10.550868955776519
V3 Range M15,V3,2026-07-29 05:45:00+00:00,2026-07-29 06:15:00+00:00,2026-07-29 06:30:00+00:00,-1,4032.805,4040.3807325866387,2.0,-1.0,-1.0532332015931047,stop,10.550868955776519,9.995242681282429
V3 Range M15,V3,2026-07-29 10:45:00+00:00,2026-07-29 11:15:00+00:00,2026-07-29 11:15:00+00:00,1,4027.345,4025.2903192183644,3.0,-1.0,-1.1960083063021831,stop,9.995242681282429,9.397523017766435
V3 Range M15,V3,2026-07-29 12:30:00+00:00,2026-07-29 13:00:00+00:00,2026-07-29 14:00:00+00:00,1,4020.585,4008.3566296818667,2.0,-1.0,-1.0328791563830702,stop,9.397523017766435,8.91219773543238
V3 Range M15,V3,2026-07-31 00:45:00+00:00,2026-07-31 01:15:00+00:00,2026-07-31 01:15:00+00:00,1,4094.555,4089.4514318004085,3.0,-1.0,-1.0802292599975027,stop,8.91219773543238,8.430836897197503
V3 Range M15,V3,2026-07-31 01:15:00+00:00,2026-07-31 01:45:00+00:00,2026-07-31 01:45:00+00:00,1,4091.855,4085.604770276883,3.0,-1.0,-1.0654672737046098,stop,8.430836897197503,7.98169785700224
V3 Range M15,V3,2026-07-31 02:00:00+00:00,2026-07-31 02:30:00+00:00,2026-07-31 02:45:00+00:00,1,4085.535,4080.6287020037576,2.0,-1.0,-1.0832712363400894,stop,7.98169785700224,7.549380671719848
V3 Range M15,V3,2026-08-02 22:15:00+00:00,2026-08-02 22:45:00+00:00,2026-08-03 13:45:00+00:00,-1,4065.515,4082.8745220547403,2.0,2.0,1.9765804900205197,target,7.549380671719848,8.29547859909282
V3 Range M15,V3,2026-08-04 10:15:00+00:00,2026-08-04 10:45:00+00:00,2026-08-04 11:45:00+00:00,1,4049.075,4044.8572288450755,3.0,3.0,2.9039996516816085,target,8.29547859909282,9.49998194720771
V3 Range M15,V3,2026-08-04 23:30:00+00:00,2026-08-05 00:00:00+00:00,2026-08-05 01:00:00+00:00,1,4069.065,4064.4201754903447,3.0,3.0,2.912395721484385,target,9.49998194720771,10.88336728606904
V3 Range M15,V3,2026-08-05 01:15:00+00:00,2026-08-05 01:45:00+00:00,2026-08-05 01:45:00+00:00,-1,4084.145,4089.019903183563,3.0,-1.0,-1.083778997165945,stop,10.88336728606904,10.293609041914813
V3 Range M15,V3,2026-08-06 13:15:00+00:00,2026-08-06 13:45:00+00:00,2026-08-06 16:30:00+00:00,1,4247.395,4229.012590591673,3.0,-1.0,-1.0231057578234324,stop,10.293609041914813,9.767036507936494
V3 Range M15,V3,2026-08-10 01:45:00+00:00,2026-08-10 02:15:00+00:00,2026-08-10 05:45:00+00:00,1,4322.055,4311.995131338359,2.0,2.0,1.957036665732226,target,9.767036507936494,10.722758936015342
V3 Range M15,V3,2026-08-10 11:15:00+00:00,2026-08-10 11:45:00+00:00,2026-08-10 12:30:00+00:00,1,4334.435,4327.999061085707,3.0,-1.0,-1.0673473607770507,stop,10.722758936015342,10.150513513485116
V3 Range M15,V3,2026-08-10 18:45:00+00:00,2026-08-10 19:15:00+00:00,2026-08-10 19:30:00+00:00,-1,4378.165,4383.4978458523965,2.0,-1.0,-1.0820980977357988,stop,10.150513513485116,9.601320945285927
V3 Range M15,V3,2026-08-12 14:15:00+00:00,2026-08-12 14:45:00+00:00,2026-08-12 17:00:00+00:00,-1,4431.355,4442.534540312583,3.0,3.0,2.9603619211872942,target,9.601320945285927,11.02249019126205
V3 Range M15,V3,2026-08-16 23:45:00+00:00,2026-08-17 00:15:00+00:00,2026-08-17 00:15:00+00:00,1,4370.255,4366.263321064773,2.0,2.0,1.8905158688633088,target,11.02249019126205,12.064399822310602
V3 Range M15,V3,2026-08-18 00:00:00+00:00,2026-08-18 00:30:00+00:00,2026-08-18 00:30:00+00:00,-1,4421.285,4430.342160107581,2.0,-1.0,-1.0488153565519882,stop,12.064399822310602,11.43173343224948
V3 Range M15,V3,2026-08-19 07:30:00+00:00,2026-08-19 08:00:00+00:00,2026-08-19 10:15:00+00:00,-1,4354.385,4363.912755531016,2.0,-1.0,-1.045702106711545,stop,11.43173343224948,10.834024045576076
V3 Range M15,V3,2026-08-20 23:15:00+00:00,2026-08-20 23:45:00+00:00,2026-08-21 00:30:00+00:00,-1,4526.755,4533.4355480806225,2.0,2.0,1.9322397661783128,target,10.834024045576076,11.880720650005783
V3 Range M15,V3,2026-08-21 01:30:00+00:00,2026-08-21 02:00:00+00:00,2026-08-21 04:30:00+00:00,-1,4525.835,4544.403916593523,2.0,-1.0,-1.0243731774937193,stop,11.880720650005783,11.2722060718477
V3 Range M15,V3,2026-08-24 07:00:00+00:00,2026-08-24 07:30:00+00:00,2026-08-24 11:45:00+00:00,-1,4648.345,4660.828233313725,3.0,-1.0,-1.0372367068945942,stop,11.2722060718477,10.68760877657767
V3 Range M15,V3,2026-08-24 12:00:00+00:00,2026-08-24 12:30:00+00:00,2026-08-24 13:15:00+00:00,-1,4657.185,4671.094475841215,3.0,-1.0,-1.0334821027993049,stop,10.68760877657767,10.13533615696198
V3 Range M15,V3,2026-08-24 13:15:00+00:00,2026-08-24 13:45:00+00:00,2026-08-24 13:45:00+00:00,-1,4672.025,4679.0710785582505,3.0,-1.0,-1.066306740144546,stop,10.13533615696198,9.594967294072015
V3 Range M15,V3,2026-08-25 13:45:00+00:00,2026-08-25 14:15:00+00:00,2026-08-25 15:30:00+00:00,1,4615.845,4603.783308213418,2.0,2.0,1.9617313633802602,target,9.594967294072015,10.53610470764146
V3 Range M15,V3,2026-08-25 19:15:00+00:00,2026-08-25 19:45:00+00:00,2026-08-25 20:15:00+00:00,-1,4660.555,4668.728344263317,3.0,-1.0,-1.0570213960143258,stop,10.53610470764146,9.979260302310246
V3 Range M15,V3,2026-08-26 08:15:00+00:00,2026-08-26 08:45:00+00:00,2026-08-26 09:30:00+00:00,1,4629.615,4621.289824103275,3.0,-1.0,-1.0556098160258878,stop,9.979260302310246,9.452550045720438
V3 Range M15,V3,2026-08-27 05:45:00+00:00,2026-08-27 06:15:00+00:00,2026-08-27 06:15:00+00:00,1,4606.635,4599.890952447493,2.0,-1.0,-1.0683066802856005,stop,9.452550045720438,8.947638927741583
V3 Range M15,V3,2026-08-28 01:00:00+00:00,2026-08-28 01:30:00+00:00,2026-08-28 01:30:00+00:00,1,4593.855,4584.62030063344,2.0,-1.0,-1.049745582586425,stop,8.947638927741583,8.47800170579283
V3 Range M15,V3,2026-08-28 02:00:00+00:00,2026-08-28 02:30:00+00:00,2026-08-28 05:45:00+00:00,1,4581.025,4573.836830497493,3.0,-1.0,-1.0637300636608868,stop,8.47800170579283,8.027086441081824
V3 Range M15,V3,2026-08-28 05:45:00+00:00,2026-08-28 06:15:00+00:00,2026-08-28 06:15:00+00:00,1,4573.115,4570.363968343581,3.0,3.0,2.8337672709316024,target,8.027086441081824,9.16443118296565
V3 Range M15,V3,2026-08-28 07:00:00+00:00,2026-08-28 07:30:00+00:00,2026-08-28 07:45:00+00:00,-1,4600.485,4613.990768587506,3.0,-1.0,-1.034063111404528,stop,9.16443118296565,8.690601171800143
V3 Range M15,V3,2026-08-28 13:45:00+00:00,2026-08-28 14:15:00+00:00,2026-08-28 14:15:00+00:00,-1,4602.275,4628.009924343402,2.0,-1.0,-1.017883382669356,stop_same_bar,8.690601171800143,8.248300245891032
V3 Range M15,V3,2026-09-04 04:00:00+00:00,2026-09-04 04:30:00+00:00,2026-09-04 06:45:00+00:00,1,4469.035,4464.456563566262,3.0,-1.0,-1.097610506658307,stop,8.248300245891032,7.795629195292918
V3 Range M15,V3,2026-09-04 08:00:00+00:00,2026-09-04 08:30:00+00:00,2026-09-04 12:45:00+00:00,-1,4481.745,4491.3525109273305,3.0,3.0,2.953351653368921,target,7.795629195292918,8.946790913941387
V3 Range M15,V3,2026-09-07 00:00:00+00:00,2026-09-07 00:30:00+00:00,2026-09-07 00:45:00+00:00,1,4424.705,4419.912394613142,3.0,-1.0,-1.092323582745481,stop,8.946790913941387,8.458151378681828
V3 Range M15,V3,2026-09-07 06:15:00+00:00,2026-09-07 06:45:00+00:00,2026-09-07 08:15:00+00:00,1,4394.405,4384.079283067428,2.0,2.0,1.9574421318277841,target,8.458151378681828,9.285968471982281
V3 Range M15,V3,2026-09-07 08:30:00+00:00,2026-09-07 09:00:00+00:00,2026-09-07 11:45:00+00:00,-1,4414.545,4424.638268664052,3.0,3.0,2.9562624839689158,target,9.285968471982281,10.65855648303425
V3 Range M15,V3,2026-09-07 18:15:00+00:00,2026-09-07 22:15:00+00:00,2026-09-07 23:45:00+00:00,1,4407.265,4400.928044184209,2.0,2.0,1.9304513850480456,target,10.65855648303425,11.687347739298565
V3 Range M15,V3,2026-09-07 23:45:00+00:00,2026-09-08 00:15:00+00:00,2026-09-08 00:30:00+00:00,-1,4422.615,4428.2886326736125,2.0,-1.0,-1.0779503230896315,stop,11.687347739298565,11.057428725716676
V3 Range M15,V3,2026-09-10 09:00:00+00:00,2026-09-10 09:30:00+00:00,2026-09-10 09:45:00+00:00,1,4394.895,4388.992451175302,3.0,-1.0,-1.0744575797765616,stop,11.057428725716676,10.463391820357407
V3 Range M15,V3,2026-09-15 18:30:00+00:00,2026-09-15 19:00:00+00:00,2026-09-15 19:00:00+00:00,-1,4304.795,4308.949379952636,2.0,-1.0,-1.1036206377143805,stop,10.463391820357407,9.886011062685494
V3 Combined M15,V3,2026-01-02 00:00:00+00:00,2026-01-02 00:30:00+00:00,2026-01-02 01:00:00+00:00,-1,4347.675,4353.65297848192,2.0,-1.0,-1.072728180824824,stop,100.0,94.63635909587587
V3 Combined M15,V3,2026-01-05 23:15:00+00:00,2026-01-05 23:45:00+00:00,2026-01-06 02:30:00+00:00,-1,4448.645,4460.533651859366,2.0,-1.0,-1.037419255375836,stop,94.63635909587587,89.72748003663969
V3 Combined M15,V3,2026-01-06 02:30:00+00:00,2026-01-06 03:00:00+00:00,2026-01-06 03:15:00+00:00,-1,4453.305,4462.005184913371,2.0,-1.0,-1.0511863258579277,stop,89.72748003663969,85.0114650332294
V3 Combined M15,V3,2026-01-06 10:00:00+00:00,2026-01-06 10:30:00+00:00,2026-01-06 14:45:00+00:00,1,4449.875,4441.301572459867,3.0,3.0,2.94809689614603,target,85.0114650332294,97.54256684329393
V3 Combined M15,V3,2026-01-06 21:00:00+00:00,2026-01-06 21:30:00+00:00,2026-01-06 23:15:00+00:00,-1,4491.648,4497.176950277751,2.0,-1.0,-1.0812387121308582,stop,97.54256684329393,92.26922687571486
V3 Combined M15,V3,2026-01-07 23:30:00+00:00,2026-01-08 00:00:00+00:00,2026-01-08 00:15:00+00:00,-1,4461.305,4464.361085554527,2.0,-1.0,-1.145981024431478,stop,92.26922687571486,86.98228771878826
V3 Combined M15,V3,2026-01-08 00:15:00+00:00,2026-01-08 00:45:00+00:00,2026-01-08 05:15:00+00:00,-1,4456.585,4466.712587450181,3.0,3.0,2.9559955910336724,target,86.98228771878826,99.83825066852629
V3 Combined M15,V3,2026-01-09 06:45:00+00:00,2026-01-09 07:15:00+00:00,2026-01-09 08:15:00+00:00,-1,4473.875,4477.681115262159,2.0,2.0,1.8824556091487965,target,99.83825066852629,109.23530441745483
V3 Combined M15,V3,2026-01-09 12:00:00+00:00,2026-01-09 12:30:00+00:00,2026-01-09 13:45:00+00:00,-1,4473.898,4480.859770740942,2.0,-1.0,-1.0642637938892383,stop_same_bar,109.23530441745483,103.42254544215652
V3 Combined M15,V3,2026-01-09 14:30:00+00:00,2026-01-09 15:00:00+00:00,2026-01-09 15:15:00+00:00,-1,4487.585,4498.861720745808,3.0,-1.0,-1.0397951239651662,stop,103.42254544215652,98.04563251921552
V3 Combined M15,V3,2026-01-13 06:45:00+00:00,2026-01-13 07:15:00+00:00,2026-01-13 13:15:00+00:00,1,4581.595,4572.548568703111,2.0,2.0,1.9493546698179685,target,98.04563251921552,107.60191809954497
V3 Combined M15,V3,2026-01-13 13:15:00+00:00,2026-01-13 13:45:00+00:00,2026-01-13 13:45:00+00:00,-1,4599.915,4606.950159550747,3.0,-1.0,-1.0653846578292798,stop,107.60191809954497,101.87004646473207
V3 Combined M15,V3,2026-01-14 13:00:00+00:00,2026-01-14 13:30:00+00:00,2026-01-14 19:15:00+00:00,-1,4628.199,4642.310186787232,3.0,-1.0,-1.0327980847379015,stop,101.87004646473207,96.60948702068525
V3 Combined M15,V3,2026-01-15 11:00:00+00:00,2026-01-15 11:30:00+00:00,2026-01-15 11:45:00+00:00,-1,4618.775,4622.048120160945,3.0,-1.0,-1.141112295696061,stop,96.60948702068525,91.0973733446756
V3 Combined M15,V3,2026-01-16 01:00:00+00:00,2026-01-16 01:30:00+00:00,2026-01-16 02:45:00+00:00,1,4603.475,4592.943197796598,2.0,-1.0,-1.043710230320436,stop,91.0973733446756,86.34341031891769
V3 Combined M15,V3,2026-01-16 11:45:00+00:00,2026-01-16 12:15:00+00:00,2026-01-16 12:45:00+00:00,-1,4612.365,4616.585762534114,2.0,2.0,1.8907219972049945,target,86.34341031891769,94.50597957910142
V3 Combined M15,V3,2026-01-16 13:30:00+00:00,2026-01-16 14:00:00+00:00,2026-01-16 15:30:00+00:00,1,4599.325,4581.3221483534335,2.0,-1.0,-1.025547758156843,stop,94.50597957910142,89.65995980461322
V3 Combined M15,V3,2026-01-19 12:00:00+00:00,2026-01-19 12:30:00+00:00,2026-01-19 18:30:00+00:00,1,4665.695,4658.785210615606,2.0,2.0,1.9324770301894025,target,89.65995980461322,98.32325044711924
V3 Combined M15,V3,2026-01-20 00:00:00+00:00,2026-01-20 00:30:00+00:00,2026-01-20 00:30:00+00:00,1,4667.695,4663.314209081664,2.0,-1.0,-1.106549138888667,stop,98.32325044711924,92.88327504136952
V3 Combined M15,V3,2026-01-20 00:30:00+00:00,2026-01-20 01:00:00+00:00,2026-01-20 01:15:00+00:00,1,4662.935,4658.72201191225,2.0,2.0,1.8893200051156518,target,92.88327504136952,101.65758652518547
V3 Combined M15,V3,2026-01-20 23:00:00+00:00,2026-01-20 23:30:00+00:00,2026-01-20 23:45:00+00:00,-1,4758.025,4766.512121930744,2.0,-1.0,-1.0560617019388427,stop,101.65758652518547,96.28975233314634
V3 Combined M15,V3,2026-01-21 15:00:00+00:00,2026-01-21 15:30:00+00:00,2026-01-21 15:30:00+00:00,1,4860.055,4837.675577078018,3.0,-1.0,-1.0217166234220734,stop,96.28975233314634,91.37071030194784
V3 Combined M15,V3,2026-01-22 13:00:00+00:00,2026-01-22 13:30:00+00:00,2026-01-22 13:45:00+00:00,1,4826.995,4815.010701986096,2.0,-1.0,-1.0402776616068783,stop,91.37071030194784,86.61816485933434
V3 Combined M15,V3,2026-01-22 13:45:00+00:00,2026-01-22 14:15:00+00:00,2026-01-22 15:45:00+00:00,1,4822.095,4809.655988944407,3.0,3.0,2.9612340966781945,target,86.61816485933434,99.44299801799202
V3 Combined M15,V3,2026-01-23 10:15:00+00:00,2026-01-23 10:45:00+00:00,2026-01-25 23:15:00+00:00,1,4929.048,4898.426853247447,3.0,3.0,2.983903124073598,target,99.44299801799202,114.27941164064858
V3 Combined M15,V3,2026-01-26 13:00:00+00:00,2026-01-26 13:30:00+00:00,2026-01-26 13:45:00+00:00,1,5079.945,5064.986083445133,3.0,-1.0,-1.0339593110327716,stop,114.27941164064858,108.3713985543888
V3 Combined M15,V3,2026-01-26 16:15:00+00:00,2026-01-26 16:45:00+00:00,2026-01-27 09:45:00+00:00,-1,5075.355,5106.506491134028,3.0,-0.39388162663575826,-0.4101741212009894,time_exit,108.3713985543888,106.14884139612037
V3 Combined M15,V3,2026-01-27 10:15:00+00:00,2026-01-27 10:45:00+00:00,2026-01-27 14:30:00+00:00,-1,5087.798,5100.441784390712,3.0,3.0,2.9597604811757368,target,106.14884139612037,121.85759869046177
V3 Combined M15,V3,2026-01-27 14:30:00+00:00,2026-01-27 15:00:00+00:00,2026-01-27 21:00:00+00:00,1,5079.125,5045.155893288607,3.0,3.0,2.9850478111092142,target,121.85759869046177,140.04513660236117
V3 Combined M15,V3,2026-01-28 17:00:00+00:00,2026-01-28 17:30:00+00:00,2026-01-28 18:30:00+00:00,-1,5295.328,5308.606293429495,2.0,-1.0,-1.039879582629479,stop,140.04513660236117,132.76363269239357
V3 Combined M15,V3,2026-01-29 11:45:00+00:00,2026-01-29 12:15:00+00:00,2026-01-29 15:15:00+00:00,1,5522.425,5468.345521344383,3.0,-1.0,-1.0102116831324637,stop,132.76363269239357,126.05766405034542
V3 Combined M15,V3,2026-02-02 16:00:00+00:00,2026-02-02 16:30:00+00:00,2026-02-03 09:30:00+00:00,1,4696.298,4590.406109429149,3.0,1.8363068120867707,1.8318718190248064,time_exit,126.05766405034542,137.60373816764164
V3 Combined M15,V3,2026-02-03 13:45:00+00:00,2026-02-03 14:15:00+00:00,2026-02-03 16:30:00+00:00,-1,4932.685,4953.109024820131,2.0,-1.0,-1.0241513856521474,stop,137.60373816764164,130.55738521187635
V3 Combined M15,V3,2026-02-03 18:45:00+00:00,2026-02-03 19:15:00+00:00,2026-02-03 23:15:00+00:00,1,4908.075,4879.30050591827,2.0,2.0,1.9829429668300709,target,130.55738521187635,143.50177765055707
V3 Combined M15,V3,2026-02-04 00:15:00+00:00,2026-02-04 00:45:00+00:00,2026-02-04 01:00:00+00:00,-1,4980.558,5002.130522821226,2.0,-1.0,-1.0230875083145095,stop,143.50177765055707,136.16103384379653
V3 Combined M15,V3,2026-02-04 09:30:00+00:00,2026-02-04 10:00:00+00:00,2026-02-04 11:30:00+00:00,1,5056.975,5040.831060624942,2.0,-1.0,-1.0313242937954346,stop,136.16103384379653,129.13972474022606
V3 Combined M15,V3,2026-02-05 09:00:00+00:00,2026-02-05 09:30:00+00:00,2026-02-06 02:30:00+00:00,-1,4862.245,4946.273119218704,3.0,0.5032839053547036,0.49749745547910323,time_exit,129.13972474022606,132.35205896320278
V3 Combined M15,V3,2026-02-06 11:30:00+00:00,2026-02-06 12:00:00+00:00,2026-02-06 12:15:00+00:00,-1,4886.385,4895.860253275357,2.0,-1.0,-1.0515699671343741,stop,132.35205896320278,125.39318644849769
V3 Combined M15,V3,2026-02-06 13:15:00+00:00,2026-02-06 13:45:00+00:00,2026-02-06 13:45:00+00:00,-1,4908.469,4930.166363936311,2.0,-1.0,-1.0226224209282193,stop,125.39318644849769,118.98169225380438
V3 Combined M15,V3,2026-02-06 13:45:00+00:00,2026-02-06 14:15:00+00:00,2026-02-06 14:30:00+00:00,-1,4928.625,4940.148199516513,2.0,2.0,1.957228676003248,target,118.98169225380438,130.62541125373136
V3 Combined M15,V3,2026-02-09 06:00:00+00:00,2026-02-09 06:30:00+00:00,2026-02-09 07:30:00+00:00,-1,5033.435,5047.3214572573315,2.0,2.0,1.9637529219532024,target,130.62541125373136,143.45121290527405
V3 Combined M15,V3,2026-02-09 10:00:00+00:00,2026-02-09 10:30:00+00:00,2026-02-09 10:30:00+00:00,1,5009.975,4994.694060099006,2.0,-1.0,-1.0327857777889293,stop,143.45121290527405,136.0434942805171
V3 Combined M15,V3,2026-02-09 10:45:00+00:00,2026-02-09 11:15:00+00:00,2026-02-09 11:45:00+00:00,1,4990.785,4980.473974867899,2.0,2.0,1.9515975866990896,target,136.0434942805171,149.31860203671553
V3 Combined M15,V3,2026-02-09 15:00:00+00:00,2026-02-09 15:30:00+00:00,2026-02-09 15:45:00+00:00,-1,5029.885,5043.458410837424,2.0,-1.0,-1.0370568979326256,stop,149.31860203671553,141.5760077251239
V3 Combined M15,V3,2026-02-10 08:45:00+00:00,2026-02-10 09:15:00+00:00,2026-02-10 09:15:00+00:00,-1,5041.505,5056.30839517676,3.0,-1.0,-1.0340564103018384,stop,141.5760077251239,134.25612880846856
V3 Combined M15,V3,2026-02-10 13:00:00+00:00,2026-02-10 13:30:00+00:00,2026-02-10 15:45:00+00:00,1,5041.945,5018.102086548833,2.0,-1.0,-1.0211465138701545,stop,134.25612880846856,127.40136991354505
V3 Combined M15,V3,2026-02-10 15:45:00+00:00,2026-02-10 16:15:00+00:00,2026-02-11 05:45:00+00:00,1,5019.035,4996.937730479424,2.0,2.0,1.977286628126943,target,127.40136991354505,139.9968211703004
V3 Combined M15,V3,2026-02-11 07:00:00+00:00,2026-02-11 07:30:00+00:00,2026-02-11 10:00:00+00:00,-1,5059.065,5070.145542877034,3.0,-1.0,-1.0456571943824646,stop,139.9968211703004,132.67738700793038
V3 Combined M15,V3,2026-02-11 23:00:00+00:00,2026-02-11 23:30:00+00:00,2026-02-12 15:30:00+00:00,-1,5062.995,5101.306176721992,2.0,-0.07334674213719257,-0.08656219369259621,time_exit,132.67738700793038,132.10314472428996
V3 Combined M15,V3,2026-02-13 06:00:00+00:00,2026-02-13 06:30:00+00:00,2026-02-13 08:15:00+00:00,1,4958.355,4942.926151207482,2.0,2.0,1.9678630916235011,target,132.10314472428996,145.10118986380638
V3 Combined M15,V3,2026-02-13 11:00:00+00:00,2026-02-13 11:30:00+00:00,2026-02-13 11:30:00+00:00,1,4951.255,4939.391399297037,2.0,-1.0,-1.041734841925045,stop,145.10118986380638,137.54334160951097
V3 Combined M15,V3,2026-02-13 14:30:00+00:00,2026-02-13 15:00:00+00:00,2026-02-13 15:45:00+00:00,-1,4991.205,5012.354676516958,2.0,-1.0,-1.0235994389606766,stop,137.54334160951097,130.50387724429737
V3 Combined M15,V3,2026-02-15 23:00:00+00:00,2026-02-15 23:30:00+00:00,2026-02-16 15:30:00+00:00,-1,5022.095,5053.10704851234,2.0,1.353022519080093,1.3368285066207042,time_exit,130.50387724429737,139.22694241053267
V3 Combined M15,V3,2026-02-18 23:00:00+00:00,2026-02-18 23:30:00+00:00,2026-02-19 00:15:00+00:00,1,4976.395,4964.389571237564,2.0,-1.0,-1.0414512059375227,stop,139.22694241053267,131.9770390569105
V3 Combined M15,V3,2026-02-20 01:15:00+00:00,2026-02-20 01:45:00+00:00,2026-02-20 06:15:00+00:00,-1,4999.135,5015.5481111737145,2.0,-1.0,-1.0304581803357682,stop,131.9770390569105,125.17719808127619
V3 Combined M15,V3,2026-02-20 12:30:00+00:00,2026-02-20 13:00:00+00:00,2026-02-20 15:15:00+00:00,1,5024.865,5005.762933803642,3.0,-1.0,-1.0263053480620759,stop,125.17719808127619,118.75369668896421
V3 Combined M15,V3,2026-02-20 21:00:00+00:00,2026-02-20 21:30:00+00:00,2026-02-20 21:45:00+00:00,-1,5093.065,5099.874015647718,2.0,-1.0,-1.0747988441134908,stop,118.75369668896421,112.37187989218907
V3 Combined M15,V3,2026-02-23 08:45:00+00:00,2026-02-23 09:15:00+00:00,2026-02-23 15:00:00+00:00,1,5139.925,5120.691658539846,3.0,3.0,2.9732759644981694,target,112.37187989218907,129.0775103706351
V3 Combined M15,V3,2026-02-23 15:15:00+00:00,2026-02-23 15:45:00+00:00,2026-02-23 16:00:00+00:00,-1,5197.365,5204.5707044034525,3.0,-1.0,-1.0721284791742165,stop,129.0775103706351,122.15812662617195
V3 Combined M15,V3,2026-02-23 21:00:00+00:00,2026-02-23 21:30:00+00:00,2026-02-23 23:15:00+00:00,-1,5230.698,5238.719089753334,2.0,-1.0,-1.0652118123703358,stop,122.15812662617195,115.65191265321046
V3 Combined M15,V3,2026-02-25 06:00:00+00:00,2026-02-25 06:30:00+00:00,2026-02-25 17:00:00+00:00,-1,5191.595,5211.428673438498,2.0,-1.0,-1.0261756603792973,stop,115.65191265321046,109.7179537611586
V3 Combined M15,V3,2026-02-25 17:15:00+00:00,2026-02-25 17:45:00+00:00,2026-02-25 19:00:00+00:00,-1,5212.915,5218.4595212810345,2.0,2.0,1.9059807919246132,target,109.7179537611586,120.17396938106067
V3 Combined M15,V3,2026-02-26 05:30:00+00:00,2026-02-26 06:00:00+00:00,2026-02-26 07:15:00+00:00,-1,5199.275,5206.138763304423,2.0,2.0,1.924250374475339,target,120.17396938106067,131.73620966024538
V3 Combined M15,V3,2026-02-26 08:00:00+00:00,2026-02-26 08:30:00+00:00,2026-02-26 08:30:00+00:00,1,5189.195,5178.1950436843,2.0,-1.0,-1.0471746873448367,stop,131.73620966024538,124.83866845209732
V3 Combined M15,V3,2026-02-26 08:45:00+00:00,2026-02-26 09:15:00+00:00,2026-02-26 11:00:00+00:00,1,5178.858,5166.305213911956,2.0,-1.0,-1.041256641861624,stop,124.83866845209732,118.33921381775195
V3 Combined M15,V3,2026-02-27 01:45:00+00:00,2026-02-27 02:15:00+00:00,2026-02-27 16:15:00+00:00,1,5193.775,5165.51536264865,2.0,2.0,1.9816212255825287,target,118.33921381775195,130.06438871375227
V3 Combined M15,V3,2026-03-02 12:00:00+00:00,2026-03-02 12:30:00+00:00,2026-03-02 14:15:00+00:00,1,5391.315,5373.476097189845,2.0,-1.0,-1.0302222342785063,stop,130.06438871375227,123.36462745671477
V3 Combined M15,V3,2026-03-04 01:15:00+00:00,2026-03-04 01:45:00+00:00,2026-03-04 02:00:00+00:00,-1,5145.605,5166.040179133237,2.0,-1.0,-1.02518013160761,stop,123.36462745671477,117.04107920612483
V3 Combined M15,V3,2026-03-04 06:30:00+00:00,2026-03-04 07:00:00+00:00,2026-03-04 18:15:00+00:00,1,5148.265,5117.514921768923,2.0,-1.0,-1.0167422826092096,stop,117.04107920612483,111.09104850457081
V3 Combined M15,V3,2026-03-05 00:30:00+00:00,2026-03-05 01:00:00+00:00,2026-03-05 01:15:00+00:00,-1,5171.245,5181.155311272185,2.0,-1.0,-1.0521804498160818,stop,111.09104850457081,105.24665703526684
V3 Combined M15,V3,2026-03-06 08:30:00+00:00,2026-03-06 09:00:00+00:00,2026-03-06 09:15:00+00:00,1,5107.305,5094.888932112837,2.0,-1.0,-1.0411346413890055,stop,105.24665703526684,99.76786000877662
V3 Combined M15,V3,2026-03-09 09:30:00+00:00,2026-03-09 10:00:00+00:00,2026-03-09 19:30:00+00:00,-1,5102.059,5133.919898898595,3.0,-1.0,-1.0160135437993714,stop,99.76786000877662,94.69958515853678
V3 Combined M15,V3,2026-03-10 12:15:00+00:00,2026-03-10 12:45:00+00:00,2026-03-10 13:30:00+00:00,1,5179.895,5161.130295451855,2.0,2.0,1.972395541924416,target,94.69958515853678,104.03883713797624
V3 Combined M15,V3,2026-03-10 13:30:00+00:00,2026-03-10 14:00:00+00:00,2026-03-10 15:45:00+00:00,-1,5209.055,5229.6990862103485,2.0,-1.0,-1.0252326741272224,stop,104.03883713797624,98.70563637737354
V3 Combined M15,V3,2026-03-11 05:30:00+00:00,2026-03-11 06:00:00+00:00,2026-03-11 07:45:00+00:00,1,5200.825,5189.388802471206,2.0,-1.0,-1.045476872770914,stop,98.70563637737354,93.54591337513956
V3 Combined M15,V3,2026-03-12 12:15:00+00:00,2026-03-12 12:45:00+00:00,2026-03-12 13:30:00+00:00,1,5171.795,5162.763987303685,2.0,-1.0,-1.0572670549130143,stop,93.54591337513956,88.60076275847548
V3 Combined M15,V3,2026-03-12 14:00:00+00:00,2026-03-12 14:30:00+00:00,2026-03-12 14:45:00+00:00,1,5161.085,5144.796167873796,2.0,-1.0,-1.031684806866523,stop,88.60076275847548,84.03035971774025
V3 Combined M15,V3,2026-03-16 19:00:00+00:00,2026-03-16 19:30:00+00:00,2026-03-16 20:15:00+00:00,-1,5011.478,5021.296782142669,2.0,-1.0,-1.0510397107012062,stop,84.03035971774025,79.61439746934765
V3 Combined M15,V3,2026-03-16 20:45:00+00:00,2026-03-16 22:15:00+00:00,2026-03-17 02:00:00+00:00,-1,5005.098,5022.5761608839275,2.0,-1.0,-1.028636296651798,stop,79.61439746934765,75.51968452069595
V3 Combined M15,V3,2026-03-17 02:00:00+00:00,2026-03-17 02:30:00+00:00,2026-03-17 03:30:00+00:00,-1,5021.275,5030.284357541263,2.0,-1.0,-1.0557339963144154,stop,75.51968452069595,71.53324960372403
V3 Combined M15,V3,2026-03-17 13:45:00+00:00,2026-03-17 14:15:00+00:00,2026-03-17 15:45:00+00:00,-1,5016.605,5032.288435936619,2.0,2.0,1.9680133548523848,target,71.53324960372403,78.57216913052993
V3 Combined M15,V3,2026-03-17 15:45:00+00:00,2026-03-17 16:15:00+00:00,2026-03-18 09:15:00+00:00,1,4997.738,4972.195719298747,3.0,-0.4803408177797535,-0.4999073477167403,time_exit,78.57216913052993,76.60822889681022
V3 Combined M15,V3,2026-03-19 06:00:00+00:00,2026-03-19 06:30:00+00:00,2026-03-19 06:30:00+00:00,1,4832.895,4825.614677590689,2.0,-1.0,-1.06638298042706,stop,76.60822889681022,72.52354332399926
V3 Combined M15,V3,2026-03-19 22:30:00+00:00,2026-03-19 23:00:00+00:00,2026-03-20 01:15:00+00:00,-1,4646.425,4679.140769925901,3.0,-1.0,-1.014202401503996,stop,72.52354332399926,68.8458657337603
V3 Combined M15,V3,2026-03-20 13:30:00+00:00,2026-03-20 14:00:00+00:00,2026-03-20 14:00:00+00:00,1,4662.405,4634.427538509863,3.0,-1.0,-1.0166648607545885,stop,68.8458657337603,65.34620710877319
V3 Combined M15,V3,2026-03-24 00:45:00+00:00,2026-03-24 01:15:00+00:00,2026-03-24 01:45:00+00:00,1,4364.165,4327.471729030973,2.0,-1.0,-1.0118936384921469,stop,65.34620710877319,62.04003654512529
V3 Combined M15,V3,2026-03-25 09:45:00+00:00,2026-03-25 10:15:00+00:00,2026-03-25 12:45:00+00:00,1,4551.715,4526.188935173856,2.0,-1.0,-1.0178316361374204,stop,62.04003654512529,58.88272094998778
V3 Combined M15,V3,2026-03-25 14:00:00+00:00,2026-03-25 14:30:00+00:00,2026-03-25 15:30:00+00:00,1,4553.405,4531.167787824178,2.0,-1.0,-1.0204765101128588,stop,58.88272094998778,55.878299270938136
V3 Combined M15,V3,2026-03-26 15:30:00+00:00,2026-03-26 16:00:00+00:00,2026-03-27 09:00:00+00:00,-1,4439.925,4481.40060181662,3.0,0.38890333819186595,0.37819843023265015,time_exit,55.878299270938136,56.934953524355095
V3 Combined M15,V3,2026-03-27 13:00:00+00:00,2026-03-27 13:30:00+00:00,2026-03-27 14:15:00+00:00,-1,4428.315,4446.287032203378,2.0,-1.0,-1.024640034860207,stop,56.934953524355095,54.01806188615712
V3 Combined M15,V3,2026-03-30 23:45:00+00:00,2026-03-31 00:15:00+00:00,2026-03-31 00:15:00+00:00,-1,4513.375,4522.792272190144,2.0,-1.0,-1.04792656417772,stop,54.01806188615712,51.18771378636212
V3 Combined M15,V3,2026-03-31 10:45:00+00:00,2026-03-31 11:15:00+00:00,2026-03-31 11:45:00+00:00,1,4546.885,4527.854841260676,2.0,2.0,1.9761069518006475,target,51.18771378636212,56.24533363936272
V3 Combined M15,V3,2026-03-31 11:45:00+00:00,2026-03-31 12:15:00+00:00,2026-03-31 12:15:00+00:00,-1,4582.155,4594.506832469643,2.0,-1.0,-1.0370969652580813,stop,56.24533363936272,53.32874039799715
V3 Combined M15,V3,2026-03-31 14:30:00+00:00,2026-03-31 15:00:00+00:00,2026-03-31 16:45:00+00:00,-1,4607.895,4631.852244732965,2.0,-1.0,-1.0192338269753518,stop,53.32874039799715,50.611017589815866
V3 Combined M15,V3,2026-04-01 23:30:00+00:00,2026-04-02 00:00:00+00:00,2026-04-02 01:15:00+00:00,-1,4789.155,4801.458929366112,2.0,2.0,1.9610762151057988,target,50.611017589815866,55.57362073070032
V3 Combined M15,V3,2026-04-05 22:15:00+00:00,2026-04-05 22:45:00+00:00,2026-04-05 23:00:00+00:00,1,4635.558,4612.187234284737,2.0,-1.0,-1.0198348571736042,stop,55.57362073070032,52.739824952674624
V3 Combined M15,V3,2026-04-06 15:15:00+00:00,2026-04-06 15:45:00+00:00,2026-04-06 15:45:00+00:00,1,4666.895,4653.344985796355,3.0,-1.0,-1.034441993416837,stop,52.739824952674624,50.012010469849635
V3 Combined M15,V3,2026-04-06 17:15:00+00:00,2026-04-06 17:45:00+00:00,2026-04-07 01:15:00+00:00,1,4655.905,4643.993910415029,2.0,-1.0,-1.0390888253067523,stop,50.012010469849635,47.41366440933238
V3 Combined M15,V3,2026-04-08 13:45:00+00:00,2026-04-08 14:15:00+00:00,2026-04-08 14:30:00+00:00,1,4777.168,4766.420794267486,3.0,-1.0,-1.0444503261489397,stop,47.41366440933238,44.937603546520194
V3 Combined M15,V3,2026-04-09 08:45:00+00:00,2026-04-09 09:15:00+00:00,2026-04-09 10:30:00+00:00,-1,4726.055,4734.305754499014,2.0,-1.0,-1.0572802766166998,stop,44.937603546520194,42.56202145111237
V3 Combined M15,V3,2026-04-09 12:00:00+00:00,2026-04-09 12:30:00+00:00,2026-04-09 13:45:00+00:00,-1,4742.195,4760.401098402589,2.0,-1.0,-1.0260472886344807,stop,42.56202145111237,40.378489115676544
V3 Combined M15,V3,2026-04-10 01:45:00+00:00,2026-04-10 02:15:00+00:00,2026-04-10 09:00:00+00:00,-1,4764.385,4777.992036722124,2.0,2.0,1.9649858738732322,target,40.378489115676544,44.34564715170897
V3 Combined M15,V3,2026-04-10 12:00:00+00:00,2026-04-10 12:30:00+00:00,2026-04-10 12:30:00+00:00,-1,4766.725,4770.56792975588,2.0,-1.0,-1.1240388272178803,stop,44.34564715170897,41.85333569087772
V3 Combined M15,V3,2026-04-13 06:00:00+00:00,2026-04-13 06:30:00+00:00,2026-04-13 06:30:00+00:00,-1,4725.918,4731.610746150582,2.0,-1.0,-1.0830164893180214,stop,41.85333569087772,39.58694305656857
V3 Combined M15,V3,2026-04-13 06:30:00+00:00,2026-04-13 07:00:00+00:00,2026-04-13 07:15:00+00:00,-1,4726.175,4733.386878058411,2.0,-1.0,-1.0655332073243848,stop,39.58694305656857,37.47788293640691
V3 Combined M15,V3,2026-04-13 09:45:00+00:00,2026-04-13 10:15:00+00:00,2026-04-13 10:30:00+00:00,1,4714.565,4709.472575341413,2.0,-1.0,-1.0925799656564519,stop,37.47788293640691,35.43050373383011
V3 Combined M15,V3,2026-04-13 12:00:00+00:00,2026-04-13 12:30:00+00:00,2026-04-13 15:15:00+00:00,1,4717.335,4702.203937976711,2.0,-1.0,-1.0311764963539198,stop,35.43050373383011,33.603748598614835
V3 Combined M15,V3,2026-04-13 16:45:00+00:00,2026-04-13 17:15:00+00:00,2026-04-13 17:30:00+00:00,-1,4732.795,4747.314366271217,2.0,-1.0,-1.0325964295658148,stop,33.603748598614835,31.868793057466988
V3 Combined M15,V3,2026-04-14 06:00:00+00:00,2026-04-14 06:30:00+00:00,2026-04-14 07:15:00+00:00,1,4765.845,4756.876977659798,2.0,2.0,1.9468573469243535,target,31.868793057466988,34.97099275254406
V3 Combined M15,V3,2026-04-14 07:15:00+00:00,2026-04-14 07:45:00+00:00,2026-04-14 13:45:00+00:00,-1,4772.455,4797.132209167981,3.0,-1.0,-1.0193395248527222,stop,34.97099275254406,33.188626995743746
V3 Combined M15,V3,2026-04-15 01:00:00+00:00,2026-04-15 01:30:00+00:00,2026-04-15 02:45:00+00:00,1,4849.905,4825.945753062184,3.0,-1.0,-1.0202423098379825,stop,33.188626995743746,31.495604922419307
V3 Combined M15,V3,2026-04-15 07:00:00+00:00,2026-04-15 07:30:00+00:00,2026-04-15 09:15:00+00:00,1,4815.605,4802.827580658619,2.0,-1.0,-1.0376884006960958,stop,31.495604922419307,29.86147372737424
V3 Combined M15,V3,2026-04-15 13:30:00+00:00,2026-04-15 14:00:00+00:00,2026-04-15 14:00:00+00:00,-1,4820.325,4826.087358753463,2.0,-1.0,-1.0836519419604458,stop,29.86147372737424,28.243501527650743
V3 Combined M15,V3,2026-04-15 22:45:00+00:00,2026-04-15 23:15:00+00:00,2026-04-16 14:00:00+00:00,1,4807.058,4786.374256653638,2.0,-1.0,-1.0232407544393824,stop,28.243501527650743,26.798506437092584
V3 Combined M15,V3,2026-04-17 00:45:00+00:00,2026-04-17 01:15:00+00:00,2026-04-17 01:15:00+00:00,-1,4794.665,4801.595722632129,2.0,2.0,1.9308201286576774,target,26.798506437092584,29.385661219427615
V3 Combined M15,V3,2026-04-17 01:30:00+00:00,2026-04-17 02:00:00+00:00,2026-04-17 03:30:00+00:00,1,4777.385,4767.167161580617,2.0,2.0,1.9532446609163696,target,29.385661219427615,32.25553051364483
V3 Combined M15,V3,2026-04-17 06:30:00+00:00,2026-04-17 07:00:00+00:00,2026-04-17 09:15:00+00:00,1,4785.435,4778.531425044911,2.0,2.0,1.9306817839868298,target,32.25553051364483,35.369288773421104
V3 Combined M15,V3,2026-04-20 12:15:00+00:00,2026-04-20 12:45:00+00:00,2026-04-20 13:30:00+00:00,-1,4805.345,4822.728744032506,2.0,-1.0,-1.0276427505548542,stop,35.369288773421104,33.55193911340674
V3 Combined M15,V3,2026-04-22 12:15:00+00:00,2026-04-22 12:45:00+00:00,2026-04-22 12:45:00+00:00,1,4752.985,4746.216207744898,2.0,-1.0,-1.070219099964516,stop,33.55193911340674,31.75654280940602
V3 Combined M15,V3,2026-04-22 22:00:00+00:00,2026-04-22 22:30:00+00:00,2026-04-23 00:15:00+00:00,-1,4736.345,4746.9157096032595,2.0,2.0,1.955193689186773,target,31.75654280940602,34.861052413973034
V3 Combined M15,V3,2026-04-23 01:45:00+00:00,2026-04-23 02:15:00+00:00,2026-04-23 18:15:00+00:00,-1,4723.165,4754.695973848726,3.0,0.299071003808573,0.2840915584458638,time_exit,34.861052413973034,35.35623894944046
V3 Combined M15,V3,2026-04-24 01:30:00+00:00,2026-04-24 02:00:00+00:00,2026-04-24 11:30:00+00:00,-1,4690.595,4711.921144257641,3.0,-1.0,-1.0219945759689755,stop,35.35623894944046,33.5495447277909
V3 Combined M15,V3,2026-04-24 11:30:00+00:00,2026-04-24 12:00:00+00:00,2026-04-24 14:15:00+00:00,-1,4705.135,4718.2239710041995,3.0,-1.0,-1.0359473254122915,stop,33.5495447277909,31.81176667131315
V3 Combined M15,V3,2026-04-27 09:30:00+00:00,2026-04-27 10:00:00+00:00,2026-04-27 12:45:00+00:00,1,4704.475,4698.523547228056,3.0,-1.0,-1.0790475062185985,stop,31.81176667131315,30.095446296558734
V3 Combined M15,V3,2026-04-27 12:45:00+00:00,2026-04-27 13:15:00+00:00,2026-04-27 13:15:00+00:00,1,4699.045,4695.994836569888,3.0,-1.0,-1.1540587941488707,stop,30.095446296558734,28.3588505734398
V3 Combined M15,V3,2026-04-27 13:15:00+00:00,2026-04-27 13:45:00+00:00,2026-04-27 13:45:00+00:00,1,4699.865,4692.432869287301,3.0,-1.0,-1.0632371143845722,stop,28.3588505734398,26.85124145089143
V3 Combined M15,V3,2026-04-27 13:45:00+00:00,2026-04-27 14:15:00+00:00,2026-04-27 14:15:00+00:00,1,4695.945,4688.079606681397,3.0,-1.0,-1.0597038801466374,stop,26.85124145089143,25.428523213278236
V3 Combined M15,V3,2026-04-27 14:30:00+00:00,2026-04-27 15:00:00+00:00,2026-04-27 15:00:00+00:00,1,4693.455,4682.554237929676,3.0,-1.0,-1.0430562099211145,stop,25.428523213278236,24.102354260941585
V3 Combined M15,V3,2026-04-28 23:15:00+00:00,2026-04-28 23:45:00+00:00,2026-04-28 23:45:00+00:00,1,4591.975,4588.4000434958425,2.0,-1.0,-1.1284484159362305,stop,24.102354260941585,22.742441086636916
V3 Combined M15,V3,2026-04-28 23:45:00+00:00,2026-04-29 00:15:00+00:00,2026-04-29 01:15:00+00:00,1,4595.385,4587.115384442844,2.0,-1.0,-1.0555695118864759,stop,22.742441086636916,21.5421297147905
V3 Combined M15,V3,2026-04-29 01:30:00+00:00,2026-04-29 02:00:00+00:00,2026-04-29 07:30:00+00:00,1,4590.465,4574.970827926926,2.0,-1.0,-1.0296270428542444,stop,21.5421297147905,20.433111749039387
V3 Combined M15,V3,2026-04-30 00:00:00+00:00,2026-04-30 00:30:00+00:00,2026-04-30 01:00:00+00:00,-1,4557.695,4569.185620452774,2.0,-1.0,-1.0396644812935198,stop,20.433111749039387,19.370932722650508
V3 Combined M15,V3,2026-05-01 05:00:00+00:00,2026-05-01 05:30:00+00:00,2026-05-01 06:00:00+00:00,1,4614.045,4606.590211494204,2.0,-1.0,-1.0618937076003216,stop,19.370932722650508,18.34243914422392
V3 Combined M15,V3,2026-05-04 01:30:00+00:00,2026-05-04 02:00:00+00:00,2026-05-04 02:30:00+00:00,1,4601.405,4591.461770796718,2.0,-1.0,-1.0462767668926045,stop,18.34243914422392,17.382875747986773
V3 Combined M15,V3,2026-05-04 02:30:00+00:00,2026-05-04 03:00:00+00:00,2026-05-04 06:15:00+00:00,1,4603.825,4589.7089773980915,2.0,-1.0,-1.0326141798567086,stop,17.382875747986773,16.485385548783853
V3 Combined M15,V3,2026-05-04 06:45:00+00:00,2026-05-04 07:15:00+00:00,2026-05-04 07:45:00+00:00,1,4588.218,4582.644123366973,2.0,-1.0,-1.0823164612724552,stop,16.485385548783853,15.593265341290262
V3 Combined M15,V3,2026-05-04 08:00:00+00:00,2026-05-04 08:30:00+00:00,2026-05-04 10:00:00+00:00,1,4580.025,4573.114633501467,3.0,-1.0,-1.0662775990386726,stop,15.593265341290262,14.761927864826067
V3 Combined M15,V3,2026-05-05 03:45:00+00:00,2026-05-05 04:15:00+00:00,2026-05-05 05:45:00+00:00,-1,4534.395,4547.237706781855,2.0,-1.0,-1.0353071597523862,stop,14.761927864826067,13.997771384315934
V3 Combined M15,V3,2026-05-07 00:45:00+00:00,2026-05-07 01:15:00+00:00,2026-05-07 01:15:00+00:00,1,4688.505,4684.5300302222495,2.0,2.0,1.8820492918903864,target,13.997771384315934,15.314996170410698
V3 Combined M15,V3,2026-05-07 01:15:00+00:00,2026-05-07 01:45:00+00:00,2026-05-07 01:45:00+00:00,-1,4703.805,4717.147024961428,2.0,-1.0,-1.0352555553868248,stop,15.314996170410698,14.522249427103416
V3 Combined M15,V3,2026-05-07 02:00:00+00:00,2026-05-07 02:30:00+00:00,2026-05-07 06:45:00+00:00,-1,4703.805,4722.187771443243,2.0,-1.0,-1.025588116647825,stop,14.522249427103416,13.77755710513177
V3 Combined M15,V3,2026-05-07 12:15:00+00:00,2026-05-07 12:45:00+00:00,2026-05-07 12:45:00+00:00,-1,4737.915,4747.953040515524,2.0,-1.0,-1.0471996002872557,stop,13.77755710513177,13.056164490460327
V3 Combined M15,V3,2026-05-07 13:00:00+00:00,2026-05-07 13:30:00+00:00,2026-05-07 13:45:00+00:00,-1,4733.285,4753.473634990017,3.0,-1.0,-1.0234452948519825,stop,13.056164490460327,12.388050984631569
V3 Combined M15,V3,2026-05-07 14:30:00+00:00,2026-05-07 15:00:00+00:00,2026-05-07 15:00:00+00:00,-1,4751.665,4760.495074775807,3.0,-1.0,-1.0538122849539053,stop,12.388050984631569,11.735316968919566
V3 Combined M15,V3,2026-05-07 15:00:00+00:00,2026-05-07 15:30:00+00:00,2026-05-07 16:15:00+00:00,-1,4754.665,4765.741625699548,3.0,3.0,2.9570747885775917,target,11.735316968919566,13.470427466157506
V3 Combined M15,V3,2026-05-07 16:15:00+00:00,2026-05-07 16:45:00+00:00,2026-05-07 17:30:00+00:00,1,4719.975,4702.988217759226,3.0,-1.0,-1.0277861629889529,stop,13.470427466157506,12.778191518194355
V3 Combined M15,V3,2026-05-08 06:00:00+00:00,2026-05-08 06:30:00+00:00,2026-05-08 06:30:00+00:00,-1,4722.775,4731.948724172734,2.0,-1.0,-1.0514815456740771,stop,12.778191518194355,12.106389889770835
V3 Combined M15,V3,2026-05-08 06:30:00+00:00,2026-05-08 07:00:00+00:00,2026-05-08 07:15:00+00:00,-1,4728.935,4735.357297883632,2.0,2.0,1.9263669314988854,target,12.106389889770835,13.272457346945183
V3 Combined M15,V3,2026-05-08 07:30:00+00:00,2026-05-08 08:00:00+00:00,2026-05-08 14:00:00+00:00,1,4708.005,4695.654945130819,3.0,3.0,2.961878671391585,target,13.272457346945183,15.238027763588757
V3 Combined M15,V3,2026-05-08 14:00:00+00:00,2026-05-08 14:30:00+00:00,2026-05-11 01:00:00+00:00,-1,4731.535,4750.482767298551,3.0,3.0,2.975028535418198,target,15.238027763588757,17.50470613459732
V3 Combined M15,V3,2026-05-13 06:15:00+00:00,2026-05-13 06:45:00+00:00,2026-05-13 09:30:00+00:00,-1,4708.265,4715.941174392654,2.0,2.0,1.938663913048849,target,17.50470613459732,19.201493239180753
V3 Combined M15,V3,2026-05-13 09:30:00+00:00,2026-05-13 10:00:00+00:00,2026-05-13 12:30:00+00:00,1,4693.925,4685.00123638226,2.0,-1.0,-1.052600283928056,stop,19.201493239180753,18.190918377410537
V3 Combined M15,V3,2026-05-13 12:45:00+00:00,2026-05-13 13:15:00+00:00,2026-05-13 13:45:00+00:00,1,4683.385,4674.51005440611,2.0,-1.0,-1.052770858710661,stop,18.190918377410537,17.233374939364435
V3 Combined M15,V3,2026-05-13 13:45:00+00:00,2026-05-13 14:15:00+00:00,2026-05-13 16:15:00+00:00,1,4679.155,4668.519846962018,2.0,2.0,1.956002936833262,target,17.233374939364435,18.918801539011714
V3 Combined M15,V3,2026-05-13 16:30:00+00:00,2026-05-13 17:00:00+00:00,2026-05-13 19:00:00+00:00,-1,4699.865,4710.536447200124,2.0,2.0,1.9559585039230163,target,18.918801539011714,20.7690210767248
V3 Combined M15,V3,2026-05-14 01:00:00+00:00,2026-05-14 01:30:00+00:00,2026-05-14 04:45:00+00:00,-1,4688.815,4707.615879388795,2.0,-1.0,-1.024939338756645,stop,20.7690210767248,19.704671740274744
V3 Combined M15,V3,2026-05-14 12:15:00+00:00,2026-05-14 12:45:00+00:00,2026-05-14 12:45:00+00:00,-1,4702.715,4708.161030868068,2.0,-1.0,-1.0863512365964267,stop,19.704671740274744,18.63436201468604
V3 Combined M15,V3,2026-05-14 13:00:00+00:00,2026-05-14 13:30:00+00:00,2026-05-14 13:30:00+00:00,-1,4703.815,4710.667054087881,2.0,2.0,1.9313517532163238,target,18.63436201468604,20.43383740204262
V3 Combined M15,V3,2026-05-14 14:00:00+00:00,2026-05-14 14:30:00+00:00,2026-05-14 19:30:00+00:00,1,4687.435,4664.86185618482,2.0,-1.0,-1.02076553907767,stop,20.43383740204262,19.390929549486547
V3 Combined M15,V3,2026-05-17 22:00:00+00:00,2026-05-17 22:30:00+00:00,2026-05-18 00:15:00+00:00,1,4548.165,4525.451156406321,2.0,-1.0,-1.0200237576755429,stop,19.390929549486547,18.401969108292096
V3 Combined M15,V3,2026-05-18 00:45:00+00:00,2026-05-18 01:15:00+00:00,2026-05-18 17:15:00+00:00,1,4514.525,4478.552704080381,2.0,1.071380044413034,1.0588300392365841,time_exit,18.401969108292096,19.37619699194026
V3 Combined M15,V3,2026-05-19 08:00:00+00:00,2026-05-19 08:30:00+00:00,2026-05-19 13:15:00+00:00,-1,4546.245,4560.150782382275,2.0,2.0,1.9673068017676238,target,19.37619699194026,21.282143198671935
V3 Combined M15,V3,2026-05-20 08:30:00+00:00,2026-05-20 09:00:00+00:00,2026-05-20 10:00:00+00:00,-1,4479.015,4490.207346575294,3.0,-1.0,-1.0400185516939515,stop,21.282143198671935,20.175452011350632
V3 Combined M15,V3,2026-05-20 13:45:00+00:00,2026-05-20 14:15:00+00:00,2026-05-20 14:30:00+00:00,-1,4482.865,4506.912724808187,3.0,-1.0,-1.01864153484688,stop,20.175452011350632,19.147874341197042
V3 Combined M15,V3,2026-05-21 23:45:00+00:00,2026-05-22 00:15:00+00:00,2026-05-22 00:15:00+00:00,1,4535.305,4531.453891110772,2.0,-1.0,-1.1177662104721438,stop,19.147874341197042,18.07773199414921
V3 Combined M15,V3,2026-05-22 00:15:00+00:00,2026-05-22 00:45:00+00:00,2026-05-22 01:00:00+00:00,1,4536.115,4529.342732641431,2.0,-1.0,-1.0669807430780285,stop,18.07773199414921,17.113302398335072
V3 Combined M15,V3,2026-05-22 01:00:00+00:00,2026-05-22 01:30:00+00:00,2026-05-22 01:45:00+00:00,1,4529.485,4522.348953430475,2.0,-1.0,-1.0634733105490641,stop,17.113302398335072,16.20332538053584
V3 Combined M15,V3,2026-05-22 12:15:00+00:00,2026-05-22 12:45:00+00:00,2026-05-24 22:15:00+00:00,-1,4521.555,4536.781788469715,2.0,-1.0,-1.0296947383815904,stop,16.20332538053584,15.369101436104708
V3 Combined M15,V3,2026-05-25 05:30:00+00:00,2026-05-25 06:00:00+00:00,2026-05-25 06:00:00+00:00,1,4556.835,4551.742684151735,2.0,-1.0,-1.0894845319061044,stop,15.369101436104708,14.53188152190811
V3 Combined M15,V3,2026-05-25 06:00:00+00:00,2026-05-25 06:30:00+00:00,2026-05-25 07:00:00+00:00,1,4553.595,4549.6135179675675,2.0,2.0,1.8856306530355553,target,14.53188152190811,15.901969584107656
V3 Combined M15,V3,2026-05-25 10:15:00+00:00,2026-05-25 10:45:00+00:00,2026-05-25 11:30:00+00:00,-1,4570.755,4574.159657239687,2.0,-1.0,-1.134250078002593,stop,15.901969584107656,15.000129072049209
V3 Combined M15,V3,2026-05-25 22:15:00+00:00,2026-05-25 22:45:00+00:00,2026-05-25 23:00:00+00:00,-1,4572.855,4575.831799167966,2.0,-1.0,-1.1536165102842297,stop,15.000129072049209,14.134909244353688
V3 Combined M15,V3,2026-05-25 23:15:00+00:00,2026-05-25 23:45:00+00:00,2026-05-26 00:30:00+00:00,-1,4568.065,4580.770102348924,2.0,2.0,1.9640454293515661,target,14.134909244353688,15.522989439137291
V3 Combined M15,V3,2026-05-27 05:45:00+00:00,2026-05-27 06:15:00+00:00,2026-05-27 06:30:00+00:00,1,4497.185,4490.527635949268,2.0,-1.0,-1.0675520365978088,stop,15.522989439137291,14.694409489645425
V3 Combined M15,V3,2026-05-27 06:30:00+00:00,2026-05-27 07:00:00+00:00,2026-05-27 08:00:00+00:00,1,4487.395,4478.559735488537,2.0,-1.0,-1.0507895942920285,stop,14.694409489645425,13.922372860346153
V3 Combined M15,V3,2026-05-27 22:30:00+00:00,2026-05-27 23:00:00+00:00,2026-05-28 01:15:00+00:00,-1,4458.225,4466.234700461984,2.0,2.0,1.9443396788536609,target,13.922372860346153,15.27586395915447
V3 Combined M15,V3,2026-05-29 20:00:00+00:00,2026-05-29 20:30:00+00:00,2026-05-29 20:45:00+00:00,1,4548.225,4541.353428014532,2.0,-1.0,-1.0661890031803278,stop,15.27586395915447,14.461516050788012
V3 Combined M15,V3,2026-06-01 23:45:00+00:00,2026-06-02 00:15:00+00:00,2026-06-02 00:15:00+00:00,1,4484.455,4478.474306138435,2.0,-1.0,-1.0749821860774313,stop,14.461516050788012,13.684222443874514
V3 Combined M15,V3,2026-06-02 00:30:00+00:00,2026-06-02 01:00:00+00:00,2026-06-02 02:00:00+00:00,-1,4486.705,4497.723204232455,2.0,2.0,1.9592791628713502,target,13.684222443874514,15.024783038593506
V3 Combined M15,V3,2026-06-02 02:00:00+00:00,2026-06-02 02:30:00+00:00,2026-06-02 05:00:00+00:00,1,4480.295,4461.755467579589,2.0,2.0,1.9758338295788547,target,15.024783038593506,16.50910676908029
V3 Combined M15,V3,2026-06-03 20:45:00+00:00,2026-06-03 22:15:00+00:00,2026-06-03 22:15:00+00:00,1,4437.698,4429.534382186422,2.0,-1.0,-1.054359453141213,stop,16.50910676908029,15.63878012983542
V3 Combined M15,V3,2026-06-03 22:15:00+00:00,2026-06-03 22:45:00+00:00,2026-06-04 00:00:00+00:00,1,4433.715,4422.943140762782,2.0,2.0,1.9588398353305545,target,15.63878012983542,17.170473404550297
V3 Combined M15,V3,2026-06-04 22:00:00+00:00,2026-06-04 22:30:00+00:00,2026-06-04 23:00:00+00:00,1,4475.325,4471.194864464245,2.0,-1.0,-1.10835782412604,stop,17.170473404550297,16.218921977456226
V3 Combined M15,V3,2026-06-04 23:00:00+00:00,2026-06-04 23:30:00+00:00,2026-06-04 23:45:00+00:00,1,4470.875,4463.138031147525,2.0,-1.0,-1.0577858730628054,stop,16.218921977456226,15.361114650253175
V3 Combined M15,V3,2026-06-08 14:00:00+00:00,2026-06-08 14:30:00+00:00,2026-06-09 05:45:00+00:00,-1,4319.415,4347.886050163807,3.0,-1.0,-1.0151712528169785,stop,15.361114650253175,14.581406550045036
V3 Combined M15,V3,2026-06-09 05:45:00+00:00,2026-06-09 06:15:00+00:00,2026-06-09 07:30:00+00:00,-1,4343.185,4351.84729294626,2.0,2.0,1.949861023784983,target,14.581406550045036,16.00299236523983
V3 Combined M15,V3,2026-06-09 08:00:00+00:00,2026-06-09 08:30:00+00:00,2026-06-09 14:15:00+00:00,1,4331.455,4320.031684676743,3.0,-1.0,-1.0379176699358148,stop,16.00299236523983,15.172502937853313
V3 Combined M15,V3,2026-06-11 08:30:00+00:00,2026-06-11 09:00:00+00:00,2026-06-11 17:45:00+00:00,-1,4090.395,4113.696955409787,3.0,-1.0,-1.0175538701712648,stop,15.172502937853313,14.400560983623437
V3 Combined M15,V3,2026-06-12 06:00:00+00:00,2026-06-12 06:30:00+00:00,2026-06-12 08:30:00+00:00,1,4182.635,4169.470510565791,2.0,2.0,1.968227898082161,target,14.400560983623437,15.817740277423495
V3 Combined M15,V3,2026-06-16 13:00:00+00:00,2026-06-16 13:30:00+00:00,2026-06-16 14:30:00+00:00,-1,4343.785,4355.595253264022,2.0,2.0,1.9632202214220713,target,15.817740277423495,17.370425655915504
V3 Combined M15,V3,2026-06-17 00:15:00+00:00,2026-06-17 00:45:00+00:00,2026-06-17 01:15:00+00:00,-1,4336.995,4342.0885863294925,2.0,-1.0,-1.085146196009051,stop,17.370425655915504,16.427953089736768
V3 Combined M15,V3,2026-06-17 01:15:00+00:00,2026-06-17 01:45:00+00:00,2026-06-17 03:30:00+00:00,-1,4343.125,4350.0418535546805,2.0,2.0,1.9372095279209565,target,16.427953089736768,18.019172452220598
V3 Combined M15,V3,2026-06-17 04:45:00+00:00,2026-06-17 05:15:00+00:00,2026-06-17 14:30:00+00:00,1,4326.705,4316.827501780097,2.0,2.0,1.9561963474588961,target,18.019172452220598,19.781624418983892
V3 Combined M15,V3,2026-06-17 14:30:00+00:00,2026-06-17 15:00:00+00:00,2026-06-17 16:15:00+00:00,-1,4351.815,4364.699127560972,3.0,-1.0,-1.0337765594092867,stop,19.781624418983892,18.759135437414695
V3 Combined M15,V3,2026-06-18 02:45:00+00:00,2026-06-18 03:15:00+00:00,2026-06-18 09:00:00+00:00,-1,4310.695,4331.1563158486115,2.0,2.0,1.978932464403102,target,18.759135437414695,20.615288543476424
V3 Combined M15,V3,2026-06-22 00:00:00+00:00,2026-06-22 00:30:00+00:00,2026-06-22 01:15:00+00:00,1,4160.745,4135.161633915772,2.0,2.0,1.9837365224486037,target,20.615288543476424,22.66005358370195
V3 Combined M15,V3,2026-06-22 15:45:00+00:00,2026-06-22 16:15:00+00:00,2026-06-23 01:45:00+00:00,1,4182.755,4168.462307281199,3.0,-1.0,-1.0292649893361097,stop,22.66005358370195,21.493893593192716
V3 Combined M15,V3,2026-06-23 18:45:00+00:00,2026-06-23 19:15:00+00:00,2026-06-23 20:00:00+00:00,1,4117.655,4111.624834344154,2.0,-1.0,-1.0682842766683898,stop,21.493893593192716,20.345814164693156
V3 Combined M15,V3,2026-06-24 10:15:00+00:00,2026-06-24 10:45:00+00:00,2026-06-24 11:15:00+00:00,1,4060.725,4054.1576057038574,3.0,-1.0,-1.0618316004322312,stop,20.345814164693156,19.265622743863513
V3 Combined M15,V3,2026-06-24 18:00:00+00:00,2026-06-24 18:30:00+00:00,2026-06-25 11:30:00+00:00,1,3988.725,3957.106237480766,2.0,-0.3694009211427824,-0.38201597841320417,time_exit,19.265622743863513,18.89763395775168
V3 Combined M15,V3,2026-06-25 11:30:00+00:00,2026-06-25 12:00:00+00:00,2026-06-25 13:15:00+00:00,1,3984.705,3972.5618212573286,3.0,3.0,2.9671856514308095,target,18.89763395775168,21.7012733740233
V3 Combined M15,V3,2026-06-25 22:15:00+00:00,2026-06-25 22:45:00+00:00,2026-06-26 00:00:00+00:00,1,4024.595,4018.61681359367,2.0,-1.0,-1.0673213367140695,stop,21.7012733740233,20.5431617687253
V3 Combined M15,V3,2026-06-26 00:00:00+00:00,2026-06-26 00:30:00+00:00,2026-06-26 02:30:00+00:00,1,4019.545,4010.3767451481476,2.0,-1.0,-1.0438419859062693,stop,20.5431617687253,19.470971029852304
V3 Combined M15,V3,2026-06-26 03:00:00+00:00,2026-06-26 03:30:00+00:00,2026-06-26 07:00:00+00:00,1,3997.445,3981.5759665479704,2.0,2.0,1.9748097764612835,target,19.470971029852304,21.39354422719964
V3 Combined M15,V3,2026-06-26 07:00:00+00:00,2026-06-26 07:30:00+00:00,2026-06-26 07:30:00+00:00,-1,4027.165,4034.706542465681,2.0,-1.0,-1.0533997523494183,stop,21.39354422719964,20.26674651765922
V3 Combined M15,V3,2026-06-28 23:30:00+00:00,2026-06-29 00:00:00+00:00,2026-06-29 00:30:00+00:00,1,4062.425,4050.6385071322543,2.0,-1.0,-1.0344667836784338,stop,20.26674651765922,19.21848271337177
V3 Combined M15,V3,2026-06-29 00:30:00+00:00,2026-06-29 01:00:00+00:00,2026-06-29 05:45:00+00:00,1,4069.078,4047.0068285403036,2.0,-1.0,-1.018436166867855,stop,19.21848271337177,18.239842819990645
V3 Combined M15,V3,2026-06-29 05:45:00+00:00,2026-06-29 06:15:00+00:00,2026-06-29 10:00:00+00:00,1,4054.155,4038.040309120058,2.0,-1.0,-1.0251581307404793,stop,18.239842819990645,17.304906661473556
V3 Combined M15,V3,2026-06-30 20:00:00+00:00,2026-06-30 20:30:00+00:00,2026-06-30 20:30:00+00:00,1,4019.525,4012.868250805514,2.0,-1.0,-1.060382701564443,stop,17.304906661473556,16.387415477672864
V3 Combined M15,V3,2026-07-02 23:30:00+00:00,2026-07-03 00:00:00+00:00,2026-07-03 00:15:00+00:00,-1,4124.515,4132.650334236516,2.0,-1.0,-1.0506987774575638,stop,16.387415477672864,15.526503607268863
V3 Combined M15,V3,2026-07-03 00:30:00+00:00,2026-07-03 01:00:00+00:00,2026-07-03 01:00:00+00:00,-1,4136.085,4141.338735972749,2.0,-1.0,-1.0787265485257247,stop,15.526503607268863,14.689061024921795
V3 Combined M15,V3,2026-07-06 09:45:00+00:00,2026-07-06 10:15:00+00:00,2026-07-06 11:30:00+00:00,1,4143.045,4135.584089478877,2.0,2.0,1.94446998140146,target,14.689061024921795,16.117182935818526
V3 Combined M15,V3,2026-07-06 12:45:00+00:00,2026-07-06 13:15:00+00:00,2026-07-06 14:45:00+00:00,1,4139.685,4130.545261842052,2.0,-1.0,-1.045293255982394,stop,16.117182935818526,15.274823804406246
V3 Combined M15,V3,2026-07-07 00:15:00+00:00,2026-07-07 00:45:00+00:00,2026-07-07 00:45:00+00:00,1,4159.605,4151.103922943181,2.0,-1.0,-1.048930329324136,stop,15.274823804406246,14.473712506230047
V3 Combined M15,V3,2026-07-08 07:15:00+00:00,2026-07-08 07:45:00+00:00,2026-07-08 08:30:00+00:00,1,4120.255,4113.843359656979,2.0,-1.0,-1.0642621042286788,stop,14.473712506230047,13.70352131983598
V3 Combined M15,V3,2026-07-09 00:15:00+00:00,2026-07-09 00:45:00+00:00,2026-07-09 06:15:00+00:00,-1,4077.805,4090.6266906891337,2.0,-1.0,-1.031803957051123,stop,13.70352131983598,12.996553943668921
V3 Combined M15,V3,2026-07-10 00:30:00+00:00,2026-07-10 01:00:00+00:00,2026-07-10 01:45:00+00:00,1,4122.795,4113.519361198189,2.0,-1.0,-1.044447558686684,stop,12.996553943668921,12.317842991778681
V3 Combined M15,V3,2026-07-10 01:45:00+00:00,2026-07-10 02:15:00+00:00,2026-07-10 03:15:00+00:00,1,4116.635,4107.837642800171,2.0,2.0,1.953206003729393,target,12.317842991778681,13.52080723600559
V3 Combined M15,V3,2026-07-10 05:30:00+00:00,2026-07-10 06:00:00+00:00,2026-07-10 06:00:00+00:00,1,4113.885,4108.210710730746,2.0,-1.0,-1.0725004455146578,stop,13.52080723600559,12.7957536467889
V3 Combined M15,V3,2026-07-13 10:45:00+00:00,2026-07-13 11:15:00+00:00,2026-07-13 14:00:00+00:00,1,4060.455,4045.408607186969,3.0,-1.0,-1.0269862355081114,stop,12.7957536467889,12.138700503378653
V3 Combined M15,V3,2026-07-14 12:00:00+00:00,2026-07-14 12:30:00+00:00,2026-07-14 12:45:00+00:00,-1,4025.545,4036.324177280435,2.0,-1.0,-1.0373455681752883,stop,12.138700503378653,11.509099144849303
V3 Combined M15,V3,2026-07-15 01:00:00+00:00,2026-07-15 01:30:00+00:00,2026-07-15 01:45:00+00:00,-1,4055.395,4062.5885968830685,2.0,2.0,1.9436249338693812,target,11.509099144849303,12.627567748064498
V3 Combined M15,V3,2026-07-15 12:00:00+00:00,2026-07-15 12:30:00+00:00,2026-07-15 12:45:00+00:00,-1,4037.705,4043.0188963852333,2.0,-1.0,-1.0759838865360685,stop,12.627567748064498,11.9482147769115
V3 Combined M15,V3,2026-07-16 01:30:00+00:00,2026-07-16 02:00:00+00:00,2026-07-16 02:15:00+00:00,1,4041.765,4032.6799179063,2.0,-1.0,-1.0444879304151011,stop,11.9482147769115,11.324226470686929
V3 Combined M15,V3,2026-07-17 06:30:00+00:00,2026-07-17 07:00:00+00:00,2026-07-17 12:45:00+00:00,-1,3996.045,4007.7822052172714,2.0,2.0,1.9659540331277519,target,11.324226470686929,12.43737190579188
V3 Combined M15,V3,2026-07-19 22:30:00+00:00,2026-07-19 23:00:00+00:00,2026-07-19 23:15:00+00:00,1,3996.495,3992.4802829990003,2.0,-1.0,-1.099546119913433,stop,12.43737190579188,11.75359870474519
V3 Combined M15,V3,2026-07-20 03:15:00+00:00,2026-07-20 03:45:00+00:00,2026-07-20 06:00:00+00:00,-1,4022.035,4029.6976446145386,2.0,2.0,1.9475111374424336,target,11.75359870474519,12.898111923871202
V3 Combined M15,V3,2026-07-20 14:15:00+00:00,2026-07-20 14:45:00+00:00,2026-07-21 01:00:00+00:00,1,4006.525,3997.264117384849,2.0,2.0,1.9567371149544073,target,12.898111923871202,14.16002263958494
V3 Combined M15,V3,2026-07-22 11:15:00+00:00,2026-07-22 11:45:00+00:00,2026-07-22 12:15:00+00:00,-1,4118.555,4123.593152910931,3.0,-1.0,-1.0817473203535428,stop,14.16002263958494,13.394144312259114
V3 Combined M15,V3,2026-07-22 12:30:00+00:00,2026-07-22 13:00:00+00:00,2026-07-22 13:30:00+00:00,-1,4127.105,4134.851581857184,3.0,-1.0,-1.0532764653635245,stop,13.394144312259114,12.688757463369852
V3 Combined M15,V3,2026-07-22 14:15:00+00:00,2026-07-22 14:45:00+00:00,2026-07-22 16:00:00+00:00,-1,4146.235,4164.251489235994,3.0,-1.0,-1.02301355689052,stop,12.688757463369852,12.039718918113696
V3 Combined M15,V3,2026-07-22 18:30:00+00:00,2026-07-22 19:00:00+00:00,2026-07-22 20:00:00+00:00,1,4135.905,4130.998065256971,2.0,-1.0,-1.0842869370919588,stop,12.039718918113696,11.386993420655216
V3 Combined M15,V3,2026-07-22 23:45:00+00:00,2026-07-23 00:15:00+00:00,2026-07-23 02:00:00+00:00,1,4133.185,4114.881940160101,3.0,-1.0,-1.022581934584457,stop,11.386993420655216,10.804786732595511
V3 Combined M15,V3,2026-07-27 06:30:00+00:00,2026-07-27 07:00:00+00:00,2026-07-27 12:30:00+00:00,1,4098.505,4083.4811871042866,2.0,-1.0,-1.0272800588535642,stop,10.804786732595511,10.249809635067466
V3 Combined M15,V3,2026-07-27 12:30:00+00:00,2026-07-27 13:00:00+00:00,2026-07-27 13:15:00+00:00,1,4086.475,4080.848374514931,3.0,-1.0,-1.0726274569161232,stop,10.249809635067466,9.700098272930626
V3 Combined M15,V3,2026-07-27 19:45:00+00:00,2026-07-27 20:15:00+00:00,2026-07-28 00:00:00+00:00,-1,4083.135,4089.8916832446707,2.0,2.0,1.9395689445228816,target,9.700098272930626,10.64079874138044
V3 Combined M15,V3,2026-07-28 00:30:00+00:00,2026-07-28 01:00:00+00:00,2026-07-28 01:00:00+00:00,1,4065.155,4058.2387591909073,2.0,-1.0,-1.0587769441841222,stop,10.64079874138044,10.07748712262659
V3 Combined M15,V3,2026-07-29 02:45:00+00:00,2026-07-29 03:15:00+00:00,2026-07-29 05:45:00+00:00,-1,4029.055,4038.5648908323237,2.0,-1.0,-1.0423669952793289,stop,10.07748712262659,9.552265124027668
V3 Combined M15,V3,2026-07-29 05:45:00+00:00,2026-07-29 06:15:00+00:00,2026-07-29 06:30:00+00:00,-1,4032.805,4040.3807325866387,2.0,-1.0,-1.0532332015931047,stop,9.552265124027668,9.049226985075377
V3 Combined M15,V3,2026-07-29 10:45:00+00:00,2026-07-29 11:15:00+00:00,2026-07-29 11:15:00+00:00,1,4027.345,4025.2903192183644,3.0,-1.0,-1.1960083063021831,stop,9.049226985075377,8.508079453087177
V3 Combined M15,V3,2026-07-29 12:30:00+00:00,2026-07-29 13:00:00+00:00,2026-07-29 14:00:00+00:00,1,4020.585,4008.3566296818667,3.0,-1.0,-1.0328791563830702,stop,8.508079453087177,8.068688556689937
V3 Combined M15,V3,2026-07-31 00:45:00+00:00,2026-07-31 01:15:00+00:00,2026-07-31 01:15:00+00:00,1,4094.555,4089.4514318004085,2.0,-1.0,-1.0802292599975027,stop,8.068688556689937,7.6328868832527625
V3 Combined M15,V3,2026-07-31 01:15:00+00:00,2026-07-31 01:45:00+00:00,2026-07-31 01:45:00+00:00,1,4091.855,4085.604770276883,2.0,-1.0,-1.0654672737046098,stop,7.6328868832527625,7.226257324353012
V3 Combined M15,V3,2026-07-31 02:00:00+00:00,2026-07-31 02:30:00+00:00,2026-07-31 02:45:00+00:00,1,4085.535,4080.6287020037576,2.0,-1.0,-1.0832712363400894,stop,7.226257324353012,6.834857489059837
V3 Combined M15,V3,2026-07-31 19:45:00+00:00,2026-07-31 20:15:00+00:00,2026-07-31 21:00:00+00:00,-1,4050.685,4056.1622205423832,2.0,2.0,1.926044880452496,target,6.834857489059837,7.4930696028311425
V3 Combined M15,V3,2026-08-02 22:15:00+00:00,2026-08-02 22:45:00+00:00,2026-08-03 13:45:00+00:00,-1,4065.515,4082.8745220547403,2.0,2.0,1.9765804900205197,target,7.4930696028311425,8.233602362197233
V3 Combined M15,V3,2026-08-04 10:15:00+00:00,2026-08-04 10:45:00+00:00,2026-08-04 11:00:00+00:00,1,4049.075,4044.8572288450755,2.0,2.0,1.9039996516816082,target,8.233602362197233,9.017441163682653
V3 Combined M15,V3,2026-08-04 23:30:00+00:00,2026-08-05 00:00:00+00:00,2026-08-05 00:30:00+00:00,1,4069.065,4064.4201754903447,2.0,2.0,1.9123957214843852,target,9.017441163682653,9.879686958690847
V3 Combined M15,V3,2026-08-05 01:15:00+00:00,2026-08-05 01:45:00+00:00,2026-08-05 01:45:00+00:00,-1,4084.145,4089.019903183563,2.0,-1.0,-1.083778997165945,stop,9.879686958690847,9.344317097470675
V3 Combined M15,V3,2026-08-06 05:45:00+00:00,2026-08-06 06:15:00+00:00,2026-08-06 13:15:00+00:00,1,4266.935,4245.916113996771,2.0,-1.0,-1.020300481192697,stop,9.344317097470675,8.867616535922352
V3 Combined M15,V3,2026-08-06 13:15:00+00:00,2026-08-06 13:45:00+00:00,2026-08-06 16:30:00+00:00,1,4247.395,4229.012590591673,2.0,-1.0,-1.0231057578234324,stop,8.867616535922352,8.41399105911873
V3 Combined M15,V3,2026-08-07 00:00:00+00:00,2026-08-07 00:30:00+00:00,2026-08-07 01:45:00+00:00,-1,4244.585,4253.674780998127,2.0,-1.0,-1.0466962295447448,stop,8.41399105911873,7.973646423268591
V3 Combined M15,V3,2026-08-07 02:30:00+00:00,2026-08-07 03:00:00+00:00,2026-08-07 04:00:00+00:00,-1,4249.425,4262.4574027773015,2.0,-1.0,-1.0326066119395978,stop,7.973646423268591,7.561964422371808
V3 Combined M15,V3,2026-08-09 22:00:00+00:00,2026-08-09 22:30:00+00:00,2026-08-10 01:30:00+00:00,-1,4342.245,4352.854761085252,2.0,2.0,1.959073112343351,target,7.561964422371808,8.30268648119009
V3 Combined M15,V3,2026-08-10 01:45:00+00:00,2026-08-10 02:15:00+00:00,2026-08-10 05:45:00+00:00,1,4322.055,4311.995131338359,2.0,2.0,1.957036665732226,target,8.30268648119009,9.115119574578506
V3 Combined M15,V3,2026-08-10 11:15:00+00:00,2026-08-10 11:45:00+00:00,2026-08-10 12:30:00+00:00,1,4334.435,4327.999061085707,3.0,-1.0,-1.0673473607770507,stop,9.115119574578506,8.628669633523826
V3 Combined M15,V3,2026-08-10 18:45:00+00:00,2026-08-10 19:15:00+00:00,2026-08-10 19:30:00+00:00,-1,4378.165,4383.4978458523965,2.0,-1.0,-1.0820980977357988,stop,8.628669633523826,8.161816283702485
V3 Combined M15,V3,2026-08-12 14:15:00+00:00,2026-08-12 14:45:00+00:00,2026-08-12 17:00:00+00:00,-1,4431.355,4442.534540312583,3.0,3.0,2.9603619211872942,target,8.161816283702485,9.369912790402447
V3 Combined M15,V3,2026-08-16 23:45:00+00:00,2026-08-17 00:15:00+00:00,2026-08-17 00:15:00+00:00,1,4370.255,4366.263321064773,2.0,2.0,1.8905158688633088,target,9.369912790402447,10.255611231408501
V3 Combined M15,V3,2026-08-18 00:00:00+00:00,2026-08-18 00:30:00+00:00,2026-08-18 00:30:00+00:00,-1,4421.285,4430.342160107581,2.0,-1.0,-1.0488153565519882,stop,10.255611231408501,9.717799103892087
V3 Combined M15,V3,2026-08-18 13:45:00+00:00,2026-08-18 14:15:00+00:00,2026-08-18 15:00:00+00:00,-1,4394.415,4407.158729008741,2.0,2.0,1.9655170398163218,target,9.717799103892087,10.67282409030267
V3 Combined M15,V3,2026-08-19 05:15:00+00:00,2026-08-19 05:45:00+00:00,2026-08-19 06:00:00+00:00,1,4345.145,4335.802498435831,2.0,-1.0,-1.0465094382928926,stop,10.67282409030267,10.114363533115595
V3 Combined M15,V3,2026-08-19 07:30:00+00:00,2026-08-19 08:00:00+00:00,2026-08-19 10:15:00+00:00,-1,4354.385,4363.912755531016,2.0,-1.0,-1.045702106711545,stop,10.114363533115595,9.585532970384325
V3 Combined M15,V3,2026-08-20 06:15:00+00:00,2026-08-20 06:45:00+00:00,2026-08-20 11:45:00+00:00,1,4493.755,4476.7691696345155,2.0,-1.0,-1.0264559041466195,stop,9.585532970384325,9.09357662479217
V3 Combined M15,V3,2026-08-20 23:15:00+00:00,2026-08-20 23:45:00+00:00,2026-08-21 00:30:00+00:00,-1,4526.755,4533.4355480806225,2.0,2.0,1.9322397661783128,target,9.09357662479217,9.97212514335282
V3 Combined M15,V3,2026-08-21 01:00:00+00:00,2026-08-21 01:30:00+00:00,2026-08-21 04:30:00+00:00,1,4520.225,4507.761114483253,2.0,2.0,1.9637334200965968,target,9.97212514335282,10.951254914022194
V3 Combined M15,V3,2026-08-24 00:15:00+00:00,2026-08-24 00:45:00+00:00,2026-08-24 02:15:00+00:00,-1,4604.505,4641.777006837103,2.0,-1.0,-1.0123537887834266,stop,10.951254914022194,10.39692769381502
V3 Combined M15,V3,2026-08-24 06:15:00+00:00,2026-08-24 06:45:00+00:00,2026-08-24 11:45:00+00:00,-1,4642.605,4660.8469222634785,2.0,-1.0,-1.0254501961632336,stop,10.39692769381502,9.863851116659141
V3 Combined M15,V3,2026-08-24 12:00:00+00:00,2026-08-24 12:30:00+00:00,2026-08-24 13:15:00+00:00,-1,4657.185,4671.094475841215,2.0,-1.0,-1.0334821027993049,stop,9.863851116659141,9.354145436971933
V3 Combined M15,V3,2026-08-24 13:15:00+00:00,2026-08-24 13:45:00+00:00,2026-08-24 13:45:00+00:00,-1,4672.025,4679.0710785582505,3.0,-1.0,-1.066306740144546,stop,9.354145436971933,8.855426020585156
V3 Combined M15,V3,2026-08-25 11:30:00+00:00,2026-08-25 12:00:00+00:00,2026-08-25 12:00:00+00:00,-1,4640.485,4645.847691864767,2.0,-1.0,-1.0865327547623638,stop,8.855426020585156,8.37434049914812
V3 Combined M15,V3,2026-08-25 13:45:00+00:00,2026-08-25 14:15:00+00:00,2026-08-25 15:30:00+00:00,1,4615.845,4603.783308213418,2.0,2.0,1.9617313633802602,target,8.37434049914812,9.195750819388339
V3 Combined M15,V3,2026-08-25 19:15:00+00:00,2026-08-25 19:45:00+00:00,2026-08-25 20:15:00+00:00,-1,4660.555,4668.728344263317,2.0,-1.0,-1.0570213960143258,stop,9.195750819388339,8.709745550962852
V3 Combined M15,V3,2026-08-26 08:15:00+00:00,2026-08-26 08:45:00+00:00,2026-08-26 09:30:00+00:00,1,4629.615,4621.289824103275,2.0,-1.0,-1.0556098160258878,stop,8.709745550962852,8.250040906028643
V3 Combined M15,V3,2026-08-27 05:45:00+00:00,2026-08-27 06:15:00+00:00,2026-08-27 06:15:00+00:00,1,4606.635,4599.890952447493,2.0,-1.0,-1.0683066802856005,stop,8.250040906028643,7.8093622154016495
V3 Combined M15,V3,2026-08-28 00:00:00+00:00,2026-08-28 00:30:00+00:00,2026-08-28 00:30:00+00:00,1,4600.395,4592.160090897876,2.0,-1.0,-1.0558645510587763,stop,7.8093622154016495,7.397080778920628
V3 Combined M15,V3,2026-08-28 01:00:00+00:00,2026-08-28 01:30:00+00:00,2026-08-28 01:30:00+00:00,1,4593.855,4584.62030063344,2.0,-1.0,-1.049745582586425,stop,7.397080778920628,7.008828135335284
V3 Combined M15,V3,2026-08-28 02:00:00+00:00,2026-08-28 02:30:00+00:00,2026-08-28 05:45:00+00:00,1,4581.025,4573.836830497493,2.0,-1.0,-1.0637300636608868,stop,7.008828135335284,6.636053075405863
V3 Combined M15,V3,2026-08-28 05:45:00+00:00,2026-08-28 06:15:00+00:00,2026-08-28 06:15:00+00:00,1,4573.115,4570.363968343581,2.0,2.0,1.8337672709316024,target,6.636053075405863,7.2445019222980775
V3 Combined M15,V3,2026-08-28 07:00:00+00:00,2026-08-28 07:30:00+00:00,2026-08-28 07:45:00+00:00,-1,4600.485,4613.990768587506,2.0,-1.0,-1.034063111404528,stop,7.2445019222980775,6.869938312380696
V3 Combined M15,V3,2026-08-28 12:45:00+00:00,2026-08-28 13:15:00+00:00,2026-08-28 14:15:00+00:00,1,4601.415,4588.091629789707,2.0,-1.0,-1.0345364192946116,stop_same_bar,6.869938312380696,6.514578243257437
V3 Combined M15,V3,2026-09-01 02:45:00+00:00,2026-09-01 03:15:00+00:00,2026-09-01 04:45:00+00:00,1,4442.595,4426.541366800177,2.0,-1.0,-1.0276734552527884,stop,6.514578243257437,6.179835286619286
V3 Combined M15,V3,2026-09-02 08:45:00+00:00,2026-09-02 09:15:00+00:00,2026-09-02 11:45:00+00:00,-1,4312.705,4332.447872766048,3.0,-1.0,-1.0218443640452193,stop,6.179835286619286,5.864093793701302
V3 Combined M15,V3,2026-09-04 00:15:00+00:00,2026-09-04 00:45:00+00:00,2026-09-04 01:00:00+00:00,-1,4474.335,4483.515303676188,2.0,-1.0,-1.048738420403301,stop,5.864093793701302,5.556598770586146
V3 Combined M15,V3,2026-09-04 01:00:00+00:00,2026-09-04 01:30:00+00:00,2026-09-04 08:00:00+00:00,-1,4474.645,4487.683723460855,2.0,-1.0,-1.0343181218118023,stop,5.556598770586146,5.269234230383425
V3 Combined M15,V3,2026-09-04 08:00:00+00:00,2026-09-04 08:30:00+00:00,2026-09-04 12:45:00+00:00,-1,4481.745,4491.3525109273305,2.0,2.0,1.9533516533689208,target,5.269234230383425,5.783867600178804
V3 Combined M15,V3,2026-09-07 00:00:00+00:00,2026-09-07 00:30:00+00:00,2026-09-07 00:45:00+00:00,1,4424.705,4419.912394613142,2.0,-1.0,-1.092323582745481,stop,5.783867600178804,5.467974851221164
V3 Combined M15,V3,2026-09-07 06:15:00+00:00,2026-09-07 06:45:00+00:00,2026-09-07 08:15:00+00:00,1,4394.405,4384.079283067428,2.0,2.0,1.9574421318277841,target,5.467974851221164,6.003137068698917
V3 Combined M15,V3,2026-09-07 08:30:00+00:00,2026-09-07 09:00:00+00:00,2026-09-07 11:45:00+00:00,-1,4414.545,4424.638268664052,3.0,3.0,2.9562624839689158,target,6.003137068698917,6.890479513814804
V3 Combined M15,V3,2026-09-07 18:15:00+00:00,2026-09-07 22:15:00+00:00,2026-09-07 23:45:00+00:00,1,4407.265,4400.928044184209,2.0,2.0,1.9304513850480456,target,6.890479513814804,7.555566299869253
V3 Combined M15,V3,2026-09-07 23:45:00+00:00,2026-09-08 00:15:00+00:00,2026-09-08 00:30:00+00:00,-1,4422.615,4428.2886326736125,2.0,-1.0,-1.0779503230896315,stop,7.555566299869253,7.148340043165793
V3 Combined M15,V3,2026-09-10 00:30:00+00:00,2026-09-10 01:00:00+00:00,2026-09-10 05:45:00+00:00,1,4400.705,4388.737370757174,2.0,2.0,1.9632282642559462,target,7.148340043165793,7.850031203928575
V3 Combined M15,V3,2026-09-10 06:00:00+00:00,2026-09-10 06:30:00+00:00,2026-09-10 11:00:00+00:00,-1,4416.155,4435.9167609538445,2.0,2.0,1.9776530289465888,target,7.850031203928575,8.626263103317305
V3 Combined M15,V3,2026-09-11 11:00:00+00:00,2026-09-11 11:30:00+00:00,2026-09-11 11:45:00+00:00,1,4337.835,4333.633126359286,3.0,-1.0,-1.1032357317451946,stop,8.626263103317305,8.150423018966562
V3 Combined M15,V3,2026-09-11 12:15:00+00:00,2026-09-11 12:45:00+00:00,2026-09-11 12:45:00+00:00,1,4340.865,4323.6415626798325,2.0,-1.0,-1.0252032443890697,stop,8.150423018966562,7.732631012857167
V3 Combined M15,V3,2026-09-15 01:30:00+00:00,2026-09-15 02:00:00+00:00,2026-09-15 02:15:00+00:00,-1,4298.579,4307.074034406799,2.0,-1.0,-1.0506010781611372,stop,7.732631012857167,7.3264354889006675
V3 Combined M15,V3,2026-09-15 18:30:00+00:00,2026-09-15 19:00:00+00:00,2026-09-15 19:00:00+00:00,-1,4304.795,4308.949379952636,2.0,-1.0,-1.1036206377143805,stop,7.3264354889006675,6.922155218578976
V3 Asymmetry M15,V3 Asymmetry,2026-01-02 01:00:00+00:00,2026-01-02 01:30:00+00:00,2026-01-02 03:00:00+00:00,-1,4346.445,4356.4542120111955,2.0,-1.0,-1.0434244473504835,stop,100.0,94.78287776324758
V3 Asymmetry M15,V3 Asymmetry,2026-01-02 08:45:00+00:00,2026-01-02 09:15:00+00:00,2026-01-02 11:00:00+00:00,-1,4386.598,4397.9639482034945,3.0,-1.0,-1.0385942107201518,stop,94.78287776324758,89.86083035723235
V3 Asymmetry M15,V3 Asymmetry,2026-01-02 11:15:00+00:00,2026-01-02 11:45:00+00:00,2026-01-02 13:15:00+00:00,-1,4394.015,4399.595807351868,2.0,-1.0,-1.0787343967092808,stop,89.86083035723235,85.01403192607215
V3 Asymmetry M15,V3 Asymmetry,2026-01-02 18:15:00+00:00,2026-01-02 18:45:00+00:00,2026-01-04 23:15:00+00:00,1,4318.285,4308.955461575697,3.0,3.0,2.953713840882512,target,85.01403192607215,97.5693880645355
V3 Asymmetry M15,V3 Asymmetry,2026-01-05 06:30:00+00:00,2026-01-05 07:00:00+00:00,2026-01-05 08:30:00+00:00,-1,4419.755,4427.034688473028,2.0,-1.0,-1.0607135183926588,stop,97.5693880645355,92.3947296194679
V3 Asymmetry M15,V3 Asymmetry,2026-01-05 13:30:00+00:00,2026-01-05 14:00:00+00:00,2026-01-06 03:15:00+00:00,1,4411.928,4395.116689757472,3.0,3.0,2.973756191894912,target,92.3947296194679,106.13269958468535
V3 Asymmetry M15,V3 Asymmetry,2026-01-06 05:30:00+00:00,2026-01-06 06:00:00+00:00,2026-01-06 08:30:00+00:00,-1,4463.015,4474.618212159011,3.0,-1.0,-1.038463616271415,stop,106.13269958468535,100.62195223391736
V3 Asymmetry M15,V3 Asymmetry,2026-01-06 10:00:00+00:00,2026-01-06 10:30:00+00:00,2026-01-06 15:00:00+00:00,1,4449.875,4441.301572459867,4.0,4.0,3.94809689614603,target,100.62195223391736,120.48521309886152
V3 Asymmetry M15,V3 Asymmetry,2026-01-06 15:00:00+00:00,2026-01-06 15:30:00+00:00,2026-01-06 18:30:00+00:00,-1,4479.835,4491.487267251346,3.0,-1.0,-1.0384460371820141,stop,120.48521309886152,114.22934349478436
V3 Asymmetry M15,V3 Asymmetry,2026-01-07 02:00:00+00:00,2026-01-07 02:30:00+00:00,2026-01-07 05:45:00+00:00,1,4472.035,4458.459996595536,2.0,-1.0,-1.0329431593256868,stop,114.22934349478436,108.32972254692427
V3 Asymmetry M15,V3 Asymmetry,2026-01-07 05:45:00+00:00,2026-01-07 06:15:00+00:00,2026-01-07 07:00:00+00:00,1,4453.975,4442.160248781733,3.0,-1.0,-1.0376984239254514,stop,108.32972254692427,102.70904342936304
V3 Asymmetry M15,V3 Asymmetry,2026-01-07 12:15:00+00:00,2026-01-07 12:45:00+00:00,2026-01-07 13:15:00+00:00,1,4449.795,4438.3942584835695,2.0,-1.0,-1.039030750706759,stop,102.70904342936304,97.37315070442382
V3 Asymmetry M15,V3 Asymmetry,2026-01-07 15:15:00+00:00,2026-01-07 15:45:00+00:00,2026-01-08 05:45:00+00:00,1,4441.985,4422.018728247432,3.0,-1.0,-1.022247443363725,stop,97.37315070442382,92.39617798643043
V3 Asymmetry M15,V3 Asymmetry,2026-01-08 12:15:00+00:00,2026-01-08 12:45:00+00:00,2026-01-08 15:15:00+00:00,1,4420.315,4406.749234136123,2.0,2.0,1.9674156620101295,target,92.39617798643043,101.48526237044938
V3 Asymmetry M15,V3 Asymmetry,2026-01-08 16:00:00+00:00,2026-01-08 16:30:00+00:00,2026-01-08 16:45:00+00:00,-1,4446.895,4458.8350005949915,3.0,-1.0,-1.0372436748610006,stop,101.48526237044938,96.22201504618148
V3 Asymmetry M15,V3 Asymmetry,2026-01-08 17:00:00+00:00,2026-01-08 17:30:00+00:00,2026-01-08 19:15:00+00:00,-1,4459.675,4466.144953743064,2.0,2.0,1.9310709909668096,target,96.22201504618148,105.51259214358413
V3 Asymmetry M15,V3 Asymmetry,2026-01-08 23:00:00+00:00,2026-01-08 23:30:00+00:00,2026-01-09 01:15:00+00:00,-1,4476.695,4484.259025417244,3.0,3.0,2.940815970953848,target,105.51259214358413,121.02724794921372
V3 Asymmetry M15,V3 Asymmetry,2026-01-09 06:45:00+00:00,2026-01-09 07:15:00+00:00,2026-01-09 08:15:00+00:00,-1,4473.875,4477.681115262159,2.0,2.0,1.8824556091487965,target,121.02724794921372,132.4186690373057
V3 Asymmetry M15,V3 Asymmetry,2026-01-09 09:15:00+00:00,2026-01-09 09:45:00+00:00,2026-01-09 12:15:00+00:00,-1,4473.775,4478.000847046808,3.0,-1.0,-1.105866941004847,stop,132.4186690373057,125.09679761429477
V3 Asymmetry M15,V3 Asymmetry,2026-01-09 14:30:00+00:00,2026-01-09 15:00:00+00:00,2026-01-09 15:15:00+00:00,-1,4487.585,4498.861720745808,3.0,-1.0,-1.0397951239651662,stop,125.09679761429477,118.59304560514472
V3 Asymmetry M15,V3 Asymmetry,2026-01-12 00:45:00+00:00,2026-01-12 01:15:00+00:00,2026-01-12 13:15:00+00:00,-1,4588.548,4602.150582991533,3.0,-1.0,-1.033732916776586,stop,118.59304560514472,112.46336885800348
V3 Asymmetry M15,V3 Asymmetry,2026-01-12 13:15:00+00:00,2026-01-12 13:45:00+00:00,2026-01-12 13:45:00+00:00,-1,4604.495,4611.719946489647,3.0,-1.0,-1.0637305066078784,stop,112.46336885800348,106.48183304149585
V3 Asymmetry M15,V3 Asymmetry,2026-01-12 16:15:00+00:00,2026-01-12 16:45:00+00:00,2026-01-12 23:15:00+00:00,-1,4619.785,4631.077119049621,3.0,3.0,2.9590884139664193,target,106.48183304149585,122.2362909640457
V3 Asymmetry M15,V3 Asymmetry,2026-01-13 01:30:00+00:00,2026-01-13 02:00:00+00:00,2026-01-13 05:30:00+00:00,1,4582.855,4574.2923923499375,2.0,2.0,1.946478278728948,target,122.2362909640457,134.13280522574104
V3 Asymmetry M15,V3 Asymmetry,2026-01-13 13:15:00+00:00,2026-01-13 13:45:00+00:00,2026-01-13 13:45:00+00:00,-1,4599.915,4606.950159550747,4.0,-1.0,-1.0653846578292798,stop,134.13280522574104,126.98765358578565
V3 Asymmetry M15,V3 Asymmetry,2026-01-13 13:45:00+00:00,2026-01-13 14:15:00+00:00,2026-01-13 14:30:00+00:00,-1,4611.165,4621.405459000389,4.0,-1.0,-1.0450288898166076,stop,126.98765358578565,120.35236525342717
V3 Asymmetry M15,V3 Asymmetry,2026-01-13 18:00:00+00:00,2026-01-13 18:30:00+00:00,2026-01-13 18:30:00+00:00,1,4593.965,4584.378804902652,2.0,-1.0,-1.0479227154605966,stop,120.35236525342717,114.04636638300332
V3 Asymmetry M15,V3 Asymmetry,2026-01-14 01:15:00+00:00,2026-01-14 01:45:00+00:00,2026-01-14 02:00:00+00:00,-1,4614.345,4619.232105270351,3.0,-1.0,-1.0944187764481865,stop,114.04636638300332,107.80564214524091
V3 Asymmetry M15,V3 Asymmetry,2026-01-14 13:30:00+00:00,2026-01-14 14:00:00+00:00,2026-01-14 14:45:00+00:00,1,4636.745,4622.880043025295,3.0,-1.0,-1.033442188161559,stop,107.80564214524091,102.23509720950392
V3 Asymmetry M15,V3 Asymmetry,2026-01-15 01:30:00+00:00,2026-01-15 02:00:00+00:00,2026-01-15 03:30:00+00:00,1,4602.305,4582.230486398934,3.0,-1.0,-1.0229261096505746,stop,102.23509720950392,97.00614969659061
V3 Asymmetry M15,V3 Asymmetry,2026-01-15 03:30:00+00:00,2026-01-15 04:00:00+00:00,2026-01-15 20:00:00+00:00,1,4596.395,4579.802142125,2.0,1.1595350327798069,1.1318339879409607,time_exit,97.00614969659061,102.49589255988512
V3 Asymmetry M15,V3 Asymmetry,2026-01-16 01:00:00+00:00,2026-01-16 01:30:00+00:00,2026-01-16 02:45:00+00:00,1,4603.475,4592.943197796598,2.0,-1.0,-1.043710230320436,stop,102.49589255988512,97.1470919783563
V3 Asymmetry M15,V3 Asymmetry,2026-01-18 23:30:00+00:00,2026-01-19 00:00:00+00:00,2026-01-19 16:00:00+00:00,-1,4671.405,4691.782296246214,2.0,-0.1300466935348622,-0.15297125105984702,time_exit,97.1470919783563,96.40405636851854
V3 Asymmetry M15,V3 Asymmetry,2026-01-20 00:00:00+00:00,2026-01-20 00:30:00+00:00,2026-01-20 00:30:00+00:00,1,4667.695,4663.314209081664,2.0,-1.0,-1.106549138888667,stop,96.40405636851854,91.0702650905206
V3 Asymmetry M15,V3 Asymmetry,2026-01-20 07:45:00+00:00,2026-01-20 08:15:00+00:00,2026-01-20 08:15:00+00:00,-1,4715.945,4723.206405116386,3.0,-1.0,-1.0649453504440591,stop,91.0702650905206,86.2210223219277
V3 Asymmetry M15,V3 Asymmetry,2026-01-20 09:00:00+00:00,2026-01-20 09:30:00+00:00,2026-01-20 09:30:00+00:00,-1,4725.045,4732.194441742054,3.0,-1.0,-1.0660897056088579,stop,86.2210223219277,81.62505510670377
V3 Asymmetry M15,V3 Asymmetry,2026-01-20 09:45:00+00:00,2026-01-20 10:15:00+00:00,2026-01-20 14:00:00+00:00,-1,4732.195,4738.022653719859,3.0,-1.0,-1.0812024054187372,stop,81.62505510670377,77.21239481051352
V3 Asymmetry M15,V3 Asymmetry,2026-01-20 18:15:00+00:00,2026-01-20 18:45:00+00:00,2026-01-20 20:30:00+00:00,-1,4761.275,4766.957381018596,2.0,2.0,1.9162098601903264,target,77.21239481051352,84.61015242375423
V3 Asymmetry M15,V3 Asymmetry,2026-01-21 01:30:00+00:00,2026-01-21 02:00:00+00:00,2026-01-21 02:00:00+00:00,-1,4818.545,4837.427780308809,3.0,-1.0,-1.0255181965854474,stop,84.61015242375423,80.27168987743282
V3 Asymmetry M15,V3 Asymmetry,2026-01-21 03:00:00+00:00,2026-01-21 03:30:00+00:00,2026-01-21 04:30:00+00:00,-1,4832.898,4850.806458449709,3.0,-1.0,-1.0269866779073809,stop,80.27168987743282,76.14979207157101
V3 Asymmetry M15,V3 Asymmetry,2026-01-21 19:45:00+00:00,2026-01-21 20:15:00+00:00,2026-01-22 13:15:00+00:00,1,4780.858,4753.244193417085,3.0,1.6592062330278936,1.6418929445261994,time_exit,76.14979207157101,82.4012823880435
V3 Asymmetry M15,V3 Asymmetry,2026-01-22 13:45:00+00:00,2026-01-22 14:15:00+00:00,2026-01-22 16:00:00+00:00,1,4822.095,4809.655988944407,4.0,4.0,3.9612340966781945,target,82.4012823880435,98.72182085831982
V3 Asymmetry M15,V3 Asymmetry,2026-01-22 16:45:00+00:00,2026-01-22 17:15:00+00:00,2026-01-22 17:30:00+00:00,-1,4877.875,4886.307759323028,3.0,-1.0,-1.0578443521645338,stop,98.72182085831982,93.5002048268012
V3 Asymmetry M15,V3 Asymmetry,2026-01-23 00:00:00+00:00,2026-01-23 00:30:00+00:00,2026-01-23 01:00:00+00:00,-1,4951.505,4964.313762219215,3.0,-1.0,-1.0386571701094736,stop,93.5002048268012,88.64447191929813
V3 Asymmetry M15,V3 Asymmetry,2026-01-23 05:45:00+00:00,2026-01-23 06:15:00+00:00,2026-01-23 08:30:00+00:00,-1,4960.405,4968.038683527827,3.0,3.0,2.9350195094947567,target,88.64447191929813,101.65313464389813
V3 Asymmetry M15,V3 Asymmetry,2026-01-23 14:45:00+00:00,2026-01-23 15:15:00+00:00,2026-01-23 15:45:00+00:00,-1,4943.005,4957.4357414929445,3.0,-1.0,-1.0342532987817483,stop,101.65313464389813,96.39638015205028
V3 Asymmetry M15,V3 Asymmetry,2026-01-25 23:15:00+00:00,2026-01-25 23:45:00+00:00,2026-01-26 00:00:00+00:00,-1,5018.555,5031.983568303034,3.0,-1.0,-1.0373722267835965,stop,96.39638015205028,91.39643377543976
V3 Asymmetry M15,V3 Asymmetry,2026-01-26 06:45:00+00:00,2026-01-26 07:15:00+00:00,2026-01-27 00:15:00+00:00,-1,5077.235,5112.389540658842,3.0,0.7134213541115297,0.6989787390045024,time_exit,91.39643377543976,94.59064197693303
V3 Asymmetry M15,V3 Asymmetry,2026-01-27 06:45:00+00:00,2026-01-27 07:15:00+00:00,2026-01-27 07:45:00+00:00,-1,5085.585,5095.123864819729,2.0,-1.0,-1.0533143628315376,stop,94.59064197693303,89.60895788774506
V3 Asymmetry M15,V3 Asymmetry,2026-01-27 21:00:00+00:00,2026-01-27 21:30:00+00:00,2026-01-27 22:00:00+00:00,-1,5175.938,5189.42218746755,3.0,-1.0,-1.0383852420656112,stop,89.60895788774506,84.9565269163694
V3 Asymmetry M15,V3 Asymmetry,2026-01-28 01:45:00+00:00,2026-01-28 02:15:00+00:00,2026-01-28 02:45:00+00:00,-1,5204.305,5226.6381926371805,3.0,-1.0,-1.023303005013873,stop,84.9565269163694,80.60971345191625
V3 Asymmetry M15,V3 Asymmetry,2026-01-28 08:30:00+00:00,2026-01-28 09:00:00+00:00,2026-01-28 18:30:00+00:00,-1,5289.805,5312.624799433278,3.0,-1.0,-1.023180769031151,stop,80.60971345191625,76.48579802186063
V3 Asymmetry M15,V3 Asymmetry,2026-01-28 20:45:00+00:00,2026-01-28 21:15:00+00:00,2026-01-28 21:15:00+00:00,-1,5376.555,5393.512682625624,3.0,-1.0,-1.0317057178076674,stop,76.48579802186063,72.54025626434883
V3 Asymmetry M15,V3 Asymmetry,2026-01-29 08:45:00+00:00,2026-01-29 09:15:00+00:00,2026-01-29 15:15:00+00:00,1,5509.365,5470.272727564296,4.0,-1.0,-1.0140932328993189,stop,72.54025626434883,68.8621271148259
V3 Asymmetry M15,V3 Asymmetry,2026-01-30 09:45:00+00:00,2026-01-30 10:15:00+00:00,2026-01-30 17:15:00+00:00,1,5012.345,4935.298129354255,3.0,-1.0,-1.0065055789521242,stop,68.8621271148259,65.39662135884677
V3 Asymmetry M15,V3 Asymmetry,2026-01-30 17:15:00+00:00,2026-01-30 17:45:00+00:00,2026-01-30 17:45:00+00:00,1,4925.198,4892.082851502068,2.0,-1.0,-1.0148729455352057,stop,65.39662135884677,62.0781582715216
V3 Asymmetry M15,V3 Asymmetry,2026-01-30 18:30:00+00:00,2026-01-30 19:00:00+00:00,2026-02-02 01:15:00+00:00,1,4777.448,4673.044177224068,3.0,-1.0,-1.0045759320616576,stop,62.0781582715216,58.960047086207354
V3 Asymmetry M15,V3 Asymmetry,2026-02-02 16:00:00+00:00,2026-02-02 16:30:00+00:00,2026-02-03 09:30:00+00:00,1,4696.298,4590.406109429149,3.0,1.8363068120867707,1.8318718190248064,time_exit,58.960047086207354,64.3604095214873
V3 Asymmetry M15,V3 Asymmetry,2026-02-03 19:00:00+00:00,2026-02-03 19:30:00+00:00,2026-02-04 00:30:00+00:00,1,4915.318,4877.184184066965,2.0,2.0,1.987110343196098,target,64.3604095214873,70.7549712941115
V3 Asymmetry M15,V3 Asymmetry,2026-02-04 01:15:00+00:00,2026-02-04 01:45:00+00:00,2026-02-04 02:15:00+00:00,-1,5036.485,5055.919441821039,2.0,-1.0,-1.0259152541985928,stop,70.7549712941115,67.12554107606087
V3 Asymmetry M15,V3 Asymmetry,2026-02-04 04:15:00+00:00,2026-02-04 04:45:00+00:00,2026-02-04 05:00:00+00:00,-1,5061.545,5075.909570741945,2.0,-1.0,-1.035236312249974,stop,67.12554107606087,63.6510011959926
V3 Asymmetry M15,V3 Asymmetry,2026-02-04 05:45:00+00:00,2026-02-04 06:15:00+00:00,2026-02-04 06:30:00+00:00,-1,5079.185,5092.049197876596,2.0,2.0,1.9605168930956756,target,63.6510011959926,69.89044435135241
V3 Asymmetry M15,V3 Asymmetry,2026-02-04 08:00:00+00:00,2026-02-04 08:30:00+00:00,2026-02-04 09:45:00+00:00,-1,5077.165,5093.291235565507,2.0,2.0,1.96851611785419,target,69.89044435135241,76.76946766083384
V3 Asymmetry M15,V3 Asymmetry,2026-02-04 16:45:00+00:00,2026-02-04 17:15:00+00:00,2026-02-05 03:00:00+00:00,1,4904.175,4840.546204854417,3.0,-1.0,-1.0077074773909818,stop,76.76946766083384,72.90140933097646
V3 Asymmetry M15,V3 Asymmetry,2026-02-05 03:00:00+00:00,2026-02-05 03:30:00+00:00,2026-02-05 19:30:00+00:00,1,4846.045,4783.849161154415,3.0,0.0808735776116443,0.07308198722561964,time_exit,72.90140933097646,73.16779832424928
V3 Asymmetry M15,V3 Asymmetry,2026-02-06 00:15:00+00:00,2026-02-06 00:45:00+00:00,2026-02-06 14:45:00+00:00,1,4723.555,4651.246721595487,3.0,3.0,2.9934674768861527,target,73.16779832424928,84.11906955619955
V3 Asymmetry M15,V3 Asymmetry,2026-02-06 17:30:00+00:00,2026-02-06 18:00:00+00:00,2026-02-06 18:15:00+00:00,-1,4953.995,4970.309302091393,2.0,-1.0,-1.0303659633875089,stop,84.11906955619955,79.78539824907283
V3 Asymmetry M15,V3 Asymmetry,2026-02-08 23:45:00+00:00,2026-02-09 00:15:00+00:00,2026-02-09 01:15:00+00:00,-1,5035.475,5048.549171801371,2.0,2.0,1.9614853233038276,target,79.78539824907283,87.61029263304819
V3 Asymmetry M15,V3 Asymmetry,2026-02-09 06:00:00+00:00,2026-02-09 06:30:00+00:00,2026-02-09 07:30:00+00:00,-1,5033.435,5047.3214572573315,2.0,2.0,1.9637529219532024,target,87.61029263304819,96.21254104061435
V3 Asymmetry M15,V3 Asymmetry,2026-02-09 15:00:00+00:00,2026-02-09 15:30:00+00:00,2026-02-09 15:45:00+00:00,-1,5029.885,5043.458410837424,2.0,-1.0,-1.0370568979326256,stop,96.21254104061435,91.2236470729246
V3 Asymmetry M15,V3 Asymmetry,2026-02-09 16:45:00+00:00,2026-02-09 17:15:00+00:00,2026-02-09 18:00:00+00:00,-1,5073.105,5081.921588288941,3.0,3.0,2.9424595451920665,target,91.2236470729246,104.64474162677259
V3 Asymmetry M15,V3 Asymmetry,2026-02-09 20:30:00+00:00,2026-02-09 21:00:00+00:00,2026-02-09 23:15:00+00:00,-1,5077.595,5087.427198711027,3.0,3.0,2.948357481889523,target,104.64474162677259,120.07124697255715
V3 Asymmetry M15,V3 Asymmetry,2026-02-10 08:45:00+00:00,2026-02-10 09:15:00+00:00,2026-02-10 09:15:00+00:00,-1,5041.505,5056.30839517676,3.0,-1.0,-1.0340564103018384,stop,120.07124697255715,113.86322484131175
V3 Asymmetry M15,V3 Asymmetry,2026-02-10 12:45:00+00:00,2026-02-10 13:15:00+00:00,2026-02-10 14:30:00+00:00,1,5031.995,5018.121247052589,3.0,3.0,2.963730109516337,target,113.86322484131175,130.73621823275298
V3 Asymmetry M15,V3 Asymmetry,2026-02-10 14:30:00+00:00,2026-02-10 15:00:00+00:00,2026-02-11 08:00:00+00:00,-1,5055.525,5079.926626820419,3.0,0.011064836045012707,-0.009653147379639456,time_exit,130.73621823275298,130.6731174336301
V3 Asymmetry M15,V3 Asymmetry,2026-02-11 09:45:00+00:00,2026-02-11 10:15:00+00:00,2026-02-11 10:30:00+00:00,-1,5062.545,5072.89089851942,4.0,-1.0,-1.0489328692959548,stop,130.6731174336301,123.81975103315484
V3 Asymmetry M15,V3 Asymmetry,2026-02-11 10:45:00+00:00,2026-02-11 11:15:00+00:00,2026-02-11 11:30:00+00:00,-1,5093.015,5101.988310938494,3.0,-1.0,-1.0567573667613834,stop,123.81975103315484,117.27737933041251
V3 Asymmetry M15,V3 Asymmetry,2026-02-11 12:00:00+00:00,2026-02-11 12:30:00+00:00,2026-02-11 12:45:00+00:00,-1,5105.755,5119.989838112442,3.0,3.0,2.964131977057489,target,117.27737933041251,134.65866084335136
V3 Asymmetry M15,V3 Asymmetry,2026-02-11 23:00:00+00:00,2026-02-11 23:30:00+00:00,2026-02-12 15:30:00+00:00,-1,5062.995,5101.306176721992,3.0,-0.07334674213719257,-0.08656219369259621,time_exit,134.65866084335136,134.07584338923596
V3 Asymmetry M15,V3 Asymmetry,2026-02-13 04:15:00+00:00,2026-02-13 04:45:00+00:00,2026-02-13 06:00:00+00:00,-1,4984.985,4998.516205202331,2.0,2.0,1.963159342235522,target,134.07584338923596,147.2364556151202
V3 Asymmetry M15,V3 Asymmetry,2026-02-13 11:00:00+00:00,2026-02-13 11:30:00+00:00,2026-02-13 11:30:00+00:00,1,4951.255,4939.391399297037,3.0,-1.0,-1.041734841925045,stop,147.2364556151202,139.56738832432913
V3 Asymmetry M15,V3 Asymmetry,2026-02-13 15:30:00+00:00,2026-02-13 16:00:00+00:00,2026-02-13 16:00:00+00:00,-1,5006.395,5021.87719603032,2.0,2.0,1.9676635343578155,target,139.56738832432913,153.2984713538961
V3 Asymmetry M15,V3 Asymmetry,2026-02-15 23:00:00+00:00,2026-02-15 23:30:00+00:00,2026-02-16 15:30:00+00:00,-1,5022.095,5053.10704851234,2.0,1.353022519080093,1.3368285066207042,time_exit,153.2984713538961,163.5451596802594
V3 Asymmetry M15,V3 Asymmetry,2026-02-16 23:00:00+00:00,2026-02-16 23:30:00+00:00,2026-02-16 23:30:00+00:00,-1,4989.925,4999.323931519335,2.0,-1.0,-1.0530903431920433,stop,163.5451596802594,154.9337682635053
V3 Asymmetry M15,V3 Asymmetry,2026-02-17 01:00:00+00:00,2026-02-17 01:30:00+00:00,2026-02-17 05:30:00+00:00,1,4949.918,4921.3800074209175,3.0,-1.0,-1.0173450111681233,stop,154.9337682635053,147.05271345328754
V3 Asymmetry M15,V3 Asymmetry,2026-02-18 01:30:00+00:00,2026-02-18 02:00:00+00:00,2026-02-18 02:15:00+00:00,-1,4885.485,4893.775662651309,2.0,-1.0,-1.0589275574881623,stop,147.05271345328754,139.2668049193327
V3 Asymmetry M15,V3 Asymmetry,2026-02-18 09:15:00+00:00,2026-02-18 09:45:00+00:00,2026-02-18 10:45:00+00:00,1,4921.045,4911.9226584220505,3.0,-1.0,-1.0539449762755553,stop,139.2668049193327,131.92782744899878
V3 Asymmetry M15,V3 Asymmetry,2026-02-18 11:45:00+00:00,2026-02-18 12:15:00+00:00,2026-02-18 13:00:00+00:00,1,4912.775,4905.314800734185,3.0,3.0,2.934146866257149,target,131.92782744899878,151.28260852307847
V3 Asymmetry M15,V3 Asymmetry,2026-02-18 16:45:00+00:00,2026-02-18 17:15:00+00:00,2026-02-19 00:15:00+00:00,-1,5000.185,5011.873486469393,3.0,3.0,2.957221279135726,target,151.28260852307847,173.65141597745884
V3 Asymmetry M15,V3 Asymmetry,2026-02-19 07:00:00+00:00,2026-02-19 07:30:00+00:00,2026-02-19 09:30:00+00:00,-1,5017.735,5022.249254727341,3.0,3.0,2.888846879428207,target,173.65141597745884,198.73403353519743
V3 Asymmetry M15,V3 Asymmetry,2026-02-19 11:45:00+00:00,2026-02-19 12:15:00+00:00,2026-02-19 13:15:00+00:00,1,4984.125,4976.81717459295,2.0,-1.0,-1.068202573575334,stop,198.73403353519743,188.1196232312322
V3 Asymmetry M15,V3 Asymmetry,2026-02-19 13:30:00+00:00,2026-02-19 14:00:00+00:00,2026-02-19 14:45:00+00:00,1,4993.445,4970.98333197706,3.0,-1.0,-1.0222309625220183,stop,188.1196232312322,178.50453805498512
V3 Asymmetry M15,V3 Asymmetry,2026-02-19 15:30:00+00:00,2026-02-19 16:00:00+00:00,2026-02-19 16:30:00+00:00,-1,5015.405,5023.267330907559,3.0,3.0,2.9362096932961963,target,178.50453805498512,204.71087580170547
V3 Asymmetry M15,V3 Asymmetry,2026-02-20 06:45:00+00:00,2026-02-20 07:15:00+00:00,2026-02-20 09:00:00+00:00,-1,5020.365,5030.558272914164,2.0,-1.0,-1.0492517471304408,stop,204.71087580170547,193.97121359712835
V3 Asymmetry M15,V3 Asymmetry,2026-02-20 09:15:00+00:00,2026-02-20 09:45:00+00:00,2026-02-20 14:00:00+00:00,-1,5033.785,5043.276922315914,3.0,-1.0,-1.053032302967339,stop,193.97121359712835,183.75831590895066
V3 Asymmetry M15,V3 Asymmetry,2026-02-20 21:00:00+00:00,2026-02-20 21:30:00+00:00,2026-02-20 21:45:00+00:00,-1,5093.065,5099.874015647718,3.0,-1.0,-1.0747988441134908,stop,183.75831590895066,173.88315463219158
V3 Asymmetry M15,V3 Asymmetry,2026-02-23 07:30:00+00:00,2026-02-23 08:00:00+00:00,2026-02-23 08:30:00+00:00,1,5136.635,5123.840079459441,4.0,-1.0,-1.040145892143035,stop,173.88315463219158,164.83996218201426
V3 Asymmetry M15,V3 Asymmetry,2026-02-23 15:45:00+00:00,2026-02-23 16:15:00+00:00,2026-02-23 16:30:00+00:00,-1,5195.588,5206.093913490732,3.0,-1.0,-1.0494539385326482,stop,164.83996218201426,156.19036480503988
V3 Asymmetry M15,V3 Asymmetry,2026-02-23 23:15:00+00:00,2026-02-23 23:45:00+00:00,2026-02-24 01:15:00+00:00,-1,5236.175,5250.64080267092,3.0,3.0,2.963803080139298,target,156.19036480503988,179.3362390199028
V3 Asymmetry M15,V3 Asymmetry,2026-02-24 06:30:00+00:00,2026-02-24 07:00:00+00:00,2026-02-24 12:30:00+00:00,1,5168.748,5155.093526664987,3.0,-1.0,-1.0378538803598252,stop,179.3362390199028,170.02999844210564
V3 Asymmetry M15,V3 Asymmetry,2026-02-25 01:30:00+00:00,2026-02-25 02:00:00+00:00,2026-02-25 02:30:00+00:00,-1,5180.145,5190.955848133103,2.0,-1.0,-1.0479161758284108,stop,170.02999844210564,161.12113915492753
V3 Asymmetry M15,V3 Asymmetry,2026-02-25 05:45:00+00:00,2026-02-25 06:15:00+00:00,2026-02-25 10:45:00+00:00,-1,5201.298,5211.365702164536,3.0,3.0,2.948336791106894,target,161.12113915492753,184.87310827470387
V3 Asymmetry M15,V3 Asymmetry,2026-02-25 11:15:00+00:00,2026-02-25 11:45:00+00:00,2026-02-25 17:00:00+00:00,1,5168.595,5153.9377153603045,3.0,3.0,2.9647370223949796,target,184.87310827470387,212.27811570206637
V3 Asymmetry M15,V3 Asymmetry,2026-02-26 08:00:00+00:00,2026-02-26 08:30:00+00:00,2026-02-26 08:30:00+00:00,1,5189.195,5178.1950436843,3.0,-1.0,-1.0471746873448367,stop,212.27811570206637,201.16350223004326
V3 Asymmetry M15,V3 Asymmetry,2026-02-26 08:45:00+00:00,2026-02-26 09:15:00+00:00,2026-02-26 11:00:00+00:00,1,5178.858,5166.305213911956,3.0,-1.0,-1.041256641861624,stop,201.16350223004326,190.69036059018435
V3 Asymmetry M15,V3 Asymmetry,2026-02-26 12:00:00+00:00,2026-02-26 12:30:00+00:00,2026-02-26 14:45:00+00:00,1,5168.215,5156.6157372693115,3.0,-1.0,-1.044556409489081,stop,190.69036059018435,180.7310186710713
V3 Asymmetry M15,V3 Asymmetry,2026-02-27 01:00:00+00:00,2026-02-27 01:30:00+00:00,2026-02-27 02:15:00+00:00,1,5176.255,5165.517912202046,2.0,2.0,1.9517908850388048,target,180.7310186710713,198.36847641537005
V3 Asymmetry M15,V3 Asymmetry,2026-02-27 12:00:00+00:00,2026-02-27 12:30:00+00:00,2026-02-27 13:15:00+00:00,-1,5185.225,5191.11975062289,3.0,-1.0,-1.0879634327509202,stop,198.36847641537005,187.57759398784825
V3 Asymmetry M15,V3 Asymmetry,2026-02-27 16:15:00+00:00,2026-02-27 16:45:00+00:00,2026-02-27 20:30:00+00:00,-1,5233.718,5258.958853597446,3.0,-1.0,-1.0207351069954682,stop,187.57759398784825,178.00424221439133
V3 Asymmetry M15,V3 Asymmetry,2026-03-02 13:30:00+00:00,2026-03-02 14:00:00+00:00,2026-03-02 14:30:00+00:00,-1,5392.725,5418.229624824236,3.0,3.0,2.978855893638257,target,178.00424221439133,204.5166915150389
V3 Asymmetry M15,V3 Asymmetry,2026-03-02 14:30:00+00:00,2026-03-02 15:00:00+00:00,2026-03-02 16:15:00+00:00,1,5346.755,5302.802617505597,4.0,-1.0,-1.012164880938322,stop,204.5166915150389,194.16646087917795
V3 Asymmetry M15,V3 Asymmetry,2026-03-03 15:15:00+00:00,2026-03-03 15:45:00+00:00,2026-03-04 08:45:00+00:00,1,5043.505,4991.202475860048,3.0,2.522440401671248,2.51279745406416,time_exit,194.16646087917795,218.56151030727028
V3 Asymmetry M15,V3 Asymmetry,2026-03-04 08:45:00+00:00,2026-03-04 09:15:00+00:00,2026-03-04 09:45:00+00:00,-1,5167.225,5183.499075767227,2.0,-1.0,-1.031751265472206,stop,218.56151030727028,207.28645456511816
V3 Asymmetry M15,V3 Asymmetry,2026-03-04 10:15:00+00:00,2026-03-04 10:45:00+00:00,2026-03-04 12:15:00+00:00,-1,5187.745,5203.637817074642,3.0,-1.0,-1.0326420733066721,stop,207.28645456511816,196.58381885459252
V3 Asymmetry M15,V3 Asymmetry,2026-03-04 18:30:00+00:00,2026-03-04 19:00:00+00:00,2026-03-05 00:00:00+00:00,1,5124.945,5106.805774429005,2.0,2.0,1.9717466163043085,target,196.58381885459252,215.96449283692863
V3 Asymmetry M15,V3 Asymmetry,2026-03-05 03:00:00+00:00,2026-03-05 03:30:00+00:00,2026-03-05 05:45:00+00:00,-1,5185.625,5195.851508904106,2.0,2.0,1.9492923240117837,target,215.96449283692863,237.0133892442348
V3 Asymmetry M15,V3 Asymmetry,2026-03-05 16:30:00+00:00,2026-03-05 17:00:00+00:00,2026-03-05 18:15:00+00:00,1,5070.418,5051.865306362937,3.0,-1.0,-1.027329821206506,stop,237.0133892442348,224.83884310444338
V3 Asymmetry M15,V3 Asymmetry,2026-03-06 08:30:00+00:00,2026-03-06 09:00:00+00:00,2026-03-06 09:15:00+00:00,1,5107.305,5094.888932112837,3.0,-1.0,-1.0411346413890055,stop,224.83884310444338,213.13446769015022
V3 Asymmetry M15,V3 Asymmetry,2026-03-06 09:15:00+00:00,2026-03-06 09:45:00+00:00,2026-03-06 09:45:00+00:00,1,5098.615,5090.461772322123,3.0,-1.0,-1.0625349272881772,stop,213.13446769015022,201.8113268836623
V3 Asymmetry M15,V3 Asymmetry,2026-03-08 22:45:00+00:00,2026-03-08 23:15:00+00:00,2026-03-08 23:15:00+00:00,1,5129.448,5100.7076109091895,2.0,-1.0,-1.0178475245543563,stop,201.8113268836623,191.54066890888402
V3 Asymmetry M15,V3 Asymmetry,2026-03-09 01:00:00+00:00,2026-03-09 01:30:00+00:00,2026-03-09 17:30:00+00:00,1,5071.915,5011.83389596816,3.0,0.379487034524485,0.3710452538985629,time_exit,191.54066890888402,195.09418171524388
V3 Asymmetry M15,V3 Asymmetry,2026-03-09 19:00:00+00:00,2026-03-09 19:30:00+00:00,2026-03-09 19:30:00+00:00,-1,5122.545,5131.612300379891,2.0,-1.0,-1.0564947093995085,stop,195.09418171524388,184.7883831744048
V3 Asymmetry M15,V3 Asymmetry,2026-03-09 20:00:00+00:00,2026-03-09 20:30:00+00:00,2026-03-09 22:15:00+00:00,-1,5139.515,5149.273230853031,2.0,-1.0,-1.0526685121248558,stop_same_bar,184.7883831744048,175.06233755569687
V3 Asymmetry M15,V3 Asymmetry,2026-03-09 23:15:00+00:00,2026-03-09 23:45:00+00:00,2026-03-10 01:30:00+00:00,-1,5144.545,5157.228777862117,2.0,-1.0,-1.0405600370483112,stop,175.06233755569687,165.95419393306088
V3 Asymmetry M15,V3 Asymmetry,2026-03-10 02:00:00+00:00,2026-03-10 02:30:00+00:00,2026-03-10 08:45:00+00:00,-1,5175.195,5188.128035384509,3.0,-1.0,-1.0400153161739494,stop,165.95419393306088,157.32444875937662
V3 Asymmetry M15,V3 Asymmetry,2026-03-10 08:45:00+00:00,2026-03-10 09:15:00+00:00,2026-03-10 13:15:00+00:00,-1,5183.075,5195.9703740329705,3.0,-1.0,-1.0401932893667758,stop,157.32444875937662,149.14205696673508
V3 Asymmetry M15,V3 Asymmetry,2026-03-10 15:45:00+00:00,2026-03-10 16:15:00+00:00,2026-03-10 18:30:00+00:00,-1,5228.365,5239.704807696198,2.0,2.0,1.9538937066653015,target,149.14205696673508,163.71244329205615
V3 Asymmetry M15,V3 Asymmetry,2026-03-11 05:30:00+00:00,2026-03-11 06:00:00+00:00,2026-03-11 07:45:00+00:00,1,5200.825,5189.388802471206,3.0,-1.0,-1.045476872770914,stop,163.71244329205615,155.15456462972293
V3 Asymmetry M15,V3 Asymmetry,2026-03-11 13:00:00+00:00,2026-03-11 13:30:00+00:00,2026-03-11 14:00:00+00:00,1,5177.505,5160.778877592838,3.0,-1.0,-1.030954604264902,stop,155.15456462972293,147.15669899083647
V3 Asymmetry M15,V3 Asymmetry,2026-03-12 00:00:00+00:00,2026-03-12 00:30:00+00:00,2026-03-12 08:00:00+00:00,1,5138.605,5123.975521009893,3.0,3.0,2.9648749965499452,target,147.15669899083647,168.97175986147437
V3 Asymmetry M15,V3 Asymmetry,2026-03-12 08:00:00+00:00,2026-03-12 08:30:00+00:00,2026-03-12 10:15:00+00:00,-1,5181.258,5190.298627896733,3.0,-1.0,-1.057310820212746,stop,168.97175986147437,160.03897636087802
V3 Asymmetry M15,V3 Asymmetry,2026-03-12 12:15:00+00:00,2026-03-12 12:45:00+00:00,2026-03-12 13:30:00+00:00,1,5171.795,5162.763987303685,3.0,-1.0,-1.0572670549130143,stop,160.03897636087802,151.5787795004601
V3 Asymmetry M15,V3 Asymmetry,2026-03-12 20:30:00+00:00,2026-03-12 21:00:00+00:00,2026-03-13 02:15:00+00:00,1,5072.175,5053.576990599257,3.0,3.0,2.9727273231736433,target,151.5787795004601,174.10889847217663
V3 Asymmetry M15,V3 Asymmetry,2026-03-13 05:45:00+00:00,2026-03-13 06:15:00+00:00,2026-03-13 06:30:00+00:00,1,5102.808,5096.98976799174,2.0,-1.0,-1.0877037559305984,stop,174.10889847217663,164.63995333172036
V3 Asymmetry M15,V3 Asymmetry,2026-03-13 07:00:00+00:00,2026-03-13 07:30:00+00:00,2026-03-13 07:30:00+00:00,1,5090.015,5082.680147799759,3.0,-1.0,-1.0693949225020833,stop,164.63995333172036,155.8366968250243
V3 Asymmetry M15,V3 Asymmetry,2026-03-15 22:00:00+00:00,2026-03-15 22:30:00+00:00,2026-03-15 23:30:00+00:00,1,5022.935,4995.802339107674,3.0,-1.0,-1.018512504246941,stop,155.8366968250243,147.90061560818296
V3 Asymmetry M15,V3 Asymmetry,2026-03-16 10:00:00+00:00,2026-03-16 10:30:00+00:00,2026-03-16 11:00:00+00:00,1,4976.485,4968.971511953304,3.0,3.0,2.933765982336413,target,147.90061560818296,169.595905350078
V3 Asymmetry M15,V3 Asymmetry,2026-03-16 13:15:00+00:00,2026-03-16 13:45:00+00:00,2026-03-16 13:45:00+00:00,-1,5021.295,5031.3111008558735,2.0,-1.0,-1.050132232814484,stop,169.595905350078,160.69099901200443
V3 Asymmetry M15,V3 Asymmetry,2026-03-16 14:00:00+00:00,2026-03-16 14:30:00+00:00,2026-03-16 14:45:00+00:00,-1,5027.985,5038.961241538031,2.0,2.0,1.9541921068101609,target,160.69099901200443,176.39205310723935
V3 Asymmetry M15,V3 Asymmetry,2026-03-16 16:30:00+00:00,2026-03-16 17:00:00+00:00,2026-03-17 03:30:00+00:00,1,4986.895,4972.368162205462,3.0,3.0,2.9656711593360336,target,176.39205310723935,202.5480943390498
V3 Asymmetry M15,V3 Asymmetry,2026-03-17 03:30:00+00:00,2026-03-17 04:00:00+00:00,2026-03-17 04:45:00+00:00,-1,5028.485,5034.310050931051,2.0,-1.0,-1.086325167960252,stop,202.5480943390498,191.54643970890496
V3 Asymmetry M15,V3 Asymmetry,2026-03-17 05:15:00+00:00,2026-03-17 05:45:00+00:00,2026-03-17 06:15:00+00:00,-1,5035.055,5045.1675016918725,2.0,2.0,1.9502096004191836,target,191.54643970890496,210.224224991226
V3 Asymmetry M15,V3 Asymmetry,2026-03-18 01:15:00+00:00,2026-03-18 01:45:00+00:00,2026-03-18 04:45:00+00:00,-1,5007.718,5016.425918547359,3.0,3.0,2.942492365164365,target,210.224224991226,241.1533838416899
V3 Asymmetry M15,V3 Asymmetry,2026-03-18 08:45:00+00:00,2026-03-18 09:15:00+00:00,2026-03-18 10:45:00+00:00,1,4986.649,4974.555571286117,3.0,-1.0,-1.041234368829373,stop,241.1533838416899,228.5985242709164
V3 Asymmetry M15,V3 Asymmetry,2026-03-18 11:00:00+00:00,2026-03-18 11:30:00+00:00,2026-03-18 11:30:00+00:00,1,4970.055,4949.065829626389,3.0,-1.0,-1.0236791398208318,stop,228.5985242709164,216.89794723641825
V3 Asymmetry M15,V3 Asymmetry,2026-03-18 13:15:00+00:00,2026-03-18 13:45:00+00:00,2026-03-18 20:15:00+00:00,1,4861.335,4832.0315794981525,4.0,-1.0,-1.016589650343698,stop,216.89794723641825,205.87313681935143
V3 Asymmetry M15,V3 Asymmetry,2026-03-18 20:30:00+00:00,2026-03-18 21:00:00+00:00,2026-03-18 22:30:00+00:00,1,4820.945,4805.058722435103,3.0,-1.0,-1.030346599323259,stop,205.87313681935143,195.26710249865988
V3 Asymmetry M15,V3 Asymmetry,2026-03-19 08:45:00+00:00,2026-03-19 09:15:00+00:00,2026-03-19 10:30:00+00:00,1,4708.835,4684.418977796025,3.0,-1.0,-1.0192858400957439,stop,195.26710249865988,185.31545286798945
V3 Asymmetry M15,V3 Asymmetry,2026-03-19 12:45:00+00:00,2026-03-19 13:15:00+00:00,2026-03-19 13:15:00+00:00,1,4573.915,4527.983433519962,4.0,-1.0,-1.0099581080083297,stop,185.31545286798945,175.9574106598264
V3 Asymmetry M15,V3 Asymmetry,2026-03-19 22:15:00+00:00,2026-03-19 22:45:00+00:00,2026-03-19 23:00:00+00:00,-1,4666.098,4679.160729150971,2.0,2.0,1.9642793022340725,target,175.9574106598264,193.23888565151628
V3 Asymmetry M15,V3 Asymmetry,2026-03-20 01:45:00+00:00,2026-03-20 02:15:00+00:00,2026-03-20 03:00:00+00:00,-1,4676.975,4701.273761753041,3.0,-1.0,-1.019247791502852,stop,193.23888565151628,183.39097027987728
V3 Asymmetry M15,V3 Asymmetry,2026-03-20 11:00:00+00:00,2026-03-20 11:30:00+00:00,2026-03-20 14:00:00+00:00,1,4662.375,4634.958014179465,3.0,-1.0,-1.0170054251423508,stop,183.39097027987728,174.06548969503956
V3 Asymmetry M15,V3 Asymmetry,2026-03-22 22:00:00+00:00,2026-03-22 22:30:00+00:00,2026-03-23 00:15:00+00:00,1,4507.095,4446.283625646587,3.0,-1.0,-1.0074115986489738,stop,174.06548969503956,165.29771003287476
V3 Asymmetry M15,V3 Asymmetry,2026-03-23 06:45:00+00:00,2026-03-23 07:15:00+00:00,2026-03-23 07:15:00+00:00,1,4220.075,4158.681052156368,3.0,-1.0,-1.0068737638614613,stop,165.29771003287476,156.9760136599507
V3 Asymmetry M15,V3 Asymmetry,2026-03-24 06:30:00+00:00,2026-03-24 07:00:00+00:00,2026-03-24 07:00:00+00:00,-1,4377.145,4399.6996336330085,2.0,-1.0,-1.0194068548007544,stop,156.9760136599507,148.97489244173815
V3 Asymmetry M15,V3 Asymmetry,2026-03-24 13:45:00+00:00,2026-03-24 14:15:00+00:00,2026-03-24 20:30:00+00:00,1,4381.175,4348.225440074102,3.0,3.0,2.986703388422021,target,148.97489244173815,171.22208324401544
V3 Asymmetry M15,V3 Asymmetry,2026-03-25 02:45:00+00:00,2026-03-25 03:15:00+00:00,2026-03-25 06:15:00+00:00,-1,4583.285,4604.0509562447105,2.0,2.0,1.9779288516936588,target,171.22208324401544,188.155338168787
V3 Asymmetry M15,V3 Asymmetry,2026-03-25 09:45:00+00:00,2026-03-25 10:15:00+00:00,2026-03-25 12:45:00+00:00,1,4551.715,4526.188935173856,3.0,-1.0,-1.0178316361374204,stop,188.155338168787,178.5798153839707
V3 Asymmetry M15,V3 Asymmetry,2026-03-26 06:15:00+00:00,2026-03-26 06:45:00+00:00,2026-03-26 08:45:00+00:00,1,4440.005,4413.769111318396,2.0,-1.0,-1.016923402343574,stop,178.5798153839707,169.49971571146295
V3 Asymmetry M15,V3 Asymmetry,2026-03-26 20:00:00+00:00,2026-03-26 20:30:00+00:00,2026-03-27 13:30:00+00:00,1,4396.068,4348.876897219123,3.0,0.5491925060607286,0.539877046703035,time_exit,169.49971571146295,174.0751660082284
V3 Asymmetry M15,V3 Asymmetry,2026-03-27 14:15:00+00:00,2026-03-27 14:45:00+00:00,2026-03-27 15:00:00+00:00,-1,4454.728,4471.221379821816,4.0,-1.0,-1.0270091882205223,stop,174.0751660082284,165.13632626165523
V3 Asymmetry M15,V3 Asymmetry,2026-03-29 22:00:00+00:00,2026-03-29 22:30:00+00:00,2026-03-29 23:15:00+00:00,1,4496.315,4462.179388568005,2.0,-1.0,-1.013171918742272,stop,165.13632626165523,156.77075183502666
V3 Asymmetry M15,V3 Asymmetry,2026-03-30 06:45:00+00:00,2026-03-30 07:15:00+00:00,2026-03-30 11:45:00+00:00,-1,4532.305,4552.085332616151,2.0,-1.0,-1.0229131890143206,stop,156.77075183502666,148.75260834983968
V3 Asymmetry M15,V3 Asymmetry,2026-03-30 11:45:00+00:00,2026-03-30 12:15:00+00:00,2026-03-31 00:30:00+00:00,-1,4559.355,4581.876638691467,3.0,3.0,2.9797556693699763,target,148.75260834983968,170.91492975303998
V3 Asymmetry M15,V3 Asymmetry,2026-03-31 01:45:00+00:00,2026-03-31 02:15:00+00:00,2026-03-31 03:30:00+00:00,-1,4604.825,4621.188924968629,3.0,3.0,2.971859899083944,target,170.91492975303998,196.3116910474304
V3 Asymmetry M15,V3 Asymmetry,2026-03-31 12:00:00+00:00,2026-03-31 12:30:00+00:00,2026-03-31 14:00:00+00:00,-1,4575.435,4598.902915864669,2.0,-1.0,-1.0194965544720074,stop,196.3116910474304,186.30473641615896
V3 Asymmetry M15,V3 Asymmetry,2026-03-31 14:30:00+00:00,2026-03-31 15:00:00+00:00,2026-03-31 16:45:00+00:00,-1,4607.895,4631.852244732965,3.0,-1.0,-1.0192338269753518,stop,186.30473641615896,176.81033194210517
V3 Asymmetry M15,V3 Asymmetry,2026-03-31 17:45:00+00:00,2026-03-31 18:15:00+00:00,2026-03-31 18:45:00+00:00,-1,4654.125,4668.936271517812,2.0,-1.0,-1.0314228592352985,stop,176.81033194210517,167.69202103640174
V3 Asymmetry M15,V3 Asymmetry,2026-03-31 20:00:00+00:00,2026-03-31 20:30:00+00:00,2026-03-31 22:45:00+00:00,-1,4678.935,4688.369688565138,2.0,-1.0,-1.04959289294709,stop,167.69202103640174,158.89160336221468
V3 Asymmetry M15,V3 Asymmetry,2026-04-01 00:30:00+00:00,2026-04-01 01:00:00+00:00,2026-04-01 01:15:00+00:00,-1,4706.185,4723.934307442625,2.0,-1.0,-1.0265147528443739,stop,158.89160336221468,150.73637461449417
V3 Asymmetry M15,V3 Asymmetry,2026-04-01 16:00:00+00:00,2026-04-01 16:30:00+00:00,2026-04-01 17:15:00+00:00,-1,4774.625,4791.999439782801,3.0,-1.0,-1.027480742168886,stop,150.73637461449417,142.99243851145678
V3 Asymmetry M15,V3 Asymmetry,2026-04-01 23:30:00+00:00,2026-04-02 00:00:00+00:00,2026-04-02 01:15:00+00:00,-1,4789.155,4801.458929366112,2.0,2.0,1.9610762151057988,target,142.99243851145678,157.0133920166966
V3 Asymmetry M15,V3 Asymmetry,2026-04-02 13:15:00+00:00,2026-04-02 13:45:00+00:00,2026-04-02 14:15:00+00:00,1,4597.265,4578.699580285773,3.0,3.0,2.9752374841465237,target,157.0133920166966,180.37099848875002
V3 Asymmetry M15,V3 Asymmetry,2026-04-05 22:45:00+00:00,2026-04-05 23:15:00+00:00,2026-04-05 23:45:00+00:00,1,4644.485,4605.043839255718,2.0,-1.0,-1.0117757310189543,stop,180.37099848875002,171.24624854622135
V3 Asymmetry M15,V3 Asymmetry,2026-04-06 05:15:00+00:00,2026-04-06 05:45:00+00:00,2026-04-06 08:00:00+00:00,-1,4667.015,4679.945830985575,2.0,-1.0,-1.0360921506530112,stop,171.24624854622135,162.3749038488456
V3 Asymmetry M15,V3 Asymmetry,2026-04-06 13:15:00+00:00,2026-04-06 13:45:00+00:00,2026-04-06 15:30:00+00:00,1,4668.945,4658.294871471256,4.0,-1.0,-1.0438393300831892,stop,162.3749038488456,153.90023830605054
V3 Asymmetry M15,V3 Asymmetry,2026-04-07 23:15:00+00:00,2026-04-07 23:45:00+00:00,2026-04-08 00:00:00+00:00,-1,4814.345,4830.6728906217195,2.0,-1.0,-1.0294854069734887,stop,153.90023830605054,145.97833583275946
V3 Asymmetry M15,V3 Asymmetry,2026-04-08 10:15:00+00:00,2026-04-08 10:45:00+00:00,2026-04-08 12:30:00+00:00,1,4782.218,4769.485700758231,3.0,-1.0,-1.0375597361418578,stop,145.97833583275946,138.4052736523062
V3 Asymmetry M15,V3 Asymmetry,2026-04-08 18:00:00+00:00,2026-04-08 18:30:00+00:00,2026-04-08 18:30:00+00:00,1,4743.495,4725.390061343814,2.0,-1.0,-1.0262000059214738,stop,138.4052736523062,131.3036990202282
V3 Asymmetry M15,V3 Asymmetry,2026-04-08 19:00:00+00:00,2026-04-08 19:30:00+00:00,2026-04-09 11:45:00+00:00,1,4715.295,4697.691518092479,2.0,2.0,1.973213850391806,target,131.3036990202282,144.25821289594776
V3 Asymmetry M15,V3 Asymmetry,2026-04-09 12:00:00+00:00,2026-04-09 12:30:00+00:00,2026-04-09 13:45:00+00:00,-1,4742.195,4760.401098402589,3.0,-1.0,-1.0260472886344807,stop,144.25821289594776,136.8574254856906
V3 Asymmetry M15,V3 Asymmetry,2026-04-09 16:00:00+00:00,2026-04-09 16:30:00+00:00,2026-04-10 02:30:00+00:00,-1,4787.825,4802.020830312486,3.0,3.0,2.96627301894565,target,136.8574254856906,157.15524991871905
V3 Asymmetry M15,V3 Asymmetry,2026-04-10 02:30:00+00:00,2026-04-10 03:00:00+00:00,2026-04-10 09:00:00+00:00,1,4749.635,4736.679363455355,3.0,-1.0,-1.036660761388549,stop,157.15524991871905,149.0094158668717
V3 Asymmetry M15,V3 Asymmetry,2026-04-10 12:15:00+00:00,2026-04-10 12:45:00+00:00,2026-04-10 12:45:00+00:00,-1,4762.465,4771.733813344746,3.0,-1.0,-1.0513816043420474,stop,149.0094158668717,141.17612793106255
V3 Asymmetry M15,V3 Asymmetry,2026-04-10 14:30:00+00:00,2026-04-10 15:00:00+00:00,2026-04-12 22:15:00+00:00,-1,4780.715,4795.901697022315,3.0,3.0,2.9685203767944044,target,141.17612793106255,162.1303385550772
V3 Asymmetry M15,V3 Asymmetry,2026-04-13 06:30:00+00:00,2026-04-13 07:00:00+00:00,2026-04-13 07:15:00+00:00,-1,4726.175,4733.386878058411,2.0,-1.0,-1.0655332073243848,stop,162.1303385550772,153.49257557281823
V3 Asymmetry M15,V3 Asymmetry,2026-04-13 16:45:00+00:00,2026-04-13 17:15:00+00:00,2026-04-13 17:30:00+00:00,-1,4732.795,4747.314366271217,3.0,-1.0,-1.0325964295658148,stop,153.49257557281823,145.56778129775057
V3 Asymmetry M15,V3 Asymmetry,2026-04-14 14:30:00+00:00,2026-04-14 15:00:00+00:00,2026-04-14 16:30:00+00:00,-1,4798.315,4818.76769608581,3.0,-1.0,-1.0234605500412681,stop,145.56778129775057,138.11863722198643
V3 Asymmetry M15,V3 Asymmetry,2026-04-15 00:15:00+00:00,2026-04-15 00:45:00+00:00,2026-04-15 00:45:00+00:00,1,4833.325,4827.61932699255,2.0,-1.0,-1.0847108657241484,stop,138.11863722198643,130.6276978943014
V3 Asymmetry M15,V3 Asymmetry,2026-04-15 06:30:00+00:00,2026-04-15 07:00:00+00:00,2026-04-15 07:15:00+00:00,1,4815.905,4810.018277568574,2.0,-1.0,-1.0818096157259094,stop,130.6276978943014,123.56198291119169
V3 Asymmetry M15,V3 Asymmetry,2026-04-15 09:45:00+00:00,2026-04-15 10:15:00+00:00,2026-04-16 00:45:00+00:00,1,4797.925,4784.854969094386,3.0,3.0,2.963290637683655,target,123.56198291119169,141.8694862679098
V3 Asymmetry M15,V3 Asymmetry,2026-04-16 08:30:00+00:00,2026-04-16 09:00:00+00:00,2026-04-16 10:30:00+00:00,1,4811.725,4805.3310509566845,3.0,-1.0,-1.075254353254975,stop,141.8694862679098,134.24219713272893
V3 Asymmetry M15,V3 Asymmetry,2026-04-17 00:45:00+00:00,2026-04-17 01:15:00+00:00,2026-04-17 01:15:00+00:00,-1,4794.665,4801.595722632129,3.0,3.0,2.9308201286576776,target,134.24219713272893,153.9141838063206
V3 Asymmetry M15,V3 Asymmetry,2026-04-19 23:45:00+00:00,2026-04-20 00:15:00+00:00,2026-04-20 12:30:00+00:00,1,4754.995,4735.187279233544,3.0,3.0,2.975994234490358,target,153.9141838063206,176.81656998701558
V3 Asymmetry M15,V3 Asymmetry,2026-04-20 14:30:00+00:00,2026-04-20 15:00:00+00:00,2026-04-20 22:15:00+00:00,-1,4813.765,4828.397915367211,3.0,-1.0,-1.0328968280017987,stop,176.81656998701558,167.68490627312826
V3 Asymmetry M15,V3 Asymmetry,2026-04-20 22:15:00+00:00,2026-04-20 22:45:00+00:00,2026-04-21 01:15:00+00:00,-1,4828.505,4833.540384932288,3.0,3.0,2.9041085226863528,target,167.68490627312826,192.03366454481096
V3 Asymmetry M15,V3 Asymmetry,2026-04-21 02:15:00+00:00,2026-04-21 02:45:00+00:00,2026-04-21 02:45:00+00:00,1,4807.275,4802.67942694733,2.0,-1.0,-1.1046066495930835,stop,192.03366454481096,181.4275814047147
V3 Asymmetry M15,V3 Asymmetry,2026-04-21 02:45:00+00:00,2026-04-21 03:15:00+00:00,2026-04-21 03:15:00+00:00,1,4806.645,4801.448337520913,2.0,-1.0,-1.0924948468241482,stop,181.4275814047147,171.51714651689372
V3 Asymmetry M15,V3 Asymmetry,2026-04-21 06:00:00+00:00,2026-04-21 06:30:00+00:00,2026-04-21 07:00:00+00:00,1,4784.835,4774.604093130364,2.0,-1.0,-1.0467684347142365,stop,171.51714651689372,162.54020976758667
V3 Asymmetry M15,V3 Asymmetry,2026-04-21 07:00:00+00:00,2026-04-21 07:30:00+00:00,2026-04-21 12:45:00+00:00,1,4782.838,4771.578620837577,3.0,-1.0,-1.0424787009212921,stop,162.54020976758667,154.06797443128727
V3 Asymmetry M15,V3 Asymmetry,2026-04-21 13:15:00+00:00,2026-04-21 13:45:00+00:00,2026-04-21 14:45:00+00:00,1,4774.455,4758.569058624318,3.0,-1.0,-1.030054592844644,stop,154.06797443128727,146.13305319762634
V3 Asymmetry M15,V3 Asymmetry,2026-04-21 17:30:00+00:00,2026-04-21 18:00:00+00:00,2026-04-21 18:30:00+00:00,1,4717.535,4695.170021602919,2.0,-1.0,-1.0210934028919778,stop,146.13305319762634,138.6722783693984
V3 Asymmetry M15,V3 Asymmetry,2026-04-22 02:30:00+00:00,2026-04-22 03:00:00+00:00,2026-04-22 03:15:00+00:00,-1,4751.088,4759.438420673585,2.0,-1.0,-1.056896391040862,stop,138.6722783693984,131.34416684209685
V3 Asymmetry M15,V3 Asymmetry,2026-04-22 03:30:00+00:00,2026-04-22 04:00:00+00:00,2026-04-22 05:30:00+00:00,-1,4758.988,4765.6837201649905,2.0,-1.0,-1.0710750730725458,stop,131.34416684209685,124.31019368719429
V3 Asymmetry M15,V3 Asymmetry,2026-04-22 07:00:00+00:00,2026-04-22 07:30:00+00:00,2026-04-22 10:15:00+00:00,-1,4765.455,4772.8952311046505,2.0,2.0,1.935950175028551,target,124.31019368719429,136.34311074852215
V3 Asymmetry M15,V3 Asymmetry,2026-04-22 13:15:00+00:00,2026-04-22 13:45:00+00:00,2026-04-22 14:45:00+00:00,1,4749.758,4735.410475567524,3.0,-1.0,-1.0331050699537334,stop,136.34311074852215,129.30027280014409
V3 Asymmetry M15,V3 Asymmetry,2026-04-23 08:00:00+00:00,2026-04-23 08:30:00+00:00,2026-04-23 09:15:00+00:00,-1,4718.155,4725.595305165191,3.0,3.0,2.9365865391909836,target,129.30027280014409,148.28534483107532
V3 Asymmetry M15,V3 Asymmetry,2026-04-23 17:45:00+00:00,2026-04-23 18:15:00+00:00,2026-04-24 04:30:00+00:00,1,4709.185,4662.4666457075355,3.0,-1.0,-1.01007994624665,stop,148.28534483107532,140.7963421742684
V3 Asymmetry M15,V3 Asymmetry,2026-04-24 04:30:00+00:00,2026-04-24 05:00:00+00:00,2026-04-24 11:15:00+00:00,1,4668.075,4656.524537624816,3.0,3.0,2.959585384131208,target,140.7963421742684,161.63128199617347
V3 Asymmetry M15,V3 Asymmetry,2026-04-24 11:30:00+00:00,2026-04-24 12:00:00+00:00,2026-04-24 14:15:00+00:00,-1,4705.135,4718.2239710041995,4.0,-1.0,-1.0359473254122915,stop,161.63128199617347,153.25920728182868
V3 Asymmetry M15,V3 Asymmetry,2026-04-27 08:30:00+00:00,2026-04-27 09:00:00+00:00,2026-04-27 09:15:00+00:00,1,4711.795,4704.677530349532,3.0,-1.0,-1.0662004227821384,stop,153.25920728182868,145.08895570187164
V3 Asymmetry M15,V3 Asymmetry,2026-04-27 09:30:00+00:00,2026-04-27 10:00:00+00:00,2026-04-27 12:45:00+00:00,1,4704.475,4698.523547228056,3.0,-1.0,-1.0790475062185985,stop,145.08895570187164,137.26106191037337
V3 Asymmetry M15,V3 Asymmetry,2026-04-27 14:30:00+00:00,2026-04-27 15:00:00+00:00,2026-04-27 15:00:00+00:00,1,4693.455,4682.554237929676,3.0,-1.0,-1.0430562099211145,stop,137.26106191037337,130.1025117600743
V3 Asymmetry M15,V3 Asymmetry,2026-04-27 23:45:00+00:00,2026-04-28 00:15:00+00:00,2026-04-28 00:15:00+00:00,-1,4691.855,4695.34710125972,3.0,-1.0,-1.134356212808543,stop,130.1025117600743,122.72338213422246
V3 Asymmetry M15,V3 Asymmetry,2026-04-28 02:00:00+00:00,2026-04-28 02:30:00+00:00,2026-04-28 05:15:00+00:00,1,4677.185,4665.410171895998,3.0,-1.0,-1.0397218962237782,stop,122.72338213422246,116.34347275504301
V3 Asymmetry M15,V3 Asymmetry,2026-04-28 05:45:00+00:00,2026-04-28 06:15:00+00:00,2026-04-28 08:00:00+00:00,1,4631.805,4622.768696095435,3.0,-1.0,-1.0512577382181671,stop,116.34347275504301,110.22812395379734
V3 Asymmetry M15,V3 Asymmetry,2026-04-28 10:00:00+00:00,2026-04-28 10:30:00+00:00,2026-04-28 11:00:00+00:00,1,4612.555,4603.410832447046,3.0,-1.0,-1.0504425905725,stop,110.22812395379734,104.43870814979866
V3 Asymmetry M15,V3 Asymmetry,2026-04-28 12:00:00+00:00,2026-04-28 12:30:00+00:00,2026-04-29 05:30:00+00:00,1,4581.625,4553.384874196257,3.0,0.6685522625220747,0.6523284502351167,time_exit,104.43870814979866,107.84512518139444
V3 Asymmetry M15,V3 Asymmetry,2026-04-29 08:30:00+00:00,2026-04-29 09:00:00+00:00,2026-04-29 10:00:00+00:00,1,4568.165,4556.244427665388,3.0,-1.0,-1.0383216918766225,stop,107.84512518139444,102.24622853944486
V3 Asymmetry M15,V3 Asymmetry,2026-04-30 00:00:00+00:00,2026-04-30 00:30:00+00:00,2026-04-30 01:00:00+00:00,-1,4557.695,4569.185620452774,3.0,-1.0,-1.0396644812935198,stop,102.24622853944486,96.93113993151083
V3 Asymmetry M15,V3 Asymmetry,2026-04-30 09:30:00+00:00,2026-04-30 10:00:00+00:00,2026-04-30 10:30:00+00:00,-1,4619.125,4632.568104174645,3.0,-1.0,-1.0343605534852003,stop,96.93113993151083,91.91805255403538
V3 Asymmetry M15,V3 Asymmetry,2026-04-30 10:30:00+00:00,2026-04-30 11:00:00+00:00,2026-05-01 04:00:00+00:00,-1,4636.395,4647.753892136923,3.0,0.8786068112716596,0.8377894943704004,time_exit,91.91805255403538,95.76845149267325
V3 Asymmetry M15,V3 Asymmetry,2026-05-01 05:00:00+00:00,2026-05-01 05:30:00+00:00,2026-05-01 06:00:00+00:00,1,4614.045,4606.590211494204,2.0,-1.0,-1.0618937076003216,stop,95.76845149267325,90.68365569133843
V3 Asymmetry M15,V3 Asymmetry,2026-05-01 07:00:00+00:00,2026-05-01 07:30:00+00:00,2026-05-01 07:30:00+00:00,1,4595.665,4589.091887175555,2.0,-1.0,-1.0699161131527957,stop,90.68365569133843,85.83246047015027
V3 Asymmetry M15,V3 Asymmetry,2026-05-01 08:30:00+00:00,2026-05-01 09:00:00+00:00,2026-05-01 09:00:00+00:00,1,4570.775,4565.12246206937,3.0,-1.0,-1.080862349905381,stop,85.83246047015027,81.1938067240539
V3 Asymmetry M15,V3 Asymmetry,2026-05-01 14:15:00+00:00,2026-05-01 14:45:00+00:00,2026-05-04 01:45:00+00:00,-1,4644.355,4661.408236427651,3.0,3.0,2.9727655508694566,target,81.1938067240539,93.26231430271493
V3 Asymmetry M15,V3 Asymmetry,2026-05-04 02:30:00+00:00,2026-05-04 03:00:00+00:00,2026-05-04 06:15:00+00:00,1,4603.825,4589.7089773980915,2.0,-1.0,-1.0326141798567086,stop,93.26231430271493,88.4471148929531
V3 Asymmetry M15,V3 Asymmetry,2026-05-04 08:00:00+00:00,2026-05-04 08:30:00+00:00,2026-05-04 10:00:00+00:00,1,4580.025,4573.114633501467,3.0,-1.0,-1.0662775990386726,stop,88.4471148929531,83.73165602745532
V3 Asymmetry M15,V3 Asymmetry,2026-05-04 10:15:00+00:00,2026-05-04 10:45:00+00:00,2026-05-04 15:30:00+00:00,1,4544.905,4524.76674560337,4.0,-1.0,-1.0225685151775643,stop,83.73165602745532,79.45058826858764
V3 Asymmetry M15,V3 Asymmetry,2026-05-05 01:30:00+00:00,2026-05-05 02:00:00+00:00,2026-05-05 02:45:00+00:00,-1,4536.615,4542.743599795687,3.0,-1.0,-1.0740236783480672,stop,79.45058826858764,75.18399761563033
V3 Asymmetry M15,V3 Asymmetry,2026-05-05 02:45:00+00:00,2026-05-05 03:15:00+00:00,2026-05-05 05:45:00+00:00,-1,4538.825,4547.310784066795,3.0,-1.0,-1.0534873968542307,stop,75.18399761563033,71.22372791897108
V3 Asymmetry M15,V3 Asymmetry,2026-05-05 06:00:00+00:00,2026-05-05 06:30:00+00:00,2026-05-05 07:15:00+00:00,-1,4543.475,4552.540263913446,2.0,-1.0,-1.0501196108947357,stop,71.22372791897108,67.48405624653395
V3 Asymmetry M15,V3 Asymmetry,2026-05-05 07:15:00+00:00,2026-05-05 07:45:00+00:00,2026-05-05 07:45:00+00:00,-1,4548.745,4556.2196618191365,2.0,-1.0,-1.0608555291204522,stop,67.48405624653395,63.904514536703395
V3 Asymmetry M15,V3 Asymmetry,2026-05-05 12:30:00+00:00,2026-05-05 13:00:00+00:00,2026-05-05 13:15:00+00:00,-1,4566.865,4575.278334906886,2.0,-1.0,-1.054281269562467,stop,63.904514536703395,60.53584790087696
V3 Asymmetry M15,V3 Asymmetry,2026-05-05 13:15:00+00:00,2026-05-05 13:45:00+00:00,2026-05-05 14:30:00+00:00,-1,4576.685,4585.7279478828095,3.0,-1.0,-1.0506105427047787,stop,60.53584790087696,57.35586790006524
V3 Asymmetry M15,V3 Asymmetry,2026-05-06 00:00:00+00:00,2026-05-06 00:30:00+00:00,2026-05-06 00:30:00+00:00,-1,4591.505,4598.591307361638,2.0,-1.0,-1.0647940424494722,stop,57.35586790006524,54.30225857808982
V3 Asymmetry M15,V3 Asymmetry,2026-05-06 01:00:00+00:00,2026-05-06 01:30:00+00:00,2026-05-06 01:30:00+00:00,-1,4611.058,4623.324451607553,2.0,-1.0,-1.0375908057808731,stop,54.30225857808982,51.48508236640174
V3 Asymmetry M15,V3 Asymmetry,2026-05-06 02:15:00+00:00,2026-05-06 02:45:00+00:00,2026-05-06 03:00:00+00:00,-1,4630.075,4637.156205847496,2.0,-1.0,-1.0653854032733339,stop,51.48508236640174,48.742509604427255
V3 Asymmetry M15,V3 Asymmetry,2026-05-06 03:15:00+00:00,2026-05-06 03:45:00+00:00,2026-05-06 04:30:00+00:00,-1,4645.405,4651.951811490272,2.0,-1.0,-1.070956755160927,stop,48.742509604427255,46.13245360820937
V3 Asymmetry M15,V3 Asymmetry,2026-05-06 06:00:00+00:00,2026-05-06 06:30:00+00:00,2026-05-06 06:45:00+00:00,-1,4660.395,4666.592395747917,3.0,-1.0,-1.0751992480319914,stop,46.13245360820937,43.6523746367385
V3 Asymmetry M15,V3 Asymmetry,2026-05-06 07:00:00+00:00,2026-05-06 07:30:00+00:00,2026-05-06 08:00:00+00:00,-1,4658.608,4670.986801508649,3.0,-1.0,-1.0376337563595739,stop,43.6523746367385,41.38761576332178
V3 Asymmetry M15,V3 Asymmetry,2026-05-06 09:00:00+00:00,2026-05-06 09:30:00+00:00,2026-05-06 10:45:00+00:00,-1,4695.715,4709.469327898923,3.0,-1.0,-1.0341399087945808,stop,41.38761576332178,39.247586503786444
V3 Asymmetry M15,V3 Asymmetry,2026-05-07 00:15:00+00:00,2026-05-07 00:45:00+00:00,2026-05-07 01:15:00+00:00,-1,4692.105,4701.735722345793,2.0,-1.0,-1.0487201772777663,stop,39.247586503786444,37.189599709987675
V3 Asymmetry M15,V3 Asymmetry,2026-05-07 01:15:00+00:00,2026-05-07 01:45:00+00:00,2026-05-07 01:45:00+00:00,-1,4703.805,4717.147024961428,3.0,-1.0,-1.0352555553868248,stop,37.189599709987675,35.264562724868824
V3 Asymmetry M15,V3 Asymmetry,2026-05-07 07:15:00+00:00,2026-05-07 07:45:00+00:00,2026-05-07 08:15:00+00:00,-1,4739.335,4751.408743543247,3.0,-1.0,-1.0392532356101845,stop,35.264562724868824,33.43212217915891
V3 Asymmetry M15,V3 Asymmetry,2026-05-07 15:00:00+00:00,2026-05-07 15:30:00+00:00,2026-05-07 16:15:00+00:00,-1,4754.665,4765.741625699548,3.0,3.0,2.9570747885775917,target,33.43212217915891,38.375186460390736
V3 Asymmetry M15,V3 Asymmetry,2026-05-07 16:15:00+00:00,2026-05-07 16:45:00+00:00,2026-05-07 17:30:00+00:00,1,4719.975,4702.988217759226,4.0,-1.0,-1.0277861629889529,stop,38.375186460390736,36.40311217808521
V3 Asymmetry M15,V3 Asymmetry,2026-05-07 22:00:00+00:00,2026-05-07 22:30:00+00:00,2026-05-08 02:00:00+00:00,1,4690.995,4674.310939267103,2.0,2.0,1.971883373747552,target,36.40311217808521,39.99224676091688
V3 Asymmetry M15,V3 Asymmetry,2026-05-11 00:15:00+00:00,2026-05-11 00:45:00+00:00,2026-05-11 01:00:00+00:00,1,4683.118,4674.800804688528,3.0,-1.0,-1.0563064569800382,stop,39.99224676091688,37.8800433367821
V3 Asymmetry M15,V3 Asymmetry,2026-05-11 13:45:00+00:00,2026-05-11 14:15:00+00:00,2026-05-11 23:00:00+00:00,-1,4735.625,4749.6402499774285,3.0,-1.0,-1.0337890869419146,stop,37.8800433367821,35.9220445660595
V3 Asymmetry M15,V3 Asymmetry,2026-05-12 13:15:00+00:00,2026-05-12 13:45:00+00:00,2026-05-12 14:00:00+00:00,1,4690.475,4678.1053353647385,3.0,-1.0,-1.0379191767788836,stop,35.9220445660595,34.057835619848554
V3 Asymmetry M15,V3 Asymmetry,2026-05-12 14:00:00+00:00,2026-05-12 14:30:00+00:00,2026-05-12 14:45:00+00:00,1,4692.665,4674.702554954931,3.0,-1.0,-1.0261248676793484,stop,34.057835619848554,32.31045601640545
V3 Asymmetry M15,V3 Asymmetry,2026-05-12 20:00:00+00:00,2026-05-12 20:30:00+00:00,2026-05-12 22:15:00+00:00,-1,4713.335,4720.017833190923,2.0,-1.0,-1.0705289936968958,stop,32.31045601640545,30.580992018148937
V3 Asymmetry M15,V3 Asymmetry,2026-05-13 01:30:00+00:00,2026-05-13 02:00:00+00:00,2026-05-13 02:15:00+00:00,1,4708.665,4700.545643854743,2.0,-1.0,-1.0579930836357068,stop,30.580992018148937,28.96326811585292
V3 Asymmetry M15,V3 Asymmetry,2026-05-13 06:15:00+00:00,2026-05-13 06:45:00+00:00,2026-05-13 12:30:00+00:00,-1,4708.265,4715.941174392654,3.0,3.0,2.938663913048849,target,28.96326811585292,33.21893365665368
V3 Asymmetry M15,V3 Asymmetry,2026-05-13 13:45:00+00:00,2026-05-13 14:15:00+00:00,2026-05-14 04:15:00+00:00,1,4679.155,4668.519846962018,3.0,-1.0,-1.043997063166738,stop,33.21893365665368,31.484910197699826
V3 Asymmetry M15,V3 Asymmetry,2026-05-14 18:45:00+00:00,2026-05-14 19:15:00+00:00,2026-05-14 19:30:00+00:00,1,4671.575,4665.783293980605,2.0,-1.0,-1.0806597397097863,stop,31.484910197699826,29.78368645474821
V3 Asymmetry M15,V3 Asymmetry,2026-05-14 20:30:00+00:00,2026-05-14 21:00:00+00:00,2026-05-15 00:15:00+00:00,1,4650.555,4643.226659000539,2.0,-1.0,-1.0634598608381083,stop,29.78368645474821,28.19999870212759
V3 Asymmetry M15,V3 Asymmetry,2026-05-15 01:30:00+00:00,2026-05-15 02:00:00+00:00,2026-05-15 04:45:00+00:00,1,4622.695,4606.207417047526,2.0,-1.0,-1.0280374328567456,stop,28.19999870212759,26.75046598851265
V3 Asymmetry M15,V3 Asymmetry,2026-05-15 06:00:00+00:00,2026-05-15 06:30:00+00:00,2026-05-15 08:30:00+00:00,1,4570.785,4554.959154678962,2.0,-1.0,-1.0288817747632335,stop,26.75046598851265,25.37431264241243
V3 Asymmetry M15,V3 Asymmetry,2026-05-15 08:30:00+00:00,2026-05-15 09:00:00+00:00,2026-05-15 09:15:00+00:00,1,4562.145,4548.599728432422,3.0,-1.0,-1.033680720074449,stop,25.37431264241243,24.062865754232273
V3 Asymmetry M15,V3 Asymmetry,2026-05-15 09:15:00+00:00,2026-05-15 09:45:00+00:00,2026-05-15 10:00:00+00:00,1,4553.205,4537.964574841848,3.0,-1.0,-1.0298758397666126,stop,24.062865754232273,22.823777550440713
V3 Asymmetry M15,V3 Asymmetry,2026-05-15 13:45:00+00:00,2026-05-15 14:15:00+00:00,2026-05-18 00:45:00+00:00,1,4533.285,4509.6938303614525,3.0,-1.0,-1.0192160247645912,stop,22.823777550440713,21.66065955918714
V3 Asymmetry M15,V3 Asymmetry,2026-05-18 00:45:00+00:00,2026-05-18 01:15:00+00:00,2026-05-18 17:15:00+00:00,1,4514.525,4478.552704080381,3.0,1.071380044413034,1.0588300392365841,time_exit,21.66065955918714,22.807407409734356
V3 Asymmetry M15,V3 Asymmetry,2026-05-19 00:00:00+00:00,2026-05-19 00:30:00+00:00,2026-05-19 01:30:00+00:00,-1,4578.555,4590.140320441324,2.0,2.0,1.9604796861408436,target,22.807407409734356,25.043080355750472
V3 Asymmetry M15,V3 Asymmetry,2026-05-19 02:15:00+00:00,2026-05-19 02:45:00+00:00,2026-05-19 03:00:00+00:00,1,4559.425,4550.146148423097,2.0,-1.0,-1.0491378158408002,stop,25.043080355750472,23.72939822443259
V3 Asymmetry M15,V3 Asymmetry,2026-05-19 03:00:00+00:00,2026-05-19 03:30:00+00:00,2026-05-19 04:15:00+00:00,1,4551.605,4542.300458121553,2.0,-1.0,-1.0489180989183724,stop,23.72939822443259,22.484888460730147
V3 Asymmetry M15,V3 Asymmetry,2026-05-19 20:00:00+00:00,2026-05-19 20:30:00+00:00,2026-05-19 22:15:00+00:00,1,4485.478,4479.854603028649,2.0,-1.0,-1.0797645626451695,stop,22.484888460730147,21.27096917298386
V3 Asymmetry M15,V3 Asymmetry,2026-05-20 00:45:00+00:00,2026-05-20 01:15:00+00:00,2026-05-20 01:30:00+00:00,-1,4500.615,4509.631182207979,3.0,3.0,2.9500829187323085,target,21.27096917298386,24.40852531408892
V3 Asymmetry M15,V3 Asymmetry,2026-05-20 08:30:00+00:00,2026-05-20 09:00:00+00:00,2026-05-20 10:00:00+00:00,-1,4479.015,4490.207346575294,3.0,-1.0,-1.0400185516939515,stop,24.40852531408892,23.139259356781725
V3 Asymmetry M15,V3 Asymmetry,2026-05-20 12:45:00+00:00,2026-05-20 13:15:00+00:00,2026-05-20 14:30:00+00:00,-1,4495.965,4506.053580001796,3.0,-1.0,-1.0445648941595316,stop,23.139259356781725,21.93073645673439
V3 Asymmetry M15,V3 Asymmetry,2026-05-21 00:15:00+00:00,2026-05-21 00:45:00+00:00,2026-05-21 01:15:00+00:00,-1,4543.445,4553.824532703211,2.0,-1.0,-1.043773117055591,stop,21.93073645673439,20.786200799195875
V3 Asymmetry M15,V3 Asymmetry,2026-05-21 03:00:00+00:00,2026-05-21 03:30:00+00:00,2026-05-21 04:00:00+00:00,1,4537.655,4530.334963735583,2.0,-1.0,-1.0619895152986878,stop,20.786200799195875,19.682464433613916
V3 Asymmetry M15,V3 Asymmetry,2026-05-21 05:30:00+00:00,2026-05-21 06:00:00+00:00,2026-05-21 07:30:00+00:00,1,4525.805,4517.359507315235,3.0,-1.0,-1.0535884070820858,stop,19.682464433613916,18.64560361611086
V3 Asymmetry M15,V3 Asymmetry,2026-05-21 09:15:00+00:00,2026-05-21 09:45:00+00:00,2026-05-21 10:30:00+00:00,-1,4536.615,4543.227581002655,3.0,3.0,2.93139418635207,target,18.64560361611086,21.378484318175488
V3 Asymmetry M15,V3 Asymmetry,2026-05-22 14:15:00+00:00,2026-05-22 14:45:00+00:00,2026-05-22 16:45:00+00:00,1,4499.085,4490.5928494525615,3.0,3.0,2.947020663672089,target,21.378484318175488,24.528626070358133
V3 Asymmetry M15,V3 Asymmetry,2026-05-25 06:00:00+00:00,2026-05-25 06:30:00+00:00,2026-05-25 07:00:00+00:00,1,4553.595,4549.6135179675675,2.0,2.0,1.8856306530355553,target,24.528626070358133,26.841222530113853
V3 Asymmetry M15,V3 Asymmetry,2026-05-25 10:15:00+00:00,2026-05-25 10:45:00+00:00,2026-05-25 11:30:00+00:00,-1,4570.755,4574.159657239687,3.0,-1.0,-1.134250078002593,stop,26.841222530113853,25.318989592690524
V3 Asymmetry M15,V3 Asymmetry,2026-05-25 11:45:00+00:00,2026-05-25 12:15:00+00:00,2026-05-25 17:15:00+00:00,-1,4569.188,4577.42853916012,3.0,-1.0,-1.0554476826238839,stop,25.318989592690524,23.98284614809135
V3 Asymmetry M15,V3 Asymmetry,2026-05-25 23:15:00+00:00,2026-05-25 23:45:00+00:00,2026-05-26 00:30:00+00:00,-1,4568.065,4580.770102348924,2.0,2.0,1.9640454293515661,target,23.98284614809135,26.33801611609138
V3 Asymmetry M15,V3 Asymmetry,2026-05-26 00:45:00+00:00,2026-05-26 01:15:00+00:00,2026-05-26 01:45:00+00:00,1,4549.395,4538.388863425939,2.0,-1.0,-1.0413350767491094,stop,26.33801611609138,24.966681114407915
V3 Asymmetry M15,V3 Asymmetry,2026-05-26 05:00:00+00:00,2026-05-26 05:30:00+00:00,2026-05-26 07:30:00+00:00,1,4529.168,4522.054399211573,2.0,-1.0,-1.0636691337440307,stop,24.966681114407915,23.63886671073663
V3 Asymmetry M15,V3 Asymmetry,2026-05-26 08:30:00+00:00,2026-05-26 09:00:00+00:00,2026-05-26 09:30:00+00:00,1,4525.365,4519.043972723449,3.0,-1.0,-1.0715922397105881,stop,23.63886671073663,22.37230540459771
V3 Asymmetry M15,V3 Asymmetry,2026-05-26 12:30:00+00:00,2026-05-26 13:00:00+00:00,2026-05-26 16:30:00+00:00,1,4511.905,4499.526117309271,3.0,-1.0,-1.0364484025959737,stop,22.37230540459771,21.212918394648483
V3 Asymmetry M15,V3 Asymmetry,2026-05-27 04:00:00+00:00,2026-05-27 04:30:00+00:00,2026-05-27 05:45:00+00:00,1,4502.825,4494.723865025244,2.0,-1.0,-1.055582643839799,stop,21.212918394648483,20.093318970519437
V3 Asymmetry M15,V3 Asymmetry,2026-05-27 06:30:00+00:00,2026-05-27 07:00:00+00:00,2026-05-27 08:00:00+00:00,1,4487.395,4478.559735488537,3.0,-1.0,-1.0507895942920285,stop,20.093318970519437,19.037626446068817
V3 Asymmetry M15,V3 Asymmetry,2026-05-27 11:30:00+00:00,2026-05-27 12:00:00+00:00,2026-05-27 12:00:00+00:00,1,4442.958,4431.147375874835,3.0,-1.0,-1.037618316804559,stop,19.037626446068817,18.049936950622623
V3 Asymmetry M15,V3 Asymmetry,2026-05-28 00:30:00+00:00,2026-05-28 01:00:00+00:00,2026-05-28 01:15:00+00:00,1,4451.805,4442.611164432928,3.0,-1.0,-1.048421629553001,stop,18.049936950622623,17.103739735067588
V3 Asymmetry M15,V3 Asymmetry,2026-05-28 13:00:00+00:00,2026-05-28 13:30:00+00:00,2026-05-28 14:15:00+00:00,-1,4426.475,4440.066249803748,3.0,-1.0,-1.0325685648039475,stop,17.103739735067588,16.220700535516638
V3 Asymmetry M15,V3 Asymmetry,2026-05-28 17:00:00+00:00,2026-05-28 17:30:00+00:00,2026-05-28 18:15:00+00:00,-1,4503.565,4515.477951391445,2.0,-1.0,-1.0378039400314698,stop,16.220700535516638,15.37900518922515
V3 Asymmetry M15,V3 Asymmetry,2026-05-28 23:00:00+00:00,2026-05-28 23:30:00+00:00,2026-05-28 23:45:00+00:00,1,4494.358,4489.938835909762,2.0,-1.0,-1.1017015414731475,stop,15.37900518922515,14.531851503060507
V3 Asymmetry M15,V3 Asymmetry,2026-05-28 23:45:00+00:00,2026-05-29 00:15:00+00:00,2026-05-29 01:15:00+00:00,1,4494.795,4488.039167563319,2.0,2.0,1.9334679324549942,target,14.531851503060507,15.936694947078777
V3 Asymmetry M15,V3 Asymmetry,2026-05-29 01:15:00+00:00,2026-05-29 01:45:00+00:00,2026-05-29 06:15:00+00:00,-1,4505.195,4521.251381378861,3.0,-1.0,-1.0280585948583112,stop,15.936694947078777,15.117502136379809
V3 Asymmetry M15,V3 Asymmetry,2026-05-29 09:45:00+00:00,2026-05-29 10:15:00+00:00,2026-05-29 10:45:00+00:00,-1,4530.788,4540.1719034690705,3.0,-1.0,-1.048282551231834,stop,15.117502136379809,14.325131450990963
V3 Asymmetry M15,V3 Asymmetry,2026-06-01 03:15:00+00:00,2026-06-01 03:45:00+00:00,2026-06-01 03:45:00+00:00,1,4520.345,4512.73330535206,2.0,-1.0,-1.0593868410265648,stop,14.325131450990963,13.566338663233182
V3 Asymmetry M15,V3 Asymmetry,2026-06-01 06:15:00+00:00,2026-06-01 06:45:00+00:00,2026-06-01 06:45:00+00:00,1,4514.315,4503.87669295832,3.0,-1.0,-1.043247578194189,stop,13.566338663233182,12.858686165464173
V3 Asymmetry M15,V3 Asymmetry,2026-06-01 07:45:00+00:00,2026-06-01 08:15:00+00:00,2026-06-01 08:30:00+00:00,1,4502.915,4491.377757570633,3.0,-1.0,-1.039029387026991,stop,12.858686165464173,12.190658525240439
V3 Asymmetry M15,V3 Asymmetry,2026-06-01 09:30:00+00:00,2026-06-01 10:00:00+00:00,2026-06-01 13:15:00+00:00,1,4498.165,4488.156600809222,3.0,-1.0,-1.044943900760322,stop,12.190658525240439,11.553730811630347
V3 Asymmetry M15,V3 Asymmetry,2026-06-01 14:00:00+00:00,2026-06-01 14:30:00+00:00,2026-06-02 04:30:00+00:00,1,4461.035,4446.270553308072,3.0,3.0,2.9697852883139952,target,11.553730811630347,13.269335801106342
V3 Asymmetry M15,V3 Asymmetry,2026-06-02 06:30:00+00:00,2026-06-02 07:00:00+00:00,2026-06-02 07:15:00+00:00,-1,4532.555,4539.135242999383,2.0,-1.0,-1.068881270804515,stop,13.269335801106342,12.560168575415421
V3 Asymmetry M15,V3 Asymmetry,2026-06-02 14:00:00+00:00,2026-06-02 14:30:00+00:00,2026-06-02 14:30:00+00:00,1,4504.025,4490.238523483894,3.0,-1.0,-1.0326698775770464,stop,12.560168575415421,11.911643188159356
V3 Asymmetry M15,V3 Asymmetry,2026-06-03 06:45:00+00:00,2026-06-03 07:15:00+00:00,2026-06-03 08:00:00+00:00,1,4462.695,4454.19911461301,2.0,-1.0,-1.0525277213230089,stop,11.911643188159356,11.28477645505705
V3 Asymmetry M15,V3 Asymmetry,2026-06-03 08:15:00+00:00,2026-06-03 08:45:00+00:00,2026-06-03 09:00:00+00:00,1,4457.315,4449.596583077113,3.0,-1.0,-1.057749083063693,stop,11.28477645505705,10.687953357661284
V3 Asymmetry M15,V3 Asymmetry,2026-06-03 09:30:00+00:00,2026-06-03 10:00:00+00:00,2026-06-03 13:45:00+00:00,1,4446.655,4437.739332959203,3.0,-1.0,-1.0498746193599748,stop,10.687953357661284,10.126902809505694
V3 Asymmetry M15,V3 Asymmetry,2026-06-03 13:45:00+00:00,2026-06-03 14:15:00+00:00,2026-06-03 22:30:00+00:00,1,4445.715,4424.951143116361,3.0,-1.0,-1.0214108343402375,stop,10.126902809505694,9.60971639710871
V3 Asymmetry M15,V3 Asymmetry,2026-06-04 00:00:00+00:00,2026-06-04 00:30:00+00:00,2026-06-04 01:15:00+00:00,-1,4452.905,4465.981704598437,2.0,-1.0,-1.0340521953866881,stop,9.60971639710871,9.112868980235024
V3 Asymmetry M15,V3 Asymmetry,2026-06-04 03:00:00+00:00,2026-06-04 03:30:00+00:00,2026-06-04 04:00:00+00:00,-1,4471.498,4477.854950425036,2.0,2.0,1.9296596999971969,target,9.112868980235024,9.992105781360728
V3 Asymmetry M15,V3 Asymmetry,2026-06-04 13:45:00+00:00,2026-06-04 14:15:00+00:00,2026-06-05 06:30:00+00:00,-1,4495.625,4516.253026466387,3.0,3.0,2.978206228272368,target,9.992105781360728,11.48003336494097
V3 Asymmetry M15,V3 Asymmetry,2026-06-05 08:30:00+00:00,2026-06-05 09:00:00+00:00,2026-06-05 09:15:00+00:00,-1,4461.615,4468.733726301595,2.0,-1.0,-1.0626743438499677,stop,11.48003336494097,10.870056518767752
V3 Asymmetry M15,V3 Asymmetry,2026-06-05 09:15:00+00:00,2026-06-05 09:45:00+00:00,2026-06-05 12:00:00+00:00,-1,4462.765,4470.044115191183,2.0,-1.0,-1.0613091685292462,stop,10.870056518767752,10.293231986477787
V3 Asymmetry M15,V3 Asymmetry,2026-06-05 12:15:00+00:00,2026-06-05 12:45:00+00:00,2026-06-05 12:45:00+00:00,-1,4464.265,4476.3842994486795,2.0,2.0,1.9631640011957412,target,10.293231986477787,11.303597111068274
V3 Asymmetry M15,V3 Asymmetry,2026-06-05 13:00:00+00:00,2026-06-05 13:30:00+00:00,2026-06-05 13:45:00+00:00,1,4418.295,4398.532860463285,4.0,-1.0,-1.0223573717399954,stop,11.303597111068274,10.725781319384296
V3 Asymmetry M15,V3 Asymmetry,2026-06-05 19:15:00+00:00,2026-06-05 19:45:00+00:00,2026-06-05 20:15:00+00:00,1,4323.665,4312.420997735336,2.0,-1.0,-1.03845307834549,stop,10.725781319384296,10.168870287945538
V3 Asymmetry M15,V3 Asymmetry,2026-06-07 22:00:00+00:00,2026-06-07 22:30:00+00:00,2026-06-08 01:45:00+00:00,1,4330.115,4308.511354664318,3.0,-1.0,-1.020043446060689,stop,10.168870287945538,9.65023581339253
V3 Asymmetry M15,V3 Asymmetry,2026-06-08 11:30:00+00:00,2026-06-08 12:00:00+00:00,2026-06-08 12:15:00+00:00,-1,4323.905,4334.382365507349,3.0,-1.0,-1.0412690098189943,stop,9.65023581339253,9.14781123889598
V3 Asymmetry M15,V3 Asymmetry,2026-06-09 02:45:00+00:00,2026-06-09 03:15:00+00:00,2026-06-09 03:30:00+00:00,-1,4335.755,4341.573657306264,2.0,-1.0,-1.0745146993848982,stop,9.14781123889598,8.656338356726375
V3 Asymmetry M15,V3 Asymmetry,2026-06-09 07:15:00+00:00,2026-06-09 07:45:00+00:00,2026-06-09 08:15:00+00:00,1,4330.985,4321.761592058708,3.0,-1.0,-1.0469564506695055,stop,8.656338356726375,8.203197892638748
V3 Asymmetry M15,V3 Asymmetry,2026-06-09 13:00:00+00:00,2026-06-09 13:30:00+00:00,2026-06-09 14:00:00+00:00,-1,4340.785,4346.231010749799,3.0,-1.0,-1.0797057736281603,stop,8.203197892638748,7.760345886293927
V3 Asymmetry M15,V3 Asymmetry,2026-06-09 14:45:00+00:00,2026-06-09 15:15:00+00:00,2026-06-09 15:30:00+00:00,1,4300.285,4277.111843316535,4.0,-1.0,-1.0185571826002817,stop,7.760345886293927,7.365128084196566
V3 Asymmetry M15,V3 Asymmetry,2026-06-09 15:30:00+00:00,2026-06-09 16:00:00+00:00,2026-06-09 16:15:00+00:00,1,4279.545,4261.462022145199,4.0,-1.0,-1.023666151860401,stop,7.365128084196566,6.988156468001143
V3 Asymmetry M15,V3 Asymmetry,2026-06-09 16:15:00+00:00,2026-06-09 16:45:00+00:00,2026-06-09 16:45:00+00:00,1,4263.125,4251.442267730687,3.0,-1.0,-1.0364908216821658,stop,6.988156468001143,6.625998466023041
V3 Asymmetry M15,V3 Asymmetry,2026-06-09 23:45:00+00:00,2026-06-10 00:15:00+00:00,2026-06-10 00:45:00+00:00,1,4221.805,4209.004931098781,3.0,-1.0,-1.0329826740198071,stop,6.625998466023041,6.28377138534886
V3 Asymmetry M15,V3 Asymmetry,2026-06-10 02:15:00+00:00,2026-06-10 02:45:00+00:00,2026-06-10 02:45:00+00:00,1,4187.755,4176.5133270437,2.0,-1.0,-1.0372520621821957,stop,6.28377138534886,5.957878643962131
V3 Asymmetry M15,V3 Asymmetry,2026-06-10 12:15:00+00:00,2026-06-10 12:45:00+00:00,2026-06-10 13:45:00+00:00,1,4141.098,4129.026761352852,3.0,3.0,2.965694506412741,target,5.957878643962131,6.841341042175745
V3 Asymmetry M15,V3 Asymmetry,2026-06-10 15:15:00+00:00,2026-06-10 15:45:00+00:00,2026-06-10 16:00:00+00:00,1,4127.555,4111.159488288474,3.0,-1.0,-1.0251749080640051,stop,6.841341042175745,6.490662483478393
V3 Asymmetry M15,V3 Asymmetry,2026-06-10 17:45:00+00:00,2026-06-10 18:15:00+00:00,2026-06-10 19:00:00+00:00,1,4111.615,4099.020477034609,2.0,-1.0,-1.032646055839499,stop,6.490662483478393,6.155534632810924
V3 Asymmetry M15,V3 Asymmetry,2026-06-11 12:30:00+00:00,2026-06-11 13:00:00+00:00,2026-06-11 14:15:00+00:00,1,4072.975,4056.172332741977,3.0,-1.0,-1.0242400503292428,stop,6.155534632810924,5.840297377705241
V3 Asymmetry M15,V3 Asymmetry,2026-06-11 16:15:00+00:00,2026-06-11 16:45:00+00:00,2026-06-11 17:45:00+00:00,-1,4079.485,4108.990406589928,3.0,-1.0,-1.0138262287203748,stop,5.840297377705241,5.544245044453021
V3 Asymmetry M15,V3 Asymmetry,2026-06-11 22:00:00+00:00,2026-06-11 22:30:00+00:00,2026-06-11 22:45:00+00:00,-1,4209.268,4221.432738205617,2.0,-1.0,-1.0346022078638433,stop,5.544245044453021,5.2574406362565576
V3 Asymmetry M15,V3 Asymmetry,2026-06-12 07:30:00+00:00,2026-06-12 08:00:00+00:00,2026-06-12 09:00:00+00:00,1,4182.755,4168.914518970168,3.0,3.0,2.969778832173649,target,5.2574406362565576,6.038112431904772
V3 Asymmetry M15,V3 Asymmetry,2026-06-12 09:15:00+00:00,2026-06-12 09:45:00+00:00,2026-06-12 10:30:00+00:00,-1,4220.925,4227.837976778787,2.0,2.0,1.938942005230625,target,6.038112431904772,6.623489923231042
V3 Asymmetry M15,V3 Asymmetry,2026-06-12 13:00:00+00:00,2026-06-12 13:30:00+00:00,2026-06-12 13:45:00+00:00,1,4198.225,4185.204230706724,3.0,-1.0,-1.032242526577657,stop,6.623489923231042,6.281637524575158
V3 Asymmetry M15,V3 Asymmetry,2026-06-12 14:45:00+00:00,2026-06-12 15:15:00+00:00,2026-06-14 22:15:00+00:00,1,4203.885,4175.548942095487,3.0,3.0,2.985164185455273,target,6.281637524575158,7.219223492793843
V3 Asymmetry M15,V3 Asymmetry,2026-06-15 02:45:00+00:00,2026-06-15 03:15:00+00:00,2026-06-15 05:45:00+00:00,-1,4329.435,4336.529846739034,2.0,2.0,1.9389777516097584,target,7.219223492793843,7.919119179615131
V3 Asymmetry M15,V3 Asymmetry,2026-06-15 06:30:00+00:00,2026-06-15 07:00:00+00:00,2026-06-15 08:00:00+00:00,1,4306.175,4299.756220978985,2.0,2.0,1.9329128641771056,target,7.919119179615131,8.684467546376618
V3 Asymmetry M15,V3 Asymmetry,2026-06-15 08:15:00+00:00,2026-06-15 08:45:00+00:00,2026-06-15 08:45:00+00:00,-1,4328.385,4333.637599380753,3.0,-1.0,-1.082404628380005,stop,8.684467546376618,8.21446215301592
V3 Asymmetry M15,V3 Asymmetry,2026-06-15 11:30:00+00:00,2026-06-15 12:00:00+00:00,2026-06-15 13:00:00+00:00,-1,4338.205,4348.069508379012,3.0,-1.0,-1.043977913883979,stop,8.21446215301592,7.7856762999066955
V3 Asymmetry M15,V3 Asymmetry,2026-06-15 19:45:00+00:00,2026-06-15 20:15:00+00:00,2026-06-15 20:15:00+00:00,1,4320.545,4315.677229424625,2.0,-1.0,-1.088758188848432,stop,7.7856762999066955,7.3618403585443675
V3 Asymmetry M15,V3 Asymmetry,2026-06-16 11:00:00+00:00,2026-06-16 11:30:00+00:00,2026-06-16 13:00:00+00:00,-1,4341.405,4349.974779982989,3.0,-1.0,-1.0506594686049981,stop,7.3618403585443675,6.975100994591215
V3 Asymmetry M15,V3 Asymmetry,2026-06-16 14:30:00+00:00,2026-06-16 15:00:00+00:00,2026-06-17 08:00:00+00:00,1,4324.075,4312.144274285287,3.0,0.08130268209955188,0.04505949703774492,time_exit,6.975100994591215,6.990815721721402
V3 Asymmetry M15,V3 Asymmetry,2026-06-17 08:45:00+00:00,2026-06-17 09:15:00+00:00,2026-06-17 14:30:00+00:00,1,4324.445,4316.344906236716,3.0,3.0,2.946612408122952,target,6.990815721721402,8.020776939147666
V3 Asymmetry M15,V3 Asymmetry,2026-06-17 14:30:00+00:00,2026-06-17 15:00:00+00:00,2026-06-17 16:15:00+00:00,-1,4351.815,4364.699127560972,4.0,-1.0,-1.0337765594092867,stop,8.020776939147666,7.606192379750595
V3 Asymmetry M15,V3 Asymmetry,2026-06-17 18:30:00+00:00,2026-06-17 19:00:00+00:00,2026-06-17 19:15:00+00:00,1,4323.075,4267.091455651304,3.0,-1.0,-1.0077220459159812,stop,7.606192379750595,7.222945992422954
V3 Asymmetry M15,V3 Asymmetry,2026-06-17 19:30:00+00:00,2026-06-17 20:00:00+00:00,2026-06-17 20:15:00+00:00,1,4230.525,4216.468853182448,2.0,2.0,1.9699026692385049,target,7.222945992422954,7.934371021934931
V3 Asymmetry M15,V3 Asymmetry,2026-06-18 09:00:00+00:00,2026-06-18 09:30:00+00:00,2026-06-18 11:00:00+00:00,1,4267.485,4258.529745336416,3.0,-1.0,-1.047653418694544,stop,7.934371021934931,7.518747475618878
V3 Asymmetry M15,V3 Asymmetry,2026-06-18 19:30:00+00:00,2026-06-18 20:00:00+00:00,2026-06-18 23:15:00+00:00,1,4213.835,4200.178600174539,3.0,-1.0,-1.0308561191372236,stop,7.518747475618878,7.131210133444414
V3 Asymmetry M15,V3 Asymmetry,2026-06-19 01:15:00+00:00,2026-06-19 01:45:00+00:00,2026-06-19 02:15:00+00:00,1,4190.615,4182.703697234264,2.0,-1.0,-1.0529699737715728,stop,7.131210133444414,6.755762626085787
V3 Asymmetry M15,V3 Asymmetry,2026-06-19 04:15:00+00:00,2026-06-19 04:45:00+00:00,2026-06-19 04:45:00+00:00,1,4146.265,4140.294452106847,2.0,-1.0,-1.0694453017411423,stop,6.755762626085787,6.394516696078494
V3 Asymmetry M15,V3 Asymmetry,2026-06-19 05:00:00+00:00,2026-06-19 05:30:00+00:00,2026-06-19 07:15:00+00:00,1,4130.235,4120.514927506831,3.0,3.0,2.957508187280469,target,6.394516696078494,7.340108470196184
V3 Asymmetry M15,V3 Asymmetry,2026-06-19 08:30:00+00:00,2026-06-19 09:00:00+00:00,2026-06-19 13:00:00+00:00,-1,4168.645,4179.384782561985,3.0,-1.0,-1.038814985088764,stop,7.340108470196184,6.958857736645347
V3 Asymmetry M15,V3 Asymmetry,2026-06-19 13:00:00+00:00,2026-06-19 13:30:00+00:00,2026-06-22 01:00:00+00:00,-1,4169.655,4183.841765598233,4.0,-1.0,-1.0293911601705696,stop,6.958857736645347,6.6006884046959815
V3 Asymmetry M15,V3 Asymmetry,2026-06-22 06:45:00+00:00,2026-06-22 07:15:00+00:00,2026-06-22 09:15:00+00:00,-1,4197.298,4208.067128503688,2.0,-1.0,-1.038975280112616,stop,6.6006884046959815,6.257790800485727
V3 Asymmetry M15,V3 Asymmetry,2026-06-22 10:15:00+00:00,2026-06-22 10:45:00+00:00,2026-06-22 11:15:00+00:00,-1,4209.825,4214.773073454499,2.0,-1.0,-1.085080082959799,stop,6.257790800485727,5.91828059243892
V3 Asymmetry M15,V3 Asymmetry,2026-06-22 13:30:00+00:00,2026-06-22 14:00:00+00:00,2026-06-22 15:45:00+00:00,1,4190.815,4181.934259054806,3.0,-1.0,-1.047189925095924,stop,5.91828059243892,5.608402401924281
V3 Asymmetry M15,V3 Asymmetry,2026-06-22 15:45:00+00:00,2026-06-22 16:15:00+00:00,2026-06-23 01:45:00+00:00,1,4182.755,4168.462307281199,4.0,-1.0,-1.0292649893361097,stop,5.608402401924281,5.319775790003821
V3 Asymmetry M15,V3 Asymmetry,2026-06-23 01:45:00+00:00,2026-06-23 02:15:00+00:00,2026-06-23 02:15:00+00:00,1,4161.035,4148.815459572952,3.0,-1.0,-1.0340523035611846,stop,5.319775790003821,5.044729469499698
V3 Asymmetry M15,V3 Asymmetry,2026-06-23 06:00:00+00:00,2026-06-23 06:30:00+00:00,2026-06-23 07:45:00+00:00,1,4122.405,4109.686702446578,3.0,-1.0,-1.0324131825245038,stop,5.044729469499698,4.784317209170632
V3 Asymmetry M15,V3 Asymmetry,2026-06-23 18:45:00+00:00,2026-06-23 19:15:00+00:00,2026-06-23 20:00:00+00:00,1,4117.655,4111.624834344154,3.0,-1.0,-1.0682842766683898,stop,4.784317209170632,4.528766666713083
V3 Asymmetry M15,V3 Asymmetry,2026-06-24 13:15:00+00:00,2026-06-24 13:45:00+00:00,2026-06-24 13:45:00+00:00,1,3975.325,3962.866799106267,3.0,3.0,2.968090697574159,target,4.528766666713083,5.200856177460834
V3 Asymmetry M15,V3 Asymmetry,2026-06-24 18:00:00+00:00,2026-06-24 18:30:00+00:00,2026-06-25 11:30:00+00:00,1,3988.725,3957.106237480766,3.0,-0.3694009211427824,-0.38201597841320417,time_exit,5.200856177460834,5.101515669399881
V3 Asymmetry M15,V3 Asymmetry,2026-06-25 16:00:00+00:00,2026-06-25 16:30:00+00:00,2026-06-26 00:00:00+00:00,-1,4036.688,4044.0920188581813,3.0,3.0,2.945479771495455,target,5.101515669399881,5.852836229809103
V3 Asymmetry M15,V3 Asymmetry,2026-06-26 00:00:00+00:00,2026-06-26 00:30:00+00:00,2026-06-26 02:30:00+00:00,1,4019.545,4010.3767451481476,3.0,-1.0,-1.0438419859062693,stop,5.852836229809103,5.5473644201436985
V3 Asymmetry M15,V3 Asymmetry,2026-06-26 07:00:00+00:00,2026-06-26 07:30:00+00:00,2026-06-26 07:30:00+00:00,-1,4027.165,4034.706542465681,2.0,-1.0,-1.0533997523494183,stop,5.5473644201436985,5.255184804825132
V3 Asymmetry M15,V3 Asymmetry,2026-06-26 09:30:00+00:00,2026-06-26 10:00:00+00:00,2026-06-26 11:15:00+00:00,-1,4047.845,4054.9304534960906,3.0,-1.0,-1.0571289473882406,stop,5.255184804825132,4.977414405772358
V3 Asymmetry M15,V3 Asymmetry,2026-06-26 11:30:00+00:00,2026-06-26 12:00:00+00:00,2026-06-26 13:00:00+00:00,-1,4046.495,4056.3720438604864,3.0,-1.0,-1.0409686851365332,stop,4.977414405772358,4.718347779304533
V3 Asymmetry M15,V3 Asymmetry,2026-06-26 13:00:00+00:00,2026-06-26 13:30:00+00:00,2026-06-26 14:00:00+00:00,-1,4050.185,4066.829539880132,3.0,-1.0,-1.02433341521705,stop,4.718347779304533,4.476689714556694
V3 Asymmetry M15,V3 Asymmetry,2026-06-26 19:00:00+00:00,2026-06-26 19:30:00+00:00,2026-06-26 21:00:00+00:00,1,4069.125,4063.5093806383848,2.0,2.0,1.9275391592989026,target,4.476689714556694,4.908139450998627
V3 Asymmetry M15,V3 Asymmetry,2026-06-28 23:30:00+00:00,2026-06-29 00:00:00+00:00,2026-06-29 00:30:00+00:00,1,4062.425,4050.6385071322543,3.0,-1.0,-1.0344667836784338,stop,4.908139450998627,4.654274089412638
V3 Asymmetry M15,V3 Asymmetry,2026-06-29 05:00:00+00:00,2026-06-29 05:30:00+00:00,2026-06-29 05:45:00+00:00,1,4055.725,4046.141418081674,2.0,-1.0,-1.0423195109570111,stop,4.654274089412638,4.411712054775815
V3 Asymmetry M15,V3 Asymmetry,2026-06-29 14:15:00+00:00,2026-06-29 14:45:00+00:00,2026-06-30 00:45:00+00:00,1,4024.555,3998.700080982631,3.0,-1.0,-1.0155659160923938,stop,4.411712054775815,4.187692835053602
V3 Asymmetry M15,V3 Asymmetry,2026-06-30 08:00:00+00:00,2026-06-30 08:30:00+00:00,2026-06-30 14:15:00+00:00,-1,4023.875,4038.4024344081054,3.0,-1.0,-1.0276984558109925,stop,4.187692835053602,3.9725085620538345
V3 Asymmetry M15,V3 Asymmetry,2026-06-30 20:00:00+00:00,2026-06-30 20:30:00+00:00,2026-06-30 20:30:00+00:00,1,4019.525,4012.868250805514,3.0,-1.0,-1.060382701564443,stop,3.9725085620538345,3.7618895940029087
V3 Asymmetry M15,V3 Asymmetry,2026-07-01 01:15:00+00:00,2026-07-01 01:45:00+00:00,2026-07-01 02:00:00+00:00,1,3985.485,3974.5512850285904,3.0,-1.0,-1.0364513343398978,stop,3.7618895940029087,3.566938819535724
V3 Asymmetry M15,V3 Asymmetry,2026-07-01 06:15:00+00:00,2026-07-01 06:45:00+00:00,2026-07-01 07:15:00+00:00,1,3967.275,3962.1946261899857,3.0,-1.0,-1.078090218325662,stop,3.566938819535724,3.3746647270003467
V3 Asymmetry M15,V3 Asymmetry,2026-07-01 10:00:00+00:00,2026-07-01 10:30:00+00:00,2026-07-01 10:45:00+00:00,-1,3984.135,3990.104761043633,3.0,-1.0,-1.0667386009403066,stop,3.3746647270003467,3.194670470524199
V3 Asymmetry M15,V3 Asymmetry,2026-07-01 13:45:00+00:00,2026-07-01 14:15:00+00:00,2026-07-01 14:45:00+00:00,-1,4089.125,4109.035911254555,3.0,-1.0,-1.0205371062515514,stop,3.194670470524199,3.0316564826533967
V3 Asymmetry M15,V3 Asymmetry,2026-07-02 23:30:00+00:00,2026-07-03 00:00:00+00:00,2026-07-03 00:15:00+00:00,-1,4124.515,4132.650334236516,2.0,-1.0,-1.0506987774575638,stop,3.0316564826533967,2.8723885946536356
V3 Asymmetry M15,V3 Asymmetry,2026-07-03 01:30:00+00:00,2026-07-03 02:00:00+00:00,2026-07-05 23:00:00+00:00,-1,4179.495,4196.496541704438,3.0,-0.4652519246495828,-0.4898349599569576,time_exit,2.8723885946536356,2.8020387770414863
V3 Asymmetry M15,V3 Asymmetry,2026-07-06 01:45:00+00:00,2026-07-06 02:15:00+00:00,2026-07-06 14:45:00+00:00,-1,4185.735,4204.011554121804,3.0,3.0,2.977097788937104,target,2.8020387770414863,3.2191359494237983
V3 Asymmetry M15,V3 Asymmetry,2026-07-07 00:15:00+00:00,2026-07-07 00:45:00+00:00,2026-07-07 00:45:00+00:00,1,4159.605,4151.103922943181,2.0,-1.0,-1.048930329324136,stop,3.2191359494237983,3.050303482845385
V3 Asymmetry M15,V3 Asymmetry,2026-07-07 03:45:00+00:00,2026-07-07 04:15:00+00:00,2026-07-07 05:15:00+00:00,1,4130.905,4123.503630198298,2.0,-1.0,-1.0558127091427092,stop,3.050303482845385,2.8892760236488635
V3 Asymmetry M15,V3 Asymmetry,2026-07-07 05:15:00+00:00,2026-07-07 05:45:00+00:00,2026-07-07 05:45:00+00:00,1,4127.975,4119.936222968696,2.0,-1.0,-1.0513507836319487,stop,2.8892760236488635,2.737393893069252
V3 Asymmetry M15,V3 Asymmetry,2026-07-07 12:15:00+00:00,2026-07-07 12:45:00+00:00,2026-07-07 13:15:00+00:00,-1,4165.725,4175.802770012536,3.0,-1.0,-1.041335781574876,stop,2.737393893069252,2.5948665826133737
V3 Asymmetry M15,V3 Asymmetry,2026-07-08 15:30:00+00:00,2026-07-08 16:00:00+00:00,2026-07-08 17:00:00+00:00,1,4032.605,4020.2329165993337,2.0,2.0,1.9674056109273979,target,2.5948665826133737,2.8501243363254516
V3 Asymmetry M15,V3 Asymmetry,2026-07-09 01:00:00+00:00,2026-07-09 01:30:00+00:00,2026-07-09 01:45:00+00:00,1,4073.985,4063.5555446632557,3.0,-1.0,-1.0390622987343046,stop,2.8501243363254516,2.7020514990964064
V3 Asymmetry M15,V3 Asymmetry,2026-07-09 07:00:00+00:00,2026-07-09 07:30:00+00:00,2026-07-09 08:00:00+00:00,-1,4101.375,4110.751487716445,2.0,-1.0,-1.0437410587421432,stop,2.7020514990964064,2.5610393944742724
V3 Asymmetry M15,V3 Asymmetry,2026-07-10 00:30:00+00:00,2026-07-10 01:00:00+00:00,2026-07-10 01:45:00+00:00,1,4122.795,4113.519361198189,3.0,-1.0,-1.044447558686684,stop,2.5610393944742724,2.4272958273113185
V3 Asymmetry M15,V3 Asymmetry,2026-07-10 01:45:00+00:00,2026-07-10 02:15:00+00:00,2026-07-10 07:45:00+00:00,1,4116.635,4107.837642800171,3.0,-1.0,-1.046793996270607,stop,2.4272958273113185,2.300251892351209
V3 Asymmetry M15,V3 Asymmetry,2026-07-10 07:45:00+00:00,2026-07-10 08:15:00+00:00,2026-07-10 08:30:00+00:00,1,4108.705,4103.454220272999,2.0,-1.0,-1.0782494260589897,stop,2.300251892351209,2.1762396282152694
V3 Asymmetry M15,V3 Asymmetry,2026-07-10 09:00:00+00:00,2026-07-10 09:30:00+00:00,2026-07-10 13:30:00+00:00,1,4100.555,4093.6012859817015,3.0,-1.0,-1.0589692787078866,stop,2.1762396282152694,2.0610110827459374
V3 Asymmetry M15,V3 Asymmetry,2026-07-13 04:15:00+00:00,2026-07-13 04:45:00+00:00,2026-07-13 05:15:00+00:00,1,4055.255,4049.177784831327,2.0,2.0,1.933271163066532,target,2.0610110827459374,2.2602357473976
V3 Asymmetry M15,V3 Asymmetry,2026-07-14 02:30:00+00:00,2026-07-14 03:00:00+00:00,2026-07-14 04:45:00+00:00,-1,4010.605,4019.737978009995,2.0,-1.0,-1.0439134419858545,stop,2.2602357473976,2.142261223459335
V3 Asymmetry M15,V3 Asymmetry,2026-07-14 09:30:00+00:00,2026-07-14 10:00:00+00:00,2026-07-14 11:45:00+00:00,1,4016.975,4012.765000813323,3.0,3.0,2.9045848984315237,target,2.142261223459335,2.4533802033671064
V3 Asymmetry M15,V3 Asymmetry,2026-07-14 12:00:00+00:00,2026-07-14 12:30:00+00:00,2026-07-14 12:45:00+00:00,-1,4025.545,4036.324177280435,2.0,-1.0,-1.0373455681752883,stop,2.4533802033671064,2.3261300493165136
V3 Asymmetry M15,V3 Asymmetry,2026-07-15 01:00:00+00:00,2026-07-15 01:30:00+00:00,2026-07-15 01:45:00+00:00,-1,4055.395,4062.5885968830685,2.0,2.0,1.9436249338693812,target,2.3261300493165136,2.5521862674802334
V3 Asymmetry M15,V3 Asymmetry,2026-07-15 12:00:00+00:00,2026-07-15 12:30:00+00:00,2026-07-15 12:45:00+00:00,-1,4037.705,4043.0188963852333,2.0,-1.0,-1.0759838865360685,stop,2.5521862674802334,2.414880702517865
V3 Asymmetry M15,V3 Asymmetry,2026-07-15 13:00:00+00:00,2026-07-15 13:30:00+00:00,2026-07-15 18:30:00+00:00,-1,4061.475,4074.601879156046,3.0,-1.0,-1.0309401416111106,stop,2.414880702517865,2.2904008298464795
V3 Asymmetry M15,V3 Asymmetry,2026-07-15 18:30:00+00:00,2026-07-15 19:00:00+00:00,2026-07-16 01:30:00+00:00,-1,4067.415,4081.9028731477624,2.0,2.0,1.9719253822937552,target,2.2904008298464795,2.5162258064465273
V3 Asymmetry M15,V3 Asymmetry,2026-07-16 02:15:00+00:00,2026-07-16 02:45:00+00:00,2026-07-16 02:45:00+00:00,1,4034.275,4027.452289591888,2.0,-1.0,-1.059130092861678,stop,2.5162258064465273,2.382975282844394
V3 Asymmetry M15,V3 Asymmetry,2026-07-16 09:15:00+00:00,2026-07-16 09:45:00+00:00,2026-07-16 12:00:00+00:00,-1,4032.975,4038.0900913626574,3.0,-1.0,-1.078844632755586,stop,2.382975282844394,2.254432278150099
V3 Asymmetry M15,V3 Asymmetry,2026-07-16 12:00:00+00:00,2026-07-16 12:30:00+00:00,2026-07-16 13:00:00+00:00,-1,4031.615,4043.768789230806,3.0,3.0,2.966828328816324,target,2.254432278150099,2.5888579555607807
V3 Asymmetry M15,V3 Asymmetry,2026-07-16 13:00:00+00:00,2026-07-16 13:30:00+00:00,2026-07-16 19:45:00+00:00,1,3992.195,3972.220322906574,4.0,-1.0,-1.0199862805357383,stop,2.5888579555607807,2.4568279757143907
V3 Asymmetry M15,V3 Asymmetry,2026-07-17 01:15:00+00:00,2026-07-17 01:45:00+00:00,2026-07-17 02:45:00+00:00,-1,3990.805,3996.5703102238826,3.0,3.0,2.930779006765879,target,2.4568279757143907,2.816848968437333
V3 Asymmetry M15,V3 Asymmetry,2026-07-17 13:00:00+00:00,2026-07-17 13:30:00+00:00,2026-07-17 13:45:00+00:00,1,3969.095,3958.6461393812137,3.0,3.0,2.9620140879966956,target,2.816848968437333,3.2340262848508496
V3 Asymmetry M15,V3 Asymmetry,2026-07-19 22:30:00+00:00,2026-07-19 23:00:00+00:00,2026-07-19 23:15:00+00:00,1,3996.495,3992.4802829990003,2.0,-1.0,-1.099546119913433,stop,3.2340262848508496,3.056228232190559
V3 Asymmetry M15,V3 Asymmetry,2026-07-19 23:45:00+00:00,2026-07-20 00:15:00+00:00,2026-07-20 00:15:00+00:00,1,3995.025,3988.5475167574295,3.0,-1.0,-1.061675574453738,stop,3.056228232190559,2.893992088986927
V3 Asymmetry M15,V3 Asymmetry,2026-07-20 08:15:00+00:00,2026-07-20 08:45:00+00:00,2026-07-20 11:45:00+00:00,-1,4021.665,4031.0683750348308,3.0,-1.0,-1.0427683144094908,stop,2.893992088986927,2.743103926359562
V3 Asymmetry M15,V3 Asymmetry,2026-07-21 01:15:00+00:00,2026-07-21 01:45:00+00:00,2026-07-21 02:45:00+00:00,-1,4027.755,4036.246372256708,2.0,-1.0,-1.047433499300636,stop,2.743103926359562,2.5994429791329563
V3 Asymmetry M15,V3 Asymmetry,2026-07-21 04:00:00+00:00,2026-07-21 04:30:00+00:00,2026-07-21 05:30:00+00:00,-1,4045.575,4052.192974309865,2.0,-1.0,-1.0611301103718318,stop,2.5994429791329563,2.4615256183653242
V3 Asymmetry M15,V3 Asymmetry,2026-07-21 05:45:00+00:00,2026-07-21 06:15:00+00:00,2026-07-21 06:15:00+00:00,-1,4060.995,4068.17499215353,2.0,-1.0,-1.0565598807514471,stop,2.4615256183653242,2.3314881576749893
V3 Asymmetry M15,V3 Asymmetry,2026-07-21 13:45:00+00:00,2026-07-21 14:15:00+00:00,2026-07-21 15:45:00+00:00,1,4052.835,4043.394665559763,3.0,3.0,2.9570689468084335,target,2.3314881576749893,2.676206719220605
V3 Asymmetry M15,V3 Asymmetry,2026-07-22 00:30:00+00:00,2026-07-22 01:00:00+00:00,2026-07-22 01:15:00+00:00,-1,4092.325,4102.981625401289,2.0,-1.0,-1.0384016970278862,stop,2.676206719220605,2.5372578392787997
V3 Asymmetry M15,V3 Asymmetry,2026-07-22 01:15:00+00:00,2026-07-22 01:45:00+00:00,2026-07-22 01:45:00+00:00,-1,4115.135,4122.259336008248,3.0,-1.0,-1.0577616636165923,stop,2.5372578392787997,2.4030671356238105
V3 Asymmetry M15,V3 Asymmetry,2026-07-22 07:00:00+00:00,2026-07-22 07:30:00+00:00,2026-07-22 07:45:00+00:00,1,4116.145,4110.826280981577,3.0,-1.0,-1.0773897809931694,stop,2.4030671356238105,2.2736151368757294
V3 Asymmetry M15,V3 Asymmetry,2026-07-22 12:30:00+00:00,2026-07-22 13:00:00+00:00,2026-07-22 13:30:00+00:00,-1,4127.105,4134.851581857184,3.0,-1.0,-1.0532764653635245,stop,2.2736151368757294,2.1538778711274555
V3 Asymmetry M15,V3 Asymmetry,2026-07-22 15:45:00+00:00,2026-07-22 16:15:00+00:00,2026-07-22 18:15:00+00:00,-1,4159.125,4166.647203631896,3.0,3.0,2.9447086890553713,target,2.1538778711274555,2.471005015241111
V3 Asymmetry M15,V3 Asymmetry,2026-07-22 23:00:00+00:00,2026-07-22 23:30:00+00:00,2026-07-23 01:30:00+00:00,1,4123.245,4114.8919366405635,2.0,2.0,1.9506379297920446,target,2.471005015241111,2.7120068206128947
V3 Asymmetry M15,V3 Asymmetry,2026-07-23 08:45:00+00:00,2026-07-23 09:15:00+00:00,2026-07-23 10:30:00+00:00,1,4093.275,4086.0297790593013,3.0,-1.0,-1.0564962067203048,stop,2.7120068206128947,2.568745574684039
V3 Asymmetry M15,V3 Asymmetry,2026-07-23 14:00:00+00:00,2026-07-23 14:30:00+00:00,2026-07-24 03:00:00+00:00,1,4047.815,4038.634337072882,3.0,-1.0,-1.0440906613404073,stop,2.568745574684039,2.434645411389684
V3 Asymmetry M15,V3 Asymmetry,2026-07-24 07:30:00+00:00,2026-07-24 08:00:00+00:00,2026-07-24 08:45:00+00:00,-1,4048.285,4054.344847044058,3.0,-1.0,-1.0668050690152227,stop,2.434645411389684,2.3047808080834256
V3 Asymmetry M15,V3 Asymmetry,2026-07-24 09:00:00+00:00,2026-07-24 09:30:00+00:00,2026-07-24 10:15:00+00:00,-1,4054.225,4061.2772952491205,3.0,-1.0,-1.057488021371561,stop,2.3047808080834256,2.182916903261661
V3 Asymmetry M15,V3 Asymmetry,2026-07-24 10:30:00+00:00,2026-07-24 11:00:00+00:00,2026-07-24 13:15:00+00:00,-1,4058.295,4064.351371648015,2.0,2.0,1.9329913150007885,target,2.182916903261661,2.3938948740303214
V3 Asymmetry M15,V3 Asymmetry,2026-07-24 14:00:00+00:00,2026-07-24 14:30:00+00:00,2026-07-24 15:15:00+00:00,-1,4058.725,4070.633195896931,3.0,-1.0,-1.0340834584443312,stop,2.3938948740303214,2.27012051950585
V3 Asymmetry M15,V3 Asymmetry,2026-07-27 05:45:00+00:00,2026-07-27 06:15:00+00:00,2026-07-27 12:30:00+00:00,1,4092.995,4083.442651531253,3.0,-1.0,-1.042848049496847,stop,2.27012051950585,2.1517509817113774
V3 Asymmetry M15,V3 Asymmetry,2026-07-27 13:30:00+00:00,2026-07-27 14:00:00+00:00,2026-07-27 14:00:00+00:00,1,4086.645,4074.6298309433814,3.0,-1.0,-1.0340123803563868,stop,2.1517509817113774,2.040504123984699
V3 Asymmetry M15,V3 Asymmetry,2026-07-27 14:30:00+00:00,2026-07-27 15:00:00+00:00,2026-07-27 16:15:00+00:00,1,4068.735,4064.235180981204,3.0,3.0,2.909580030152224,target,2.040504123984699,2.337354626514156
V3 Asymmetry M15,V3 Asymmetry,2026-07-27 23:45:00+00:00,2026-07-28 00:15:00+00:00,2026-07-28 00:15:00+00:00,1,4072.955,4069.108026499704,2.0,-1.0,-1.1058742671267867,stop,2.337354626514156,2.2081136097835685
V3 Asymmetry M15,V3 Asymmetry,2026-07-28 01:00:00+00:00,2026-07-28 01:30:00+00:00,2026-07-28 01:30:00+00:00,1,4057.545,4052.87530256767,3.0,-1.0,-1.0868909615408529,stop,2.2081136097835685,2.088114673557113
V3 Asymmetry M15,V3 Asymmetry,2026-07-28 01:30:00+00:00,2026-07-28 02:00:00+00:00,2026-07-28 02:00:00+00:00,1,4048.645,4042.589424152736,3.0,-1.0,-1.0668581337616156,stop,2.088114673557113,1.9767285673715438
V3 Asymmetry M15,V3 Asymmetry,2026-07-28 02:00:00+00:00,2026-07-28 02:30:00+00:00,2026-07-28 02:45:00+00:00,1,4045.805,4041.537824907206,2.0,-1.0,-1.0948122566339564,stop,1.9767285673715438,1.8685212341917015
V3 Asymmetry M15,V3 Asymmetry,2026-07-28 03:00:00+00:00,2026-07-28 03:30:00+00:00,2026-07-28 05:15:00+00:00,1,4045.745,4039.575010989554,2.0,-1.0,-1.0655713485575165,stop,1.8685212341917015,1.768969099625401
V3 Asymmetry M15,V3 Asymmetry,2026-07-28 08:00:00+00:00,2026-07-28 08:30:00+00:00,2026-07-29 01:30:00+00:00,-1,4044.085,4055.567955581159,3.0,2.25290429952086,2.2176861453495116,time_exit,1.768969099625401,1.9651200128149338
V3 Asymmetry M15,V3 Asymmetry,2026-07-29 05:45:00+00:00,2026-07-29 06:15:00+00:00,2026-07-29 06:30:00+00:00,-1,4032.805,4040.3807325866387,3.0,-1.0,-1.0532332015931047,stop,1.9651200128149338,1.861633530684346
V3 Asymmetry M15,V3 Asymmetry,2026-07-29 11:00:00+00:00,2026-07-29 11:30:00+00:00,2026-07-29 12:30:00+00:00,1,4029.305,4024.2200821313386,3.0,-1.0,-1.0792403162464614,stop,1.861633530684346,1.7611760326648065
V3 Asymmetry M15,V3 Asymmetry,2026-07-29 12:30:00+00:00,2026-07-29 13:00:00+00:00,2026-07-29 14:00:00+00:00,1,4020.585,4008.3566296818667,4.0,-1.0,-1.0328791563830702,stop,1.7611760326648065,1.670221931921761
V3 Asymmetry M15,V3 Asymmetry,2026-07-29 19:00:00+00:00,2026-07-29 19:30:00+00:00,2026-07-29 20:00:00+00:00,-1,4099.345,4117.699424778159,3.0,3.0,2.9776656307699807,target,1.670221931921761,1.9188900540438445
V3 Asymmetry M15,V3 Asymmetry,2026-07-30 05:15:00+00:00,2026-07-30 05:45:00+00:00,2026-07-30 05:45:00+00:00,1,4046.585,4036.315318553593,2.0,-1.0,-1.039403218309325,stop,1.9188900540438445,1.8191650291560981
V3 Asymmetry M15,V3 Asymmetry,2026-07-30 09:45:00+00:00,2026-07-30 10:15:00+00:00,2026-07-30 10:15:00+00:00,-1,4063.275,4073.969033764087,3.0,-1.0,-1.0379957188245048,stop,1.8191650291560981,1.724750753551134
V3 Asymmetry M15,V3 Asymmetry,2026-07-30 14:00:00+00:00,2026-07-30 14:30:00+00:00,2026-07-31 07:30:00+00:00,-1,4098.095,4121.443976328204,3.0,1.098120947128153,1.08056944961325,time_exit,1.724750753551134,1.8179364021753734
V3 Asymmetry M15,V3 Asymmetry,2026-07-31 08:30:00+00:00,2026-07-31 09:00:00+00:00,2026-07-31 09:30:00+00:00,1,4059.075,4053.4767687789263,3.0,-1.0,-1.0725063835291464,stop,1.8179364021753734,1.7204489823662186
V3 Asymmetry M15,V3 Asymmetry,2026-07-31 09:30:00+00:00,2026-07-31 10:00:00+00:00,2026-07-31 12:30:00+00:00,1,4052.935,4049.493668291725,3.0,-1.0,-1.1177722853700636,stop,1.7204489823662186,1.6242954728221142
V3 Asymmetry M15,V3 Asymmetry,2026-07-31 14:00:00+00:00,2026-07-31 14:30:00+00:00,2026-08-02 22:15:00+00:00,1,4031.805,4019.7042944976893,3.0,3.0,2.966681240203473,target,1.6242954728221142,1.865233818210554
V3 Asymmetry M15,V3 Asymmetry,2026-08-03 09:30:00+00:00,2026-08-03 10:00:00+00:00,2026-08-03 11:30:00+00:00,1,4053.295,4045.591768845119,3.0,-1.0,-1.052618114639228,stop,1.865233818210554,1.767064872956248
V3 Asymmetry M15,V3 Asymmetry,2026-08-04 10:15:00+00:00,2026-08-04 10:45:00+00:00,2026-08-04 11:00:00+00:00,1,4049.075,4044.8572288450755,2.0,2.0,1.9039996516816082,target,1.767064872956248,1.935289418086623
V3 Asymmetry M15,V3 Asymmetry,2026-08-05 01:15:00+00:00,2026-08-05 01:45:00+00:00,2026-08-05 01:45:00+00:00,-1,4084.145,4089.019903183563,2.0,-1.0,-1.083778997165945,stop,1.935289418086623,1.8304181168486335
V3 Asymmetry M15,V3 Asymmetry,2026-08-05 03:15:00+00:00,2026-08-05 03:45:00+00:00,2026-08-05 04:15:00+00:00,-1,4130.025,4137.110834313354,2.0,-1.0,-1.0582856558220177,stop,1.8304181168486335,1.7335628549877506
V3 Asymmetry M15,V3 Asymmetry,2026-08-05 07:00:00+00:00,2026-08-05 07:30:00+00:00,2026-08-05 11:30:00+00:00,-1,4166.045,4180.29636619347,3.0,-1.0,-1.0292326008850219,stop,1.7335628549877506,1.6443508846859154
V3 Asymmetry M15,V3 Asymmetry,2026-08-06 01:00:00+00:00,2026-08-06 01:30:00+00:00,2026-08-06 02:15:00+00:00,-1,4284.455,4303.615279348109,3.0,-1.0,-1.0223611301388613,stop,1.6443508846859154,1.5602948632452989
V3 Asymmetry M15,V3 Asymmetry,2026-08-06 05:30:00+00:00,2026-08-06 06:00:00+00:00,2026-08-06 13:15:00+00:00,1,4263.575,4245.887507381139,3.0,-1.0,-1.0241050277270705,stop,1.5602948632452989,1.480399572535987
V3 Asymmetry M15,V3 Asymmetry,2026-08-07 02:30:00+00:00,2026-08-07 03:00:00+00:00,2026-08-07 04:00:00+00:00,-1,4249.425,4262.4574027773015,3.0,-1.0,-1.0326066119395978,stop,1.480399572535987,1.4039660531903264
V3 Asymmetry M15,V3 Asymmetry,2026-08-07 08:15:00+00:00,2026-08-07 08:45:00+00:00,2026-08-07 08:45:00+00:00,-1,4294.735,4301.403739522091,3.0,-1.0,-1.064401000905386,stop,1.4039660531903264,1.329246909577678
V3 Asymmetry M15,V3 Asymmetry,2026-08-07 09:45:00+00:00,2026-08-07 10:15:00+00:00,2026-08-07 11:15:00+00:00,-1,4315.845,4321.504238637399,3.0,-1.0,-1.076261936923442,stop,1.329246909577678,1.2577160169000994
V3 Asymmetry M15,V3 Asymmetry,2026-08-07 11:30:00+00:00,2026-08-07 12:00:00+00:00,2026-08-07 12:30:00+00:00,-1,4322.605,4328.503332048017,3.0,3.0,2.9267147904727926,target,1.2577160169000994,1.4417648203439017
V3 Asymmetry M15,V3 Asymmetry,2026-08-07 12:45:00+00:00,2026-08-07 13:15:00+00:00,2026-08-10 01:45:00+00:00,-1,4361.245,4373.012677262644,4.0,4.0,3.962938777953703,target,1.4417648203439017,1.7274461061054167
V3 Asymmetry M15,V3 Asymmetry,2026-08-10 07:45:00+00:00,2026-08-10 08:15:00+00:00,2026-08-10 11:15:00+00:00,-1,4355.105,4362.6865869688245,3.0,3.0,2.942556815375093,target,1.7274461061054167,1.9816015217410996
V3 Asymmetry M15,V3 Asymmetry,2026-08-10 11:15:00+00:00,2026-08-10 11:45:00+00:00,2026-08-10 12:30:00+00:00,1,4334.435,4327.999061085707,3.0,-1.0,-1.0673473607770507,stop,1.9816015217410996,1.875848664023992
V3 Asymmetry M15,V3 Asymmetry,2026-08-10 17:30:00+00:00,2026-08-10 18:00:00+00:00,2026-08-10 18:30:00+00:00,-1,4360.015,4365.980821786889,3.0,-1.0,-1.0730832256770142,stop,1.875848664023992,1.7752015772603529
V3 Asymmetry M15,V3 Asymmetry,2026-08-10 19:30:00+00:00,2026-08-10 20:00:00+00:00,2026-08-10 20:00:00+00:00,-1,4387.745,4394.617940720741,3.0,-1.0,-1.0638408678072648,stop,1.7752015772603529,1.680774977936079
V3 Asymmetry M15,V3 Asymmetry,2026-08-11 00:45:00+00:00,2026-08-11 01:15:00+00:00,2026-08-11 01:30:00+00:00,-1,4409.115,4419.647881765307,3.0,-1.0,-1.0418604812836938,stop,1.680774977936079,1.5932183265639752
V3 Asymmetry M15,V3 Asymmetry,2026-08-11 01:30:00+00:00,2026-08-11 02:00:00+00:00,2026-08-11 02:00:00+00:00,-1,4414.855,4422.8382872588845,2.0,-1.0,-1.0553012168651017,stop,1.5932183265639752,1.509152064626238
V3 Asymmetry M15,V3 Asymmetry,2026-08-11 02:15:00+00:00,2026-08-11 02:45:00+00:00,2026-08-11 05:00:00+00:00,-1,4428.205,4435.897243479508,3.0,3.0,2.9424328544488128,target,1.509152064626238,1.731180995492013
V3 Asymmetry M15,V3 Asymmetry,2026-08-11 06:45:00+00:00,2026-08-11 07:15:00+00:00,2026-08-11 07:30:00+00:00,1,4365.815,4358.2484336944935,2.0,-1.0,-1.0576987608873931,stop,1.731180995492013,1.6396275958018276
V3 Asymmetry M15,V3 Asymmetry,2026-08-11 12:15:00+00:00,2026-08-11 12:45:00+00:00,2026-08-11 13:15:00+00:00,-1,4391.175,4400.502661293147,3.0,-1.0,-1.047076913086738,stop,1.6396275958018276,1.5537867857206273
V3 Asymmetry M15,V3 Asymmetry,2026-08-11 13:45:00+00:00,2026-08-11 14:15:00+00:00,2026-08-12 02:45:00+00:00,-1,4388.965,4404.908888728164,3.0,-1.0,-1.027527569182336,stop,1.5537867857206273,1.4739588477726697
V3 Asymmetry M15,V3 Asymmetry,2026-08-12 03:00:00+00:00,2026-08-12 03:30:00+00:00,2026-08-12 05:30:00+00:00,-1,4410.315,4416.2133918096015,3.0,3.0,2.9252285174948787,target,1.4739588477726697,1.689542170528595
V3 Asymmetry M15,V3 Asymmetry,2026-08-12 09:15:00+00:00,2026-08-12 09:45:00+00:00,2026-08-12 12:30:00+00:00,-1,4412.875,4424.67713364997,4.0,-1.0,-1.0373904848977147,stop,1.689542170528595,1.601906421951605
V3 Asymmetry M15,V3 Asymmetry,2026-08-12 13:00:00+00:00,2026-08-12 13:30:00+00:00,2026-08-13 00:45:00+00:00,-1,4421.695,4442.497407718633,3.0,-1.0,-1.0212556885712767,stop,1.601906421951605,1.5201086196527582
V3 Asymmetry M15,V3 Asymmetry,2026-08-13 11:15:00+00:00,2026-08-13 11:45:00+00:00,2026-08-13 12:45:00+00:00,-1,4388.005,4397.156296258128,3.0,-1.0,-1.047949545902883,stop,1.5201086196527582,1.44045876276835
V3 Asymmetry M15,V3 Asymmetry,2026-08-13 13:00:00+00:00,2026-08-13 13:30:00+00:00,2026-08-13 14:45:00+00:00,-1,4393.695,4402.777676078296,3.0,3.0,2.9516255455757263,target,1.44045876276835,1.6530435068451235
V3 Asymmetry M15,V3 Asymmetry,2026-08-13 16:15:00+00:00,2026-08-13 16:45:00+00:00,2026-08-13 19:15:00+00:00,1,4362.395,4349.812144583485,3.0,-1.0,-1.034669356482267,stop,1.6530435068451235,1.5675258337718918
V3 Asymmetry M15,V3 Asymmetry,2026-08-13 19:15:00+00:00,2026-08-13 19:45:00+00:00,2026-08-14 00:30:00+00:00,1,4351.095,4342.4847223941715,2.0,-1.0,-1.0505337365319618,stop,1.5675258337718918,1.4851888952087535
V3 Asymmetry M15,V3 Asymmetry,2026-08-14 00:45:00+00:00,2026-08-14 01:15:00+00:00,2026-08-14 01:15:00+00:00,1,4340.755,4328.054841198474,2.0,-1.0,-1.0341787458553533,stop,1.4851888952087535,1.408391355758489
V3 Asymmetry M15,V3 Asymmetry,2026-08-14 01:30:00+00:00,2026-08-14 02:00:00+00:00,2026-08-14 02:15:00+00:00,1,4319.475,4311.912947563063,2.0,-1.0,-1.0571204052870815,stop,1.408391355758489,1.3339493937183773
V3 Asymmetry M15,V3 Asymmetry,2026-08-14 07:00:00+00:00,2026-08-14 07:30:00+00:00,2026-08-14 07:45:00+00:00,-1,4331.205,4337.850846949299,2.0,-1.0,-1.065171603153708,stop,1.3339493937183773,1.2629051430067313
V3 Asymmetry M15,V3 Asymmetry,2026-08-14 08:15:00+00:00,2026-08-14 08:45:00+00:00,2026-08-14 09:15:00+00:00,-1,4345.545,4349.679123074363,2.0,-1.0,-1.1051140694612667,stop,1.2629051430067313,1.1931224309101447
V3 Asymmetry M15,V3 Asymmetry,2026-08-14 10:00:00+00:00,2026-08-14 10:30:00+00:00,2026-08-14 11:45:00+00:00,-1,4354.305,4359.146701402838,2.0,-1.0,-1.0899333651069085,stop,1.1931224309101447,1.1281012336048233
V3 Asymmetry M15,V3 Asymmetry,2026-08-14 12:30:00+00:00,2026-08-14 13:00:00+00:00,2026-08-14 13:45:00+00:00,-1,4372.735,4387.403168891313,3.0,-1.0,-1.029811048893701,stop,1.1281012336048233,1.0700146778729802
V3 Asymmetry M15,V3 Asymmetry,2026-08-17 01:15:00+00:00,2026-08-17 01:45:00+00:00,2026-08-17 14:30:00+00:00,-1,4406.925,4417.011424397421,3.0,-1.0,-1.0436916475686546,stop,1.0700146778729802,1.0141764087693856
V3 Asymmetry M15,V3 Asymmetry,2026-08-18 00:00:00+00:00,2026-08-18 00:30:00+00:00,2026-08-18 00:30:00+00:00,-1,4421.285,4430.342160107581,3.0,-1.0,-1.0488153565519882,stop,1.0141764087693856,0.9609922191808817
V3 Asymmetry M15,V3 Asymmetry,2026-08-18 00:30:00+00:00,2026-08-18 01:00:00+00:00,2026-08-18 01:00:00+00:00,-1,4429.355,4433.926005398883,2.0,-1.0,-1.0969011106633597,stop,0.9609922191808817,0.9082865475529639
V3 Asymmetry M15,V3 Asymmetry,2026-08-18 01:00:00+00:00,2026-08-18 01:30:00+00:00,2026-08-18 02:00:00+00:00,-1,4429.015,4436.557565879649,3.0,3.0,2.9412797306557112,target,0.9082865475529639,1.0418627881502034
V3 Asymmetry M15,V3 Asymmetry,2026-08-18 04:30:00+00:00,2026-08-18 05:00:00+00:00,2026-08-18 05:45:00+00:00,1,4393.325,4387.956403664391,2.0,-1.0,-1.0818337741442694,stop,1.0418627881502034,0.985506670537953
V3 Asymmetry M15,V3 Asymmetry,2026-08-18 14:00:00+00:00,2026-08-18 14:30:00+00:00,2026-08-18 19:45:00+00:00,-1,4393.095,4407.237534079545,3.0,3.0,2.968937002553496,target,0.985506670537953,1.1318020315591244
V3 Asymmetry M15,V3 Asymmetry,2026-08-19 01:00:00+00:00,2026-08-19 01:30:00+00:00,2026-08-19 12:45:00+00:00,1,4343.475,4323.08109136713,2.0,2.0,1.9787020964044166,target,1.1318020315591244,1.2437769841871653
V3 Asymmetry M15,V3 Asymmetry,2026-08-19 16:15:00+00:00,2026-08-19 16:45:00+00:00,2026-08-19 19:15:00+00:00,-1,4490.985,4500.366550336597,3.0,-1.0,-1.0478703928334803,stop,1.2437769841871653,1.178611130336293
V3 Asymmetry M15,V3 Asymmetry,2026-08-19 22:00:00+00:00,2026-08-19 22:30:00+00:00,2026-08-20 01:15:00+00:00,-1,4519.315,4528.44513418952,2.0,2.0,1.950501110868806,target,1.178611130336293,1.293555246286457
V3 Asymmetry M15,V3 Asymmetry,2026-08-20 05:45:00+00:00,2026-08-20 06:15:00+00:00,2026-08-20 06:15:00+00:00,1,4481.205,4476.787054724053,2.0,2.0,1.8985681188855552,target,1.293555246286457,1.416350383817288
V3 Asymmetry M15,V3 Asymmetry,2026-08-21 01:00:00+00:00,2026-08-21 01:30:00+00:00,2026-08-21 06:30:00+00:00,1,4520.225,4507.761114483253,3.0,3.0,2.963733420096597,target,1.416350383817288,1.6262346321715848
V3 Asymmetry M15,V3 Asymmetry,2026-08-21 06:45:00+00:00,2026-08-21 07:15:00+00:00,2026-08-21 08:30:00+00:00,-1,4560.555,4568.38439415272,3.0,-1.0,-1.058249143050432,stop,1.6262346321715848,1.540186561876859
V3 Asymmetry M15,V3 Asymmetry,2026-08-21 09:15:00+00:00,2026-08-21 09:45:00+00:00,2026-08-21 11:45:00+00:00,-1,4582.005,4602.90900240353,3.0,-1.0,-1.0219192713029261,stop,1.540186561876859,1.4614892454276711
V3 Asymmetry M15,V3 Asymmetry,2026-08-21 16:15:00+00:00,2026-08-21 16:45:00+00:00,2026-08-21 16:45:00+00:00,-1,4614.025,4621.548230686037,3.0,-1.0,-1.0613303671328795,stop,1.4614892454276711,1.3839330995571457
V3 Asymmetry M15,V3 Asymmetry,2026-08-21 17:00:00+00:00,2026-08-21 17:30:00+00:00,2026-08-21 21:00:00+00:00,-1,4623.255,4633.06394344651,2.0,2.0,1.952866942039054,target,1.3839330995571457,1.5190649595630854
V3 Asymmetry M15,V3 Asymmetry,2026-08-24 02:30:00+00:00,2026-08-24 03:00:00+00:00,2026-08-24 06:30:00+00:00,-1,4637.475,4658.213642901913,3.0,-1.0,-1.0223615162377493,stop,1.5190649595630854,1.4414132817969578
V3 Asymmetry M15,V3 Asymmetry,2026-08-24 08:30:00+00:00,2026-08-24 09:00:00+00:00,2026-08-24 18:15:00+00:00,1,4645.325,4627.421201599702,3.0,-1.0,-1.0259460305357475,stop,1.4414132817969578,1.3674726700559032
V3 Asymmetry M15,V3 Asymmetry,2026-08-24 23:15:00+00:00,2026-08-24 23:45:00+00:00,2026-08-25 00:00:00+00:00,-1,4668.885,4677.422264196121,3.0,-1.0,-1.0546883040368042,stop,1.3674726700559032,1.2953597984960061
V3 Asymmetry M15,V3 Asymmetry,2026-08-25 13:45:00+00:00,2026-08-25 14:15:00+00:00,2026-08-25 15:45:00+00:00,1,4615.845,4603.783308213418,3.0,3.0,2.9617313633802604,target,1.2953597984960061,1.487185185599384
V3 Asymmetry M15,V3 Asymmetry,2026-08-25 19:15:00+00:00,2026-08-25 19:45:00+00:00,2026-08-25 20:15:00+00:00,-1,4660.555,4668.728344263317,3.0,-1.0,-1.0570213960143258,stop,1.487185185599384,1.4085858575486798
V3 Asymmetry M15,V3 Asymmetry,2026-08-26 01:00:00+00:00,2026-08-26 01:30:00+00:00,2026-08-26 06:30:00+00:00,1,4644.185,4628.402990317968,2.0,-1.0,-1.0294270824411378,stop,1.4085858575486798,1.3360840360634707
V3 Asymmetry M15,V3 Asymmetry,2026-08-26 08:15:00+00:00,2026-08-26 08:45:00+00:00,2026-08-26 09:30:00+00:00,1,4629.615,4621.289824103275,3.0,-1.0,-1.0556098160258878,stop,1.3360840360634707,1.2655648648882662
V3 Asymmetry M15,V3 Asymmetry,2026-08-26 14:00:00+00:00,2026-08-26 14:30:00+00:00,2026-08-27 02:00:00+00:00,-1,4620.295,4634.25941124523,3.0,-1.0,-1.033086214082805,stop,1.2655648648882662,1.2001929841410843
V3 Asymmetry M15,V3 Asymmetry,2026-08-27 10:00:00+00:00,2026-08-27 10:30:00+00:00,2026-08-27 14:00:00+00:00,1,4581.425,4568.025473078794,3.0,-1.0,-1.0341909458963758,stop,1.2001929841410843,1.1381315482647312
V3 Asymmetry M15,V3 Asymmetry,2026-08-27 16:00:00+00:00,2026-08-27 16:30:00+00:00,2026-08-27 17:00:00+00:00,-1,4604.115,4613.7792154889985,2.0,-1.0,-1.0476408561589,stop,1.1381315482647312,1.0785138927824554
V3 Asymmetry M15,V3 Asymmetry,2026-08-28 00:00:00+00:00,2026-08-28 00:30:00+00:00,2026-08-28 00:30:00+00:00,1,4600.395,4592.160090897876,2.0,-1.0,-1.0558645510587763,stop,1.0785138927824554,1.0215756634217854
V3 Asymmetry M15,V3 Asymmetry,2026-08-28 02:00:00+00:00,2026-08-28 02:30:00+00:00,2026-08-28 05:45:00+00:00,1,4581.025,4573.836830497493,2.0,-1.0,-1.0637300636608868,stop,1.0215756634217854,0.967241626147482
V3 Asymmetry M15,V3 Asymmetry,2026-08-28 07:00:00+00:00,2026-08-28 07:30:00+00:00,2026-08-28 07:45:00+00:00,-1,4600.485,4613.990768587506,3.0,-1.0,-1.034063111404528,stop,0.967241626147482,0.9172321818767799
V3 Asymmetry M15,V3 Asymmetry,2026-08-28 13:45:00+00:00,2026-08-28 14:15:00+00:00,2026-08-28 14:15:00+00:00,-1,4602.275,4628.009924343402,3.0,-1.0,-1.017883382669356,stop,0.9172321818767799,0.8705504120776834
V3 Asymmetry M15,V3 Asymmetry,2026-08-30 22:00:00+00:00,2026-08-30 22:30:00+00:00,2026-08-31 02:15:00+00:00,1,4458.515,4429.967994195467,2.0,-1.0,-1.015618152847722,stop,0.8705504120776834,0.8263430720039254
V3 Asymmetry M15,V3 Asymmetry,2026-08-31 02:45:00+00:00,2026-08-31 03:15:00+00:00,2026-08-31 19:15:00+00:00,1,4422.535,4394.516209115267,2.0,0.39366438207045784,0.37788020702095637,time_exit,0.8263430720039254,0.8419560065598842
V3 Asymmetry M15,V3 Asymmetry,2026-08-31 20:00:00+00:00,2026-08-31 20:30:00+00:00,2026-09-01 00:15:00+00:00,-1,4449.865,4456.387762870191,2.0,-1.0,-1.0682205545189385,stop,0.8419560065598842,0.7969862709494867
V3 Asymmetry M15,V3 Asymmetry,2026-09-01 01:30:00+00:00,2026-09-01 02:00:00+00:00,2026-09-01 02:45:00+00:00,1,4445.225,4435.315295747397,2.0,-1.0,-1.0448572922731985,stop,0.7969862709494867,0.755349425097327
V3 Asymmetry M15,V3 Asymmetry,2026-09-01 02:45:00+00:00,2026-09-01 03:15:00+00:00,2026-09-01 04:45:00+00:00,1,4442.595,4426.541366800177,3.0,-1.0,-1.0276734552527884,stop,0.755349425097327,0.7165367974166782
V3 Asymmetry M15,V3 Asymmetry,2026-09-01 05:30:00+00:00,2026-09-01 06:00:00+00:00,2026-09-01 07:45:00+00:00,1,4442.425,4422.692799966383,3.0,-1.0,-1.0225135818227646,stop,0.7165367974166782,0.6799033670549612
V3 Asymmetry M15,V3 Asymmetry,2026-09-01 09:00:00+00:00,2026-09-01 09:30:00+00:00,2026-09-01 10:00:00+00:00,1,4375.775,4365.064257099856,3.0,-1.0,-1.0408540755836961,stop,0.6799033670549612,0.6445193575248495
V3 Asymmetry M15,V3 Asymmetry,2026-09-01 10:00:00+00:00,2026-09-01 10:30:00+00:00,2026-09-01 12:45:00+00:00,1,4378.135,4362.925060964936,3.0,-1.0,-1.0287846978867365,stop,0.6445193575248495,0.6113657748991816
V3 Asymmetry M15,V3 Asymmetry,2026-09-02 00:00:00+00:00,2026-09-02 00:30:00+00:00,2026-09-02 01:00:00+00:00,1,4327.975,4314.678900715136,3.0,-1.0,-1.0325507121094275,stop,0.6113657748991816,0.5798024665876075
V3 Asymmetry M15,V3 Asymmetry,2026-09-02 01:00:00+00:00,2026-09-02 01:30:00+00:00,2026-09-02 02:00:00+00:00,1,4316.985,4303.416992563645,3.0,-1.0,-1.031817383799724,stop,0.5798024665876075,0.5498899533778548
V3 Asymmetry M15,V3 Asymmetry,2026-09-02 02:00:00+00:00,2026-09-02 02:30:00+00:00,2026-09-02 03:45:00+00:00,1,4296.065,4285.817921220592,3.0,-1.0,-1.0419247777096576,stop,0.5498899533778548,0.5212427550059551
V3 Asymmetry M15,V3 Asymmetry,2026-09-02 07:30:00+00:00,2026-09-02 08:00:00+00:00,2026-09-02 11:45:00+00:00,-1,4322.525,4332.109677030075,3.0,-1.0,-1.0450982853823523,stop,0.5212427550059551,0.4940052595297202
V3 Asymmetry M15,V3 Asymmetry,2026-09-02 20:00:00+00:00,2026-09-02 20:30:00+00:00,2026-09-02 22:15:00+00:00,-1,4385.815,4392.1437474977365,2.0,-1.0,-1.0692998891418612,stop,0.4940052595297202,0.4675932710671889
V3 Asymmetry M15,V3 Asymmetry,2026-09-03 01:30:00+00:00,2026-09-03 02:00:00+00:00,2026-09-03 02:00:00+00:00,-1,4400.445,4409.8968251070855,2.0,-1.0,-1.0465565639455292,stop,0.4675932710671889,0.4431251307125825
V3 Asymmetry M15,V3 Asymmetry,2026-09-03 03:30:00+00:00,2026-09-03 04:00:00+00:00,2026-09-03 04:15:00+00:00,-1,4426.285,4432.908009970275,2.0,-1.0,-1.0668319241533024,stop,0.4431251307125825,0.41948812892064313
V3 Asymmetry M15,V3 Asymmetry,2026-09-03 05:00:00+00:00,2026-09-03 05:30:00+00:00,2026-09-03 08:15:00+00:00,-1,4429.335,4440.921481867357,2.0,-1.0,-1.0382284722032737,stop,0.41948812892064313,0.39771190296080866
V3 Asymmetry M15,V3 Asymmetry,2026-09-03 12:00:00+00:00,2026-09-03 12:30:00+00:00,2026-09-03 12:45:00+00:00,-1,4443.435,4450.78680236825,3.0,-1.0,-1.0604400768332638,stop,0.39771190296080866,0.3766244209141455
V3 Asymmetry M15,V3 Asymmetry,2026-09-03 13:00:00+00:00,2026-09-03 13:30:00+00:00,2026-09-03 15:15:00+00:00,-1,4485.605,4497.039178921273,3.0,-1.0,-1.0392297954307381,stop,0.3766244209141455,0.3570544549191041
V3 Asymmetry M15,V3 Asymmetry,2026-09-04 01:00:00+00:00,2026-09-04 01:30:00+00:00,2026-09-04 08:00:00+00:00,-1,4474.645,4487.683723460855,2.0,-1.0,-1.0343181218118023,stop,0.3570544549191041,0.33858906025928087
V3 Asymmetry M15,V3 Asymmetry,2026-09-04 13:00:00+00:00,2026-09-04 13:30:00+00:00,2026-09-07 06:30:00+00:00,1,4393.715,4363.779001033307,3.0,0.018372528694035575,0.003695500528419606,time_exit,0.33858906025928087,0.33865162306183616
V3 Asymmetry M15,V3 Asymmetry,2026-09-07 08:30:00+00:00,2026-09-07 09:00:00+00:00,2026-09-07 11:45:00+00:00,-1,4414.545,4424.638268664052,3.0,3.0,2.9562624839689158,target,0.33865162306183616,0.3887087774814806
V3 Asymmetry M15,V3 Asymmetry,2026-09-08 06:30:00+00:00,2026-09-08 07:00:00+00:00,2026-09-08 07:45:00+00:00,1,4407.185,4396.951850120842,2.0,-1.0,-1.0430677264776127,stop,0.3887087774814806,0.36843629844200554
V3 Asymmetry M15,V3 Asymmetry,2026-09-08 12:15:00+00:00,2026-09-08 12:45:00+00:00,2026-09-08 16:15:00+00:00,1,4401.875,4384.237613911292,3.0,-1.0,-1.0249576381548864,stop,0.36843629844200554,0.34955471852892317
V3 Asymmetry M15,V3 Asymmetry,2026-09-09 01:45:00+00:00,2026-09-09 02:15:00+00:00,2026-09-09 03:00:00+00:00,-1,4373.455,4378.802855877236,2.0,-1.0,-1.081779597289008,stop,0.34955471852892317,0.33064766039688864
V3 Asymmetry M15,V3 Asymmetry,2026-09-09 05:15:00+00:00,2026-09-09 05:45:00+00:00,2026-09-09 05:45:00+00:00,-1,4384.955,4389.052159626958,3.0,-1.0,-1.1070242655704237,stop,0.33064766039688864,0.3123459112262164
V3 Asymmetry M15,V3 Asymmetry,2026-09-09 07:45:00+00:00,2026-09-09 08:15:00+00:00,2026-09-09 08:30:00+00:00,-1,4408.895,4413.25016181609,2.0,2.0,1.8987662184281768,target,0.3123459112262164,0.3419995044612417
V3 Asymmetry M15,V3 Asymmetry,2026-09-09 13:30:00+00:00,2026-09-09 14:00:00+00:00,2026-09-10 06:15:00+00:00,-1,4416.915,4434.710205017273,3.0,-1.0,-1.0248208154708676,stop,0.3419995044612417,0.32447509390861157
V3 Asymmetry M15,V3 Asymmetry,2026-09-10 07:30:00+00:00,2026-09-10 08:00:00+00:00,2026-09-10 08:45:00+00:00,1,4409.475,4403.049758537304,3.0,-1.0,-1.0686273819528898,stop,0.32447509390861157,0.3071379454029877
V3 Asymmetry M15,V3 Asymmetry,2026-09-10 09:00:00+00:00,2026-09-10 09:30:00+00:00,2026-09-10 09:45:00+00:00,1,4394.895,4388.992451175302,2.0,-1.0,-1.0744575797765616,stop,0.3071379454029877,0.2906376107292257
V3 Asymmetry M15,V3 Asymmetry,2026-09-10 11:00:00+00:00,2026-09-10 11:30:00+00:00,2026-09-10 12:15:00+00:00,1,4383.395,4374.186235948721,3.0,-1.0,-1.04760025314571,stop,0.2906376107292257,0.27541400900054563
V3 Asymmetry M15,V3 Asymmetry,2026-09-11 18:15:00+00:00,2026-09-11 18:45:00+00:00,2026-09-11 20:00:00+00:00,1,4350.375,4342.7632201620845,2.0,-1.0,-1.0571531900900508,stop,0.27541400900054563,0.2608562690900248
V3 Asymmetry M15,V3 Asymmetry,2026-09-14 02:30:00+00:00,2026-09-14 03:00:00+00:00,2026-09-14 04:45:00+00:00,-1,4345.385,4356.244734063261,2.0,2.0,1.9599862669317027,target,0.2608562690900248,0.28642000434299925
V3 Asymmetry M15,V3 Asymmetry,2026-09-14 04:45:00+00:00,2026-09-14 05:15:00+00:00,2026-09-14 07:00:00+00:00,1,4329.315,4320.986390241433,3.0,-1.0,-1.0519812444753676,stop,0.28642000434299925,0.2713545807124298
V3 Asymmetry M15,V3 Asymmetry,2026-09-14 07:00:00+00:00,2026-09-14 07:30:00+00:00,2026-09-14 07:30:00+00:00,1,4323.915,4316.527989574483,3.0,-1.0,-1.0585340313730183,stop,0.2713545807124298,0.25699267779977664
V3 Asymmetry M15,V3 Asymmetry,2026-09-14 09:45:00+00:00,2026-09-14 10:15:00+00:00,2026-09-14 12:45:00+00:00,1,4285.219,4277.517902219883,3.0,-1.0,-1.0556442616669994,stop,0.25699267779977664,0.24342803551928813
V3 Asymmetry M15,V3 Asymmetry,2026-09-15 01:30:00+00:00,2026-09-15 02:00:00+00:00,2026-09-15 02:15:00+00:00,-1,4298.579,4307.074034406799,3.0,-1.0,-1.0506010781611372,stop,0.24342803551928813,0.23064074769072754
V3 Asymmetry M15,V3 Asymmetry,2026-09-15 06:30:00+00:00,2026-09-15 07:00:00+00:00,2026-09-15 07:45:00+00:00,1,4290.635,4285.140962638167,2.0,-1.0,-1.0780962108085959,stop,0.23064074769072754,0.2182081018835558
V3 Asymmetry M15,V3 Asymmetry,2026-09-15 14:00:00+00:00,2026-09-15 14:30:00+00:00,2026-09-15 14:45:00+00:00,-1,4294.495,4301.196466927388,2.0,2.0,1.9359170902948333,target,0.2182081018835558,0.23932974156741438
V3 Asymmetry M15,V3 Asymmetry,2026-09-15 19:00:00+00:00,2026-09-15 19:30:00+00:00,2026-09-16 01:00:00+00:00,-1,4300.035,4311.201541897937,2.0,2.0,1.9614917936161214,target,0.23932974156741438,0.26280190777005186
V3 Asymmetry M15,V3 Asymmetry,2026-09-16 03:15:00+00:00,2026-09-16 03:45:00+00:00,2026-09-16 10:15:00+00:00,-1,4331.465,4341.636178248656,3.0,-1.0,-1.042585675858867,stop,0.26280190777005186,0.2491022325385799
V3 Asymmetry M15,V3 Asymmetry,2026-09-16 11:00:00+00:00,2026-09-16 11:30:00+00:00,2026-09-16 13:15:00+00:00,-1,4346.705,4353.793560227599,2.0,-1.0,-1.0613199981439965,stop,0.2491022325385799,0.23588337348980434
A+ M15,A+,2026-02-25 11:45:00+00:00,2026-02-25 12:15:00+00:00,2026-02-25 21:00:00+00:00,1,5181.295,5153.948152530059,4.0,-1.0,-1.018946589751141,stop,100.0,94.9052670512443
Structural A+ M15,Structural A+,2026-02-05 09:00:00+00:00,2026-02-05 09:30:00+00:00,2026-02-06 02:30:00+00:00,-1,4862.245,4946.273119218704,3.0,0.5032839053547036,0.49749745547910323,time_exit,100.0,102.48748727739552
Structural A+ M15,Structural A+,2026-02-25 11:45:00+00:00,2026-02-25 12:15:00+00:00,2026-02-25 21:00:00+00:00,1,5181.295,5153.948152530059,3.0,-1.0,-1.018946589751141,stop,102.48748727739552,97.26602349472223
Structural A+ M15,Structural A+,2026-03-12 12:45:00+00:00,2026-03-12 13:15:00+00:00,2026-03-12 13:30:00+00:00,1,5181.015,5162.732050277156,3.0,-1.0,-1.0283379601133316,stop,97.26602349472223,92.26490628527733
Structural A+ M15,Structural A+,2026-04-21 12:30:00+00:00,2026-04-21 13:00:00+00:00,2026-04-21 15:00:00+00:00,-1,4778.615,4798.853295009045,2.0,2.0,1.9763882530723842,target,92.26490628527733,101.38247013292967
Structural A+ M15,Structural A+,2026-04-23 08:45:00+00:00,2026-04-23 09:15:00+00:00,2026-04-23 12:15:00+00:00,-1,4703.105,4725.5852982681945,3.0,-1.0,-1.020921008003946,stop,101.38247013292967,96.20729545282765
Structural A+ M15,Structural A+,2026-06-08 14:00:00+00:00,2026-06-08 14:30:00+00:00,2026-06-09 05:45:00+00:00,-1,4319.415,4347.886050163807,3.0,-1.0,-1.0151712528169785,stop,96.20729545282765,91.32395142007864
Structural A+ M15,Structural A+,2026-06-15 07:15:00+00:00,2026-06-15 07:45:00+00:00,2026-06-15 13:30:00+00:00,1,4316.635,4299.797713006862,2.0,2.0,1.9743626452304388,target,91.32395142007864,100.33928133501078
Structural A+ M15,Structural A+,2026-09-15 14:30:00+00:00,2026-09-15 15:00:00+00:00,2026-09-15 18:15:00+00:00,-1,4278.015,4301.242537299636,3.0,-1.0,-1.0184178587028558,stop,100.33928133501078,95.22991553296153
Structural Portfolio M15,Structural Portfolio,2026-01-06 11:30:00+00:00,2026-01-06 12:00:00+00:00,2026-01-07 05:00:00+00:00,1,4461.809,4447.384784487455,4.0,0.18760119034873718,0.1566684231828588,time_exit,100.0,100.78334211591428
Structural Portfolio M15,Structural Portfolio,2026-01-08 01:15:00+00:00,2026-01-08 01:45:00+00:00,2026-01-08 02:00:00+00:00,1,4454.535,4443.4397037181225,2.0,-1.0,-1.0401479589803821,stop,100.78334211591428,95.5418627358598
Structural Portfolio M15,Structural Portfolio,2026-01-09 13:45:00+00:00,2026-01-09 14:15:00+00:00,2026-01-12 00:30:00+00:00,1,4482.178,4457.757192841831,3.0,3.0,2.981646069390869,target,95.5418627358598,109.7854637102927
Structural Portfolio M15,Structural Portfolio,2026-01-12 12:45:00+00:00,2026-01-12 13:15:00+00:00,2026-01-12 16:15:00+00:00,1,4590.285,4577.452279810825,3.0,3.0,2.9642298364467417,target,109.7854637102927,126.05693106720224
Structural Portfolio M15,Structural Portfolio,2026-01-13 00:00:00+00:00,2026-01-13 00:30:00+00:00,2026-01-13 01:45:00+00:00,1,4592.115,4576.383411445114,3.0,-1.0,-1.029190408737036,stop,126.05693106720224,119.57010184674273
Structural Portfolio M15,Structural Portfolio,2026-01-13 02:45:00+00:00,2026-01-13 03:15:00+00:00,2026-01-13 06:45:00+00:00,1,4593.865,4574.350970562461,3.0,-1.0,-1.0235413450343724,stop,119.57010184674273,113.45085470323713
Structural Portfolio M15,Structural Portfolio,2026-01-14 08:45:00+00:00,2026-01-14 09:15:00+00:00,2026-01-14 14:45:00+00:00,1,4634.545,4620.506844928745,3.0,-1.0,-1.0330139179719542,stop,113.45085470323713,107.59103910752422
Structural Portfolio M15,Structural Portfolio,2026-01-15 14:15:00+00:00,2026-01-15 14:45:00+00:00,2026-01-16 07:45:00+00:00,1,4602.495,4581.303088414037,3.0,0.00802192852261041,-0.013696239663069586,time_exit,107.59103910752422,107.51735947466345
Structural Portfolio M15,Structural Portfolio,2026-01-19 12:30:00+00:00,2026-01-19 13:00:00+00:00,2026-01-20 06:00:00+00:00,1,4671.465,4658.80448262264,3.0,3.0,2.963102100326852,target,107.51735947466345,123.44660515871206
Structural Portfolio M15,Structural Portfolio,2026-01-21 20:15:00+00:00,2026-01-21 20:45:00+00:00,2026-01-22 13:45:00+00:00,1,4797.195,4753.31414126269,2.0,0.3728277082711357,0.36189539031282464,time_exit,123.44660515871206,125.68034302654732
Structural Portfolio M15,Structural Portfolio,2026-01-22 14:45:00+00:00,2026-01-22 15:15:00+00:00,2026-01-22 18:15:00+00:00,1,4834.498,4809.584054275333,3.0,3.0,2.9805952134060663,target,125.68034302654732,144.4104544687553
Structural Portfolio M15,Structural Portfolio,2026-01-23 10:30:00+00:00,2026-01-23 11:00:00+00:00,2026-01-25 23:15:00+00:00,1,4927.955,4898.4670565869155,3.0,3.0,2.9832882377351098,target,144.4104544687553,165.95135497988625
Structural Portfolio M15,Structural Portfolio,2026-01-26 14:30:00+00:00,2026-01-26 15:00:00+00:00,2026-01-26 19:15:00+00:00,1,5081.845,5053.148077288922,3.0,-1.0,-1.0177086757739293,stop,165.95135497988625,157.50684829391278
Structural Portfolio M15,Structural Portfolio,2026-01-26 20:15:00+00:00,2026-01-26 20:45:00+00:00,2026-01-26 21:45:00+00:00,1,5056.275,5005.973415063199,2.0,-1.0,-1.0100519198477598,stop,157.50684829391278,149.55234356849095
Structural Portfolio M15,Structural Portfolio,2026-01-27 12:45:00+00:00,2026-01-27 13:15:00+00:00,2026-01-27 14:15:00+00:00,1,5084.835,5065.817704871546,3.0,-1.0,-1.0267379507214567,stop,149.55234356849095,141.87479023043576
Structural Portfolio M15,Structural Portfolio,2026-01-28 16:15:00+00:00,2026-01-28 16:45:00+00:00,2026-01-28 23:15:00+00:00,1,5287.265,5233.357980896434,3.0,3.0,2.9901918802265026,target,141.87479023043576,163.08643251823014
Structural Portfolio M15,Structural Portfolio,2026-01-29 11:30:00+00:00,2026-01-29 12:00:00+00:00,2026-01-29 15:15:00+00:00,1,5514.305,5468.287330678566,3.0,-1.0,-1.0119830167005688,stop,163.08643251823014,154.83439752009352
Structural Portfolio M15,Structural Portfolio,2026-01-30 13:00:00+00:00,2026-01-30 13:30:00+00:00,2026-01-30 17:45:00+00:00,-1,5074.525,5150.049004735689,3.0,3.0,2.993280911125199,target,154.83439752009352,178.00753984421684
Structural Portfolio M15,Structural Portfolio,2026-02-02 10:30:00+00:00,2026-02-02 11:00:00+00:00,2026-02-02 11:15:00+00:00,-1,4672.418,4738.32452955156,3.0,-1.0,-1.0070894614415171,stop,178.00753984421684,169.04406397250474
Structural Portfolio M15,Structural Portfolio,2026-02-02 13:45:00+00:00,2026-02-02 14:15:00+00:00,2026-02-03 00:30:00+00:00,-1,4705.769,4816.836840971169,3.0,-1.0,-1.004236842058739,stop,169.04406397250474,160.55605012387858
Structural Portfolio M15,Structural Portfolio,2026-02-03 09:00:00+00:00,2026-02-03 09:30:00+00:00,2026-02-03 16:30:00+00:00,-1,4915.975,4951.999579116093,3.0,-1.0,-1.0136461691451213,stop,160.55605012387858,152.4186988668215
Structural Portfolio M15,Structural Portfolio,2026-02-03 19:30:00+00:00,2026-02-03 20:00:00+00:00,2026-02-04 03:45:00+00:00,1,4940.075,4877.295943404679,2.0,2.0,1.9921310142778281,target,152.4186988668215,167.6005997252449
Structural Portfolio M15,Structural Portfolio,2026-02-05 09:00:00+00:00,2026-02-05 09:30:00+00:00,2026-02-06 02:30:00+00:00,-1,4862.245,4946.273119218704,4.0,0.5032839053547036,0.49749745547910323,time_exit,167.6005997252449,171.76964332024895
Structural Portfolio M15,Structural Portfolio,2026-02-10 13:45:00+00:00,2026-02-10 14:15:00+00:00,2026-02-10 15:45:00+00:00,1,5050.795,5018.083825855607,3.0,-1.0,-1.015440579961162,stop,171.76964332024895,163.04855000860718
Structural Portfolio M15,Structural Portfolio,2026-02-12 13:15:00+00:00,2026-02-12 13:45:00+00:00,2026-02-12 15:00:00+00:00,1,5062.125,5047.55977721388,3.0,-1.0,-1.0347548751868316,stop,163.04855000860718,154.61278590792966
Structural Portfolio M15,Structural Portfolio,2026-02-13 04:45:00+00:00,2026-02-13 05:15:00+00:00,2026-02-13 13:45:00+00:00,-1,4976.375,4998.413391220377,2.0,-1.0,-1.022580482169673,stop,154.61278590792966,146.7075850497633
Structural Portfolio M15,Structural Portfolio,2026-02-13 16:00:00+00:00,2026-02-13 16:30:00+00:00,2026-02-13 16:30:00+00:00,-1,4997.275,5022.038199128185,3.0,-1.0,-1.020180248012916,stop,146.7075850497633,139.22417602469113
Structural Portfolio M15,Structural Portfolio,2026-02-19 13:45:00+00:00,2026-02-19 14:15:00+00:00,2026-02-19 14:45:00+00:00,1,4996.795,4971.003308264412,3.0,-1.0,-1.0193736612984767,stop,139.22417602469113,132.12810312191348
Structural Portfolio M15,Structural Portfolio,2026-02-19 15:00:00+00:00,2026-02-19 15:30:00+00:00,2026-02-20 08:30:00+00:00,1,4999.735,4961.343812083542,3.0,0.481881416127507,0.46885828433257587,time_exit,132.12810312191348,135.2255709090064
Structural Portfolio M15,Structural Portfolio,2026-02-20 08:30:00+00:00,2026-02-20 09:00:00+00:00,2026-02-20 15:15:00+00:00,1,5022.365,5003.727267712849,3.0,-1.0,-1.0269472966057283,stop,135.2255709090064,128.28209418515786
Structural Portfolio M15,Structural Portfolio,2026-02-23 09:00:00+00:00,2026-02-23 09:30:00+00:00,2026-02-23 20:15:00+00:00,1,5145.725,5120.718754358429,3.0,3.0,2.9794222408523194,target,128.28209418515786,147.39242041107644
Structural Portfolio M15,Structural Portfolio,2026-02-25 11:45:00+00:00,2026-02-25 12:15:00+00:00,2026-02-25 21:00:00+00:00,1,5181.295,5153.948152530059,4.0,-1.0,-1.018946589751141,stop,147.39242041107644,139.8831702044248
Structural Portfolio M15,Structural Portfolio,2026-02-26 10:00:00+00:00,2026-02-26 10:30:00+00:00,2026-02-26 11:00:00+00:00,1,5187.655,5166.398073653857,3.0,-1.0,-1.0244045395628956,stop,139.8831702044248,132.7183224761317
Structural Portfolio M15,Structural Portfolio,2026-02-27 01:45:00+00:00,2026-02-27 02:15:00+00:00,2026-02-27 18:15:00+00:00,1,5193.775,5165.51536264865,3.0,1.398460974875634,1.3800822004581628,time_exit,132.7183224761317,141.8764322023305
Structural Portfolio M15,Structural Portfolio,2026-03-04 12:30:00+00:00,2026-03-04 13:00:00+00:00,2026-03-05 06:00:00+00:00,-1,5166.205,5207.4773389730035,3.0,0.4332199348259739,0.42070258027677027,time_exit,141.8764322023305,144.86082125772964
Structural Portfolio M15,Structural Portfolio,2026-03-06 19:45:00+00:00,2026-03-06 20:15:00+00:00,2026-03-08 22:15:00+00:00,-1,5159.535,5175.855435083909,2.0,-1.0,-1.0316139549802021,stop_same_bar,144.86082125772964,137.38879902076133
Structural Portfolio M15,Structural Portfolio,2026-03-08 22:15:00+00:00,2026-03-08 22:45:00+00:00,2026-03-08 23:45:00+00:00,-1,5154.995,5198.538486756206,2.0,2.0,1.9881612719053436,target,137.38879902076133,151.04635349109455
Structural Portfolio M15,Structural Portfolio,2026-03-11 06:15:00+00:00,2026-03-11 06:45:00+00:00,2026-03-11 07:45:00+00:00,1,5206.405,5189.378307153513,3.0,-1.0,-1.0305778993427614,stop,151.04635349109455,143.26310180688273
Structural Portfolio M15,Structural Portfolio,2026-03-12 00:30:00+00:00,2026-03-12 01:00:00+00:00,2026-03-12 15:15:00+00:00,1,5153.935,5123.94080638098,2.0,-1.0,-1.0171831090559196,stop,143.26310180688273,135.97686144143674
Structural Portfolio M15,Structural Portfolio,2026-03-13 02:30:00+00:00,2026-03-13 03:00:00+00:00,2026-03-13 07:15:00+00:00,-1,5117.845,5129.151366363907,3.0,3.0,2.9547348384505066,target,135.97686144143674,156.06563992764526
Structural Portfolio M15,Structural Portfolio,2026-03-16 14:30:00+00:00,2026-03-16 15:00:00+00:00,2026-03-17 04:45:00+00:00,-1,5000.825,5038.997253162894,3.0,-1.0,-1.013100680692491,stop,156.06563992764526,148.16012962547492
Structural Portfolio M15,Structural Portfolio,2026-03-17 05:45:00+00:00,2026-03-17 06:15:00+00:00,2026-03-17 23:15:00+00:00,-1,5020.575,5045.203452989421,3.0,0.8778464489542486,0.857461185608002,time_exit,148.16012962547492,154.51220764589968
Structural Portfolio M15,Structural Portfolio,2026-03-18 01:45:00+00:00,2026-03-18 02:15:00+00:00,2026-03-18 11:45:00+00:00,-1,4998.515,5016.452006298488,3.0,3.0,2.972132947288861,target,154.51220764589968,177.47374880103547
Structural Portfolio M15,Structural Portfolio,2026-03-18 19:00:00+00:00,2026-03-18 19:30:00+00:00,2026-03-19 08:15:00+00:00,-1,4856.915,4900.607946254283,3.0,3.0,2.988883983763114,target,177.47374880103547,203.99617106752612
Structural Portfolio M15,Structural Portfolio,2026-03-19 22:45:00+00:00,2026-03-19 23:15:00+00:00,2026-03-20 01:15:00+00:00,-1,4635.565,4679.080907788337,3.0,-1.0,-1.010652575657039,stop,203.99617106752612,193.68770828184768
Structural Portfolio M15,Structural Portfolio,2026-03-26 15:45:00+00:00,2026-03-26 16:15:00+00:00,2026-03-27 09:15:00+00:00,-1,4437.945,4481.358894544004,3.0,0.1983236033171947,0.18810119630530664,time_exit,193.68770828184768,195.5093527637201
Structural Portfolio M15,Structural Portfolio,2026-04-06 07:45:00+00:00,2026-04-06 08:15:00+00:00,2026-04-07 01:15:00+00:00,1,4684.445,4643.229265775968,3.0,-1.0,-1.0113656716013775,stop,195.5093527637201,185.62278037060858
Structural Portfolio M15,Structural Portfolio,2026-04-07 09:45:00+00:00,2026-04-07 10:15:00+00:00,2026-04-07 19:30:00+00:00,-1,4670.438,4695.347573037925,3.0,-1.0,-1.0187495706686311,stop,185.62278037060858,176.16762398016482
Structural Portfolio M15,Structural Portfolio,2026-04-10 03:00:00+00:00,2026-04-10 03:30:00+00:00,2026-04-10 09:00:00+00:00,1,4759.775,4736.717400122219,2.0,-1.0,-1.0206429768285934,stop,176.16762398016482,167.17741157216804
Structural Portfolio M15,Structural Portfolio,2026-04-14 11:15:00+00:00,2026-04-14 11:45:00+00:00,2026-04-15 01:30:00+00:00,1,4778.245,4750.289245722507,3.0,3.0,2.982907830164157,target,167.17741157216804,192.11115207242784
Structural Portfolio M15,Structural Portfolio,2026-04-15 03:30:00+00:00,2026-04-15 04:00:00+00:00,2026-04-15 05:45:00+00:00,1,4828.225,4815.566745746492,3.0,-1.0,-1.0381428979328802,stop,192.11115207242784,182.13921066554312
Structural Portfolio M15,Structural Portfolio,2026-04-16 11:00:00+00:00,2026-04-16 11:30:00+00:00,2026-04-16 14:00:00+00:00,1,4817.325,4804.118837700338,3.0,-1.0,-1.036477857008644,stop,182.13921066554312,172.7000477281497
Structural Portfolio M15,Structural Portfolio,2026-04-21 12:15:00+00:00,2026-04-21 12:45:00+00:00,2026-04-21 15:00:00+00:00,-1,4779.945,4798.725240778972,2.0,2.0,1.9745480100268364,target,172.7000477281497,189.7502745068076
Structural Portfolio M15,Structural Portfolio,2026-04-23 01:15:00+00:00,2026-04-23 01:45:00+00:00,2026-04-23 17:45:00+00:00,-1,4728.045,4754.677099848227,2.0,2.0,1.9822468185875521,target,189.7502745068076,208.55686840516933
Structural Portfolio M15,Structural Portfolio,2026-04-24 09:30:00+00:00,2026-04-24 10:00:00+00:00,2026-04-24 11:15:00+00:00,-1,4685.815,4698.178418074344,3.0,-1.0,-1.037900643429049,stop,208.55686840516933,197.7338030097057
Structural Portfolio M15,Structural Portfolio,2026-04-27 15:00:00+00:00,2026-04-27 15:30:00+00:00,2026-04-28 00:15:00+00:00,-1,4674.375,4698.1874938259425,3.0,-1.0,-1.0196299263494506,stop,197.7338030097057,187.65303785972654
Structural Portfolio M15,Structural Portfolio,2026-04-28 01:00:00+00:00,2026-04-28 01:30:00+00:00,2026-04-28 05:45:00+00:00,-1,4687.365,4701.51702883104,3.0,3.0,2.966878494553947,target,187.65303785972654,215.49022598291356
Structural Portfolio M15,Structural Portfolio,2026-05-01 14:45:00+00:00,2026-05-01 15:15:00+00:00,2026-05-04 08:15:00+00:00,-1,4631.965,4661.386331409556,3.0,1.7664054449663893,1.7506618848415216,time_exit,215.49022598291356,234.3527522421222
Structural Portfolio M15,Structural Portfolio,2026-05-05 03:45:00+00:00,2026-05-05 04:15:00+00:00,2026-05-05 05:45:00+00:00,-1,4534.395,4547.237706781855,3.0,-1.0,-1.0353071597523862,stop,234.3527522421222,222.2213981269249
Structural Portfolio M15,Structural Portfolio,2026-05-07 01:15:00+00:00,2026-05-07 01:45:00+00:00,2026-05-07 06:45:00+00:00,1,4703.805,4684.092975038572,2.0,2.0,1.9761373830988735,target,222.2213981269249,244.17839873508063
Structural Portfolio M15,Structural Portfolio,2026-05-11 14:15:00+00:00,2026-05-11 14:45:00+00:00,2026-05-11 23:00:00+00:00,-1,4724.865,4749.680189521355,3.0,-1.0,-1.0190402132368723,stop,244.17839873508063,231.7370183593389
Structural Portfolio M15,Structural Portfolio,2026-05-13 23:30:00+00:00,2026-05-14 00:00:00+00:00,2026-05-14 00:30:00+00:00,-1,4694.605,4702.418677984853,2.0,-1.0,-1.0600818847295752,stop,231.7370183593389,219.45400760013987
Structural Portfolio M15,Structural Portfolio,2026-05-14 01:15:00+00:00,2026-05-14 01:45:00+00:00,2026-05-14 04:45:00+00:00,-1,4692.615,4707.619602289596,2.0,-1.0,-1.031274504378259,stop,219.45400760013987,208.13814145405703
Structural Portfolio M15,Structural Portfolio,2026-05-14 08:00:00+00:00,2026-05-14 08:30:00+00:00,2026-05-15 00:30:00+00:00,-1,4698.715,4719.603643955884,3.0,3.0,2.977505887840668,target,208.13814145405703,239.12476853724044
Structural Portfolio M15,Structural Portfolio,2026-05-18 14:45:00+00:00,2026-05-18 15:15:00+00:00,2026-05-18 23:15:00+00:00,-1,4546.365,4585.410780520659,3.0,-1.0,-1.0116436781116325,stop,239.12476853724044,227.0293155187101
Structural Portfolio M15,Structural Portfolio,2026-05-19 00:30:00+00:00,2026-05-19 01:00:00+00:00,2026-05-19 05:30:00+00:00,-1,4570.615,4590.194888543794,2.0,2.0,1.9766565831578822,target,227.0293155187101,249.4672650732044
Structural Portfolio M15,Structural Portfolio,2026-05-20 13:30:00+00:00,2026-05-20 14:00:00+00:00,2026-05-20 14:30:00+00:00,-1,4489.665,4506.907880562663,3.0,-1.0,-1.0260377898210447,stop,249.4672650732044,236.66912300878386
Structural Portfolio M15,Structural Portfolio,2026-05-22 10:45:00+00:00,2026-05-22 11:15:00+00:00,2026-05-24 22:15:00+00:00,-1,4514.215,4537.428658962909,3.0,-1.0,-1.0194463742541098,stop,236.66912300878386,224.60554904132363
Structural Portfolio M15,Structural Portfolio,2026-05-26 11:15:00+00:00,2026-05-26 11:45:00+00:00,2026-05-27 04:45:00+00:00,-1,4523.375,4541.191696983941,3.0,0.8531323181676184,0.8277439142222796,time_exit,224.60554904132363,233.9013428572991
Structural Portfolio M15,Structural Portfolio,2026-05-27 10:15:00+00:00,2026-05-27 10:45:00+00:00,2026-05-28 03:30:00+00:00,-1,4476.705,4498.516521417028,4.0,4.0,3.9794755032700055,target,233.9013428572991,280.4415760614282
Structural Portfolio M15,Structural Portfolio,2026-06-01 05:15:00+00:00,2026-06-01 05:45:00+00:00,2026-06-01 06:30:00+00:00,1,4520.295,4507.650359395218,2.0,-1.0,-1.0357487028796264,stop,280.4415760614282,265.91822612947107
Structural Portfolio M15,Structural Portfolio,2026-06-04 00:30:00+00:00,2026-06-04 01:00:00+00:00,2026-06-04 01:15:00+00:00,-1,4448.045,4465.993071822122,2.0,-1.0,-1.024782857145231,stop,265.91822612947107,252.2928041524735
Structural Portfolio M15,Structural Portfolio,2026-06-04 14:00:00+00:00,2026-06-04 14:30:00+00:00,2026-06-05 07:30:00+00:00,-1,4487.515,4516.275667433074,3.0,0.7148651903800118,0.6992622318935912,time_exit,252.2928041524735,261.11374561859105
Structural Portfolio M15,Structural Portfolio,2026-06-08 14:00:00+00:00,2026-06-08 14:30:00+00:00,2026-06-09 05:45:00+00:00,-1,4319.415,4347.886050163807,3.0,-1.0,-1.0151712528169785,stop,261.11374561859105,247.85998720522312
Structural Portfolio M15,Structural Portfolio,2026-06-09 13:30:00+00:00,2026-06-09 14:00:00+00:00,2026-06-09 14:00:00+00:00,-1,4330.015,4346.27658069753,3.0,-1.0,-1.026627270008614,stop,247.85998720522312,235.1369961047797
Structural Portfolio M15,Structural Portfolio,2026-06-09 16:15:00+00:00,2026-06-09 16:45:00+00:00,2026-06-10 09:45:00+00:00,-1,4263.125,4303.247732269314,3.0,2.287730540978173,2.2771053298849084,time_exit,235.1369961047797,261.9085814589457
Structural Portfolio M15,Structural Portfolio,2026-06-11 08:30:00+00:00,2026-06-11 09:00:00+00:00,2026-06-11 17:45:00+00:00,-1,4090.395,4113.696955409787,3.0,-1.0,-1.0175538701712648,stop,261.9085814589457,248.5832769242149
Structural Portfolio M15,Structural Portfolio,2026-06-12 15:00:00+00:00,2026-06-12 15:30:00+00:00,2026-06-15 02:30:00+00:00,1,4213.775,4175.542303374381,3.0,3.0,2.9889786089606445,target,248.5832769242149,285.7337817878058
Structural Portfolio M15,Structural Portfolio,2026-06-17 00:15:00+00:00,2026-06-17 00:45:00+00:00,2026-06-17 04:30:00+00:00,1,4336.995,4327.891413670508,2.0,-1.0,-1.0476405104870583,stop,285.7337817878058,270.7664675370271
Structural Portfolio M15,Structural Portfolio,2026-06-18 02:45:00+00:00,2026-06-18 03:15:00+00:00,2026-06-18 11:15:00+00:00,-1,4310.695,4331.1563158486115,3.0,3.0,2.978932464403102,target,270.7664675370271,311.09621855791704
Structural Portfolio M15,Structural Portfolio,2026-06-22 22:45:00+00:00,2026-06-22 23:15:00+00:00,2026-06-22 23:45:00+00:00,-1,4189.438,4194.903420023302,2.0,-1.0,-1.0766535413955087,stop,311.09621855791704,294.3490762866604
Structural Portfolio M15,Structural Portfolio,2026-06-23 01:15:00+00:00,2026-06-23 01:45:00+00:00,2026-06-23 03:30:00+00:00,-1,4177.995,4199.164940376932,2.0,2.0,1.980264493306969,target,294.3490762866604,323.4935275070693
Structural Portfolio M15,Structural Portfolio,2026-06-23 14:30:00+00:00,2026-06-23 15:00:00+00:00,2026-06-24 02:45:00+00:00,-1,4125.975,4145.9299955501665,3.0,3.0,2.979323598496289,target,323.4935275070693,371.6831225302003
Structural Portfolio M15,Structural Portfolio,2026-06-25 16:45:00+00:00,2026-06-25 17:15:00+00:00,2026-06-26 09:30:00+00:00,-1,4028.485,4045.0880950187407,3.0,-1.0,-1.0242634580808754,stop,371.6831225302003,352.6480505105463
Structural Portfolio M15,Structural Portfolio,2026-06-29 06:00:00+00:00,2026-06-29 06:30:00+00:00,2026-06-29 10:00:00+00:00,1,4059.475,4038.033001325768,2.0,-1.0,-1.0189323535630963,stop,352.6480505105463,334.6818251062389
Structural Portfolio M15,Structural Portfolio,2026-07-03 06:45:00+00:00,2026-07-03 07:15:00+00:00,2026-07-03 14:15:00+00:00,1,4172.865,4159.478374034644,2.0,-1.0,-1.0311718950749742,stop,334.6818251062389,317.4261005141413
Structural Portfolio M15,Structural Portfolio,2026-07-03 15:00:00+00:00,2026-07-03 15:30:00+00:00,2026-07-06 05:15:00+00:00,1,4171.995,4154.426847971014,3.0,-1.0,-1.0237474891674234,stop,317.4261005141413,301.1778918442634
Structural Portfolio M15,Structural Portfolio,2026-07-07 08:45:00+00:00,2026-07-07 09:15:00+00:00,2026-07-07 11:30:00+00:00,-1,4125.715,4139.8277352816585,3.0,-1.0,-1.0292339855999566,stop,301.1778918442634,285.6787657443902
Structural Portfolio M15,Structural Portfolio,2026-07-10 02:15:00+00:00,2026-07-10 02:45:00+00:00,2026-07-10 07:45:00+00:00,1,4125.475,4107.803472618514,3.0,-1.0,-1.0233453221724462,stop,285.6787657443902,271.0613643159642
Structural Portfolio M15,Structural Portfolio,2026-07-15 19:00:00+00:00,2026-07-15 19:30:00+00:00,2026-07-16 12:30:00+00:00,-1,4060.665,4081.880477356999,2.0,2.0,1.980859893314348,target,271.0613643159642,297.9080935759924
Structural Portfolio M15,Structural Portfolio,2026-07-17 02:00:00+00:00,2026-07-17 02:30:00+00:00,2026-07-17 03:30:00+00:00,-1,3980.695,3996.618541385521,3.0,-1.0,-1.0249988046228184,stop,297.9080935759924,282.6403215858496
Structural Portfolio M15,Structural Portfolio,2026-07-23 00:00:00+00:00,2026-07-23 00:30:00+00:00,2026-07-23 02:00:00+00:00,1,4126.575,4114.873730148665,3.0,-1.0,-1.0352660442193748,stop,282.6403215858496,268.0099252025959
Structural Portfolio M15,Structural Portfolio,2026-07-23 02:45:00+00:00,2026-07-23 03:15:00+00:00,2026-07-23 07:15:00+00:00,1,4128.085,4111.018823822284,3.0,-1.0,-1.0241886932199264,stop,268.0099252025959,254.28528844943506
Structural Portfolio M15,Structural Portfolio,2026-07-23 14:30:00+00:00,2026-07-23 15:00:00+00:00,2026-07-24 03:00:00+00:00,1,4056.865,4038.617142680189,3.0,-1.0,-1.0222320074565447,stop,254.28528844943506,241.28836040551843
Structural Portfolio M15,Structural Portfolio,2026-07-27 06:00:00+00:00,2026-07-27 06:30:00+00:00,2026-07-27 12:30:00+00:00,1,4094.135,4083.4580335647347,3.0,-1.0,-1.0383454890939552,stop,241.28836040551843,228.7613263756211
Structural Portfolio M15,Structural Portfolio,2026-07-27 15:00:00+00:00,2026-07-27 15:30:00+00:00,2026-07-28 00:15:00+00:00,1,4075.695,4064.259385641956,3.0,-1.0,-1.0356403676478747,stop,228.7613263756211,216.91560316805794
Structural Portfolio M15,Structural Portfolio,2026-07-29 03:15:00+00:00,2026-07-29 03:45:00+00:00,2026-07-29 05:45:00+00:00,-1,4026.595,4038.526569136034,3.0,-1.0,-1.0337474053420128,stop,216.91560316805794,205.70380607039905
Structural Portfolio M15,Structural Portfolio,2026-07-29 19:30:00+00:00,2026-07-29 20:00:00+00:00,2026-07-30 13:00:00+00:00,-1,4069.105,4117.801141773004,2.0,0.007187427735680301,-0.0011686860175776966,time_exit,205.70380607039905,205.6917859123032
Structural Portfolio M15,Structural Portfolio,2026-07-31 20:15:00+00:00,2026-07-31 20:45:00+00:00,2026-08-02 22:15:00+00:00,-1,4047.905,4056.13809832481,2.0,-1.0,-1.0491662414355232,stop,205.6917859123032,194.9015420163146
Structural Portfolio M15,Structural Portfolio,2026-08-03 11:45:00+00:00,2026-08-03 12:15:00+00:00,2026-08-03 12:45:00+00:00,1,4062.405,4044.644813788909,3.0,-1.0,-1.0228736621999097,stop,194.9015420163146,184.93355931378275
Structural Portfolio M15,Structural Portfolio,2026-08-04 13:30:00+00:00,2026-08-04 14:00:00+00:00,2026-08-05 05:45:00+00:00,1,4083.145,4059.8809963631006,3.0,3.0,2.9824486573174203,target,184.93355931378275,212.51130159719887
Structural Portfolio M15,Structural Portfolio,2026-08-06 05:45:00+00:00,2026-08-06 06:15:00+00:00,2026-08-06 13:15:00+00:00,1,4266.935,4245.916113996771,3.0,-1.0,-1.020300481192697,stop,212.51130159719887,201.67003243327343
Structural Portfolio M15,Structural Portfolio,2026-08-07 01:15:00+00:00,2026-08-07 01:45:00+00:00,2026-08-07 05:45:00+00:00,1,4243.135,4228.548803310864,2.0,2.0,1.970909928815369,target,201.67003243327343,221.54370589663623
Structural Portfolio M15,Structural Portfolio,2026-08-07 08:45:00+00:00,2026-08-07 09:15:00+00:00,2026-08-10 02:15:00+00:00,1,4306.005,4281.777336840645,3.0,0.7499691522244125,0.732196059657962,time_exit,221.54370589663623,229.6543773216132
Structural Portfolio M15,Structural Portfolio,2026-08-12 18:30:00+00:00,2026-08-12 19:00:00+00:00,2026-08-13 04:15:00+00:00,1,4413.325,4394.921085274445,2.0,-1.0,-1.0239803599713053,stop,229.6543773216132,217.89629872367462
Structural Portfolio M15,Structural Portfolio,2026-08-13 08:00:00+00:00,2026-08-13 08:30:00+00:00,2026-08-13 10:00:00+00:00,-1,4365.845,4382.476720141175,3.0,-1.0,-1.0262501110104154,stop,217.89629872367462,206.71549368597812
Structural Portfolio M15,Structural Portfolio,2026-08-14 10:30:00+00:00,2026-08-14 11:00:00+00:00,2026-08-14 11:45:00+00:00,-1,4351.695,4359.122747638161,3.0,-1.0,-1.0585870066134513,stop,206.71549368597812,195.77417690189503
Structural Portfolio M15,Structural Portfolio,2026-08-19 11:45:00+00:00,2026-08-19 12:15:00+00:00,2026-08-19 12:45:00+00:00,-1,4364.345,4374.5887533893865,3.0,-1.0,-1.0426049401435413,stop,195.77417690189503,185.56842070237246
Structural Portfolio M15,Structural Portfolio,2026-08-20 06:15:00+00:00,2026-08-20 06:45:00+00:00,2026-08-20 11:45:00+00:00,1,4493.755,4476.7691696345155,3.0,-1.0,-1.0264559041466195,stop,185.56842070237246,176.04453064971676
Structural Portfolio M15,Structural Portfolio,2026-08-21 01:15:00+00:00,2026-08-21 01:45:00+00:00,2026-08-21 09:15:00+00:00,1,4529.125,4507.742320591591,3.0,3.0,2.978818720921294,target,176.04453064971676,202.2647678304757
Structural Portfolio M15,Structural Portfolio,2026-08-24 01:00:00+00:00,2026-08-24 01:30:00+00:00,2026-08-24 17:30:00+00:00,1,4621.775,4592.693310123501,3.0,0.567023445681072,0.5511310576540099,time_exit,202.2647678304757,207.83848760150335
Structural Portfolio M15,Structural Portfolio,2026-08-25 14:15:00+00:00,2026-08-25 14:45:00+00:00,2026-08-26 07:45:00+00:00,1,4623.605,4603.765811673815,3.0,0.40173014485078784,0.3784247307180053,time_exit,207.83848760150335,211.77104878667515
Structural Portfolio M15,Structural Portfolio,2026-08-27 09:45:00+00:00,2026-08-27 10:15:00+00:00,2026-08-27 15:45:00+00:00,-1,4580.325,4602.951105915145,3.0,-1.0,-1.020243540877859,stop,211.77104878667515,200.96814655319838
Structural Portfolio M15,Structural Portfolio,2026-08-27 19:30:00+00:00,2026-08-27 20:00:00+00:00,2026-08-28 00:30:00+00:00,-1,4609.645,4618.736135603662,2.0,2.0,1.9492951683820057,target,200.96814655319838,220.55545840694023
Structural Portfolio M15,Structural Portfolio,2026-08-31 20:30:00+00:00,2026-08-31 21:00:00+00:00,2026-09-01 00:15:00+00:00,-1,4447.965,4456.322361862563,2.0,-1.0,-1.0532221180935653,stop,220.55545840694023,208.9407640539175
Structural Portfolio M15,Structural Portfolio,2026-09-04 02:00:00+00:00,2026-09-04 02:30:00+00:00,2026-09-04 04:15:00+00:00,1,4479.115,4466.1128909890285,2.0,-1.0,-1.034449142029347,stop,208.9407640539175,198.13383434839093
Structural Portfolio M15,Structural Portfolio,2026-09-04 04:30:00+00:00,2026-09-04 05:00:00+00:00,2026-09-04 06:45:00+00:00,1,4473.255,4464.500797156624,2.0,-1.0,-1.0510983704631038,stop,198.13383434839093,187.72092682753092
Structural Portfolio M15,Structural Portfolio,2026-09-07 08:45:00+00:00,2026-09-07 09:15:00+00:00,2026-09-07 23:45:00+00:00,-1,4410.775,4424.614178045192,3.0,-1.0,-1.0318716544118194,stop,187.72092682753092,178.0357316608687
Structural Portfolio M15,Structural Portfolio,2026-09-08 02:15:00+00:00,2026-09-08 02:45:00+00:00,2026-09-08 04:15:00+00:00,-1,4423.985,4441.254888054863,2.0,-1.0,-1.0256167555107816,stop,178.0357316608687,168.90591018731828
Structural Portfolio M15,Structural Portfolio,2026-09-08 04:30:00+00:00,2026-09-08 05:00:00+00:00,2026-09-08 05:30:00+00:00,-1,4436.065,4443.444393462343,2.0,2.0,1.9398857775691614,target,168.90591018731828,185.28881883330592
Structural Portfolio M15,Structural Portfolio,2026-09-09 08:15:00+00:00,2026-09-09 08:45:00+00:00,2026-09-09 12:00:00+00:00,-1,4399.425,4413.250767076119,3.0,-1.0,-1.0318204767647154,stop,185.28881883330592,175.7295789639183
Structural Portfolio M15,Structural Portfolio,2026-09-14 02:45:00+00:00,2026-09-14 03:15:00+00:00,2026-09-14 13:15:00+00:00,-1,4330.735,4356.302467344456,3.0,3.0,2.983061540896271,target,175.7295789639183,201.94018639417624
Structural Portfolio M15,Structural Portfolio,2026-09-15 14:30:00+00:00,2026-09-15 15:00:00+00:00,2026-09-15 18:15:00+00:00,-1,4278.015,4301.242537299636,3.0,-1.0,-1.0184178587028558,stop,201.94018639417624,191.6572117834956
Structural Portfolio M15,Structural Portfolio,2026-09-15 19:15:00+00:00,2026-09-15 19:45:00+00:00,2026-09-16 00:45:00+00:00,-1,4300.665,4311.17643176237,2.0,2.0,1.9590858305773726,target,191.6572117834956,210.43085818014626
Structural Portfolio M15,Structural Portfolio,2026-09-16 03:45:00+00:00,2026-09-16 04:15:00+00:00,2026-09-16 10:15:00+00:00,-1,4326.755,4341.588607775627,2.0,-1.0,-1.0291685951620573,stop,210.43085818014626,199.6024166455459
Structural Frequency M15,Structural Frequency,2026-01-02 14:45:00+00:00,2026-01-02 15:15:00+00:00,2026-01-05 00:15:00+00:00,-1,4352.955,4378.587032157783,3.0,-1.0,-1.0169824810346855,stop,100.0,94.91508759482657
Structural Frequency M15,Structural Frequency,2026-01-05 14:15:00+00:00,2026-01-05 14:45:00+00:00,2026-01-06 07:45:00+00:00,1,4420.905,4395.119315815294,3.0,1.6811653974150524,1.6640205934675112,time_exit,94.91508759482657,102.81212061425478
Structural Frequency M15,Structural Frequency,2026-01-06 11:30:00+00:00,2026-01-06 12:00:00+00:00,2026-01-07 05:00:00+00:00,1,4461.809,4447.384784487455,3.0,0.18760119034873718,0.1566684231828588,time_exit,102.81212061425478,103.61749125529083
Structural Frequency M15,Structural Frequency,2026-01-07 07:30:00+00:00,2026-01-07 08:00:00+00:00,2026-01-07 12:30:00+00:00,1,4458.665,4440.452797990826,2.0,-1.0,-1.024481745797428,stop,103.61749125529083,98.30977983847232
Structural Frequency M15,Structural Frequency,2026-01-07 16:45:00+00:00,2026-01-07 17:15:00+00:00,2026-01-08 02:45:00+00:00,1,4463.875,4439.0761888645275,3.0,-1.0,-1.0180003588704896,stop,98.30977983847232,93.30581028067014
Structural Frequency M15,Structural Frequency,2026-01-09 13:45:00+00:00,2026-01-09 14:15:00+00:00,2026-01-12 00:30:00+00:00,1,4482.178,4457.757192841831,3.0,3.0,2.981646069390869,target,93.30581028067014,107.21605540440466
Structural Frequency M15,Structural Frequency,2026-01-12 12:45:00+00:00,2026-01-12 13:15:00+00:00,2026-01-12 16:15:00+00:00,1,4590.285,4577.452279810825,3.0,3.0,2.9642298364467417,target,107.21605540440466,123.10670692319782
Structural Frequency M15,Structural Frequency,2026-01-15 14:15:00+00:00,2026-01-15 14:45:00+00:00,2026-01-16 07:45:00+00:00,1,4602.495,4581.303088414037,3.0,0.00802192852261041,-0.013696239663069586,time_exit,123.10670692319782,123.02240197509025
Structural Frequency M15,Structural Frequency,2026-01-19 12:30:00+00:00,2026-01-19 13:00:00+00:00,2026-01-20 06:00:00+00:00,1,4671.465,4658.80448262264,3.0,3.0,2.963102100326852,target,123.02240197509025,141.24879885907245
Structural Frequency M15,Structural Frequency,2026-01-22 14:45:00+00:00,2026-01-22 15:15:00+00:00,2026-01-22 18:15:00+00:00,1,4834.498,4809.584054275333,3.0,3.0,2.9805952134060663,target,141.24879885907245,162.2990735480078
Structural Frequency M15,Structural Frequency,2026-01-23 10:15:00+00:00,2026-01-23 10:45:00+00:00,2026-01-25 23:15:00+00:00,1,4929.048,4898.426853247447,2.0,2.0,1.9839031240735976,target,162.2990735480078,178.39835550031498
Structural Frequency M15,Structural Frequency,2026-01-26 14:30:00+00:00,2026-01-26 15:00:00+00:00,2026-01-26 19:15:00+00:00,1,5081.845,5053.148077288922,3.0,-1.0,-1.0177086757739293,stop,178.39835550031498,169.32047779349136
Structural Frequency M15,Structural Frequency,2026-01-27 12:45:00+00:00,2026-01-27 13:15:00+00:00,2026-01-27 14:15:00+00:00,1,5084.835,5065.817704871546,3.0,-1.0,-1.0267379507214567,stop,169.32047779349136,160.628089774248
Structural Frequency M15,Structural Frequency,2026-01-27 15:45:00+00:00,2026-01-27 16:15:00+00:00,2026-01-28 02:00:00+00:00,1,5090.575,5045.9684976196795,3.0,3.0,2.9885878185278973,target,160.628089774248,184.63064739488414
Structural Frequency M15,Structural Frequency,2026-01-28 12:30:00+00:00,2026-01-28 13:00:00+00:00,2026-01-28 15:15:00+00:00,1,5269.395,5244.809985321155,2.0,-1.0,-1.0214333612114301,stop,184.63064739488414,175.2012522573242
Structural Frequency M15,Structural Frequency,2026-01-28 16:15:00+00:00,2026-01-28 16:45:00+00:00,2026-01-28 23:15:00+00:00,1,5287.265,5233.357980896434,3.0,3.0,2.9901918802265026,target,175.2012522573242,201.3955203525925
Structural Frequency M15,Structural Frequency,2026-01-29 11:30:00+00:00,2026-01-29 12:00:00+00:00,2026-01-29 15:15:00+00:00,1,5514.305,5468.287330678566,3.0,-1.0,-1.0119830167005688,stop,201.3955203525925,191.20507804077266
Structural Frequency M15,Structural Frequency,2026-02-02 10:30:00+00:00,2026-02-02 11:00:00+00:00,2026-02-02 11:15:00+00:00,-1,4672.418,4738.32452955156,2.0,-1.0,-1.0070894614415171,stop,191.20507804077266,181.57704708732442
Structural Frequency M15,Structural Frequency,2026-02-02 13:30:00+00:00,2026-02-02 14:00:00+00:00,2026-02-03 00:30:00+00:00,-1,4684.959,4816.921213353567,2.0,-1.0,-1.003550227660586,stop,181.57704708732442,172.46596274020334
Structural Frequency M15,Structural Frequency,2026-02-03 09:00:00+00:00,2026-02-03 09:30:00+00:00,2026-02-03 16:30:00+00:00,-1,4915.975,4951.999579116093,2.0,-1.0,-1.0136461691451213,stop,172.46596274020334,163.72498961822672
Structural Frequency M15,Structural Frequency,2026-02-05 09:00:00+00:00,2026-02-05 09:30:00+00:00,2026-02-06 02:30:00+00:00,-1,4862.245,4946.273119218704,3.0,0.5032839053547036,0.49749745547910323,time_exit,163.72498961822672,167.79762790489724
Structural Frequency M15,Structural Frequency,2026-02-09 11:30:00+00:00,2026-02-09 12:00:00+00:00,2026-02-09 16:15:00+00:00,1,5008.385,4980.554310417192,2.0,2.0,1.98200409305311,target,167.79762790489724,184.4264071705027
Structural Frequency M15,Structural Frequency,2026-02-10 13:30:00+00:00,2026-02-10 14:00:00+00:00,2026-02-10 15:45:00+00:00,1,5052.705,5018.041197075269,2.0,-1.0,-1.0145763146962596,stop,184.4264071705027,175.07067394451667
Structural Frequency M15,Structural Frequency,2026-02-12 13:15:00+00:00,2026-02-12 13:45:00+00:00,2026-02-12 15:00:00+00:00,1,5062.125,5047.55977721388,3.0,-1.0,-1.0347548751868316,stop,175.07067394451667,166.0129122762
Structural Frequency M15,Structural Frequency,2026-02-13 16:00:00+00:00,2026-02-13 16:30:00+00:00,2026-02-13 16:30:00+00:00,-1,4997.275,5022.038199128185,3.0,-1.0,-1.020180248012916,stop,166.0129122762,157.544757575236
Structural Frequency M15,Structural Frequency,2026-02-16 11:15:00+00:00,2026-02-16 11:45:00+00:00,2026-02-16 15:15:00+00:00,-1,5004.845,5017.821491810377,2.0,2.0,1.9614314479357362,target,157.544757575236,172.99541967350999
Structural Frequency M15,Structural Frequency,2026-02-18 08:00:00+00:00,2026-02-18 08:30:00+00:00,2026-02-18 13:00:00+00:00,-1,4929.095,4942.926216534702,2.0,-1.0,-1.0356374653497273,stop,172.99541967350999,164.03739277612067
Structural Frequency M15,Structural Frequency,2026-02-19 13:45:00+00:00,2026-02-19 14:15:00+00:00,2026-02-19 14:45:00+00:00,1,4996.795,4971.003308264412,2.0,-1.0,-1.0193736612984767,stop,164.03739277612067,155.67662289291815
Structural Frequency M15,Structural Frequency,2026-02-19 15:00:00+00:00,2026-02-19 15:30:00+00:00,2026-02-20 08:30:00+00:00,1,4999.735,4961.343812083542,2.0,0.481881416127507,0.46885828433257587,time_exit,155.67662289291815,159.3261366089313
Structural Frequency M15,Structural Frequency,2026-02-23 08:45:00+00:00,2026-02-23 09:15:00+00:00,2026-02-23 15:00:00+00:00,1,5139.925,5120.691658539846,3.0,3.0,2.9732759644981694,target,159.3261366089313,183.01216523371565
Structural Frequency M15,Structural Frequency,2026-02-24 07:30:00+00:00,2026-02-24 08:00:00+00:00,2026-02-24 12:30:00+00:00,1,5179.515,5155.143262192281,2.0,-1.0,-1.0212521365561364,stop,183.01216523371565,173.66708699568082
Structural Frequency M15,Structural Frequency,2026-02-24 14:45:00+00:00,2026-02-24 15:15:00+00:00,2026-02-25 05:45:00+00:00,1,5127.615,5091.688360212849,2.0,2.0,1.9857275408154538,target,173.66708699568082,190.90986287470665
Structural Frequency M15,Structural Frequency,2026-02-25 11:45:00+00:00,2026-02-25 12:15:00+00:00,2026-02-25 21:00:00+00:00,1,5181.295,5153.948152530059,3.0,-1.0,-1.018946589751141,stop,190.90986287470665,181.1835151884046
Structural Frequency M15,Structural Frequency,2026-02-26 10:00:00+00:00,2026-02-26 10:30:00+00:00,2026-02-26 11:00:00+00:00,1,5187.655,5166.398073653857,3.0,-1.0,-1.0244045395628956,stop,181.1835151884046,171.90325441575638
Structural Frequency M15,Structural Frequency,2026-03-04 12:30:00+00:00,2026-03-04 13:00:00+00:00,2026-03-05 06:00:00+00:00,-1,5166.205,5207.4773389730035,3.0,0.4332199348259739,0.42070258027677027,time_exit,171.90325441575638,175.5192615502905
Structural Frequency M15,Structural Frequency,2026-03-10 11:15:00+00:00,2026-03-10 11:45:00+00:00,2026-03-10 16:00:00+00:00,1,5182.858,5155.127090234181,2.0,2.0,1.9813101768251817,target,175.5192615502905,192.90716650721208
Structural Frequency M15,Structural Frequency,2026-03-12 12:45:00+00:00,2026-03-12 13:15:00+00:00,2026-03-12 13:30:00+00:00,1,5181.015,5162.732050277156,3.0,-1.0,-1.0283379601133316,stop,192.90716650721208,182.98847840234862
Structural Frequency M15,Structural Frequency,2026-03-13 14:00:00+00:00,2026-03-13 14:30:00+00:00,2026-03-15 23:30:00+00:00,-1,5090.095,5122.808378265805,3.0,3.0,2.9844403260383516,target,182.98847840234862,210.29438810956697
Structural Frequency M15,Structural Frequency,2026-03-16 14:30:00+00:00,2026-03-16 15:00:00+00:00,2026-03-17 04:45:00+00:00,-1,5000.825,5038.997253162894,3.0,-1.0,-1.013100680692491,stop,210.29438810956697,199.6419187225863
Structural Frequency M15,Structural Frequency,2026-03-23 15:30:00+00:00,2026-03-23 16:00:00+00:00,2026-03-24 09:00:00+00:00,-1,4407.418,4517.445013896659,2.0,-0.037418083561433516,-0.04142384345976139,time_exit,199.6419187225863,199.22842194312776
Structural Frequency M15,Structural Frequency,2026-03-24 12:30:00+00:00,2026-03-24 13:00:00+00:00,2026-03-24 20:30:00+00:00,-1,4369.365,4434.112363370131,2.0,-1.0,-1.0067483288470334,stop,199.22842194312776,189.19977790062399
Structural Frequency M15,Structural Frequency,2026-03-25 11:15:00+00:00,2026-03-25 11:45:00+00:00,2026-03-25 12:30:00+00:00,1,4579.705,4549.61508635188,3.0,-1.0,-1.0152200669418874,stop,189.19977790062399,179.5958073413409
Structural Frequency M15,Structural Frequency,2026-03-26 15:30:00+00:00,2026-03-26 16:00:00+00:00,2026-03-26 20:15:00+00:00,-1,4439.925,4481.40060181662,2.0,2.0,1.9892950920407841,target,179.5958073413409,197.4592602461025
Structural Frequency M15,Structural Frequency,2026-03-30 15:30:00+00:00,2026-03-30 16:00:00+00:00,2026-03-30 19:00:00+00:00,1,4551.795,4510.0584600020875,2.0,-1.0,-1.0109060190428523,stop,197.4592602461025,187.47862251117581
Structural Frequency M15,Structural Frequency,2026-04-07 09:45:00+00:00,2026-04-07 10:15:00+00:00,2026-04-07 19:30:00+00:00,-1,4670.438,4695.347573037925,3.0,-1.0,-1.0187495706686311,stop,187.47862251117581,177.92893420153547
Structural Frequency M15,Structural Frequency,2026-04-10 09:15:00+00:00,2026-04-10 09:45:00+00:00,2026-04-12 22:15:00+00:00,1,4748.365,4729.295465661392,3.0,-1.0,-1.024900267178452,stop,177.92893420153547,168.81096359143893
Structural Frequency M15,Structural Frequency,2026-04-13 08:30:00+00:00,2026-04-13 09:00:00+00:00,2026-04-13 14:00:00+00:00,-1,4721.205,4740.743310963524,2.0,-1.0,-1.0241638338585868,stop,168.81096359143893,160.16645940798043
Structural Frequency M15,Structural Frequency,2026-04-13 14:15:00+00:00,2026-04-13 14:45:00+00:00,2026-04-13 17:00:00+00:00,-1,4715.065,4745.471153244038,2.0,-1.0,-1.0155069434865933,stop,160.16645940798043,152.03395182585706
Structural Frequency M15,Structural Frequency,2026-04-14 11:15:00+00:00,2026-04-14 11:45:00+00:00,2026-04-15 01:30:00+00:00,1,4778.245,4750.289245722507,3.0,3.0,2.982907830164157,target,152.03395182585706,174.70911509346453
Structural Frequency M15,Structural Frequency,2026-04-16 10:45:00+00:00,2026-04-16 11:15:00+00:00,2026-04-16 14:00:00+00:00,1,4817.035,4804.094671369596,3.0,-1.0,-1.0372249819736576,stop,174.70911509346453,165.64848215579192
Structural Frequency M15,Structural Frequency,2026-04-16 15:15:00+00:00,2026-04-16 15:45:00+00:00,2026-04-17 01:15:00+00:00,1,4801.385,4771.706898148737,2.0,-1.0,-1.0161782078384358,stop,165.64848215579192,157.23206326938043
Structural Frequency M15,Structural Frequency,2026-04-17 08:45:00+00:00,2026-04-17 09:15:00+00:00,2026-04-17 13:00:00+00:00,1,4795.865,4777.846248229514,2.0,2.0,1.9733840331389916,target,157.23206326938043,172.74602542704517
Structural Frequency M15,Structural Frequency,2026-04-21 12:30:00+00:00,2026-04-21 13:00:00+00:00,2026-04-21 17:00:00+00:00,-1,4778.615,4798.853295009045,3.0,3.0,2.9763882530723844,target,172.74602542704517,198.4539874693452
Structural Frequency M15,Structural Frequency,2026-04-22 08:15:00+00:00,2026-04-22 08:45:00+00:00,2026-04-23 00:15:00+00:00,-1,4754.095,4772.8243381328075,2.0,2.0,1.974616855297879,target,198.4539874693452,218.04751690224734
Structural Frequency M15,Structural Frequency,2026-04-23 08:30:00+00:00,2026-04-23 09:00:00+00:00,2026-04-23 12:15:00+00:00,-1,4703.545,4725.607936596517,3.0,-1.0,-1.021318762257344,stop,218.04751690224734,206.9127158984528
Structural Frequency M15,Structural Frequency,2026-04-23 13:15:00+00:00,2026-04-23 13:45:00+00:00,2026-04-23 17:45:00+00:00,-1,4727.285,4744.0052511936765,2.0,2.0,1.9717271891119208,target,206.9127158984528,227.3114872839513
Structural Frequency M15,Structural Frequency,2026-04-24 09:15:00+00:00,2026-04-24 09:45:00+00:00,2026-04-24 11:15:00+00:00,-1,4683.105,4698.174373310832,3.0,-1.0,-1.0310769725017928,stop,227.3114872839513,215.59270527777048
Structural Frequency M15,Structural Frequency,2026-04-24 12:45:00+00:00,2026-04-24 13:15:00+00:00,2026-04-24 14:15:00+00:00,-1,4700.765,4718.200107449765,3.0,-1.0,-1.0269614914249554,stop,215.59270527777048,204.52243497015047
Structural Frequency M15,Structural Frequency,2026-05-01 14:45:00+00:00,2026-05-01 15:15:00+00:00,2026-05-04 08:15:00+00:00,-1,4631.965,4661.386331409556,2.0,1.7664054449663893,1.7506618848415216,time_exit,204.52243497015047,222.4249165450115
Structural Frequency M15,Structural Frequency,2026-05-05 10:15:00+00:00,2026-05-05 10:45:00+00:00,2026-05-05 11:45:00+00:00,-1,4547.645,4561.077068842603,2.0,-1.0,-1.0338566236764384,stop,222.4249165450115,210.92714288297455
Structural Frequency M15,Structural Frequency,2026-05-05 15:45:00+00:00,2026-05-05 16:15:00+00:00,2026-05-05 23:15:00+00:00,-1,4568.305,4586.545596069952,2.0,-1.0,-1.025044713355204,stop,210.92714288297455,200.11665524720902
Structural Frequency M15,Structural Frequency,2026-05-11 14:15:00+00:00,2026-05-11 14:45:00+00:00,2026-05-11 23:00:00+00:00,-1,4724.865,4749.680189521355,2.0,-1.0,-1.0190402132368723,stop,200.11665524720902,189.92030929544075
Structural Frequency M15,Structural Frequency,2026-05-12 11:45:00+00:00,2026-05-12 12:15:00+00:00,2026-05-12 13:30:00+00:00,1,4706.495,4684.101056586012,2.0,-1.0,-1.0210168209903587,stop,189.92030929544075,180.2247177735239
Structural Frequency M15,Structural Frequency,2026-05-13 07:00:00+00:00,2026-05-13 07:30:00+00:00,2026-05-14 00:30:00+00:00,-1,4702.115,4715.9698540600075,3.0,0.09671700576537143,0.06277861146952142,time_exit,180.2247177735239,180.79043065023933
Structural Frequency M15,Structural Frequency,2026-05-14 08:00:00+00:00,2026-05-14 08:30:00+00:00,2026-05-14 19:45:00+00:00,-1,4698.715,4719.603643955884,2.0,2.0,1.977505887840668,target,180.79043065023933,198.66613770404425
Structural Frequency M15,Structural Frequency,2026-05-18 14:45:00+00:00,2026-05-18 15:15:00+00:00,2026-05-18 23:15:00+00:00,-1,4546.365,4585.410780520659,3.0,-1.0,-1.0116436781116325,stop,198.66613770404425,188.61717059088667
Structural Frequency M15,Structural Frequency,2026-05-19 08:15:00+00:00,2026-05-19 08:45:00+00:00,2026-05-19 13:30:00+00:00,-1,4538.135,4560.162226497827,2.0,2.0,1.9793976104960478,target,188.61717059088667,207.284589429193
Structural Frequency M15,Structural Frequency,2026-05-20 13:15:00+00:00,2026-05-20 13:45:00+00:00,2026-05-20 14:30:00+00:00,-1,4489.265,4506.903102144406,2.0,-1.0,-1.0254520864163599,stop,207.284589429193,196.65656869358676
Structural Frequency M15,Structural Frequency,2026-05-22 10:45:00+00:00,2026-05-22 11:15:00+00:00,2026-05-24 22:15:00+00:00,-1,4514.215,4537.428658962909,3.0,-1.0,-1.0194463742541098,stop,196.65656869358676,186.63252739719022
Structural Frequency M15,Structural Frequency,2026-05-25 07:00:00+00:00,2026-05-25 07:30:00+00:00,2026-05-26 00:15:00+00:00,1,4560.548,4549.663454021024,2.0,-1.0,-1.0418992947322667,stop,186.63252739719022,176.90991246372857
Structural Frequency M15,Structural Frequency,2026-05-26 11:15:00+00:00,2026-05-26 11:45:00+00:00,2026-05-27 04:45:00+00:00,-1,4523.375,4541.191696983941,3.0,0.8531323181676184,0.8277439142222796,time_exit,176.90991246372857,184.23171763410096
Structural Frequency M15,Structural Frequency,2026-06-04 13:45:00+00:00,2026-06-04 14:15:00+00:00,2026-06-05 00:15:00+00:00,-1,4495.625,4516.253026466387,2.0,2.0,1.9782062282723678,target,184.23171763410096,202.4541341975557
Structural Frequency M15,Structural Frequency,2026-06-08 14:00:00+00:00,2026-06-08 14:30:00+00:00,2026-06-09 05:45:00+00:00,-1,4319.415,4347.886050163807,3.0,-1.0,-1.0151712528169785,stop,202.4541341975557,192.17785334499024
Structural Frequency M15,Structural Frequency,2026-06-09 13:15:00+00:00,2026-06-09 13:45:00+00:00,2026-06-09 14:00:00+00:00,-1,4330.995,4346.2640099819555,2.0,-1.0,-1.0283646091339138,stop,192.17785334499024,182.29640819302446
Structural Frequency M15,Structural Frequency,2026-06-10 07:30:00+00:00,2026-06-10 08:00:00+00:00,2026-06-10 17:45:00+00:00,-1,4189.495,4217.601935558153,3.0,3.0,2.9850944440693934,target,182.29640819302446,209.50500795656464
Structural Frequency M15,Structural Frequency,2026-06-11 08:30:00+00:00,2026-06-11 09:00:00+00:00,2026-06-11 17:45:00+00:00,-1,4090.395,4113.696955409787,3.0,-1.0,-1.0175538701712648,stop,209.50500795656464,198.84587637324145
Structural Frequency M15,Structural Frequency,2026-06-12 07:45:00+00:00,2026-06-12 08:15:00+00:00,2026-06-14 22:15:00+00:00,1,4194.315,4168.8419819008695,2.0,2.0,1.9835342832809306,target,198.84587637324145,218.56675701700973
Structural Frequency M15,Structural Frequency,2026-06-15 07:15:00+00:00,2026-06-15 07:45:00+00:00,2026-06-15 13:30:00+00:00,1,4316.635,4299.797713006862,2.0,2.0,1.9743626452304388,target,218.56675701700973,240.14325904418686
Structural Frequency M15,Structural Frequency,2026-06-16 16:00:00+00:00,2026-06-16 16:30:00+00:00,2026-06-17 04:45:00+00:00,1,4345.925,4320.051232235651,3.0,-1.0,-1.0167966453111175,stop,240.14325904418686,227.93441603467647
Structural Frequency M15,Structural Frequency,2026-06-17 09:15:00+00:00,2026-06-17 09:45:00+00:00,2026-06-17 14:45:00+00:00,1,4331.885,4316.342725275536,2.0,2.0,1.9721283719610132,target,227.93441603467647,250.410212475094
Structural Frequency M15,Structural Frequency,2026-06-19 10:00:00+00:00,2026-06-19 10:30:00+00:00,2026-06-19 13:00:00+00:00,-1,4155.005,4171.538358662238,3.0,-1.0,-1.0251310401285247,stop,250.410212475094,237.5750483964241
Structural Frequency M15,Structural Frequency,2026-06-22 07:45:00+00:00,2026-06-22 08:15:00+00:00,2026-06-22 09:15:00+00:00,-1,4190.195,4208.002013853442,2.0,-1.0,-1.0235311492116912,stop,237.5750483964241,225.41677528096335
Structural Frequency M15,Structural Frequency,2026-06-23 14:30:00+00:00,2026-06-23 15:00:00+00:00,2026-06-24 02:45:00+00:00,-1,4125.975,4145.9299955501665,3.0,3.0,2.979323598496289,target,225.41677528096335,258.9962511855388
Structural Frequency M15,Structural Frequency,2026-06-25 16:45:00+00:00,2026-06-25 17:15:00+00:00,2026-06-26 02:45:00+00:00,-1,4028.485,4045.0880950187407,2.0,2.0,1.9757365419191246,target,258.9962511855388,284.5816690699055
Structural Frequency M15,Structural Frequency,2026-06-30 08:30:00+00:00,2026-06-30 09:00:00+00:00,2026-06-30 14:15:00+00:00,-1,4017.628,4038.368757219234,2.0,-1.0,-1.0193706910385814,stop,284.5816690699055,270.0769584370704
Structural Frequency M15,Structural Frequency,2026-07-02 11:30:00+00:00,2026-07-02 12:00:00+00:00,2026-07-02 12:45:00+00:00,1,4071.085,4056.4402460362244,2.0,2.0,1.9722010693380716,target,270.0769584370704,296.70926174872864
Structural Frequency M15,Structural Frequency,2026-07-03 15:00:00+00:00,2026-07-03 15:30:00+00:00,2026-07-06 05:15:00+00:00,1,4171.995,4154.426847971014,3.0,-1.0,-1.0237474891674234,stop,296.70926174872864,281.5214936623296
Structural Frequency M15,Structural Frequency,2026-07-09 09:00:00+00:00,2026-07-09 09:30:00+00:00,2026-07-09 12:15:00+00:00,-1,4108.275,4118.321085720417,2.0,-1.0,-1.0408942857380818,stop,281.5214936623296,266.86978795905117
Structural Frequency M15,Structural Frequency,2026-07-10 10:00:00+00:00,2026-07-10 10:30:00+00:00,2026-07-10 13:30:00+00:00,1,4106.225,4093.651846806627,2.0,-1.0,-1.0326586731017018,stop,266.86978795905117,253.09051790281484
Structural Frequency M15,Structural Frequency,2026-07-10 16:00:00+00:00,2026-07-10 16:30:00+00:00,2026-07-12 22:15:00+00:00,1,4110.005,4090.2524258884623,3.0,-1.0,-1.0208074399660108,stop,253.09051790281484,240.17268371981262
Structural Frequency M15,Structural Frequency,2026-07-16 09:30:00+00:00,2026-07-16 10:00:00+00:00,2026-07-16 11:30:00+00:00,-1,4033.995,4038.081013408182,3.0,3.0,2.9012730846178347,target,240.17268371981262,275.0130108666488
Structural Frequency M15,Structural Frequency,2026-07-21 14:00:00+00:00,2026-07-21 14:30:00+00:00,2026-07-22 01:15:00+00:00,1,4065.685,4043.3472608769225,2.0,2.0,1.981799030879541,target,275.0130108666488,302.2640367873883
Structural Frequency M15,Structural Frequency,2026-07-23 14:30:00+00:00,2026-07-23 15:00:00+00:00,2026-07-24 03:00:00+00:00,1,4056.865,4038.617142680189,2.0,-1.0,-1.0222320074565447,stop,302.2640367873883,286.81483813203374
Structural Frequency M15,Structural Frequency,2026-07-24 11:30:00+00:00,2026-07-24 12:00:00+00:00,2026-07-24 14:00:00+00:00,-1,4055.225,4064.3001000010145,2.0,-1.0,-1.0446851825274281,stop,286.81483813203374,271.8332775557568
Structural Frequency M15,Structural Frequency,2026-07-24 14:00:00+00:00,2026-07-24 14:30:00+00:00,2026-07-27 00:15:00+00:00,1,4058.725,4043.706804103069,3.0,3.0,2.972974616739222,target,271.8332775557568,312.24094926367144
Structural Frequency M15,Structural Frequency,2026-07-27 07:00:00+00:00,2026-07-27 07:30:00+00:00,2026-07-27 12:30:00+00:00,1,4101.685,4083.5025439827778,2.0,-1.0,-1.022558476127289,stop,312.24094926367144,296.27671780049155
Structural Frequency M15,Structural Frequency,2026-07-27 15:00:00+00:00,2026-07-27 15:30:00+00:00,2026-07-28 00:15:00+00:00,1,4075.695,4064.259385641956,2.0,-1.0,-1.0356403676478747,stop,296.27671780049155,280.93491135307124
Structural Frequency M15,Structural Frequency,2026-07-28 09:00:00+00:00,2026-07-28 09:30:00+00:00,2026-07-28 14:30:00+00:00,-1,4040.875,4055.582329377173,2.0,2.0,1.9725247534996277,target,280.93491135307124,308.6424646913791
Structural Frequency M15,Structural Frequency,2026-07-28 16:45:00+00:00,2026-07-28 17:15:00+00:00,2026-07-29 10:15:00+00:00,-1,4037.445,4047.764431369461,3.0,0.559139335630031,0.5200146507956671,time_exit,308.6424646913791,316.66739486623914
Structural Frequency M15,Structural Frequency,2026-08-03 11:45:00+00:00,2026-08-03 12:15:00+00:00,2026-08-03 12:45:00+00:00,1,4062.405,4044.644813788909,3.0,-1.0,-1.0228736621999097,stop,316.66739486623914,300.47185797193237
Structural Frequency M15,Structural Frequency,2026-08-11 08:30:00+00:00,2026-08-11 09:00:00+00:00,2026-08-12 02:00:00+00:00,1,4374.655,4355.401140951014,2.0,1.111984872514566,1.089263946860805,time_exit,300.47185797193237,316.8365160686877
Structural Frequency M15,Structural Frequency,2026-08-12 14:00:00+00:00,2026-08-12 14:30:00+00:00,2026-08-12 17:00:00+00:00,1,4431.695,4406.932879663372,3.0,-1.0,-1.0178970739975148,stop,316.8365160686877,300.7111679365935
Structural Frequency M15,Structural Frequency,2026-08-14 10:30:00+00:00,2026-08-14 11:00:00+00:00,2026-08-14 11:45:00+00:00,-1,4351.695,4359.122747638161,2.0,-1.0,-1.0585870066134513,stop,300.7111679365935,284.79472118053184
Structural Frequency M15,Structural Frequency,2026-08-19 11:30:00+00:00,2026-08-19 12:00:00+00:00,2026-08-19 12:45:00+00:00,-1,4363.255,4374.604349803955,2.0,-1.0,-1.0384449776892015,stop,284.79472118053184,270.00753878641586
Structural Frequency M15,Structural Frequency,2026-08-24 10:00:00+00:00,2026-08-24 10:30:00+00:00,2026-08-24 17:30:00+00:00,1,4648.085,4631.556784841623,3.0,-1.0,-1.0281221230209132,stop,270.00753878641586,256.1275025859788
Structural Frequency M15,Structural Frequency,2026-08-25 14:15:00+00:00,2026-08-25 14:45:00+00:00,2026-08-25 19:30:00+00:00,1,4623.605,4603.765811673815,2.0,2.0,1.9766945858672176,target,256.1275025859788,281.4417949686486
Structural Frequency M15,Structural Frequency,2026-08-31 12:30:00+00:00,2026-08-31 13:00:00+00:00,2026-09-01 06:00:00+00:00,-1,4440.215,4464.699707747468,3.0,0.01592830937672354,-0.0022063363204839308,time_exit,281.4417949686486,281.4107472059315
Structural Frequency M15,Structural Frequency,2026-09-02 08:45:00+00:00,2026-09-02 09:15:00+00:00,2026-09-02 11:45:00+00:00,-1,4312.705,4332.447872766048,3.0,-1.0,-1.0218443640452193,stop,281.4107472059315,267.03284790522474
Structural Frequency M15,Structural Frequency,2026-09-07 08:45:00+00:00,2026-09-07 09:15:00+00:00,2026-09-07 23:45:00+00:00,-1,4410.775,4424.614178045192,3.0,-1.0,-1.0318716544118194,stop,267.03284790522474,253.25566657771154
Structural Frequency M15,Structural Frequency,2026-09-09 08:15:00+00:00,2026-09-09 08:45:00+00:00,2026-09-09 12:00:00+00:00,-1,4399.425,4413.250767076119,2.0,-1.0,-1.0318204767647154,stop,253.25566657771154,240.18994744613252
Structural Frequency M15,Structural Frequency,2026-09-09 12:30:00+00:00,2026-09-09 13:00:00+00:00,2026-09-09 13:30:00+00:00,-1,4395.245,4415.6625784441585,2.0,-1.0,-1.021526769259248,stop,240.18994744613252,227.9219243949727
Structural Frequency M15,Structural Frequency,2026-09-11 14:15:00+00:00,2026-09-11 14:45:00+00:00,2026-09-14 07:30:00+00:00,-1,4374.888,4403.773498386457,2.0,2.0,1.9848543793793385,target,227.9219243949727,250.5415158845691
Structural Frequency M15,Structural Frequency,2026-09-15 14:30:00+00:00,2026-09-15 15:00:00+00:00,2026-09-15 18:15:00+00:00,-1,4278.015,4301.242537299636,3.0,-1.0,-1.0184178587028558,stop,250.5415158845691,237.78371817840258
Structural Router M15,Structural Router,2026-01-05 13:30:00+00:00,2026-01-05 14:00:00+00:00,2026-01-05 15:15:00+00:00,1,4411.928,4395.116689757472,2.0,2.0,1.9737561918949118,target,100.0,109.86878095947456
Structural Router M15,Structural Router,2026-01-06 10:00:00+00:00,2026-01-06 10:30:00+00:00,2026-01-06 14:45:00+00:00,1,4449.875,4441.301572459867,3.0,3.0,2.94809689614603,target,109.86878095947456,126.06397156597332
Structural Router M15,Structural Router,2026-01-06 15:00:00+00:00,2026-01-06 15:30:00+00:00,2026-01-06 18:30:00+00:00,-1,4479.835,4491.487267251346,2.0,-1.0,-1.0384460371820141,stop,126.06397156597332,119.51843998076775
Structural Router M15,Structural Router,2026-01-07 15:15:00+00:00,2026-01-07 15:45:00+00:00,2026-01-08 05:45:00+00:00,1,4441.985,4422.018728247432,2.0,-1.0,-1.022247443363725,stop,119.51843998076775,113.40956899550973
Structural Router M15,Structural Router,2026-01-08 15:15:00+00:00,2026-01-08 15:45:00+00:00,2026-01-08 15:45:00+00:00,-1,4447.435,4454.733021089058,2.0,-1.0,-1.060940287041216,stop,113.40956899550973,107.39352996134389
Structural Router M15,Structural Router,2026-01-08 16:00:00+00:00,2026-01-08 16:30:00+00:00,2026-01-08 16:45:00+00:00,-1,4446.895,4458.8350005949915,2.0,-1.0,-1.0372436748610006,stop,107.39352996134389,101.82386697767392
Structural Router M15,Structural Router,2026-01-09 09:15:00+00:00,2026-01-09 09:45:00+00:00,2026-01-09 12:15:00+00:00,-1,4473.775,4478.000847046808,3.0,-1.0,-1.105866941004847,stop,101.82386697767392,96.19368456287968
Structural Router M15,Structural Router,2026-01-09 14:30:00+00:00,2026-01-09 15:00:00+00:00,2026-01-09 15:15:00+00:00,-1,4487.585,4498.861720745808,2.0,-1.0,-1.0397951239651662,stop,96.19368456287968,91.19259835464341
Structural Router M15,Structural Router,2026-01-12 07:15:00+00:00,2026-01-12 07:45:00+00:00,2026-01-12 08:00:00+00:00,-1,4581.335,4588.09333504806,2.0,-1.0,-1.067787923614635,stop,91.19259835464341,86.323880592337
Structural Router M15,Structural Router,2026-01-12 08:45:00+00:00,2026-01-12 09:15:00+00:00,2026-01-12 23:15:00+00:00,1,4596.725,4577.629013866194,3.0,-1.0,-1.0240716817020636,stop,86.323880592337,81.90378851387487
Structural Router M15,Structural Router,2026-01-13 12:45:00+00:00,2026-01-13 13:15:00+00:00,2026-01-13 20:45:00+00:00,1,4592.995,4576.9553120003175,3.0,-1.0,-1.0286351891638474,stop,81.90378851387487,77.6913325643146
Structural Router M15,Structural Router,2026-01-14 09:00:00+00:00,2026-01-14 09:30:00+00:00,2026-01-14 14:45:00+00:00,1,4638.325,4620.51771314812,3.0,-1.0,-1.0260473425209649,stop,77.6913325643146,73.70558329858824
Structural Router M15,Structural Router,2026-01-15 09:45:00+00:00,2026-01-15 10:15:00+00:00,2026-01-15 13:45:00+00:00,1,4612.415,4598.228235424745,3.0,-1.0,-1.0325120993975276,stop,73.70558329858824,69.900487971141
Structural Router M15,Structural Router,2026-01-15 16:00:00+00:00,2026-01-15 16:30:00+00:00,2026-01-16 01:00:00+00:00,1,4621.845,4599.001141813756,3.0,-1.0,-1.0202323309938206,stop,69.900487971141,66.33475108212087
Structural Router M15,Structural Router,2026-01-19 15:45:00+00:00,2026-01-19 16:15:00+00:00,2026-01-20 00:30:00+00:00,1,4674.085,4663.135058037149,3.0,-1.0,-1.0426859340063848,stop,66.33475108212087,62.87643548766376
Structural Router M15,Structural Router,2026-01-20 07:15:00+00:00,2026-01-20 07:45:00+00:00,2026-01-20 18:00:00+00:00,1,4718.095,4704.64522838573,3.0,3.0,2.9649206311057803,target,62.87643548766376,72.19761752705206
Structural Router M15,Structural Router,2026-01-21 08:15:00+00:00,2026-01-21 08:45:00+00:00,2026-01-21 15:30:00+00:00,1,4866.575,4831.053862052462,3.0,-1.0,-1.0137005042101623,stop,72.19761752705206,68.5382794625548
Structural Router M15,Structural Router,2026-01-22 07:15:00+00:00,2026-01-22 07:45:00+00:00,2026-01-22 09:45:00+00:00,1,4836.905,4815.206985742748,3.0,-1.0,-1.0222919247017426,stop,68.5382794625548,65.03497298117874
Structural Router M15,Structural Router,2026-01-23 10:15:00+00:00,2026-01-23 10:45:00+00:00,2026-01-25 23:15:00+00:00,1,4929.048,4898.426853247447,3.0,3.0,2.983903124073598,target,65.03497298117874,74.73787593380781
Structural Router M15,Structural Router,2026-01-26 08:15:00+00:00,2026-01-26 08:45:00+00:00,2026-01-26 13:15:00+00:00,1,5096.505,5072.312638053718,3.0,-1.0,-1.0210665870960285,stop,74.73787593380781,70.92225853848083
Structural Router M15,Structural Router,2026-01-26 16:00:00+00:00,2026-01-26 16:30:00+00:00,2026-01-26 16:30:00+00:00,1,5101.515,5072.499086471047,3.0,-1.0,-1.0175817831649847,stop,70.92225853848083,67.31379862299707
Structural Router M15,Structural Router,2026-01-27 09:15:00+00:00,2026-01-27 09:45:00+00:00,2026-01-27 12:00:00+00:00,1,5088.275,5071.971708744316,3.0,-1.0,-1.031210109174895,stop,67.31379862299707,63.84306514164718
Structural Router M15,Structural Router,2026-01-27 15:45:00+00:00,2026-01-27 16:15:00+00:00,2026-01-28 02:00:00+00:00,1,5090.575,5045.9684976196795,3.0,3.0,2.9885878185278973,target,63.84306514164718,73.38309548063766
Structural Router M15,Structural Router,2026-01-28 07:00:00+00:00,2026-01-28 07:30:00+00:00,2026-01-28 11:15:00+00:00,1,5273.445,5250.370525677928,3.0,-1.0,-1.0228540201020122,stop,73.38309548063766,69.63008576964266
Structural Router M15,Structural Router,2026-01-28 12:30:00+00:00,2026-01-28 13:00:00+00:00,2026-01-28 15:15:00+00:00,1,5269.395,5244.809985321155,3.0,-1.0,-1.0214333612114301,stop,69.63008576964266,66.07396114218635
Structural Router M15,Structural Router,2026-01-28 16:45:00+00:00,2026-01-28 17:15:00+00:00,2026-01-28 22:00:00+00:00,1,5299.585,5264.058891691313,3.0,3.0,2.985082562508812,target,66.07396114218635,75.93577260425762
Structural Router M15,Structural Router,2026-01-29 11:45:00+00:00,2026-01-29 12:15:00+00:00,2026-01-29 15:15:00+00:00,1,5522.425,5468.345521344383,3.0,-1.0,-1.0102116831324637,stop,75.93577260425762,72.10021237163207
Structural Router M15,Structural Router,2026-02-05 09:00:00+00:00,2026-02-05 09:30:00+00:00,2026-02-06 02:30:00+00:00,-1,4862.245,4946.273119218704,3.0,0.5032839053547036,0.49749745547910323,time_exit,72.10021237163207,73.89369598135157
Structural Router M15,Structural Router,2026-02-09 15:00:00+00:00,2026-02-09 15:30:00+00:00,2026-02-09 15:45:00+00:00,-1,5029.885,5043.458410837424,2.0,-1.0,-1.0370568979326256,stop,73.89369598135157,70.06209762479172
Structural Router M15,Structural Router,2026-02-09 16:45:00+00:00,2026-02-09 17:15:00+00:00,2026-02-09 18:00:00+00:00,-1,5073.105,5081.921588288941,2.0,2.0,1.9424595451920665,target,70.06209762479172,76.86673713916447
Structural Router M15,Structural Router,2026-02-10 08:45:00+00:00,2026-02-10 09:15:00+00:00,2026-02-10 09:15:00+00:00,-1,5041.505,5056.30839517676,2.0,-1.0,-1.0340564103018384,stop,76.86673713916447,72.8925100252775
Structural Router M15,Structural Router,2026-02-10 12:45:00+00:00,2026-02-10 13:15:00+00:00,2026-02-10 14:30:00+00:00,1,5031.995,5018.121247052589,2.0,2.0,1.9637301095163366,target,72.8925100252775,80.04957086002045
Structural Router M15,Structural Router,2026-02-10 14:30:00+00:00,2026-02-10 15:00:00+00:00,2026-02-10 15:45:00+00:00,-1,5055.525,5079.926626820419,2.0,2.0,1.9792820165753477,target,80.04957086002045,87.97160466191107
Structural Router M15,Structural Router,2026-02-11 07:00:00+00:00,2026-02-11 07:30:00+00:00,2026-02-11 10:00:00+00:00,-1,5059.065,5070.145542877034,2.0,-1.0,-1.0456571943824646,stop,87.97160466191107,83.3721975961062
Structural Router M15,Structural Router,2026-02-11 10:45:00+00:00,2026-02-11 11:15:00+00:00,2026-02-11 11:30:00+00:00,-1,5093.015,5101.988310938494,3.0,-1.0,-1.0567573667613834,stop,83.3721975961062,78.96698839646766
Structural Router M15,Structural Router,2026-02-12 13:45:00+00:00,2026-02-12 14:15:00+00:00,2026-02-12 15:00:00+00:00,-1,5075.098,5084.449299239052,3.0,3.0,2.9457284183698706,target,78.96698839646766,90.59775348809559
Structural Router M15,Structural Router,2026-02-13 11:00:00+00:00,2026-02-13 11:30:00+00:00,2026-02-13 11:30:00+00:00,1,4951.255,4939.391399297037,2.0,-1.0,-1.041734841925045,stop,90.59775348809559,85.87881166766131
Structural Router M15,Structural Router,2026-02-13 14:30:00+00:00,2026-02-13 15:00:00+00:00,2026-02-13 15:45:00+00:00,-1,4991.205,5012.354676516958,2.0,-1.0,-1.0235994389606766,stop,85.87881166766131,81.48353649557993
Structural Router M15,Structural Router,2026-02-16 08:00:00+00:00,2026-02-16 08:30:00+00:00,2026-02-16 09:15:00+00:00,-1,4997.875,5014.0591393416635,2.0,-1.0,-1.0308813146902027,stop,81.48353649557993,77.2835437341714
Structural Router M15,Structural Router,2026-02-16 13:30:00+00:00,2026-02-16 14:00:00+00:00,2026-02-16 14:00:00+00:00,1,4995.035,4991.50654513396,2.0,-1.0,-1.1415643727818368,stop,77.2835437341714,72.87233672770856
Structural Router M15,Structural Router,2026-02-20 09:15:00+00:00,2026-02-20 09:45:00+00:00,2026-02-20 12:15:00+00:00,-1,5033.785,5043.276922315914,2.0,2.0,1.946967697032661,target,72.87233672770856,79.96634100851531
Structural Router M15,Structural Router,2026-02-20 15:00:00+00:00,2026-02-20 15:30:00+00:00,2026-02-20 16:45:00+00:00,-1,5021.948,5065.286064768101,2.0,-1.0,-1.011587845527649,stop,79.96634100851531,75.92169207773865
Structural Router M15,Structural Router,2026-02-23 08:45:00+00:00,2026-02-23 09:15:00+00:00,2026-02-23 15:00:00+00:00,1,5139.925,5120.691658539846,3.0,3.0,2.9732759644981694,target,75.92169207773865,87.20849918967723
Structural Router M15,Structural Router,2026-02-23 16:15:00+00:00,2026-02-23 16:45:00+00:00,2026-02-24 01:30:00+00:00,1,5214.485,5174.178100102379,3.0,-1.0,-1.0129369537554236,stop,87.20849918967723,82.79166361413853
Structural Router M15,Structural Router,2026-02-26 08:00:00+00:00,2026-02-26 08:30:00+00:00,2026-02-26 08:30:00+00:00,1,5189.195,5178.1950436843,2.0,-1.0,-1.0471746873448367,stop,82.79166361413853,78.45679689114381
Structural Router M15,Structural Router,2026-02-26 08:45:00+00:00,2026-02-26 09:15:00+00:00,2026-02-26 11:00:00+00:00,1,5178.858,5166.305213911956,2.0,-1.0,-1.041256641861624,stop,78.45679689114381,74.37211384803922
Structural Router M15,Structural Router,2026-02-26 14:30:00+00:00,2026-02-26 15:00:00+00:00,2026-02-26 15:30:00+00:00,1,5171.915,5138.34081747999,2.0,-1.0,-1.015404440590378,stop,74.37211384803922,70.59622511516962
Structural Router M15,Structural Router,2026-02-27 16:15:00+00:00,2026-02-27 16:45:00+00:00,2026-02-27 20:30:00+00:00,-1,5233.718,5258.958853597446,2.0,-1.0,-1.0207351069954682,stop,70.59622511516962,66.99322284534918
Structural Router M15,Structural Router,2026-03-03 15:15:00+00:00,2026-03-03 15:45:00+00:00,2026-03-03 19:15:00+00:00,1,5043.505,4991.202475860048,2.0,2.0,1.9903570523929122,target,66.99322284534918,73.66024452298771
Structural Router M15,Structural Router,2026-03-06 09:00:00+00:00,2026-03-06 09:30:00+00:00,2026-03-06 13:45:00+00:00,-1,5095.545,5123.859860576176,3.0,-1.0,-1.0179960095028238,stop,73.66024452298771,69.91095277381753
Structural Router M15,Structural Router,2026-03-09 07:00:00+00:00,2026-03-09 07:30:00+00:00,2026-03-09 19:30:00+00:00,-1,5096.755,5142.166329615643,3.0,-1.0,-1.0112235317554858,stop,69.91095277381753,66.37617274520099
Structural Router M15,Structural Router,2026-03-11 13:00:00+00:00,2026-03-11 13:30:00+00:00,2026-03-11 14:00:00+00:00,1,5177.505,5160.778877592838,2.0,-1.0,-1.030954604264902,stop,66.37617274520099,62.95463169994362
Structural Router M15,Structural Router,2026-03-12 08:00:00+00:00,2026-03-12 08:30:00+00:00,2026-03-12 10:15:00+00:00,-1,5181.258,5190.298627896733,2.0,-1.0,-1.057310820212746,stop,62.95463169994362,59.62650103600068
Structural Router M15,Structural Router,2026-03-13 07:00:00+00:00,2026-03-13 07:30:00+00:00,2026-03-13 07:30:00+00:00,1,5090.015,5082.680147799759,2.0,-1.0,-1.0693949225020833,stop,59.62650103600068,56.438287163277465
Structural Router M15,Structural Router,2026-03-16 08:30:00+00:00,2026-03-16 09:00:00+00:00,2026-03-16 11:30:00+00:00,-1,4987.045,5010.950722135839,3.0,-1.0,-1.020861302459981,stop,56.438287163277465,53.557503996171775
Structural Router M15,Structural Router,2026-03-16 16:15:00+00:00,2026-03-16 16:45:00+00:00,2026-03-16 18:30:00+00:00,-1,4979.625,5006.990517624888,3.0,-1.0,-1.0181967140847037,stop,53.557503996171775,50.830900266997745
Structural Router M15,Structural Router,2026-03-17 09:45:00+00:00,2026-03-17 10:15:00+00:00,2026-03-17 13:45:00+00:00,-1,5010.098,5026.712751951495,3.0,-1.0,-1.0301545157858893,stop,50.830900266997745,48.21271619442225
Structural Router M15,Structural Router,2026-03-17 15:15:00+00:00,2026-03-17 15:45:00+00:00,2026-03-18 08:45:00+00:00,-1,4994.485,5021.566994186069,3.0,0.38054804713387624,0.36210595987218874,time_exit,48.21271619442225,49.08562178820358
Structural Router M15,Structural Router,2026-03-18 10:15:00+00:00,2026-03-18 10:45:00+00:00,2026-03-18 11:45:00+00:00,-1,4982.295,4996.348453120249,3.0,3.0,2.9645475389047187,target,49.08562178820358,56.36145475159493
Structural Router M15,Structural Router,2026-03-19 10:15:00+00:00,2026-03-19 10:45:00+00:00,2026-03-19 13:00:00+00:00,-1,4683.108,4728.027523349533,3.0,3.0,2.98957444858985,target,56.36145475159493,64.78629300213099
Structural Router M15,Structural Router,2026-03-19 15:30:00+00:00,2026-03-19 16:00:00+00:00,2026-03-19 19:15:00+00:00,-1,4571.355,4642.224936891568,3.0,-1.0,-1.0064503443921422,stop,64.78629300213099,61.52608365693674
Structural Router M15,Structural Router,2026-03-20 10:45:00+00:00,2026-03-20 11:15:00+00:00,2026-03-20 12:15:00+00:00,-1,4645.155,4694.140369345191,3.0,-1.0,-1.009482739565086,stop,61.52608365693674,58.42060768270098
Structural Router M15,Structural Router,2026-03-23 15:45:00+00:00,2026-03-23 16:15:00+00:00,2026-03-24 09:15:00+00:00,-1,4363.158,4509.03406290404,3.0,-0.24374800972925825,-0.24673901312840413,time_exit,58.42060768270098,57.69987552840142
Structural Router M15,Structural Router,2026-03-24 13:15:00+00:00,2026-03-24 13:45:00+00:00,2026-03-24 15:00:00+00:00,-1,4356.108,4429.820039914059,3.0,-1.0,-1.0059096288816303,stop,57.69987552840142,54.797832509436894
Structural Router M15,Structural Router,2026-03-26 11:45:00+00:00,2026-03-26 12:15:00+00:00,2026-03-26 14:00:00+00:00,-1,4422.775,4458.2465135434795,3.0,-1.0,-1.0124685263135973,stop,54.797832509436894,52.02377847313645
Structural Router M15,Structural Router,2026-03-26 15:30:00+00:00,2026-03-26 16:00:00+00:00,2026-03-27 09:00:00+00:00,-1,4439.925,4481.40060181662,3.0,0.38890333819186595,0.37819843023265015,time_exit,52.02377847313645,53.007544040802024
Structural Router M15,Structural Router,2026-03-27 10:30:00+00:00,2026-03-27 11:00:00+00:00,2026-03-27 13:00:00+00:00,-1,4415.715,4439.258143527044,3.0,-1.0,-1.018755842842005,stop,53.007544040802024,50.30745678048842
Structural Router M15,Structural Router,2026-03-31 14:30:00+00:00,2026-03-31 15:00:00+00:00,2026-03-31 16:45:00+00:00,-1,4607.895,4631.852244732965,2.0,-1.0,-1.0192338269753518,stop,50.30745678048842,47.743703695499704
Structural Router M15,Structural Router,2026-04-01 14:45:00+00:00,2026-04-01 15:15:00+00:00,2026-04-02 01:30:00+00:00,1,4760.525,4722.205042973486,3.0,-1.0,-1.012423095873271,stop,47.743703695499704,45.326862280307004
Structural Router M15,Structural Router,2026-04-06 13:15:00+00:00,2026-04-06 13:45:00+00:00,2026-04-06 15:30:00+00:00,1,4668.945,4658.294871471256,3.0,-1.0,-1.0438393300831892,stop,45.326862280307004,42.961164202434574
Structural Router M15,Structural Router,2026-04-08 09:45:00+00:00,2026-04-08 10:15:00+00:00,2026-04-08 10:30:00+00:00,1,4782.838,4774.271399695937,3.0,-1.0,-1.0558312262769156,stop,42.961164202434574,40.69317726832755
Structural Router M15,Structural Router,2026-04-08 13:45:00+00:00,2026-04-08 14:15:00+00:00,2026-04-08 14:30:00+00:00,1,4777.168,4766.420794267486,3.0,-1.0,-1.0444503261489397,stop,40.69317726832755,38.56807715483048
Structural Router M15,Structural Router,2026-04-09 08:45:00+00:00,2026-04-09 09:15:00+00:00,2026-04-09 10:30:00+00:00,-1,4726.055,4734.305754499014,2.0,-1.0,-1.0572802766166998,stop,38.56807715483048,36.529213790688814
Structural Router M15,Structural Router,2026-04-09 16:00:00+00:00,2026-04-09 16:30:00+00:00,2026-04-09 22:45:00+00:00,-1,4787.825,4802.020830312486,2.0,2.0,1.96627301894565,target,36.529213790688814,40.120534164685246
Structural Router M15,Structural Router,2026-04-10 14:30:00+00:00,2026-04-10 15:00:00+00:00,2026-04-10 16:15:00+00:00,-1,4780.715,4795.901697022315,2.0,2.0,1.9685203767944046,target,40.120534164685246,44.0694386162382
Structural Router M15,Structural Router,2026-04-13 13:15:00+00:00,2026-04-13 13:45:00+00:00,2026-04-13 14:00:00+00:00,-1,4733.355,4738.156002714295,2.0,-1.0,-1.0985909669641711,stop_same_bar,44.0694386162382,41.648724257089135
Structural Router M15,Structural Router,2026-04-13 16:45:00+00:00,2026-04-13 17:15:00+00:00,2026-04-13 17:30:00+00:00,-1,4732.795,4747.314366271217,2.0,-1.0,-1.0325964295658148,stop,41.648724257089135,39.49840805889706
Structural Router M15,Structural Router,2026-04-14 14:30:00+00:00,2026-04-14 15:00:00+00:00,2026-04-14 16:30:00+00:00,-1,4798.315,4818.76769608581,2.0,-1.0,-1.0234605500412681,stop,39.49840805889706,37.4771549370114
Structural Router M15,Structural Router,2026-04-14 16:30:00+00:00,2026-04-14 17:00:00+00:00,2026-04-14 17:15:00+00:00,-1,4815.058,4821.108765416193,2.0,-1.0,-1.0795776677627273,stop,37.4771549370114,35.45417996094734
Structural Router M15,Structural Router,2026-04-15 07:00:00+00:00,2026-04-15 07:30:00+00:00,2026-04-15 09:15:00+00:00,1,4815.605,4802.827580658619,2.0,-1.0,-1.0376884006960958,stop,35.45417996094734,33.61466039586399
Structural Router M15,Structural Router,2026-04-15 09:45:00+00:00,2026-04-15 10:15:00+00:00,2026-04-15 13:45:00+00:00,1,4797.925,4784.854969094386,2.0,2.0,1.9632906376836552,target,33.61466039586399,36.91442779806976
Structural Router M15,Structural Router,2026-04-15 14:15:00+00:00,2026-04-15 14:45:00+00:00,2026-04-15 15:15:00+00:00,-1,4824.898,4831.3347424130325,2.0,2.0,1.9250413067605263,target,36.91442779806976,40.467517714405425
Structural Router M15,Structural Router,2026-04-15 15:30:00+00:00,2026-04-15 16:00:00+00:00,2026-04-16 09:00:00+00:00,1,4803.295,4785.767146750682,2.0,0.5786789663129122,0.5512751825655399,time_exit,40.467517714405425,41.58295462520457
Structural Router M15,Structural Router,2026-04-16 10:15:00+00:00,2026-04-16 10:45:00+00:00,2026-04-16 11:00:00+00:00,1,4806.835,4804.115891055862,2.0,2.0,1.823220212990599,target,41.58295462520457,45.373698794631764
Structural Router M15,Structural Router,2026-04-20 13:30:00+00:00,2026-04-20 14:00:00+00:00,2026-04-20 14:15:00+00:00,-1,4822.235,4827.171890677734,2.0,2.0,1.90232242691238,target,45.373698794631764,49.68946903508153
Structural Router M15,Structural Router,2026-04-20 14:30:00+00:00,2026-04-20 15:00:00+00:00,2026-04-20 22:15:00+00:00,-1,4813.765,4828.397915367211,2.0,-1.0,-1.0328968280017987,stop,49.68946903508153,47.12326428751006
Structural Router M15,Structural Router,2026-04-21 07:00:00+00:00,2026-04-21 07:30:00+00:00,2026-04-21 12:45:00+00:00,1,4782.838,4771.578620837577,2.0,-1.0,-1.0424787009212921,stop,47.12326428751006,44.66701432062935
Structural Router M15,Structural Router,2026-04-21 13:15:00+00:00,2026-04-21 13:45:00+00:00,2026-04-21 14:45:00+00:00,1,4774.455,4758.569058624318,2.0,-1.0,-1.030054592844644,stop,44.66701432062935,42.36654115814826
Structural Router M15,Structural Router,2026-04-22 07:00:00+00:00,2026-04-22 07:30:00+00:00,2026-04-22 10:15:00+00:00,-1,4765.455,4772.8952311046505,2.0,2.0,1.935950175028551,target,42.36654115814826,46.46751679667184
Structural Router M15,Structural Router,2026-04-22 13:15:00+00:00,2026-04-22 13:45:00+00:00,2026-04-22 14:45:00+00:00,1,4749.758,4735.410475567524,2.0,-1.0,-1.0331050699537334,stop,46.46751679667184,44.06722543713174
Structural Router M15,Structural Router,2026-04-22 15:45:00+00:00,2026-04-22 16:15:00+00:00,2026-04-22 16:15:00+00:00,1,4727.395,4723.946465998988,2.0,2.0,1.8629158071629222,target,44.06722543713174,48.17190197936397
Structural Router M15,Structural Router,2026-04-22 16:30:00+00:00,2026-04-22 17:00:00+00:00,2026-04-22 17:15:00+00:00,1,4727.865,4722.832709839569,2.0,2.0,1.9060494357583782,target,48.17190197936397,52.7628033087227
Structural Router M15,Structural Router,2026-04-23 07:15:00+00:00,2026-04-23 07:45:00+00:00,2026-04-23 08:15:00+00:00,-1,4705.785,4721.9545135973085,3.0,-1.0,-1.029102823481241,stop,52.7628033087227,50.04788581573311
Structural Router M15,Structural Router,2026-04-23 08:45:00+00:00,2026-04-23 09:15:00+00:00,2026-04-23 12:15:00+00:00,-1,4703.105,4725.5852982681945,3.0,-1.0,-1.020921008003946,stop,50.04788581573311,47.49313891395988
Structural Router M15,Structural Router,2026-04-23 15:45:00+00:00,2026-04-23 16:15:00+00:00,2026-04-24 09:15:00+00:00,-1,4720.345,4741.945573346618,3.0,1.1670986503673983,1.1452457813520533,time_exit,47.49313891395988,50.21270476317886
Structural Router M15,Structural Router,2026-04-24 09:15:00+00:00,2026-04-24 09:45:00+00:00,2026-04-24 11:15:00+00:00,-1,4683.105,4698.174373310832,3.0,-1.0,-1.0310769725017928,stop,50.21270476317886,47.62404658276162
Structural Router M15,Structural Router,2026-04-27 09:00:00+00:00,2026-04-27 09:30:00+00:00,2026-04-27 15:15:00+00:00,-1,4705.065,4717.37628250474,3.0,3.0,2.961782495055341,target,47.62404658276162,54.6766499583878
Structural Router M15,Structural Router,2026-04-28 08:00:00+00:00,2026-04-28 08:30:00+00:00,2026-04-28 12:00:00+00:00,-1,4620.075,4640.246658430207,3.0,3.0,2.9770962064622246,target,54.6766499583878,62.81553231704677
Structural Router M15,Structural Router,2026-04-28 14:00:00+00:00,2026-04-28 14:30:00+00:00,2026-04-29 00:15:00+00:00,-1,4568.085,4601.49458206903,3.0,-1.0,-1.0136729785801017,stop,62.81553231704677,59.631811929800996
Structural Router M15,Structural Router,2026-04-29 07:15:00+00:00,2026-04-29 07:45:00+00:00,2026-04-30 00:45:00+00:00,-1,4574.995,4599.372915065165,3.0,0.33595982175287215,0.31719285588327073,time_exit,59.631811929800996,60.57755116617638
Structural Router M15,Structural Router,2026-05-01 09:45:00+00:00,2026-05-01 10:15:00+00:00,2026-05-01 10:45:00+00:00,-1,4562.595,4573.491443726716,3.0,-1.0,-1.041872331142439,stop,60.57755116617638,57.42184744375615
Structural Router M15,Structural Router,2026-05-04 07:45:00+00:00,2026-05-04 08:15:00+00:00,2026-05-04 10:30:00+00:00,-1,4578.775,4596.362471613804,3.0,3.0,2.9739657006956803,target,57.42184744375615,65.96037768217168
Structural Router M15,Structural Router,2026-05-04 15:00:00+00:00,2026-05-04 15:30:00+00:00,2026-05-05 08:30:00+00:00,-1,4548.198,4584.300097195122,3.0,-0.0819065990548317,-0.0945047536036332,time_exit,65.96037768217168,65.64869922014887
Structural Router M15,Structural Router,2026-05-05 10:45:00+00:00,2026-05-05 11:15:00+00:00,2026-05-05 11:45:00+00:00,-1,4543.645,4558.832901195918,3.0,-1.0,-1.029916213842775,stop,65.64869922014887,62.268066232922926
Structural Router M15,Structural Router,2026-05-06 07:00:00+00:00,2026-05-06 07:30:00+00:00,2026-05-06 08:00:00+00:00,-1,4658.608,4670.986801508649,2.0,-1.0,-1.0376337563595739,stop,62.268066232922926,59.037493859597205
Structural Router M15,Structural Router,2026-05-06 08:00:00+00:00,2026-05-06 08:30:00+00:00,2026-05-06 09:00:00+00:00,-1,4679.228,4683.172379089143,2.0,-1.0,-1.1186302810721196,stop,59.037493859597205,55.73543744209947
Structural Router M15,Structural Router,2026-05-06 09:00:00+00:00,2026-05-06 09:30:00+00:00,2026-05-06 10:45:00+00:00,-1,4695.715,4709.469327898923,2.0,-1.0,-1.0341399087945808,stop,55.73543744209947,52.85352543244953
Structural Router M15,Structural Router,2026-05-07 11:45:00+00:00,2026-05-07 12:15:00+00:00,2026-05-07 16:15:00+00:00,1,4742.785,4726.204525792646,3.0,-1.0,-1.0286046402574924,stop,52.85352543244953,50.13525635676028
Structural Router M15,Structural Router,2026-05-13 13:45:00+00:00,2026-05-13 14:15:00+00:00,2026-05-13 16:15:00+00:00,1,4679.155,4668.519846962018,2.0,2.0,1.956002936833262,target,50.13525635676028,55.03849179039586
Structural Router M15,Structural Router,2026-05-15 09:00:00+00:00,2026-05-15 09:30:00+00:00,2026-05-18 02:30:00+00:00,-1,4547.035,4579.647611708779,3.0,0.4197762547276909,0.4058336884573054,time_exit,55.03849179039586,56.155315496917034
Structural Router M15,Structural Router,2026-05-18 10:00:00+00:00,2026-05-18 10:30:00+00:00,2026-05-18 11:45:00+00:00,-1,4538.925,4557.836819843371,3.0,-1.0,-1.0240004665737712,stop,56.155315496917034,53.280162033445016
Structural Router M15,Structural Router,2026-05-19 10:30:00+00:00,2026-05-19 11:00:00+00:00,2026-05-19 11:15:00+00:00,-1,4528.925,4547.609670644094,3.0,-1.0,-1.0242387199981584,stop,53.280162033445016,50.551581785323506
Structural Router M15,Structural Router,2026-05-19 13:00:00+00:00,2026-05-19 13:30:00+00:00,2026-05-20 06:30:00+00:00,-1,4524.165,4548.121748770691,3.0,2.1889447730134264,2.170060052706408,time_exit,50.551581785323506,56.03658019699608
Structural Router M15,Structural Router,2026-05-20 09:15:00+00:00,2026-05-20 09:45:00+00:00,2026-05-20 10:15:00+00:00,-1,4473.925,4491.115239331603,3.0,-1.0,-1.0260259610916236,stop,56.03658019699608,53.161830894350544
Structural Router M15,Structural Router,2026-05-20 13:45:00+00:00,2026-05-20 14:15:00+00:00,2026-05-20 14:30:00+00:00,-1,4482.865,4506.912724808187,3.0,-1.0,-1.01864153484688,stop,53.161830894350544,50.454188443475964
Structural Router M15,Structural Router,2026-05-25 10:15:00+00:00,2026-05-25 10:45:00+00:00,2026-05-25 11:30:00+00:00,-1,4570.755,4574.159657239687,2.0,-1.0,-1.134250078002593,stop,50.454188443475964,47.59280508459746
Structural Router M15,Structural Router,2026-05-25 11:45:00+00:00,2026-05-25 12:15:00+00:00,2026-05-25 17:15:00+00:00,-1,4569.188,4577.42853916012,2.0,-1.0,-1.0554476826238839,stop,47.59280508459746,45.08121929279203
Structural Router M15,Structural Router,2026-05-26 07:15:00+00:00,2026-05-26 07:45:00+00:00,2026-05-26 08:30:00+00:00,1,4529.605,4521.304063766935,2.0,-1.0,-1.0545673990598474,stop,45.08121929279203,42.70416008398971
Structural Router M15,Structural Router,2026-05-26 08:30:00+00:00,2026-05-26 09:00:00+00:00,2026-05-26 09:30:00+00:00,1,4525.365,4519.043972723449,2.0,-1.0,-1.0715922397105881,stop,42.70416008398971,40.41608775652161
Structural Router M15,Structural Router,2026-05-26 12:30:00+00:00,2026-05-26 13:00:00+00:00,2026-05-26 16:30:00+00:00,1,4511.905,4499.526117309271,2.0,-1.0,-1.0364484025959737,stop,40.41608775652161,38.32162827680034
Structural Router M15,Structural Router,2026-05-27 11:30:00+00:00,2026-05-27 12:00:00+00:00,2026-05-27 12:00:00+00:00,1,4442.958,4431.147375874835,2.0,-1.0,-1.037618316804559,stop,38.32162827680034,36.333467105311165
Structural Router M15,Structural Router,2026-05-28 10:45:00+00:00,2026-05-28 11:15:00+00:00,2026-05-28 13:00:00+00:00,-1,4382.775,4404.73838598121,3.0,-1.0,-1.0199549149832794,stop,36.333467105311165,34.4805421876889
Structural Router M15,Structural Router,2026-05-29 09:15:00+00:00,2026-05-29 09:45:00+00:00,2026-05-29 10:00:00+00:00,-1,4528.705,4533.026238342828,2.0,-1.0,-1.1048010926663236,stop,34.4805421876889,32.5758351534546
Structural Router M15,Structural Router,2026-06-01 07:45:00+00:00,2026-06-01 08:15:00+00:00,2026-06-01 08:30:00+00:00,1,4502.915,4491.377757570633,2.0,-1.0,-1.039029387026991,stop,32.5758351534546,30.88347265188529
Structural Router M15,Structural Router,2026-06-01 09:30:00+00:00,2026-06-01 10:00:00+00:00,2026-06-01 13:15:00+00:00,1,4498.165,4488.156600809222,2.0,-1.0,-1.044943900760322,stop,30.88347265188529,29.269897832791
Structural Router M15,Structural Router,2026-06-01 13:30:00+00:00,2026-06-01 14:00:00+00:00,2026-06-01 14:00:00+00:00,1,4466.995,4457.564008570308,2.0,-1.0,-1.0473650626585922,stop,29.269897832791,27.737084413908413
Structural Router M15,Structural Router,2026-06-01 14:00:00+00:00,2026-06-01 14:30:00+00:00,2026-06-01 17:45:00+00:00,1,4461.035,4446.270553308072,2.0,2.0,1.9697852883139952,target,27.737084413908413,30.468889454870425
Structural Router M15,Structural Router,2026-06-02 14:00:00+00:00,2026-06-02 14:30:00+00:00,2026-06-02 14:30:00+00:00,1,4504.025,4490.238523483894,2.0,-1.0,-1.0326698775770464,stop,30.468889454870425,28.895674237706945
Structural Router M15,Structural Router,2026-06-03 07:30:00+00:00,2026-06-03 08:00:00+00:00,2026-06-03 08:00:00+00:00,1,4458.675,4453.4738443166125,2.0,-1.0,-1.0857246979597408,stop,28.895674237706945,27.327036878503076
Structural Router M15,Structural Router,2026-06-03 08:00:00+00:00,2026-06-03 08:30:00+00:00,2026-06-03 09:00:00+00:00,1,4455.255,4449.672243313814,2.0,-1.0,-1.0798038540892154,stop,27.327036878503076,25.851644891390787
Structural Router M15,Structural Router,2026-06-03 09:30:00+00:00,2026-06-03 10:00:00+00:00,2026-06-03 10:15:00+00:00,1,4446.655,4437.739332959203,2.0,2.0,1.9501253806400252,target,25.851644891390787,28.372342333090497
Structural Router M15,Structural Router,2026-06-03 13:45:00+00:00,2026-06-03 14:15:00+00:00,2026-06-03 22:30:00+00:00,1,4445.715,4424.951143116361,2.0,-1.0,-1.0214108343402375,stop,28.372342333090497,26.923351440359056
Structural Router M15,Structural Router,2026-06-04 11:00:00+00:00,2026-06-04 11:30:00+00:00,2026-06-04 11:30:00+00:00,-1,4473.335,4479.361005834307,2.0,-1.0,-1.0742338312142399,stop,26.923351440359056,25.47725269201384
Structural Router M15,Structural Router,2026-06-04 13:45:00+00:00,2026-06-04 14:15:00+00:00,2026-06-05 00:15:00+00:00,-1,4495.625,4516.253026466387,2.0,2.0,1.9782062282723678,target,25.47725269201384,27.997215689744376
Structural Router M15,Structural Router,2026-06-05 08:30:00+00:00,2026-06-05 09:00:00+00:00,2026-06-05 09:15:00+00:00,-1,4461.615,4468.733726301595,2.0,-1.0,-1.0626743438499677,stop,27.997215689744376,26.50961954910812
Structural Router M15,Structural Router,2026-06-05 09:15:00+00:00,2026-06-05 09:45:00+00:00,2026-06-05 12:00:00+00:00,-1,4462.765,4470.044115191183,2.0,-1.0,-1.0613091685292462,stop,26.50961954910812,25.10287443502359
Structural Router M15,Structural Router,2026-06-05 13:00:00+00:00,2026-06-05 13:30:00+00:00,2026-06-05 13:45:00+00:00,1,4418.295,4398.532860463285,3.0,-1.0,-1.0223573717399954,stop,25.10287443502359,23.8196689984981
Structural Router M15,Structural Router,2026-06-08 08:00:00+00:00,2026-06-08 08:30:00+00:00,2026-06-08 11:15:00+00:00,-1,4291.605,4318.007104342248,3.0,-1.0,-1.0162547838777103,stop,23.8196689984981,22.609326369992733
Structural Router M15,Structural Router,2026-06-08 14:00:00+00:00,2026-06-08 14:30:00+00:00,2026-06-09 05:45:00+00:00,-1,4319.415,4347.886050163807,3.0,-1.0,-1.0151712528169785,stop,22.609326369992733,21.46170946117406
Structural Router M15,Structural Router,2026-06-09 07:00:00+00:00,2026-06-09 07:30:00+00:00,2026-06-09 14:00:00+00:00,-1,4326.625,4349.657747013698,3.0,-1.0,-1.0187846677490395,stop,21.46170946117406,20.36846643403763
Structural Router M15,Structural Router,2026-06-09 16:00:00+00:00,2026-06-09 16:30:00+00:00,2026-06-10 09:30:00+00:00,-1,4259.535,4303.256480905415,3.0,2.138765615059921,2.1290231843101144,time_exit,20.36846643403763,22.536713297383052
Structural Router M15,Structural Router,2026-06-10 10:00:00+00:00,2026-06-10 10:30:00+00:00,2026-06-10 14:00:00+00:00,-1,4160.865,4180.540778764041,3.0,-1.0,-1.0211471426361245,stop,22.536713297383052,21.386048277981438
Structural Router M15,Structural Router,2026-06-11 08:30:00+00:00,2026-06-11 09:00:00+00:00,2026-06-11 17:45:00+00:00,-1,4090.395,4113.696955409787,3.0,-1.0,-1.0175538701712648,stop,21.386048277981438,20.29797546833496
Structural Router M15,Structural Router,2026-06-17 12:45:00+00:00,2026-06-17 13:15:00+00:00,2026-06-17 17:45:00+00:00,1,4333.455,4319.108127725444,3.0,3.0,2.96979512386344,target,20.29797546833496,23.312016896843005
Structural Router M15,Structural Router,2026-06-18 09:00:00+00:00,2026-06-18 09:30:00+00:00,2026-06-18 11:00:00+00:00,1,4267.485,4258.529745336416,3.0,-1.0,-1.047653418694544,stop,23.312016896843005,22.090871186910878
Structural Router M15,Structural Router,2026-06-18 14:15:00+00:00,2026-06-18 14:45:00+00:00,2026-06-18 15:30:00+00:00,1,4244.085,4235.617047715724,2.0,-1.0,-1.0501193778321198,stop,22.090871186910878,20.93096859158246
Structural Router M15,Structural Router,2026-06-19 10:00:00+00:00,2026-06-19 10:30:00+00:00,2026-06-19 13:00:00+00:00,-1,4155.005,4171.538358662238,3.0,-1.0,-1.0251310401285247,stop,20.93096859158246,19.85811931142314
Structural Router M15,Structural Router,2026-06-22 13:30:00+00:00,2026-06-22 14:00:00+00:00,2026-06-22 14:15:00+00:00,1,4190.815,4181.934259054806,2.0,2.0,1.952810074904076,target,19.85811931142314,21.79707608442285
Structural Router M15,Structural Router,2026-06-22 15:45:00+00:00,2026-06-22 16:15:00+00:00,2026-06-23 01:45:00+00:00,1,4182.755,4168.462307281199,3.0,-1.0,-1.0292649893361097,stop,21.79707608442285,20.67532772024326
Structural Router M15,Structural Router,2026-06-23 07:00:00+00:00,2026-06-23 07:30:00+00:00,2026-06-23 07:45:00+00:00,1,4115.525,4109.034881392564,2.0,-1.0,-1.0634121693135903,stop,20.67532772024326,19.576007965130593
Structural Router M15,Structural Router,2026-06-24 07:30:00+00:00,2026-06-24 08:00:00+00:00,2026-06-24 12:30:00+00:00,-1,4082.305,4098.380186478364,3.0,3.0,2.9746049291216963,target,19.576007965130593,22.487552454410746
Structural Router M15,Structural Router,2026-06-24 15:00:00+00:00,2026-06-24 15:30:00+00:00,2026-06-25 08:30:00+00:00,-1,4001.565,4043.642211567968,3.0,0.18917603385248433,0.17966598114013618,time_exit,22.487552454410746,22.689564863168847
Structural Router M15,Structural Router,2026-06-25 10:00:00+00:00,2026-06-25 10:30:00+00:00,2026-06-25 12:45:00+00:00,-1,3984.075,4000.786713362427,3.0,-1.0,-1.0238400151653955,stop,22.689564863168847,21.528040641488698
Structural Router M15,Structural Router,2026-07-01 07:00:00+00:00,2026-07-01 07:30:00+00:00,2026-07-01 08:30:00+00:00,-1,3961.265,3979.535836829665,3.0,-1.0,-1.0216808077097395,stop,21.528040641488698,20.428301343938482
Structural Router M15,Structural Router,2026-07-03 15:00:00+00:00,2026-07-03 15:30:00+00:00,2026-07-06 05:15:00+00:00,1,4171.995,4154.426847971014,3.0,-1.0,-1.0237474891674234,stop,20.428301343938482,19.382630233497856
Structural Router M15,Structural Router,2026-07-06 07:45:00+00:00,2026-07-06 08:15:00+00:00,2026-07-06 09:30:00+00:00,1,4164.655,4146.180336978188,3.0,-1.0,-1.0225425221292705,stop,19.382630233497856,18.39165205327486
Structural Router M15,Structural Router,2026-07-06 16:45:00+00:00,2026-07-06 17:15:00+00:00,2026-07-07 01:15:00+00:00,1,4154.735,4139.216215470371,3.0,-1.0,-1.0267722964518757,stop,18.39165205327486,17.447450112560617
Structural Router M15,Structural Router,2026-07-10 07:45:00+00:00,2026-07-10 08:15:00+00:00,2026-07-10 08:30:00+00:00,1,4108.705,4103.454220272999,2.0,-1.0,-1.0782494260589897,stop,17.447450112560617,16.50681495905755
Structural Router M15,Structural Router,2026-07-10 09:00:00+00:00,2026-07-10 09:30:00+00:00,2026-07-10 12:15:00+00:00,1,4100.555,4093.6012859817015,2.0,2.0,1.9410307212921134,target,16.50681495905755,18.108826706368294
Structural Router M15,Structural Router,2026-07-13 09:45:00+00:00,2026-07-13 10:15:00+00:00,2026-07-13 14:15:00+00:00,-1,4068.035,4079.126384380988,3.0,3.0,2.9633225676771864,target,18.108826706368294,20.79194144902512
Structural Router M15,Structural Router,2026-07-13 16:15:00+00:00,2026-07-13 16:45:00+00:00,2026-07-14 04:45:00+00:00,-1,4003.555,4021.3001830851517,3.0,-1.0,-1.0225613620371712,stop,20.79194144902512,19.72888965064951
Structural Router M15,Structural Router,2026-07-14 08:00:00+00:00,2026-07-14 08:30:00+00:00,2026-07-14 12:00:00+00:00,-1,4017.075,4030.4354018365048,3.0,-1.0,-1.0300670223033566,stop,19.72888965064951,18.71278571985971
Structural Router M15,Structural Router,2026-07-15 08:00:00+00:00,2026-07-15 08:30:00+00:00,2026-07-15 10:15:00+00:00,-1,4017.815,4034.871799894193,3.0,-1.0,-1.023555502936796,stop,18.71278571985971,17.755106979917734
Structural Router M15,Structural Router,2026-07-16 09:15:00+00:00,2026-07-16 09:45:00+00:00,2026-07-16 11:30:00+00:00,-1,4032.975,4038.0900913626574,2.0,2.0,1.921155367244414,target,17.755106979917734,19.460622933441122
Structural Router M15,Structural Router,2026-07-16 13:00:00+00:00,2026-07-16 13:30:00+00:00,2026-07-16 19:45:00+00:00,1,3992.195,3972.220322906574,3.0,-1.0,-1.0199862805357383,stop,19.460622933441122,18.468144513301667
Structural Router M15,Structural Router,2026-07-17 13:00:00+00:00,2026-07-17 13:30:00+00:00,2026-07-17 13:45:00+00:00,1,3969.095,3958.6461393812137,2.0,2.0,1.9620140879966956,target,18.468144513301667,20.279882499014505
Structural Router M15,Structural Router,2026-07-20 08:15:00+00:00,2026-07-20 08:45:00+00:00,2026-07-20 11:45:00+00:00,-1,4021.665,4031.0683750348308,2.0,-1.0,-1.0427683144094908,stop,20.279882499014505,19.22252155451851
Structural Router M15,Structural Router,2026-07-21 13:45:00+00:00,2026-07-21 14:15:00+00:00,2026-07-21 14:45:00+00:00,1,4052.835,4043.394665559763,2.0,2.0,1.9570689468084335,target,19.22252155451851,21.10351155520371
Structural Router M15,Structural Router,2026-07-21 15:30:00+00:00,2026-07-21 16:00:00+00:00,2026-07-21 18:30:00+00:00,-1,4075.545,4084.108517199987,2.0,-1.0,-1.0475919520545387,stop,21.10351155520371,19.998118111937643
Structural Router M15,Structural Router,2026-07-22 09:00:00+00:00,2026-07-22 09:30:00+00:00,2026-07-22 13:00:00+00:00,1,4121.575,4108.3690606185,3.0,-1.0,-1.031210009988187,stop,19.998118111937643,18.967005133039837
Structural Router M15,Structural Router,2026-07-27 13:00:00+00:00,2026-07-27 13:30:00+00:00,2026-07-27 13:30:00+00:00,1,4084.765,4079.9507565970575,2.0,-1.0,-1.0848474964415695,stop,18.967005133039837,17.938189731361202
Structural Router M15,Structural Router,2026-07-27 13:30:00+00:00,2026-07-27 14:00:00+00:00,2026-07-27 14:00:00+00:00,1,4086.645,4074.6298309433814,2.0,-1.0,-1.0340123803563868,stop,17.938189731361202,17.01077421819074
Structural Router M15,Structural Router,2026-07-27 14:30:00+00:00,2026-07-27 15:00:00+00:00,2026-07-27 15:30:00+00:00,1,4068.735,4064.235180981204,2.0,2.0,1.909580030152224,target,17.01077421819074,18.63494595541501
Structural Router M15,Structural Router,2026-07-28 08:00:00+00:00,2026-07-28 08:30:00+00:00,2026-07-28 10:00:00+00:00,-1,4044.085,4055.567955581159,2.0,2.0,1.9647818458286515,target,18.63494595541501,20.465626130974886
Structural Router M15,Structural Router,2026-07-29 10:45:00+00:00,2026-07-29 11:15:00+00:00,2026-07-29 11:15:00+00:00,1,4027.345,4025.2903192183644,3.0,-1.0,-1.1960083063021831,stop,20.465626130974886,19.241773188658836
Structural Router M15,Structural Router,2026-07-29 12:30:00+00:00,2026-07-29 13:00:00+00:00,2026-07-29 14:00:00+00:00,1,4020.585,4008.3566296818667,3.0,-1.0,-1.0328791563830702,stop,19.241773188658836,18.24805186573802
Structural Router M15,Structural Router,2026-07-30 09:45:00+00:00,2026-07-30 10:15:00+00:00,2026-07-30 10:15:00+00:00,-1,4063.275,4073.969033764087,2.0,-1.0,-1.0379957188245048,stop,18.24805186573802,17.30098188006184
Structural Router M15,Structural Router,2026-07-30 10:45:00+00:00,2026-07-30 11:15:00+00:00,2026-07-30 12:45:00+00:00,-1,4077.715,4084.0796244360704,2.0,-1.0,-1.0640684307606645,stop,17.30098188006184,16.380510448075036
Structural Router M15,Structural Router,2026-07-30 14:00:00+00:00,2026-07-30 14:30:00+00:00,2026-07-31 07:30:00+00:00,-1,4098.095,4121.443976328204,2.0,1.098120947128153,1.08056944961325,time_exit,16.380510448075036,17.265524406038065
Structural Router M15,Structural Router,2026-07-31 08:30:00+00:00,2026-07-31 09:00:00+00:00,2026-07-31 09:30:00+00:00,1,4059.075,4053.4767687789263,2.0,-1.0,-1.0725063835291464,stop,17.265524406038065,16.33965514901536
Structural Router M15,Structural Router,2026-07-31 09:30:00+00:00,2026-07-31 10:00:00+00:00,2026-07-31 11:30:00+00:00,1,4052.935,4049.493668291725,2.0,2.0,1.8822277146299364,target,16.33965514901536,17.87740273746398
Structural Router M15,Structural Router,2026-07-31 13:45:00+00:00,2026-07-31 14:15:00+00:00,2026-07-31 14:15:00+00:00,1,4025.275,4021.169701766742,2.0,-1.0,-1.0980507327674816,stop,17.87740273746398,16.895887978671396
Structural Router M15,Structural Router,2026-08-03 09:30:00+00:00,2026-08-03 10:00:00+00:00,2026-08-03 11:30:00+00:00,1,4053.295,4045.591768845119,2.0,-1.0,-1.052618114639228,stop,16.895887978671396,16.006642091208164
Structural Router M15,Structural Router,2026-08-04 10:15:00+00:00,2026-08-04 10:45:00+00:00,2026-08-04 11:00:00+00:00,1,4049.075,4044.8572288450755,2.0,2.0,1.9039996516816082,target,16.006642091208164,17.530474139520788
Structural Router M15,Structural Router,2026-08-05 07:00:00+00:00,2026-08-05 07:30:00+00:00,2026-08-05 11:30:00+00:00,-1,4166.045,4180.29636619347,2.0,-1.0,-1.0292326008850219,stop,17.530474139520788,16.628327364852456
Structural Router M15,Structural Router,2026-08-05 15:15:00+00:00,2026-08-05 15:45:00+00:00,2026-08-05 16:15:00+00:00,-1,4257.245,4266.25258496058,3.0,3.0,2.9527371096844384,target,16.628327364852456,19.08328132896151
Structural Router M15,Structural Router,2026-08-06 08:00:00+00:00,2026-08-06 08:30:00+00:00,2026-08-06 13:00:00+00:00,1,4268.605,4249.840359742634,3.0,-1.0,-1.0227481312801854,stop,19.08328132896151,18.107411813067042
Structural Router M15,Structural Router,2026-08-07 08:00:00+00:00,2026-08-07 08:30:00+00:00,2026-08-07 12:45:00+00:00,1,4299.685,4281.856818976209,3.0,3.0,2.9758826489687187,target,18.107411813067042,20.801688444678913
Structural Router M15,Structural Router,2026-08-10 15:45:00+00:00,2026-08-10 16:15:00+00:00,2026-08-11 00:15:00+00:00,1,4358.205,4341.50142521283,3.0,3.0,2.9739085491846473,target,20.801688444678913,23.89480439983422
Structural Router M15,Structural Router,2026-08-11 10:45:00+00:00,2026-08-11 11:15:00+00:00,2026-08-11 15:45:00+00:00,1,4382.255,4369.140292940626,3.0,-1.0,-1.033414814224673,stop,23.89480439983422,22.66014215734474
Structural Router M15,Structural Router,2026-08-12 09:00:00+00:00,2026-08-12 09:30:00+00:00,2026-08-12 12:45:00+00:00,1,4412.925,4400.880163761571,3.0,-1.0,-1.0366374844177655,stop,22.66014215734474,21.4856245192178
Structural Router M15,Structural Router,2026-08-13 12:45:00+00:00,2026-08-13 13:15:00+00:00,2026-08-13 13:45:00+00:00,1,4401.555,4379.785964223373,3.0,-1.0,-1.0202193383536349,stop,21.4856245192178,20.38962203766225
Structural Router M15,Structural Router,2026-08-17 07:15:00+00:00,2026-08-17 07:45:00+00:00,2026-08-17 12:15:00+00:00,1,4404.755,4391.675910458786,3.0,-1.0,-1.033677841153393,stop,20.38962203766225,19.33580701317103
Structural Router M15,Structural Router,2026-08-17 15:45:00+00:00,2026-08-17 16:15:00+00:00,2026-08-17 17:45:00+00:00,1,4427.335,4412.757781594252,3.0,-1.0,-1.0303716036679145,stop,19.33580701317103,18.339653689152314
Structural Router M15,Structural Router,2026-08-19 16:00:00+00:00,2026-08-19 16:30:00+00:00,2026-08-19 18:30:00+00:00,1,4497.735,4476.474945791357,3.0,-1.0,-1.021155802124773,stop,18.339653689152314,17.40327150047047
Structural Router M15,Structural Router,2026-08-20 14:15:00+00:00,2026-08-20 14:45:00+00:00,2026-08-21 06:45:00+00:00,1,4491.605,4468.122600288647,3.0,3.0,2.9808724616938167,target,17.40327150047047,19.997118138427133
Structural Router M15,Structural Router,2026-08-21 08:15:00+00:00,2026-08-21 08:45:00+00:00,2026-08-24 01:45:00+00:00,1,4579.245,4557.284246093133,3.0,1.7649667294837712,1.7441147814157762,time_exit,19.997118138427133,21.740981604974547
Structural Router M15,Structural Router,2026-08-24 10:00:00+00:00,2026-08-24 10:30:00+00:00,2026-08-24 17:30:00+00:00,1,4648.085,4631.556784841623,3.0,-1.0,-1.0281221230209132,stop,21.740981604974547,20.623362396761294
Structural Router M15,Structural Router,2026-08-28 13:45:00+00:00,2026-08-28 14:15:00+00:00,2026-08-28 14:15:00+00:00,-1,4602.275,4628.009924343402,2.0,-1.0,-1.017883382669356,stop_same_bar,20.623362396761294,19.573753502839725
Structural Router M15,Structural Router,2026-08-28 14:15:00+00:00,2026-08-28 14:45:00+00:00,2026-08-28 16:00:00+00:00,1,4551.855,4527.807978499822,2.0,-1.0,-1.0189289762974028,stop,19.573753502839725,18.576540271892416
Structural Router M15,Structural Router,2026-08-31 12:30:00+00:00,2026-08-31 13:00:00+00:00,2026-09-01 06:00:00+00:00,-1,4440.215,4464.699707747468,3.0,0.01592830937672354,-0.0022063363204839308,time_exit,18.576540271892416,18.574490967116873
Structural Router M15,Structural Router,2026-09-01 07:15:00+00:00,2026-09-01 07:45:00+00:00,2026-09-01 08:45:00+00:00,-1,4425.835,4441.179960380312,3.0,3.0,2.971157729376229,target,18.574490967116873,21.333878087425788
Structural Router M15,Structural Router,2026-09-01 09:45:00+00:00,2026-09-01 10:15:00+00:00,2026-09-01 10:30:00+00:00,-1,4364.415,4384.592242037761,3.0,-1.0,-1.0216303843301882,stop,21.333878087425788,20.24411118394028
Structural Router M15,Structural Router,2026-09-01 11:45:00+00:00,2026-09-01 12:15:00+00:00,2026-09-01 13:15:00+00:00,-1,4374.235,4388.117807386696,3.0,3.0,2.9684917115237672,target,20.24411118394028,23.248834996774896
Structural Router M15,Structural Router,2026-09-01 16:15:00+00:00,2026-09-01 16:45:00+00:00,2026-09-02 03:45:00+00:00,-1,4352.485,4375.638339176602,3.0,3.0,2.981201480413683,target,23.248834996774896,26.714308062288836
Structural Router M15,Structural Router,2026-09-02 08:45:00+00:00,2026-09-02 09:15:00+00:00,2026-09-02 11:45:00+00:00,-1,4312.705,4332.447872766048,3.0,-1.0,-1.0218443640452193,stop,26.714308062288836,25.349414805647957
Structural Router M15,Structural Router,2026-09-07 10:00:00+00:00,2026-09-07 10:30:00+00:00,2026-09-07 15:00:00+00:00,-1,4402.845,4415.717612819311,3.0,-1.0,-1.0342031960550773,stop,25.349414805647957,24.038592515141605
Structural Router M15,Structural Router,2026-09-08 16:00:00+00:00,2026-09-08 16:30:00+00:00,2026-09-09 07:45:00+00:00,-1,4386.015,4410.131477506599,3.0,-1.0,-1.0181867977974803,stop,24.038592515141605,22.81480363831408
Structural Router M15,Structural Router,2026-09-10 07:30:00+00:00,2026-09-10 08:00:00+00:00,2026-09-10 08:45:00+00:00,1,4409.475,4403.049758537304,2.0,-1.0,-1.0686273819528898,stop,22.81480363831408,21.59577744422504
Structural Router M15,Structural Router,2026-09-10 09:00:00+00:00,2026-09-10 09:30:00+00:00,2026-09-10 09:45:00+00:00,1,4394.895,4388.992451175302,2.0,-1.0,-1.0744575797765616,stop,21.59577744422504,20.435590105919275
Structural Router M15,Structural Router,2026-09-10 11:00:00+00:00,2026-09-10 11:30:00+00:00,2026-09-10 12:15:00+00:00,1,4383.395,4374.186235948721,2.0,-1.0,-1.04760025314571,stop,20.435590105919275,19.365173637512125
Structural Router M15,Structural Router,2026-09-11 11:00:00+00:00,2026-09-11 11:30:00+00:00,2026-09-11 11:45:00+00:00,1,4337.835,4333.633126359286,3.0,-1.0,-1.1032357317451946,stop,19.365173637512125,18.296956062094452
Structural Router M15,Structural Router,2026-09-14 07:00:00+00:00,2026-09-14 07:30:00+00:00,2026-09-14 07:30:00+00:00,1,4323.915,4316.527989574483,3.0,-1.0,-1.0585340313730183,stop,18.296956062094452,17.32855852898126
Structural Router M15,Structural Router,2026-09-14 07:30:00+00:00,2026-09-14 08:00:00+00:00,2026-09-14 08:00:00+00:00,1,4319.225,4314.674756316774,2.0,-1.0,-1.0949229382136556,stop,17.32855852898126,16.379886718003288
Structural Router M15,Structural Router,2026-09-14 09:45:00+00:00,2026-09-14 10:15:00+00:00,2026-09-14 12:45:00+00:00,1,4285.219,4277.517902219883,2.0,-1.0,-1.0556442616669994,stop,16.379886718003288,15.515320046972505
Structural Router M15,Structural Router,2026-09-15 14:00:00+00:00,2026-09-15 14:30:00+00:00,2026-09-15 14:45:00+00:00,-1,4294.495,4301.196466927388,2.0,2.0,1.9359170902948333,target,15.515320046972505,17.01713870898891
Structural Router M15,Structural Router,2026-09-16 11:00:00+00:00,2026-09-16 11:30:00+00:00,2026-09-16 13:15:00+00:00,-1,4346.705,4353.793560227599,2.0,-1.0,-1.0613199981439965,stop,17.01713870898891,16.114107227836897
Outcome First M15,Outcome First,2026-01-05 11:15:00+00:00,2026-01-05 11:45:00+00:00,2026-01-05 15:00:00+00:00,-1,4416.945,4440.459698997234,3.0,-1.0,-1.0187837615974564,stop,100.0,94.90608119201272
Outcome First M15,Outcome First,2026-01-06 11:30:00+00:00,2026-01-06 12:00:00+00:00,2026-01-07 05:00:00+00:00,1,4461.809,4447.384784487455,3.0,0.18760119034873718,0.1566684231828588,time_exit,94.90608119201272,95.64952049655356
Outcome First M15,Outcome First,2026-01-08 12:45:00+00:00,2026-01-08 13:15:00+00:00,2026-01-08 20:30:00+00:00,1,4427.375,4406.747743719412,2.0,2.0,1.9785362874258436,target,95.64952049655356,105.11182285541923
Outcome First M15,Outcome First,2026-01-09 11:45:00+00:00,2026-01-09 12:15:00+00:00,2026-01-09 12:45:00+00:00,1,4474.995,4466.298939202062,3.0,-1.0,-1.0514600243027399,stop,105.11182285541923,99.58577886471602
Outcome First M15,Outcome First,2026-01-09 13:45:00+00:00,2026-01-09 14:15:00+00:00,2026-01-12 00:30:00+00:00,1,4482.178,4457.757192841831,3.0,3.0,2.981646069390869,target,99.58577886471602,114.43225617067645
Outcome First M15,Outcome First,2026-01-12 12:45:00+00:00,2026-01-12 13:15:00+00:00,2026-01-12 16:15:00+00:00,1,4590.285,4577.452279810825,3.0,3.0,2.9642298364467417,target,114.43225617067645,131.39243157032826
Outcome First M15,Outcome First,2026-01-12 16:45:00+00:00,2026-01-12 17:15:00+00:00,2026-01-13 06:45:00+00:00,-1,4616.675,4631.072955200949,3.0,3.0,2.9679352037454887,target,131.39243157032826,150.89064272849313
Outcome First M15,Outcome First,2026-01-13 12:45:00+00:00,2026-01-13 13:15:00+00:00,2026-01-13 20:45:00+00:00,1,4592.995,4576.9553120003175,3.0,-1.0,-1.0286351891638474,stop,150.89064272849313,143.13007148718924
Outcome First M15,Outcome First,2026-01-15 14:15:00+00:00,2026-01-15 14:45:00+00:00,2026-01-16 07:45:00+00:00,1,4602.495,4581.303088414037,2.0,0.00802192852261041,-0.013696239663069586,time_exit,143.13007148718924,143.0320542990852
Outcome First M15,Outcome First,2026-01-19 15:45:00+00:00,2026-01-19 16:15:00+00:00,2026-01-20 00:30:00+00:00,1,4674.085,4663.135058037149,3.0,-1.0,-1.0426859340063848,stop,143.0320542990852,135.5751787426005
Outcome First M15,Outcome First,2026-01-21 09:15:00+00:00,2026-01-21 09:45:00+00:00,2026-01-21 14:15:00+00:00,1,4875.485,4850.019502763962,3.0,-1.0,-1.0191454537675408,stop,135.5751787426005,128.66663738963837
Outcome First M15,Outcome First,2026-01-21 14:15:00+00:00,2026-01-21 14:45:00+00:00,2026-01-21 19:45:00+00:00,-1,4860.085,4881.9389724615,3.0,3.0,2.9777610912223764,target,128.66663738963837,147.82356271750254
Outcome First M15,Outcome First,2026-01-23 10:15:00+00:00,2026-01-23 10:45:00+00:00,2026-01-25 23:15:00+00:00,1,4929.048,4898.426853247447,3.0,3.0,2.983903124073598,target,147.82356271750254,169.8781222477248
Outcome First M15,Outcome First,2026-01-27 09:45:00+00:00,2026-01-27 10:15:00+00:00,2026-01-27 12:00:00+00:00,1,5098.195,5071.948978458109,3.0,-1.0,-1.0194246392424198,stop,169.8781222477248,161.21922507334648
Outcome First M15,Outcome First,2026-01-27 16:45:00+00:00,2026-01-27 17:15:00+00:00,2026-01-27 20:15:00+00:00,-1,5087.265,5104.49573675511,3.0,-1.0,-1.0295243614495562,stop,161.21922507334648,152.92026908599502
Outcome First M15,Outcome First,2026-01-28 12:30:00+00:00,2026-01-28 13:00:00+00:00,2026-01-28 15:15:00+00:00,1,5269.395,5244.809985321155,3.0,-1.0,-1.0214333612114301,stop,152.92026908599502,145.11037586350182
Outcome First M15,Outcome First,2026-01-29 11:30:00+00:00,2026-01-29 12:00:00+00:00,2026-01-29 15:15:00+00:00,1,5514.305,5468.287330678566,3.0,-1.0,-1.0119830167005688,stop,145.11037586350182,137.76791406745681
Outcome First M15,Outcome First,2026-01-30 10:15:00+00:00,2026-01-30 10:45:00+00:00,2026-01-30 17:15:00+00:00,1,5058.978,4935.400580922801,2.0,-1.0,-1.0040937721776173,stop,137.76791406745681,130.8513188414051
Outcome First M15,Outcome First,2026-02-02 10:30:00+00:00,2026-02-02 11:00:00+00:00,2026-02-02 11:15:00+00:00,-1,4672.418,4738.32452955156,2.0,-1.0,-1.0070894614415171,stop,130.8513188414051,124.26236963035994
Outcome First M15,Outcome First,2026-02-03 09:00:00+00:00,2026-02-03 09:30:00+00:00,2026-02-03 16:30:00+00:00,-1,4915.975,4951.999579116093,2.0,-1.0,-1.0136461691451213,stop,124.26236963035994,117.96446588312448
Outcome First M15,Outcome First,2026-02-05 09:00:00+00:00,2026-02-05 09:30:00+00:00,2026-02-06 02:30:00+00:00,-1,4862.245,4946.273119218704,3.0,0.5032839053547036,0.49749745547910323,time_exit,117.96446588312448,120.89881696381477
Outcome First M15,Outcome First,2026-02-10 08:30:00+00:00,2026-02-10 09:00:00+00:00,2026-02-10 15:45:00+00:00,1,5048.485,5017.93539750195,3.0,-1.0,-1.0165255341712625,stop,120.89881696381477,114.753980239074
Outcome First M15,Outcome First,2026-02-11 09:30:00+00:00,2026-02-11 10:00:00+00:00,2026-02-11 13:45:00+00:00,1,5064.355,5044.452009286778,3.0,-1.0,-1.0254451960158717,stop,114.753980239074,108.87028435108107
Outcome First M15,Outcome First,2026-02-12 10:15:00+00:00,2026-02-12 10:45:00+00:00,2026-02-12 14:00:00+00:00,-1,5061.018,5081.515275319403,3.0,-1.0,-1.0246911744177485,stop,108.87028435108107,103.2923633745359
Outcome First M15,Outcome First,2026-02-12 14:15:00+00:00,2026-02-12 14:45:00+00:00,2026-02-12 16:15:00+00:00,-1,5059.695,5084.521370262245,3.0,3.0,2.9796196747790615,target,103.2923633745359,118.68096128279566
Outcome First M15,Outcome First,2026-02-13 16:00:00+00:00,2026-02-13 16:30:00+00:00,2026-02-13 16:30:00+00:00,-1,4997.275,5022.038199128185,2.0,-1.0,-1.020180248012916,stop,118.68096128279566,112.62716265700098
Outcome First M15,Outcome First,2026-02-19 13:45:00+00:00,2026-02-19 14:15:00+00:00,2026-02-19 14:45:00+00:00,1,4996.795,4971.003308264412,2.0,-1.0,-1.0193736612984767,stop,112.62716265700098,106.88670449903466
Outcome First M15,Outcome First,2026-02-19 15:00:00+00:00,2026-02-19 15:30:00+00:00,2026-02-20 08:30:00+00:00,1,4999.735,4961.343812083542,2.0,0.481881416127507,0.46885828433257587,time_exit,106.88670449903466,109.39244034350368
Outcome First M15,Outcome First,2026-02-20 15:15:00+00:00,2026-02-20 15:45:00+00:00,2026-02-20 16:45:00+00:00,-1,5025.135,5065.418417284665,3.0,-1.0,-1.012474450626891,stop,109.39244034350368,103.8545877965275
Outcome First M15,Outcome First,2026-02-23 08:45:00+00:00,2026-02-23 09:15:00+00:00,2026-02-23 15:00:00+00:00,1,5139.925,5120.691658539846,3.0,3.0,2.9732759644981694,target,103.8545877965275,119.2940052814415
Outcome First M15,Outcome First,2026-02-25 11:45:00+00:00,2026-02-25 12:15:00+00:00,2026-02-25 21:00:00+00:00,1,5181.295,5153.948152530059,3.0,-1.0,-1.018946589751141,stop,119.2940052814415,113.21629428847753
Outcome First M15,Outcome First,2026-02-27 11:45:00+00:00,2026-02-27 12:15:00+00:00,2026-02-27 13:30:00+00:00,1,5185.465,5168.322730098425,3.0,3.0,2.969750417944804,target,113.21629428847753,130.02750115254594
Outcome First M15,Outcome First,2026-03-03 15:45:00+00:00,2026-03-03 16:15:00+00:00,2026-03-04 09:15:00+00:00,1,5094.998,4991.266439899736,2.0,0.663539620280191,0.6586279058558872,time_exit,130.02750115254594,134.3094881919347
Outcome First M15,Outcome First,2026-03-04 12:30:00+00:00,2026-03-04 13:00:00+00:00,2026-03-05 06:00:00+00:00,-1,5166.205,5207.4773389730035,2.0,0.4332199348259739,0.42070258027677027,time_exit,134.3094881919347,137.13470560383465
Outcome First M15,Outcome First,2026-03-12 10:30:00+00:00,2026-03-12 11:00:00+00:00,2026-03-12 13:30:00+00:00,-1,5181.735,5192.158511152113,2.0,2.0,1.9502880082883625,target,137.13470560383465,150.50731419680034
Outcome First M15,Outcome First,2026-03-13 14:00:00+00:00,2026-03-13 14:30:00+00:00,2026-03-15 23:30:00+00:00,-1,5090.095,5122.808378265805,3.0,3.0,2.9844403260383516,target,150.50731419680034,172.9663190894331
Outcome First M15,Outcome First,2026-03-16 10:30:00+00:00,2026-03-16 11:00:00+00:00,2026-03-16 14:15:00+00:00,1,4985.405,4968.975497551573,3.0,3.0,2.969655776152384,target,172.9663190894331,198.6488405176207
Outcome First M15,Outcome First,2026-03-16 14:30:00+00:00,2026-03-16 15:00:00+00:00,2026-03-17 04:45:00+00:00,-1,5000.825,5038.997253162894,3.0,-1.0,-1.013100680692491,stop,198.6488405176207,188.58627674026192
Outcome First M15,Outcome First,2026-03-17 15:15:00+00:00,2026-03-17 15:45:00+00:00,2026-03-18 08:45:00+00:00,-1,4994.485,5021.566994186069,3.0,0.38054804713387624,0.36210595987218874,time_exit,188.58627674026192,192.00068747814964
Outcome First M15,Outcome First,2026-03-18 10:15:00+00:00,2026-03-18 10:45:00+00:00,2026-03-18 11:45:00+00:00,-1,4982.295,4996.348453120249,3.0,3.0,2.9645475389047187,target,192.00068747814964,220.4604457547178
Outcome First M15,Outcome First,2026-03-23 07:45:00+00:00,2026-03-23 08:15:00+00:00,2026-03-24 01:15:00+00:00,1,4203.695,4093.642868469857,3.0,1.154725476309321,1.1509057456584444,time_exit,220.4604457547178,233.14690544019413
Outcome First M15,Outcome First,2026-03-24 14:00:00+00:00,2026-03-24 14:30:00+00:00,2026-03-24 23:45:00+00:00,1,4395.185,4348.23970149738,3.0,3.0,2.9906376460685307,target,233.14690544019413,268.0098010638854
Outcome First M15,Outcome First,2026-03-26 11:45:00+00:00,2026-03-26 12:15:00+00:00,2026-03-26 14:00:00+00:00,-1,4422.775,4458.2465135434795,3.0,-1.0,-1.0124685263135973,stop,268.0098010638854,254.44222664784778
Outcome First M15,Outcome First,2026-03-26 15:30:00+00:00,2026-03-26 16:00:00+00:00,2026-03-27 09:00:00+00:00,-1,4439.925,4481.40060181662,3.0,0.38890333819186595,0.37819843023265015,time_exit,254.44222664784778,259.2537091830036
Outcome First M15,Outcome First,2026-04-06 10:00:00+00:00,2026-04-06 10:30:00+00:00,2026-04-07 02:00:00+00:00,-1,4686.495,4707.476513565496,3.0,3.0,2.9776636943499306,target,259.2537091830036,297.85222705599284
Outcome First M15,Outcome First,2026-04-07 09:45:00+00:00,2026-04-07 10:15:00+00:00,2026-04-07 14:15:00+00:00,-1,4670.438,4695.347573037925,2.0,2.0,1.9812504293313689,target,297.85222705599284,327.35821969259234
Outcome First M15,Outcome First,2026-04-10 11:15:00+00:00,2026-04-10 11:45:00+00:00,2026-04-10 20:30:00+00:00,1,4761.405,4741.250411492884,3.0,-1.0,-1.0236244217951609,stop,327.35821969259234,310.6036262749562
Outcome First M15,Outcome First,2026-04-15 08:45:00+00:00,2026-04-15 09:15:00+00:00,2026-04-15 09:15:00+00:00,1,4818.205,4803.332376840094,3.0,-1.0,-1.0323964706709514,stop,310.6036262749562,294.570321897763
Outcome First M15,Outcome First,2026-04-15 11:45:00+00:00,2026-04-15 12:15:00+00:00,2026-04-15 15:45:00+00:00,1,4812.495,4791.844560727004,3.0,-1.0,-1.0233045647909933,stop,294.570321897763,279.49856414526636
Outcome First M15,Outcome First,2026-04-16 10:45:00+00:00,2026-04-16 11:15:00+00:00,2026-04-16 14:00:00+00:00,1,4817.035,4804.094671369596,3.0,-1.0,-1.0372249819736576,stop,279.49856414526636,265.0034194874045
Outcome First M15,Outcome First,2026-04-16 14:00:00+00:00,2026-04-16 14:30:00+00:00,2026-04-17 07:30:00+00:00,-1,4800.595,4824.590062660631,2.0,0.3792446858215971,0.3592380908487217,time_exit,265.0034194874045,269.7633856116565
Outcome First M15,Outcome First,2026-04-20 15:00:00+00:00,2026-04-20 15:30:00+00:00,2026-04-20 22:15:00+00:00,-1,4798.005,4828.507177025809,2.0,-1.0,-1.0157300411571941,stop,269.7633856116565,256.06304687315486
Outcome First M15,Outcome First,2026-04-21 13:45:00+00:00,2026-04-21 14:15:00+00:00,2026-04-21 14:45:00+00:00,1,4778.795,4758.437438303621,2.0,-1.0,-1.0234742994827815,stop,256.06304687315486,242.95934949705844
Outcome First M15,Outcome First,2026-04-22 13:45:00+00:00,2026-04-22 14:15:00+00:00,2026-04-22 14:45:00+00:00,1,4752.685,4735.3505886271005,2.0,-1.0,-1.027417631310113,stop,242.95934949705844,230.47831352881278
Outcome First M15,Outcome First,2026-04-23 07:15:00+00:00,2026-04-23 07:45:00+00:00,2026-04-23 08:15:00+00:00,-1,4705.785,4721.9545135973085,3.0,-1.0,-1.029102823481241,stop,230.47831352881278,218.619019368628
Outcome First M15,Outcome First,2026-04-23 08:30:00+00:00,2026-04-23 09:00:00+00:00,2026-04-23 12:15:00+00:00,-1,4703.545,4725.607936596517,3.0,-1.0,-1.021318762257344,stop,218.619019368628,207.45503405525392
Outcome First M15,Outcome First,2026-04-23 13:15:00+00:00,2026-04-23 13:45:00+00:00,2026-04-23 17:45:00+00:00,-1,4727.285,4744.0052511936765,2.0,2.0,1.9717271891119208,target,207.45503405525392,227.9072706134981
Outcome First M15,Outcome First,2026-04-24 09:15:00+00:00,2026-04-24 09:45:00+00:00,2026-04-24 11:15:00+00:00,-1,4683.105,4698.174373310832,3.0,-1.0,-1.0310769725017928,stop,227.9072706134981,216.15777368373247
Outcome First M15,Outcome First,2026-04-27 12:30:00+00:00,2026-04-27 13:00:00+00:00,2026-04-28 05:15:00+00:00,-1,4698.585,4713.148868309352,3.0,3.0,2.967738069994887,target,216.15777368373247,248.23275638806004
Outcome First M15,Outcome First,2026-04-29 09:00:00+00:00,2026-04-29 09:30:00+00:00,2026-04-29 10:00:00+00:00,1,4573.665,4556.264103446176,3.0,-1.0,-1.0262840767189945,stop,248.23275638806004,235.49489012800348
Outcome First M15,Outcome First,2026-05-01 14:45:00+00:00,2026-05-01 15:15:00+00:00,2026-05-04 08:15:00+00:00,-1,4631.965,4661.386331409556,2.0,1.7664054449663893,1.7506618848415216,time_exit,235.49489012800348,256.10848653910534
Outcome First M15,Outcome First,2026-05-04 15:00:00+00:00,2026-05-04 15:30:00+00:00,2026-05-05 08:30:00+00:00,-1,4548.198,4584.300097195122,3.0,-0.0819065990548317,-0.0945047536036332,time_exit,256.10848653910534,254.89831306829646
Outcome First M15,Outcome First,2026-05-07 08:30:00+00:00,2026-05-07 09:00:00+00:00,2026-05-07 13:45:00+00:00,-1,4735.045,4754.249205744635,3.0,-1.0,-1.024656291767353,stop,254.89831306829646,241.83915505598074
Outcome First M15,Outcome First,2026-05-07 15:30:00+00:00,2026-05-07 16:00:00+00:00,2026-05-08 09:00:00+00:00,-1,4738.735,4765.7730803225695,3.0,0.8595284769755034,0.8420023251797178,time_exit,241.83915505598074,252.0206115998124
Outcome First M15,Outcome First,2026-05-08 14:15:00+00:00,2026-05-08 14:45:00+00:00,2026-05-11 07:45:00+00:00,-1,4717.965,4750.518212491512,3.0,1.4207507173695935,1.4062576316219726,time_exit,252.0206115998124,269.7409070192261
Outcome First M15,Outcome First,2026-05-11 14:15:00+00:00,2026-05-11 14:45:00+00:00,2026-05-11 23:00:00+00:00,-1,4724.865,4749.680189521355,2.0,-1.0,-1.0190402132368723,stop,269.7409070192261,255.9970654488471
Outcome First M15,Outcome First,2026-05-12 13:15:00+00:00,2026-05-12 13:45:00+00:00,2026-05-12 15:30:00+00:00,-1,4690.475,4712.544664635261,2.0,2.0,1.97874695842679,target,255.9970654488471,281.32473618000165
Outcome First M15,Outcome First,2026-05-14 08:00:00+00:00,2026-05-14 08:30:00+00:00,2026-05-14 19:45:00+00:00,-1,4698.715,4719.603643955884,2.0,2.0,1.977505887840668,target,281.32473618000165,309.14080228956044
Outcome First M15,Outcome First,2026-05-15 10:15:00+00:00,2026-05-15 10:45:00+00:00,2026-05-15 13:45:00+00:00,1,4551.575,4530.369548496929,3.0,-1.0,-1.0214641739617802,stop,309.14080228956044,293.35198957713106
Outcome First M15,Outcome First,2026-05-19 10:30:00+00:00,2026-05-19 11:00:00+00:00,2026-05-19 11:15:00+00:00,-1,4528.925,4547.609670644094,3.0,-1.0,-1.0242387199981584,stop,293.35198957713106,278.32886626146137
Outcome First M15,Outcome First,2026-05-20 13:30:00+00:00,2026-05-20 14:00:00+00:00,2026-05-20 14:30:00+00:00,-1,4489.665,4506.907880562663,2.0,-1.0,-1.0260377898210447,stop,278.32886626146137,264.05006952234606
Outcome First M15,Outcome First,2026-05-21 08:00:00+00:00,2026-05-21 08:30:00+00:00,2026-05-21 10:30:00+00:00,1,4534.085,4510.89020372813,3.0,-1.0,-1.0195478543844712,stop,264.05006952234606,250.58948543076716
Outcome First M15,Outcome First,2026-05-22 10:30:00+00:00,2026-05-22 11:00:00+00:00,2026-05-24 22:15:00+00:00,-1,4512.188,4537.454094267749,3.0,-1.0,-1.0178586684280668,stop,250.58948543076716,237.8362514326354
Outcome First M15,Outcome First,2026-05-26 11:15:00+00:00,2026-05-26 11:45:00+00:00,2026-05-27 04:45:00+00:00,-1,4523.375,4541.191696983941,3.0,0.8531323181676184,0.8277439142222796,time_exit,237.8362514326354,247.67962691787562
Outcome First M15,Outcome First,2026-05-27 08:15:00+00:00,2026-05-27 08:45:00+00:00,2026-05-27 10:45:00+00:00,1,4488.915,4474.7945330013745,3.0,-1.0,-1.0317901313068254,stop,247.67962691787562,234.9019571788946
Outcome First M15,Outcome First,2026-05-29 08:15:00+00:00,2026-05-29 08:45:00+00:00,2026-05-29 09:15:00+00:00,-1,4516.855,4527.02962862568,2.0,-1.0,-1.0443933156302105,stop,234.9019571788946,222.63545548359005
Outcome First M15,Outcome First,2026-06-04 14:00:00+00:00,2026-06-04 14:30:00+00:00,2026-06-05 07:30:00+00:00,-1,4487.515,4516.275667433074,3.0,0.7148651903800118,0.6992622318935912,time_exit,222.63545548359005,230.41948375859513
Outcome First M15,Outcome First,2026-06-08 14:00:00+00:00,2026-06-08 14:30:00+00:00,2026-06-09 05:45:00+00:00,-1,4319.415,4347.886050163807,3.0,-1.0,-1.0151712528169785,stop,230.41948375859513,218.72372195856244
Outcome First M15,Outcome First,2026-06-09 08:15:00+00:00,2026-06-09 08:45:00+00:00,2026-06-09 14:15:00+00:00,1,4334.365,4320.061707199832,3.0,-1.0,-1.0303032669508745,stop,218.72372195856244,207.45613369388437
Outcome First M15,Outcome First,2026-06-10 07:30:00+00:00,2026-06-10 08:00:00+00:00,2026-06-10 17:45:00+00:00,-1,4189.495,4217.601935558153,3.0,3.0,2.9850944440693934,target,207.45613369388437,238.41994129777095
Outcome First M15,Outcome First,2026-06-11 08:30:00+00:00,2026-06-11 09:00:00+00:00,2026-06-11 17:45:00+00:00,-1,4090.395,4113.696955409787,3.0,-1.0,-1.0175538701712648,stop,238.41994129777095,226.28968459809332
Outcome First M15,Outcome First,2026-06-12 15:00:00+00:00,2026-06-12 15:30:00+00:00,2026-06-15 02:30:00+00:00,1,4213.775,4175.542303374381,3.0,3.0,2.9889786089606445,target,226.28968459809332,260.1084359327009
Outcome First M15,Outcome First,2026-06-16 11:15:00+00:00,2026-06-16 11:45:00+00:00,2026-06-16 13:00:00+00:00,-1,4341.925,4349.966009984204,2.0,-1.0,-1.053997259156866,stop,260.1084359327009,246.40075700486858
Outcome First M15,Outcome First,2026-06-17 16:45:00+00:00,2026-06-17 17:15:00+00:00,2026-06-17 17:45:00+00:00,-1,4359.278,4367.187271023949,3.0,-1.0,-1.055116052880229,stop,246.40075700486858,233.4016872969847
Outcome First M15,Outcome First,2026-06-19 10:00:00+00:00,2026-06-19 10:30:00+00:00,2026-06-19 13:00:00+00:00,-1,4155.005,4171.538358662238,3.0,-1.0,-1.0251310401285247,stop,233.4016872969847,221.43832157365918
Outcome First M15,Outcome First,2026-06-23 14:30:00+00:00,2026-06-23 15:00:00+00:00,2026-06-24 02:45:00+00:00,-1,4125.975,4145.9299955501665,3.0,3.0,2.979323598496289,target,221.43832157365918,254.42514242744983
Outcome First M15,Outcome First,2026-06-24 07:45:00+00:00,2026-06-24 08:15:00+00:00,2026-06-24 12:30:00+00:00,-1,4074.665,4095.3546731584806,3.0,3.0,2.980305802954022,target,254.42514242744983,292.33837884714643
Outcome First M15,Outcome First,2026-06-25 16:45:00+00:00,2026-06-25 17:15:00+00:00,2026-06-26 02:45:00+00:00,-1,4028.485,4045.0880950187407,2.0,2.0,1.9757365419191246,target,292.33837884714643,321.2175597318316
Outcome First M15,Outcome First,2026-07-08 10:30:00+00:00,2026-07-08 11:00:00+00:00,2026-07-08 14:45:00+00:00,1,4056.915,4039.27081047798,2.0,-1.0,-1.0229929235057067,stop,321.2175597318316,304.7873952062598
Outcome First M15,Outcome First,2026-07-13 13:30:00+00:00,2026-07-13 14:00:00+00:00,2026-07-13 14:30:00+00:00,-1,4054.585,4068.1897622056013,3.0,3.0,2.9701973107745268,target,304.7873952062598,350.0513302862401
Outcome First M15,Outcome First,2026-07-16 09:30:00+00:00,2026-07-16 10:00:00+00:00,2026-07-16 11:30:00+00:00,-1,4033.995,4038.081013408182,3.0,3.0,2.9012730846178347,target,350.0513302862401,400.8310554259469
Outcome First M15,Outcome First,2026-07-17 10:45:00+00:00,2026-07-17 11:15:00+00:00,2026-07-17 13:15:00+00:00,-1,3990.635,4000.1590683344125,3.0,3.0,2.9580994711516184,target,400.8310554259469,460.11596207977874
Outcome First M15,Outcome First,2026-07-21 07:15:00+00:00,2026-07-21 07:45:00+00:00,2026-07-21 18:30:00+00:00,-1,4069.375,4084.480374317168,2.0,-1.0,-1.026939914990223,stop,460.11596207977874,436.4903897305861
Outcome First M15,Outcome First,2026-07-22 16:15:00+00:00,2026-07-22 16:45:00+00:00,2026-07-23 07:45:00+00:00,-1,4149.035,4166.623599049952,3.0,3.0,2.9764106567656885,target,436.4903897305861,501.44912210908234
Outcome First M15,Outcome First,2026-07-23 14:30:00+00:00,2026-07-23 15:00:00+00:00,2026-07-24 03:00:00+00:00,1,4056.865,4038.617142680189,2.0,-1.0,-1.0222320074565447,stop,501.44912210908234,475.81925497253786
Outcome First M15,Outcome First,2026-07-27 07:45:00+00:00,2026-07-27 08:15:00+00:00,2026-07-28 01:15:00+00:00,-1,4088.875,4106.547514894255,3.0,1.762058212219856,1.7389212958020959,time_exit,475.81925497253786,517.1898667437596
Outcome First M15,Outcome First,2026-07-29 10:30:00+00:00,2026-07-29 11:00:00+00:00,2026-07-29 17:15:00+00:00,-1,4027.175,4038.0558869956076,3.0,-1.0,-1.0370114587314965,stop,517.1898667437596,490.3732758361049
Outcome First M15,Outcome First,2026-07-31 14:30:00+00:00,2026-07-31 15:00:00+00:00,2026-08-03 08:00:00+00:00,1,4041.245,4019.705054949538,2.0,0.9113300871479768,0.8925684561849798,time_exit,490.3732758361049,512.2578617244751
Outcome First M15,Outcome First,2026-08-03 11:45:00+00:00,2026-08-03 12:15:00+00:00,2026-08-03 12:45:00+00:00,1,4062.405,4044.644813788909,3.0,-1.0,-1.0228736621999097,stop,512.2578617244751,486.05910797383467
Outcome First M15,Outcome First,2026-08-04 10:45:00+00:00,2026-08-04 11:15:00+00:00,2026-08-04 12:00:00+00:00,1,4053.635,4044.8216769123355,2.0,2.0,1.95400560084228,target,486.05910797383467,533.5472189398985
Outcome First M15,Outcome First,2026-08-05 07:15:00+00:00,2026-08-05 07:45:00+00:00,2026-08-05 11:30:00+00:00,-1,4164.105,4180.273340036793,3.0,-1.0,-1.0257546847142247,stop,533.5472189398985,506.18279097270613
Outcome First M15,Outcome First,2026-08-06 08:00:00+00:00,2026-08-06 08:30:00+00:00,2026-08-06 13:00:00+00:00,1,4268.605,4249.840359742634,3.0,-1.0,-1.0227481312801854,stop,506.18279097270613,480.29791579502995
Outcome First M15,Outcome First,2026-08-07 10:15:00+00:00,2026-08-07 10:45:00+00:00,2026-08-07 11:15:00+00:00,-1,4313.605,4321.498215967961,3.0,-1.0,-1.0546495245728589,stop,480.29791579502995,454.9706173677018
Outcome First M15,Outcome First,2026-08-12 09:00:00+00:00,2026-08-12 09:30:00+00:00,2026-08-12 12:45:00+00:00,1,4412.925,4400.880163761571,3.0,-1.0,-1.0366374844177655,stop,454.9706173677018,431.38863755409915
Outcome First M15,Outcome First,2026-08-13 13:30:00+00:00,2026-08-13 14:00:00+00:00,2026-08-14 07:00:00+00:00,-1,4379.395,4402.846062536898,3.0,1.8741155088751502,1.8554408966135116,time_exit,431.38863755409915,471.40944357671214
Outcome First M15,Outcome First,2026-08-14 10:30:00+00:00,2026-08-14 11:00:00+00:00,2026-08-14 11:45:00+00:00,-1,4351.695,4359.122747638161,2.0,-1.0,-1.0585870066134513,stop,471.40944357671214,446.4580479884529
Outcome First M15,Outcome First,2026-08-17 07:15:00+00:00,2026-08-17 07:45:00+00:00,2026-08-17 12:15:00+00:00,1,4404.755,4391.675910458786,3.0,-1.0,-1.033677841153393,stop,446.4580479884529,423.3833584279398
Outcome First M15,Outcome First,2026-08-19 11:45:00+00:00,2026-08-19 12:15:00+00:00,2026-08-19 12:45:00+00:00,-1,4364.345,4374.5887533893865,2.0,-1.0,-1.0426049401435413,stop,423.3833584279398,401.31227937436313
Outcome First M15,Outcome First,2026-08-21 14:15:00+00:00,2026-08-21 14:45:00+00:00,2026-08-24 07:45:00+00:00,1,4603.025,4572.071421428516,3.0,1.020883576579818,1.006012840424482,time_exit,401.31227937436313,421.4985446778945
Outcome First M15,Outcome First,2026-08-25 14:15:00+00:00,2026-08-25 14:45:00+00:00,2026-08-25 19:30:00+00:00,1,4623.605,4603.765811673815,2.0,2.0,1.9766945858672176,target,421.4985446778945,463.1572392386798
Outcome First M15,Outcome First,2026-08-31 12:30:00+00:00,2026-08-31 13:00:00+00:00,2026-09-01 06:00:00+00:00,-1,4440.215,4464.699707747468,3.0,0.01592830937672354,-0.0022063363204839308,time_exit,463.1572392386798,463.1061452067284
Outcome First M15,Outcome First,2026-09-01 07:15:00+00:00,2026-09-01 07:45:00+00:00,2026-09-01 08:45:00+00:00,-1,4425.835,4441.179960380312,3.0,3.0,2.971157729376229,target,463.1061452067284,531.9042153493585
Outcome First M15,Outcome First,2026-09-01 10:15:00+00:00,2026-09-01 10:45:00+00:00,2026-09-01 12:45:00+00:00,1,4384.815,4362.947770896012,3.0,-1.0,-1.0200519918602784,stop,531.9042153493585,504.77571763205896
Outcome First M15,Outcome First,2026-09-01 16:15:00+00:00,2026-09-01 16:45:00+00:00,2026-09-02 03:45:00+00:00,-1,4352.485,4375.638339176602,3.0,3.0,2.981201480413683,target,504.77571763205896,580.0176234661377
Outcome First M15,Outcome First,2026-09-02 08:45:00+00:00,2026-09-02 09:15:00+00:00,2026-09-02 11:45:00+00:00,-1,4312.705,4332.447872766048,3.0,-1.0,-1.0218443640452193,stop,580.0176234661377,550.383236486849
Outcome First M15,Outcome First,2026-09-03 13:30:00+00:00,2026-09-03 14:00:00+00:00,2026-09-03 15:15:00+00:00,-1,4469.565,4497.055281824974,2.0,-1.0,-1.016258709272087,stop,550.383236486849,522.4166486109931
Outcome First M15,Outcome First,2026-09-07 08:45:00+00:00,2026-09-07 09:15:00+00:00,2026-09-07 23:45:00+00:00,-1,4410.775,4424.614178045192,3.0,-1.0,-1.0318716544118194,stop,522.4166486109931,495.4633020362679
Outcome First M15,Outcome First,2026-09-09 08:15:00+00:00,2026-09-09 08:45:00+00:00,2026-09-09 12:00:00+00:00,-1,4399.425,4413.250767076119,2.0,-1.0,-1.0318204767647154,stop,495.4633020362679,469.90184300994383
Outcome First M15,Outcome First,2026-09-09 15:45:00+00:00,2026-09-09 16:15:00+00:00,2026-09-10 09:15:00+00:00,1,4398.335,4373.123308270434,2.0,-0.1408076870873778,-0.1582533033799251,time_exit,469.90184300994383,466.1836670639119
Outcome First M15,Outcome First,2026-09-11 10:45:00+00:00,2026-09-11 11:15:00+00:00,2026-09-11 12:45:00+00:00,-1,4337.298,4350.497940843847,3.0,-1.0,-1.03285846543791,stop_same_bar,466.1836670639119,442.10857971511945
Outcome First M15,Outcome First,2026-09-15 14:30:00+00:00,2026-09-15 15:00:00+00:00,2026-09-15 18:15:00+00:00,-1,4278.015,4301.242537299636,3.0,-1.0,-1.0184178587028558,stop,442.10857971511945,419.5960160617378
Route A M15,Route A/B,2026-01-06 08:15:00+00:00,2026-01-06 08:45:00+00:00,2026-01-06 09:15:00+00:00,1,4470.535,4455.933147030891,3.0,-1.0,-1.0306162170613389,stop,100.0,94.8469189146933
Route A M15,Route A/B,2026-01-06 11:30:00+00:00,2026-01-06 12:00:00+00:00,2026-01-07 05:00:00+00:00,1,4461.809,4447.384784487455,4.0,0.18760119034873718,0.1566684231828588,time_exit,94.8469189146933,95.58989477619917
Route A M15,Route A/B,2026-01-07 07:45:00+00:00,2026-01-07 08:15:00+00:00,2026-01-07 12:30:00+00:00,1,4460.785,4440.464598134338,3.0,-1.0,-1.0219522479402243,stop,95.58989477619917,90.70547938385386
Route A M15,Route A/B,2026-01-08 08:00:00+00:00,2026-01-08 08:30:00+00:00,2026-01-08 15:15:00+00:00,-1,4425.528,4440.205103728455,3.0,-1.0,-1.0301525974189327,stop,90.70547938385386,86.03345512448354
Route A M15,Route A/B,2026-01-09 11:45:00+00:00,2026-01-09 12:15:00+00:00,2026-01-09 12:45:00+00:00,1,4474.995,4466.298939202062,3.0,-1.0,-1.0514600243027399,stop,86.03345512448354,81.51041818368164
Route A M15,Route A/B,2026-01-13 08:00:00+00:00,2026-01-13 08:30:00+00:00,2026-01-13 13:45:00+00:00,1,4587.148,4574.328730948199,2.0,2.0,1.9642167741275731,target,81.51041818368164,89.51562471680867
Route A M15,Route A/B,2026-01-15 09:30:00+00:00,2026-01-15 10:00:00+00:00,2026-01-15 13:45:00+00:00,1,4609.255,4598.210022765111,3.0,-1.0,-1.0417316840223094,stop,89.51562471680867,84.85306159268117
Route A M15,Route A/B,2026-01-15 16:00:00+00:00,2026-01-15 16:30:00+00:00,2026-01-16 01:00:00+00:00,1,4621.845,4599.001141813756,3.0,-1.0,-1.0202323309938206,stop,84.85306159268117,80.524569751648
Route A M15,Route A/B,2026-01-23 10:15:00+00:00,2026-01-23 10:45:00+00:00,2026-01-25 23:15:00+00:00,1,4929.048,4898.426853247447,3.0,3.0,2.983903124073598,target,80.524569751648,92.53844551397925
Route A M15,Route A/B,2026-01-27 09:15:00+00:00,2026-01-27 09:45:00+00:00,2026-01-27 12:00:00+00:00,1,5088.275,5071.971708744316,3.0,-1.0,-1.031210109174895,stop,92.53844551397925,87.76711648891197
Route A M15,Route A/B,2026-01-28 12:30:00+00:00,2026-01-28 13:00:00+00:00,2026-01-28 15:15:00+00:00,1,5269.395,5244.809985321155,3.0,-1.0,-1.0214333612114301,stop,87.76711648891197,83.28470344895675
Route A M15,Route A/B,2026-01-29 11:45:00+00:00,2026-01-29 12:15:00+00:00,2026-01-29 15:15:00+00:00,1,5522.425,5468.345521344383,3.0,-1.0,-1.0102116831324637,stop,83.28470344895675,79.07794442643882
Route A M15,Route A/B,2026-01-30 12:45:00+00:00,2026-01-30 13:15:00+00:00,2026-01-30 18:00:00+00:00,-1,5063.545,5150.046720484588,3.0,3.0,2.994146307181367,target,79.07794442643882,90.91649119063459
Route A M15,Route A/B,2026-02-02 13:30:00+00:00,2026-02-02 14:00:00+00:00,2026-02-03 00:30:00+00:00,-1,4684.959,4816.921213353567,3.0,-1.0,-1.003550227660586,stop,90.91649119063459,86.35452791901145
Route A M15,Route A/B,2026-02-03 09:15:00+00:00,2026-02-03 09:45:00+00:00,2026-02-03 16:30:00+00:00,-1,4890.748,4952.001802036371,3.0,-1.0,-1.007984399069785,stop,86.35452791901145,82.00232707244146
Route A M15,Route A/B,2026-02-04 07:15:00+00:00,2026-02-04 07:45:00+00:00,2026-02-04 09:45:00+00:00,1,5088.919,5048.801569780723,3.0,-1.0,-1.0126850572735706,stop,82.00232707244146,77.85020050804539
Route A M15,Route A/B,2026-02-04 12:30:00+00:00,2026-02-04 13:00:00+00:00,2026-02-04 14:45:00+00:00,1,5055.605,5011.262984667066,2.0,-1.0,-1.0114013875148455,stop,77.85020050804539,73.9133104674381
Route A M15,Route A/B,2026-02-05 09:00:00+00:00,2026-02-05 09:30:00+00:00,2026-02-06 02:30:00+00:00,-1,4862.245,4946.273119218704,4.0,0.5032839053547036,0.49749745547910323,time_exit,73.9133104674381,75.75189466161747
Route A M15,Route A/B,2026-02-09 13:00:00+00:00,2026-02-09 13:30:00+00:00,2026-02-09 13:30:00+00:00,1,5021.895,5005.569982859593,2.0,-1.0,-1.0307619585131707,stop,75.75189466161747,71.84778609649285
Route A M15,Route A/B,2026-02-09 14:30:00+00:00,2026-02-09 15:00:00+00:00,2026-02-09 23:15:00+00:00,1,5036.275,4993.290375005117,3.0,-1.0,-1.0117164567577352,stop,71.84778609649285,68.21330671772128
Route A M15,Route A/B,2026-02-10 08:30:00+00:00,2026-02-10 09:00:00+00:00,2026-02-10 15:45:00+00:00,1,5048.485,5017.93539750195,3.0,-1.0,-1.0165255341712625,stop,68.21330671772128,64.74627831528029
Route A M15,Route A/B,2026-02-11 09:30:00+00:00,2026-02-11 10:00:00+00:00,2026-02-11 13:45:00+00:00,1,5064.355,5044.452009286778,3.0,-1.0,-1.0254451960158717,stop,64.74627831528029,61.42659031236476
Route A M15,Route A/B,2026-02-12 08:00:00+00:00,2026-02-12 08:30:00+00:00,2026-02-12 13:00:00+00:00,1,5067.745,5050.471684669211,2.0,-1.0,-1.0293385774702262,stop,61.42659031236476,58.265152357815964
Route A M15,Route A/B,2026-02-12 13:30:00+00:00,2026-02-12 14:00:00+00:00,2026-02-12 15:00:00+00:00,1,5075.275,5047.505293127174,3.0,-1.0,-1.018276300226152,stop,58.265152357815964,55.29865116906447
Route A M15,Route A/B,2026-02-13 09:15:00+00:00,2026-02-13 09:45:00+00:00,2026-02-13 13:45:00+00:00,-1,4964.595,4990.734330906494,3.0,-1.0,-1.0189928159131523,stop,55.29865116906447,52.481204755516266
Route A M15,Route A/B,2026-02-16 10:15:00+00:00,2026-02-16 10:45:00+00:00,2026-02-16 15:15:00+00:00,-1,5004.585,5017.949856429656,2.0,2.0,1.9625541432013072,target,52.481204755516266,57.631065047173
Route A M15,Route A/B,2026-02-18 08:15:00+00:00,2026-02-18 08:45:00+00:00,2026-02-18 13:00:00+00:00,-1,4925.985,4942.915558210795,2.0,-1.0,-1.0290952308758434,stop,57.631065047173,54.66567233765594
Route A M15,Route A/B,2026-02-19 13:30:00+00:00,2026-02-19 14:00:00+00:00,2026-02-19 14:45:00+00:00,1,4993.445,4970.98333197706,2.0,-1.0,-1.0222309625220183,stop,54.66567233765594,51.87162519512418
Route A M15,Route A/B,2026-02-23 08:45:00+00:00,2026-02-23 09:15:00+00:00,2026-02-23 15:00:00+00:00,1,5139.925,5120.691658539846,3.0,3.0,2.9732759644981694,target,51.87162519512418,59.5830580167302
Route A M15,Route A/B,2026-02-24 15:45:00+00:00,2026-02-24 16:15:00+00:00,2026-02-25 09:15:00+00:00,1,5150.098,5107.899827833173,2.0,0.7940391320157739,0.7818345796962102,time_exit,59.5830580167302,61.91226277280646
Route A M15,Route A/B,2026-02-25 11:45:00+00:00,2026-02-25 12:15:00+00:00,2026-02-25 21:00:00+00:00,1,5181.295,5153.948152530059,4.0,-1.0,-1.018946589751141,stop,61.91226277280646,58.75799832200007
Route A M15,Route A/B,2026-02-26 09:45:00+00:00,2026-02-26 10:15:00+00:00,2026-02-26 11:00:00+00:00,1,5186.155,5166.366979319539,3.0,-1.0,-1.02620855862113,stop,58.75799832200007,55.743100283725944
Route A M15,Route A/B,2026-02-27 11:45:00+00:00,2026-02-27 12:15:00+00:00,2026-02-27 13:30:00+00:00,1,5185.465,5168.322730098425,3.0,3.0,2.969750417944804,target,55.743100283725944,64.02025505198266
Route A M15,Route A/B,2026-03-03 07:30:00+00:00,2026-03-03 08:00:00+00:00,2026-03-03 09:15:00+00:00,1,5326.215,5285.926304081528,3.0,-1.0,-1.013220122613991,stop,64.02025505198266,60.776924518305215
Route A M15,Route A/B,2026-03-04 12:30:00+00:00,2026-03-04 13:00:00+00:00,2026-03-05 06:00:00+00:00,-1,5166.205,5207.4773389730035,3.0,0.4332199348259739,0.42070258027677027,time_exit,60.776924518305215,62.055374966612085
Route A M15,Route A/B,2026-03-05 08:00:00+00:00,2026-03-05 08:30:00+00:00,2026-03-05 09:15:00+00:00,-1,5141.375,5173.811403000226,3.0,-1.0,-1.015850632389677,stop,62.055374966612085,58.903425371461516
Route A M15,Route A/B,2026-03-05 13:00:00+00:00,2026-03-05 13:30:00+00:00,2026-03-05 13:30:00+00:00,-1,5155.575,5172.32777088503,2.0,2.0,1.9692255386563733,target,58.903425371461516,64.7031318492526
Route A M15,Route A/B,2026-03-06 08:15:00+00:00,2026-03-06 08:45:00+00:00,2026-03-06 13:45:00+00:00,-1,5100.155,5123.85038080156,3.0,-1.0,-1.021523836408082,stop,64.7031318492526,61.39834227553927
Route A M15,Route A/B,2026-03-09 07:00:00+00:00,2026-03-09 07:30:00+00:00,2026-03-09 19:30:00+00:00,-1,5096.755,5142.166329615643,3.0,-1.0,-1.0112235317554858,stop,61.39834227553927,58.29396984954912
Route A M15,Route A/B,2026-03-10 12:45:00+00:00,2026-03-10 13:15:00+00:00,2026-03-10 16:00:00+00:00,1,5186.795,5161.165648629406,2.0,2.0,1.979762285338399,target,58.29396984954912,64.06437999808868
Route A M15,Route A/B,2026-03-12 12:45:00+00:00,2026-03-12 13:15:00+00:00,2026-03-12 13:30:00+00:00,1,5181.015,5162.732050277156,3.0,-1.0,-1.0283379601133316,stop,64.06437999808868,60.77038830593069
Route A M15,Route A/B,2026-03-13 14:00:00+00:00,2026-03-13 14:30:00+00:00,2026-03-15 23:30:00+00:00,-1,5090.095,5122.808378265805,3.0,3.0,2.9844403260383516,target,60.77038830593069,69.83866818039213
Route A M15,Route A/B,2026-03-16 14:30:00+00:00,2026-03-16 15:00:00+00:00,2026-03-17 04:45:00+00:00,-1,5000.825,5038.997253162894,3.0,-1.0,-1.013100680692491,stop,69.83866818039213,66.30098806678151
Route A M15,Route A/B,2026-03-17 09:00:00+00:00,2026-03-17 09:30:00+00:00,2026-03-17 13:45:00+00:00,-1,5013.615,5030.269519369551,3.0,-1.0,-1.0301036306647566,stop,66.30098806678151,62.886143640568896
Route A M15,Route A/B,2026-03-17 15:15:00+00:00,2026-03-17 15:45:00+00:00,2026-03-18 08:45:00+00:00,-1,4994.485,5021.566994186069,3.0,0.38054804713387624,0.36210595987218874,time_exit,62.886143640568896,64.02471601085033
Route A M15,Route A/B,2026-03-23 15:15:00+00:00,2026-03-23 15:45:00+00:00,2026-03-24 02:15:00+00:00,-1,4446.925,4517.427245734863,2.0,2.0,1.9936925058859494,target,64.02471601085033,70.40699583596576
Route A M15,Route A/B,2026-03-24 08:15:00+00:00,2026-03-24 08:45:00+00:00,2026-03-24 11:00:00+00:00,-1,4396.008,4435.391004832009,3.0,-1.0,-1.0111621955174612,stop,70.40699583596576,66.84735121150156
Route A M15,Route A/B,2026-03-24 12:30:00+00:00,2026-03-24 13:00:00+00:00,2026-03-24 20:30:00+00:00,-1,4369.365,4434.112363370131,3.0,-1.0,-1.0067483288470334,stop,66.84735121150156,63.48242825550007
Route A M15,Route A/B,2026-03-25 07:15:00+00:00,2026-03-25 07:45:00+00:00,2026-03-25 10:00:00+00:00,1,4560.855,4531.288224360633,3.0,-1.0,-1.0154256083099147,stop,63.48242825550007,60.259344089083484
Route A M15,Route A/B,2026-03-26 11:45:00+00:00,2026-03-26 12:15:00+00:00,2026-03-26 14:00:00+00:00,-1,4422.775,4458.2465135434795,3.0,-1.0,-1.0124685263135973,stop,60.259344089083484,57.20880962375857
Route A M15,Route A/B,2026-03-26 15:30:00+00:00,2026-03-26 16:00:00+00:00,2026-03-27 09:00:00+00:00,-1,4439.925,4481.40060181662,3.0,0.38890333819186595,0.37819843023265015,time_exit,57.20880962375857,58.290623723517776
Route A M15,Route A/B,2026-03-27 16:30:00+00:00,2026-03-27 17:00:00+00:00,2026-03-30 10:00:00+00:00,-1,4510.995,4556.8992274976445,3.0,-0.4576920502818238,-0.46751902101176684,time_exit,58.290623723517776,56.928024956648564
Route A M15,Route A/B,2026-03-30 15:30:00+00:00,2026-03-30 16:00:00+00:00,2026-03-30 19:00:00+00:00,1,4551.795,4510.0584600020875,3.0,-1.0,-1.0109060190428523,stop,56.928024956648564,54.050580802603676
Route A M15,Route A/B,2026-04-02 07:30:00+00:00,2026-04-02 08:00:00+00:00,2026-04-06 01:00:00+00:00,1,4637.015,4571.6276145013035,3.0,-0.22802563348090915,-0.2351172383288999,time_exit,54.050580802603676,53.415169638184615
Route A M15,Route A/B,2026-04-07 10:45:00+00:00,2026-04-07 11:15:00+00:00,2026-04-07 19:30:00+00:00,-1,4651.785,4688.1805989076465,3.0,-1.0,-1.0127811744815736,stop,53.415169638184615,50.71027572611996
Route A M15,Route A/B,2026-04-08 11:45:00+00:00,2026-04-08 12:15:00+00:00,2026-04-08 12:30:00+00:00,1,4798.085,4776.491547393377,3.0,-1.0,-1.0222200918371356,stop,50.71027572611996,48.118422590627915
Route A M15,Route A/B,2026-04-09 10:15:00+00:00,2026-04-09 10:45:00+00:00,2026-04-09 15:45:00+00:00,1,4737.925,4721.592699286035,3.0,3.0,2.970990461889128,target,48.118422590627915,55.26639131852321
Route A M15,Route A/B,2026-04-10 11:15:00+00:00,2026-04-10 11:45:00+00:00,2026-04-10 20:30:00+00:00,1,4761.405,4741.250411492884,3.0,-1.0,-1.0236244217951609,stop,55.26639131852321,52.43778992561679
Route A M15,Route A/B,2026-04-13 08:30:00+00:00,2026-04-13 09:00:00+00:00,2026-04-13 14:00:00+00:00,-1,4721.205,4740.743310963524,3.0,-1.0,-1.0241638338585868,stop,52.43778992561679,49.75254552715225
Route A M15,Route A/B,2026-04-13 14:15:00+00:00,2026-04-13 14:45:00+00:00,2026-04-13 17:00:00+00:00,-1,4715.065,4745.471153244038,3.0,-1.0,-1.0155069434865933,stop,49.75254552715225,47.226342755204456
Route A M15,Route A/B,2026-04-15 08:45:00+00:00,2026-04-15 09:15:00+00:00,2026-04-15 09:15:00+00:00,1,4818.205,4803.332376840094,3.0,-1.0,-1.0323964706709514,stop,47.226342755204456,44.78852727604597
Route A M15,Route A/B,2026-04-15 11:45:00+00:00,2026-04-15 12:15:00+00:00,2026-04-15 15:45:00+00:00,1,4812.495,4791.844560727004,3.0,-1.0,-1.0233045647909933,stop,44.78852727604597,42.496912055453784
Route A M15,Route A/B,2026-04-16 10:45:00+00:00,2026-04-16 11:15:00+00:00,2026-04-16 14:00:00+00:00,1,4817.035,4804.094671369596,3.0,-1.0,-1.0372249819736576,stop,42.496912055453784,40.29296911342108
Route A M15,Route A/B,2026-04-17 10:30:00+00:00,2026-04-17 11:00:00+00:00,2026-04-17 12:00:00+00:00,-1,4784.665,4799.519259568111,2.0,-1.0,-1.032210727017802,stop,40.29296911342108,38.21342736630757
Route A M15,Route A/B,2026-04-21 12:30:00+00:00,2026-04-21 13:00:00+00:00,2026-04-21 17:00:00+00:00,-1,4778.615,4798.853295009045,3.0,3.0,2.9763882530723844,target,38.21342736630757,43.900327182443206
Route A M15,Route A/B,2026-04-22 07:45:00+00:00,2026-04-22 08:15:00+00:00,2026-04-22 14:45:00+00:00,-1,4760.315,4772.84627381083,2.0,2.0,1.9620125210584276,target,43.900327182443206,48.206976762968964
Route A M15,Route A/B,2026-04-23 07:15:00+00:00,2026-04-23 07:45:00+00:00,2026-04-23 08:15:00+00:00,-1,4705.785,4721.9545135973085,3.0,-1.0,-1.029102823481241,stop,48.206976762968964,45.72647996805567
Route A M15,Route A/B,2026-04-23 08:45:00+00:00,2026-04-23 09:15:00+00:00,2026-04-23 12:15:00+00:00,-1,4703.105,4725.5852982681945,3.0,-1.0,-1.020921008003946,stop,45.72647996805567,43.39232376698269
Route A M15,Route A/B,2026-04-23 15:45:00+00:00,2026-04-23 16:15:00+00:00,2026-04-24 09:15:00+00:00,-1,4720.345,4741.945573346618,3.0,1.1670986503673983,1.1452457813520533,time_exit,43.39232376698269,45.87706755384266
Route A M15,Route A/B,2026-04-24 09:15:00+00:00,2026-04-24 09:45:00+00:00,2026-04-24 11:15:00+00:00,-1,4683.105,4698.174373310832,3.0,-1.0,-1.0310769725017928,stop,45.87706755384266,43.511928157808846
Route A M15,Route A/B,2026-04-27 07:00:00+00:00,2026-04-27 07:30:00+00:00,2026-04-27 08:45:00+00:00,1,4716.995,4707.749608609724,3.0,-1.0,-1.051019960117226,stop,43.511928157808846,41.225332907956656
Route A M15,Route A/B,2026-04-27 12:30:00+00:00,2026-04-27 13:00:00+00:00,2026-04-28 05:15:00+00:00,-1,4698.585,4713.148868309352,3.0,3.0,2.967738069994887,target,41.225332907956656,47.34263240391445
Route A M15,Route A/B,2026-04-30 12:30:00+00:00,2026-04-30 13:00:00+00:00,2026-04-30 13:30:00+00:00,-1,4625.515,4644.489916483498,2.0,-1.0,-1.0243769979384247,stop,47.34263240391445,44.91779722109324
Route A M15,Route A/B,2026-05-04 15:00:00+00:00,2026-05-04 15:30:00+00:00,2026-05-05 08:30:00+00:00,-1,4548.198,4584.300097195122,4.0,-0.0819065990548317,-0.0945047536036332,time_exit,44.91779722109324,44.70554995315337
Route A M15,Route A/B,2026-05-05 10:15:00+00:00,2026-05-05 10:45:00+00:00,2026-05-05 11:45:00+00:00,-1,4547.645,4561.077068842603,3.0,-1.0,-1.0338566236764384,stop,44.70554995315337,42.3945935064451
Route A M15,Route A/B,2026-05-05 15:45:00+00:00,2026-05-05 16:15:00+00:00,2026-05-05 23:15:00+00:00,-1,4568.305,4586.545596069952,3.0,-1.0,-1.025044713355204,stop,42.3945935064451,40.22177580901388
Route A M15,Route A/B,2026-05-06 13:30:00+00:00,2026-05-06 14:00:00+00:00,2026-05-07 07:00:00+00:00,1,4695.105,4658.8430685039575,2.0,1.2073267527070142,1.1943790005981325,time_exit,40.22177580901388,42.623778028666486
Route A M15,Route A/B,2026-05-07 11:45:00+00:00,2026-05-07 12:15:00+00:00,2026-05-07 16:15:00+00:00,1,4742.785,4726.204525792646,3.0,-1.0,-1.0286046402574924,stop,42.623778028666486,40.4316272353869
Route A M15,Route A/B,2026-05-12 09:30:00+00:00,2026-05-12 10:00:00+00:00,2026-05-12 10:15:00+00:00,-1,4695.165,4707.282803853824,2.0,-1.0,-1.038746005931747,stop,40.4316272353869,38.331717670182925
Route A M15,Route A/B,2026-05-12 11:45:00+00:00,2026-05-12 12:15:00+00:00,2026-05-12 13:30:00+00:00,1,4706.495,4684.101056586012,3.0,-1.0,-1.0210168209903587,stop,38.331717670182925,36.37485124424742
Route A M15,Route A/B,2026-05-14 07:15:00+00:00,2026-05-14 07:45:00+00:00,2026-05-14 13:45:00+00:00,1,4705.285,4685.090676688692,3.0,-1.0,-1.0233000379733708,stop,36.37485124424742,34.51373191127171
Route A M15,Route A/B,2026-05-15 13:30:00+00:00,2026-05-15 14:00:00+00:00,2026-05-15 14:30:00+00:00,-1,4519.785,4560.027336533821,3.0,-1.0,-1.0112314179277375,stop,34.51373191127171,32.768663408341055
Route A M15,Route A/B,2026-05-18 10:00:00+00:00,2026-05-18 10:30:00+00:00,2026-05-18 11:45:00+00:00,-1,4538.925,4557.836819843371,3.0,-1.0,-1.0240004665737712,stop,32.768663408341055,31.09090707738405
Route A M15,Route A/B,2026-05-18 14:30:00+00:00,2026-05-18 15:00:00+00:00,2026-05-18 23:15:00+00:00,-1,4547.565,4585.4338405607095,2.0,-1.0,-1.0120087252016854,stop,31.09090707738405,29.517693615546676
Route A M15,Route A/B,2026-05-19 08:15:00+00:00,2026-05-19 08:45:00+00:00,2026-05-19 13:45:00+00:00,-1,4538.135,4560.162226497827,3.0,3.0,2.979397610496048,target,29.517693615546676,33.91494090682239
Route A M15,Route A/B,2026-05-20 09:15:00+00:00,2026-05-20 09:45:00+00:00,2026-05-20 10:15:00+00:00,-1,4473.925,4491.115239331603,3.0,-1.0,-1.0260259610916236,stop,33.91494090682239,32.17506041485799
Route A M15,Route A/B,2026-05-20 13:15:00+00:00,2026-05-20 13:45:00+00:00,2026-05-20 14:30:00+00:00,-1,4489.265,4506.903102144406,3.0,-1.0,-1.0254520864163599,stop,32.17506041485799,30.52536127320856
Route A M15,Route A/B,2026-05-25 09:30:00+00:00,2026-05-25 10:00:00+00:00,2026-05-26 00:15:00+00:00,1,4565.575,4552.596417812609,3.0,-1.0,-1.0351777639042539,stop,30.52536127320856,28.945402511950082
Route A M15,Route A/B,2026-05-27 10:00:00+00:00,2026-05-27 10:30:00+00:00,2026-05-27 11:00:00+00:00,-1,4485.295,4499.399638449108,3.0,3.0,2.9681998583928,target,28.945402511950082,33.241189493804725
Route A M15,Route A/B,2026-05-29 07:30:00+00:00,2026-05-29 08:00:00+00:00,2026-05-29 15:15:00+00:00,1,4525.055,4508.851733477985,3.0,3.0,2.972073192810524,target,33.241189493804725,38.18095190338832
Route A M15,Route A/B,2026-06-01 13:00:00+00:00,2026-06-01 13:30:00+00:00,2026-06-02 05:00:00+00:00,-1,4483.995,4511.298700119643,2.0,-1.0,-1.016422664255582,stop,38.18095190338832,36.240552660515505
Route A M15,Route A/B,2026-06-04 07:30:00+00:00,2026-06-04 08:00:00+00:00,2026-06-04 11:15:00+00:00,-1,4461.165,4477.5922164034955,2.0,-1.0,-1.0271571573078608,stop,36.240552660515505,34.379315508013455
Route A M15,Route A/B,2026-06-04 13:45:00+00:00,2026-06-04 14:15:00+00:00,2026-06-05 06:30:00+00:00,-1,4495.625,4516.253026466387,3.0,3.0,2.978206228272368,target,34.379315508013455,39.498750086498774
Route A M15,Route A/B,2026-06-05 11:00:00+00:00,2026-06-05 11:30:00+00:00,2026-06-05 12:00:00+00:00,-1,4461.135,4469.786981638992,3.0,-1.0,-1.0515620026271788,stop,39.498750086498774,37.42198084938732
Route A M15,Route A/B,2026-06-08 14:00:00+00:00,2026-06-08 14:30:00+00:00,2026-06-09 05:45:00+00:00,-1,4319.415,4347.886050163807,3.0,-1.0,-1.0151712528169785,stop,37.42198084938732,35.52249489029904
Route A M15,Route A/B,2026-06-09 07:00:00+00:00,2026-06-09 07:30:00+00:00,2026-06-09 14:00:00+00:00,-1,4326.625,4349.657747013698,3.0,-1.0,-1.0187846677490395,stop,35.52249489029904,33.71300623257753
Route A M15,Route A/B,2026-06-10 07:15:00+00:00,2026-06-10 07:45:00+00:00,2026-06-10 16:00:00+00:00,-1,4194.715,4222.646699831857,3.0,3.0,2.984982242308018,target,33.71300623257753,38.744642479530704
Route A M15,Route A/B,2026-06-11 08:30:00+00:00,2026-06-11 09:00:00+00:00,2026-06-11 17:45:00+00:00,-1,4090.395,4113.696955409787,3.0,-1.0,-1.0175538701712648,stop,38.744642479530704,36.773404434358284
Route A M15,Route A/B,2026-06-12 07:45:00+00:00,2026-06-12 08:15:00+00:00,2026-06-14 22:15:00+00:00,1,4194.315,4168.8419819008695,3.0,3.0,2.983534283280931,target,36.773404434358284,42.25914007650143
Route A M15,Route A/B,2026-06-15 07:15:00+00:00,2026-06-15 07:45:00+00:00,2026-06-15 13:45:00+00:00,1,4316.635,4299.797713006862,3.0,3.0,2.974362645230439,target,42.25914007650143,48.54384045965675
Route A M15,Route A/B,2026-06-16 12:30:00+00:00,2026-06-16 13:00:00+00:00,2026-06-16 13:30:00+00:00,1,4349.305,4334.271706273678,3.0,-1.0,-1.028931151610407,stop,48.54384045965675,46.04642697626943
Route A M15,Route A/B,2026-06-16 15:45:00+00:00,2026-06-16 16:15:00+00:00,2026-06-17 09:15:00+00:00,1,4335.035,4312.114711638393,2.0,-0.43585839071438653,-0.4547719180296076,time_exit,46.04642697626943,44.99939588054901
Route A M15,Route A/B,2026-06-17 09:15:00+00:00,2026-06-17 09:45:00+00:00,2026-06-17 17:45:00+00:00,1,4331.885,4316.342725275536,3.0,3.0,2.972128371961013,target,44.99939588054901,51.68659494143327
Route A M15,Route A/B,2026-06-19 10:00:00+00:00,2026-06-19 10:30:00+00:00,2026-06-19 13:00:00+00:00,-1,4155.005,4171.538358662238,3.0,-1.0,-1.0251310401285247,stop,51.68659494143327,49.03731829978261
Route A M15,Route A/B,2026-06-22 07:45:00+00:00,2026-06-22 08:15:00+00:00,2026-06-22 09:15:00+00:00,-1,4190.195,4208.002013853442,3.0,-1.0,-1.0235311492116912,stop,49.03731829978261,46.52775716210081
Route A M15,Route A/B,2026-06-22 12:45:00+00:00,2026-06-22 13:15:00+00:00,2026-06-23 03:30:00+00:00,-1,4193.385,4212.343638668007,3.0,3.0,2.977881402386362,target,46.52775716210081,53.45546429948926
Route A M15,Route A/B,2026-06-24 07:30:00+00:00,2026-06-24 08:00:00+00:00,2026-06-24 12:30:00+00:00,-1,4082.305,4098.380186478364,3.0,3.0,2.9746049291216963,target,53.45546429948926,61.40590867917674
Route A M15,Route A/B,2026-06-25 10:00:00+00:00,2026-06-25 10:30:00+00:00,2026-06-25 12:45:00+00:00,-1,3984.075,4000.786713362427,3.0,-1.0,-1.0238400151653955,stop,61.40590867917674,58.26241735551008
Route A M15,Route A/B,2026-06-26 11:45:00+00:00,2026-06-26 12:15:00+00:00,2026-06-26 13:00:00+00:00,-1,4045.835,4056.3505192990233,2.0,-1.0,-1.0384748949143747,stop,58.26241735551008,55.23721446847404
Route A M15,Route A/B,2026-06-29 07:15:00+00:00,2026-06-29 07:45:00+00:00,2026-06-29 09:00:00+00:00,1,4065.905,4052.342231959616,3.0,-1.0,-1.02997843056737,stop,55.23721446847404,52.392557495116435
Route A M15,Route A/B,2026-06-29 13:45:00+00:00,2026-06-29 14:15:00+00:00,2026-06-30 00:45:00+00:00,-1,4032.325,4052.5791551917414,2.0,2.0,1.9800913690952455,target,52.392557495116435,57.579660040161755
Route A M15,Route A/B,2026-06-30 08:30:00+00:00,2026-06-30 09:00:00+00:00,2026-06-30 14:15:00+00:00,-1,4017.628,4038.368757219234,3.0,-1.0,-1.0193706910385814,stop,57.579660040161755,54.644909147916444
Route A M15,Route A/B,2026-07-02 11:30:00+00:00,2026-07-02 12:00:00+00:00,2026-07-02 12:45:00+00:00,1,4071.085,4056.4402460362244,3.0,3.0,2.972201069338072,target,54.644909147916444,62.76569201808239
Route A M15,Route A/B,2026-07-03 11:00:00+00:00,2026-07-03 11:30:00+00:00,2026-07-03 13:15:00+00:00,1,4183.285,4169.879201717011,3.0,-1.0,-1.0312050421145622,stop,62.76569201808239,59.52947711403957
Route A M15,Route A/B,2026-07-03 15:00:00+00:00,2026-07-03 15:30:00+00:00,2026-07-06 05:15:00+00:00,1,4171.995,4154.426847971014,3.0,-1.0,-1.0237474891674234,stop,59.52947711403957,56.482319477692194
Route A M15,Route A/B,2026-07-06 07:30:00+00:00,2026-07-06 08:00:00+00:00,2026-07-06 09:30:00+00:00,1,4163.555,4146.150824438049,3.0,-1.0,-1.023922736157077,stop,56.482319477692194,53.590642922487355
Route A M15,Route A/B,2026-07-06 10:30:00+00:00,2026-07-06 11:00:00+00:00,2026-07-06 12:45:00+00:00,1,4154.185,4135.61890801206,3.0,-1.0,-1.0223751180522989,stop,53.590642922487355,50.851155928268525
Route A M15,Route A/B,2026-07-06 15:15:00+00:00,2026-07-06 15:45:00+00:00,2026-07-07 01:30:00+00:00,1,4150.445,4127.3384372205155,3.0,-1.0,-1.0179621912597276,stop,50.851155928268525,48.262928222427014
Route A M15,Route A/B,2026-07-07 08:00:00+00:00,2026-07-07 08:30:00+00:00,2026-07-07 09:00:00+00:00,1,4136.885,4123.381343826641,3.0,-1.0,-1.0306352957072573,stop,48.262928222427014,45.77585435741606
Route A M15,Route A/B,2026-07-07 09:15:00+00:00,2026-07-07 09:45:00+00:00,2026-07-07 11:30:00+00:00,-1,4121.405,4139.829052360205,2.0,-1.0,-1.0223696986928992,stop,45.77585435741606,43.43586203607598
Route A M15,Route A/B,2026-07-08 07:00:00+00:00,2026-07-08 07:30:00+00:00,2026-07-08 08:45:00+00:00,-1,4118.055,4134.305843446329,3.0,3.0,2.974659438363304,target,43.43586203607598,49.896206884528965
Route A M15,Route A/B,2026-07-08 14:00:00+00:00,2026-07-08 14:30:00+00:00,2026-07-08 19:00:00+00:00,-1,4057.115,4087.481610157833,3.0,-1.0,-1.013360447474752,stop,49.896206884528965,47.36806475773901
Route A M15,Route A/B,2026-07-09 09:30:00+00:00,2026-07-09 10:00:00+00:00,2026-07-09 12:15:00+00:00,-1,4103.425,4118.292446360972,3.0,-1.0,-1.0276000659452313,stop,47.36806475773901,44.93429343430148
Route A M15,Route A/B,2026-07-10 10:00:00+00:00,2026-07-10 10:30:00+00:00,2026-07-10 13:30:00+00:00,1,4106.225,4093.651846806627,3.0,-1.0,-1.0326586731017018,stop,44.93429343430148,42.614204042570066
Route A M15,Route A/B,2026-07-13 09:45:00+00:00,2026-07-13 10:15:00+00:00,2026-07-13 14:15:00+00:00,-1,4068.035,4079.126384380988,3.0,3.0,2.9633225676771864,target,42.614204042570066,48.92818566971748
Route A M15,Route A/B,2026-07-14 08:00:00+00:00,2026-07-14 08:30:00+00:00,2026-07-14 12:00:00+00:00,-1,4017.075,4030.4354018365048,3.0,-1.0,-1.0300670223033566,stop,48.92818566971748,46.4082201437419
Route A M15,Route A/B,2026-07-14 16:00:00+00:00,2026-07-14 16:30:00+00:00,2026-07-15 09:30:00+00:00,-1,4062.735,4101.950960567369,2.0,0.9072836540335913,0.896923752245592,time_exit,46.4082201437419,48.48945189106013
Route A M15,Route A/B,2026-07-15 15:00:00+00:00,2026-07-15 15:30:00+00:00,2026-07-15 18:15:00+00:00,-1,4043.765,4067.2140448789132,3.0,-1.0,-1.017244902813233,stop,48.48945189106013,46.02316950224071
Route A M15,Route A/B,2026-07-16 10:45:00+00:00,2026-07-16 11:15:00+00:00,2026-07-16 12:00:00+00:00,-1,4029.255,4036.627513308004,3.0,-1.0,-1.0546523937179701,stop,46.02316950224071,43.59624720813941
Route A M15,Route A/B,2026-07-17 07:45:00+00:00,2026-07-17 08:15:00+00:00,2026-07-17 15:15:00+00:00,-1,3992.725,4007.7025112615584,3.0,-1.0,-1.0266581338533045,stop,43.59624720813941,41.35832511805362
Route A M15,Route A/B,2026-07-20 13:45:00+00:00,2026-07-20 14:15:00+00:00,2026-07-20 15:15:00+00:00,-1,4005.485,4017.935017707512,3.0,-1.0,-1.0321725245224609,stop,41.35832511805362,39.223878775697514
Route A M15,Route A/B,2026-07-21 14:00:00+00:00,2026-07-21 14:30:00+00:00,2026-07-22 03:15:00+00:00,1,4065.685,4043.3472608769225,3.0,3.0,2.9817990308795412,target,39.223878775697514,45.07176496173308
Route A M15,Route A/B,2026-07-22 09:00:00+00:00,2026-07-22 09:30:00+00:00,2026-07-22 13:00:00+00:00,1,4121.575,4108.3690606185,3.0,-1.0,-1.031210009988187,stop,45.07176496173308,42.74784220191438
Route A M15,Route A/B,2026-07-24 11:30:00+00:00,2026-07-24 12:00:00+00:00,2026-07-24 14:00:00+00:00,-1,4055.225,4064.3001000010145,3.0,-1.0,-1.0446851825274281,stop,42.74784220191438,40.51494033524635
Route A M15,Route A/B,2026-07-27 07:00:00+00:00,2026-07-27 07:30:00+00:00,2026-07-27 12:30:00+00:00,1,4101.685,4083.5025439827778,3.0,-1.0,-1.022558476127289,stop,40.51494033524635,38.44349555276647
Route A M15,Route A/B,2026-07-27 16:00:00+00:00,2026-07-27 16:30:00+00:00,2026-07-28 00:15:00+00:00,1,4081.155,4067.989766407745,2.0,-1.0,-1.0309994879422482,stop,38.44349555276647,36.461734341285855
Route A M15,Route A/B,2026-07-28 08:00:00+00:00,2026-07-28 08:30:00+00:00,2026-07-28 10:00:00+00:00,-1,4044.085,4055.567955581159,2.0,2.0,1.9647818458286515,target,36.461734341285855,40.04370202634514
Route A M15,Route A/B,2026-07-28 13:30:00+00:00,2026-07-28 14:00:00+00:00,2026-07-28 15:30:00+00:00,-1,4025.005,4038.7128778526785,2.0,-1.0,-1.0293627142235846,stop,40.04370202634514,37.98272733607518
Route A M15,Route A/B,2026-07-29 08:00:00+00:00,2026-07-29 08:30:00+00:00,2026-07-29 12:45:00+00:00,-1,4038.995,4048.1778227715063,3.0,3.0,2.956015757893829,target,37.98272733607518,43.59660436273632
Route A M15,Route A/B,2026-07-30 07:00:00+00:00,2026-07-30 07:30:00+00:00,2026-07-30 14:00:00+00:00,1,4046.585,4028.162409028207,3.0,3.0,2.978034658609119,target,43.59660436273632,50.08821430223123
Route A M15,Route A/B,2026-08-03 09:15:00+00:00,2026-08-03 09:45:00+00:00,2026-08-03 12:15:00+00:00,-1,4052.445,4062.9568643206408,3.0,-1.0,-1.0385511539760155,stop,50.08821430223123,47.48725566402222
Route A M15,Route A/B,2026-08-04 08:30:00+00:00,2026-08-04 09:00:00+00:00,2026-08-04 12:00:00+00:00,-1,4059.155,4073.3499666783155,3.0,-1.0,-1.0285957346148682,stop,47.48725566402222,45.044996232793274
Route A M15,Route A/B,2026-08-05 10:45:00+00:00,2026-08-05 11:15:00+00:00,2026-08-05 12:15:00+00:00,1,4161.345,4149.387379836727,3.0,3.0,2.9651992207213516,target,45.044996232793274,51.72336561913701
Route A M15,Route A/B,2026-08-06 08:00:00+00:00,2026-08-06 08:30:00+00:00,2026-08-06 13:00:00+00:00,1,4268.605,4249.840359742634,3.0,-1.0,-1.0227481312801854,stop,51.72336561913701,49.078366842612304
Route A M15,Route A/B,2026-08-11 08:15:00+00:00,2026-08-11 08:45:00+00:00,2026-08-11 12:15:00+00:00,1,4368.785,4355.385767178015,2.0,2.0,1.9673952601761502,target,49.078366842612304,53.906194157779396
Route A M15,Route A/B,2026-08-12 09:00:00+00:00,2026-08-12 09:30:00+00:00,2026-08-12 12:45:00+00:00,1,4412.925,4400.880163761571,3.0,-1.0,-1.0366374844177655,stop,53.906194157779396,51.11213508246659
Route A M15,Route A/B,2026-08-13 09:15:00+00:00,2026-08-13 09:45:00+00:00,2026-08-13 14:45:00+00:00,1,4379.805,4363.151286581898,2.0,-1.0,-1.0262992696586164,stop,51.11213508246659,48.489317737175185
Route A M15,Route A/B,2026-08-17 07:15:00+00:00,2026-08-17 07:45:00+00:00,2026-08-17 12:15:00+00:00,1,4404.755,4391.675910458786,3.0,-1.0,-1.033677841153393,stop,48.489317737175185,45.983201073296975
Route A M15,Route A/B,2026-08-18 07:15:00+00:00,2026-08-18 07:45:00+00:00,2026-08-18 08:30:00+00:00,1,4402.915,4386.88504109684,3.0,-1.0,-1.0274667890703826,stop,45.983201073296975,43.620890475399065
Route A M15,Route A/B,2026-08-18 10:30:00+00:00,2026-08-18 11:00:00+00:00,2026-08-18 13:45:00+00:00,1,4398.425,4386.159106829455,3.0,-1.0,-1.035858986694602,stop,43.620890475399065,41.36163590507091
Route A M15,Route A/B,2026-08-19 11:30:00+00:00,2026-08-19 12:00:00+00:00,2026-08-19 12:45:00+00:00,-1,4363.255,4374.604349803955,3.0,-1.0,-1.0384449776892015,stop,41.36163590507091,39.2140467513394
Route A M15,Route A/B,2026-08-20 14:15:00+00:00,2026-08-20 14:45:00+00:00,2026-08-21 06:45:00+00:00,1,4491.605,4468.122600288647,3.0,3.0,2.9808724616938167,target,39.2140467513394,45.058650354971476
Route A M15,Route A/B,2026-08-21 14:15:00+00:00,2026-08-21 14:45:00+00:00,2026-08-24 07:45:00+00:00,1,4603.025,4572.071421428516,3.0,1.020883576579818,1.006012840424482,time_exit,45.058650354971476,47.3251293964364
Route A M15,Route A/B,2026-08-24 11:30:00+00:00,2026-08-24 12:00:00+00:00,2026-08-24 17:30:00+00:00,1,4658.715,4637.863388965217,3.0,-1.0,-1.0223422304982994,stop,47.3251293964364,44.90600547914773
Route A M15,Route A/B,2026-08-25 11:00:00+00:00,2026-08-25 11:30:00+00:00,2026-08-25 12:30:00+00:00,1,4642.635,4631.7740496716315,2.0,-1.0,-1.042746121284373,stop,44.90600547914773,42.564727327359925
Route A M15,Route A/B,2026-08-25 14:30:00+00:00,2026-08-25 15:00:00+00:00,2026-08-26 08:00:00+00:00,1,4636.975,4603.658610839971,2.0,-0.24462434872078634,-0.25854234859084146,time_exit,42.564727327359925,42.014488098842705
Route A M15,Route A/B,2026-08-26 11:45:00+00:00,2026-08-26 12:15:00+00:00,2026-08-26 12:45:00+00:00,1,4624.435,4613.653042055372,3.0,-1.0,-1.042890493765131,stop,42.014488098842705,39.82366258690814
Route A M15,Route A/B,2026-08-27 12:30:00+00:00,2026-08-27 13:00:00+00:00,2026-08-27 15:45:00+00:00,-1,4587.315,4601.654237696032,3.0,-1.0,-1.0319913449880893,stop,39.82366258690814,37.76877883113738
Route A M15,Route A/B,2026-08-31 12:30:00+00:00,2026-08-31 13:00:00+00:00,2026-09-01 06:00:00+00:00,-1,4440.215,4464.699707747468,4.0,0.01592830937672354,-0.0022063363204839308,time_exit,37.76877883113738,37.76461229971161
Route A M15,Route A/B,2026-09-01 07:15:00+00:00,2026-09-01 07:45:00+00:00,2026-09-01 08:45:00+00:00,-1,4425.835,4441.179960380312,3.0,3.0,2.971157729376229,target,37.76461229971161,43.374843286270846
Route A M15,Route A/B,2026-09-01 11:45:00+00:00,2026-09-01 12:15:00+00:00,2026-09-01 13:15:00+00:00,-1,4374.235,4388.117807386696,3.0,3.0,2.9684917115237672,target,43.374843286270846,49.81273642546771
Route A M15,Route A/B,2026-09-01 16:15:00+00:00,2026-09-01 16:45:00+00:00,2026-09-02 09:45:00+00:00,-1,4352.485,4375.638339176602,4.0,1.8403392994414858,1.8215407798551688,time_exit,49.81273642546771,54.34953296322603
Route A M15,Route A/B,2026-09-03 11:00:00+00:00,2026-09-03 11:30:00+00:00,2026-09-03 12:45:00+00:00,1,4432.375,4418.1443982781175,3.0,3.0,2.968853214455547,target,54.34953296322603,62.4173222453276
Route A M15,Route A/B,2026-09-04 15:00:00+00:00,2026-09-04 15:30:00+00:00,2026-09-07 01:00:00+00:00,1,4443.085,4410.122724343652,3.0,-1.0,-1.0134793029653715,stop,62.4173222453276,59.25438903321962
Route A M15,Route A/B,2026-09-07 10:00:00+00:00,2026-09-07 10:30:00+00:00,2026-09-07 15:00:00+00:00,-1,4402.845,4415.717612819311,3.0,-1.0,-1.0342031960550773,stop,59.25438903321962,56.19033510729729
Route A M15,Route A/B,2026-09-09 09:00:00+00:00,2026-09-09 09:30:00+00:00,2026-09-09 12:00:00+00:00,-1,4398.165,4413.20340862472,2.0,-1.0,-1.0292462128790025,stop,56.19033510729729,53.298650626817896
Route A M15,Route A/B,2026-09-11 07:30:00+00:00,2026-09-11 08:00:00+00:00,2026-09-11 12:45:00+00:00,-1,4344.875,4361.166023663199,3.0,-1.0,-1.0266703620952624,stop_same_bar,53.298650626817896,50.562643379906696
Route A M15,Route A/B,2026-09-11 14:15:00+00:00,2026-09-11 14:45:00+00:00,2026-09-14 07:45:00+00:00,-1,4374.888,4403.773498386457,3.0,1.9315228442157988,1.9163772235951373,time_exit,50.562643379906696,55.407498286807524
Route A M15,Route A/B,2026-09-15 14:30:00+00:00,2026-09-15 15:00:00+00:00,2026-09-15 18:15:00+00:00,-1,4278.015,4301.242537299636,3.0,-1.0,-1.0184178587028558,stop,55.407498286807524,52.58609899874089
Route B Precision M15,Route A/B,2026-02-25 11:45:00+00:00,2026-02-25 12:15:00+00:00,2026-02-25 21:00:00+00:00,1,5181.295,5153.948152530059,4.0,-1.0,-1.018946589751141,stop,100.0,94.9052670512443
V4 Confluence M15,V4 Confluence,2026-01-02 07:45:00+00:00,2026-01-02 08:15:00+00:00,2026-01-02 13:45:00+00:00,1,4382.545,4371.001759490723,3.0,-1.0,-1.037966331867363,stop,100.0,94.81016834066318
V4 Confluence M15,V4 Confluence,2026-01-05 08:15:00+00:00,2026-01-05 08:45:00+00:00,2026-01-05 11:30:00+00:00,1,4426.275,4415.690708399783,3.0,-1.0,-1.0418192843431242,stop,94.81016834066318,89.87141525420714
V4 Confluence M15,V4 Confluence,2026-01-05 11:30:00+00:00,2026-01-05 12:00:00+00:00,2026-01-05 12:45:00+00:00,1,4423.915,4409.488086645426,3.0,-1.0,-1.0306643208513997,stop,89.87141525420714,85.24005219586056
V4 Confluence M15,V4 Confluence,2026-01-06 14:00:00+00:00,2026-01-06 14:30:00+00:00,2026-01-07 05:45:00+00:00,1,4471.305,4452.78487674004,3.0,-1.0,-1.0241429548671892,stop,85.24005219586056,80.87515224941545
V4 Confluence M15,V4 Confluence,2026-01-07 07:45:00+00:00,2026-01-07 08:15:00+00:00,2026-01-07 12:30:00+00:00,1,4460.785,4440.464598134338,3.0,-1.0,-1.0219522479402243,stop,80.87515224941545,76.74262506722555
V4 Confluence M15,V4 Confluence,2026-01-07 13:00:00+00:00,2026-01-07 13:30:00+00:00,2026-01-07 16:30:00+00:00,-1,4432.848,4455.649612212682,3.0,-1.0,-1.019440941099483,stop,76.74262506722555,72.83089637117669
V4 Confluence M15,V4 Confluence,2026-01-08 08:00:00+00:00,2026-01-08 08:30:00+00:00,2026-01-08 15:15:00+00:00,-1,4425.528,4440.205103728455,3.0,-1.0,-1.0301525974189327,stop,72.83089637117669,69.07954951772085
V4 Confluence M15,V4 Confluence,2026-01-08 16:30:00+00:00,2026-01-08 17:00:00+00:00,2026-01-09 10:00:00+00:00,1,4460.485,4441.940438262482,3.0,0.5570366205581984,0.5329838278142434,time_exit,69.07954951772085,70.92046365400276
V4 Confluence M15,V4 Confluence,2026-01-09 15:15:00+00:00,2026-01-09 15:45:00+00:00,2026-01-12 00:45:00+00:00,1,4505.105,4477.9209063124845,3.0,3.0,2.983427422478061,target,70.92046365400276,81.49976645801328
V4 Confluence M15,V4 Confluence,2026-01-12 07:45:00+00:00,2026-01-12 08:15:00+00:00,2026-01-13 01:15:00+00:00,1,4587.455,4571.086624371826,3.0,0.29202653388355065,0.26400020369533234,time_exit,81.49976645801328,82.57556420531516
V4 Confluence M15,V4 Confluence,2026-01-14 09:00:00+00:00,2026-01-14 09:30:00+00:00,2026-01-14 14:45:00+00:00,1,4638.325,4620.51771314812,3.0,-1.0,-1.0260473425209649,stop,82.57556420531516,78.33924229481352
V4 Confluence M15,V4 Confluence,2026-01-15 09:45:00+00:00,2026-01-15 10:15:00+00:00,2026-01-15 13:45:00+00:00,1,4612.415,4598.228235424745,3.0,-1.0,-1.0325120993975276,stop,78.33924229481352,74.29493151846205
V4 Confluence M15,V4 Confluence,2026-01-19 08:15:00+00:00,2026-01-19 08:45:00+00:00,2026-01-19 11:45:00+00:00,1,4669.175,4660.887914604952,3.0,-1.0,-1.0563427885368488,stop,74.29493151846205,70.37088576174374
V4 Confluence M15,V4 Confluence,2026-01-19 12:30:00+00:00,2026-01-19 13:00:00+00:00,2026-01-20 06:00:00+00:00,1,4671.465,4658.80448262264,3.0,3.0,2.963102100326852,target,70.37088576174374,80.79669173186792
V4 Confluence M15,V4 Confluence,2026-01-20 07:15:00+00:00,2026-01-20 07:45:00+00:00,2026-01-20 18:00:00+00:00,1,4718.095,4704.64522838573,3.0,3.0,2.9649206311057803,target,80.79669173186792,92.77448064391336
V4 Confluence M15,V4 Confluence,2026-01-21 08:00:00+00:00,2026-01-21 08:30:00+00:00,2026-01-21 15:30:00+00:00,1,4858.345,4831.037851441113,3.0,-1.0,-1.0177914767978176,stop,92.77448064391336,88.0532268607274
V4 Confluence M15,V4 Confluence,2026-01-22 07:15:00+00:00,2026-01-22 07:45:00+00:00,2026-01-22 09:45:00+00:00,1,4836.905,4815.206985742748,3.0,-1.0,-1.0222919247017426,stop,88.0532268607274,83.55242172254479
V4 Confluence M15,V4 Confluence,2026-01-23 10:15:00+00:00,2026-01-23 10:45:00+00:00,2026-01-25 23:15:00+00:00,1,4929.048,4898.426853247447,3.0,3.0,2.983903124073598,target,83.55242172254479,96.01803833263561
V4 Confluence M15,V4 Confluence,2026-01-26 08:15:00+00:00,2026-01-26 08:45:00+00:00,2026-01-26 13:15:00+00:00,1,5096.505,5072.312638053718,3.0,-1.0,-1.0210665870960285,stop,96.01803833263561,91.11599779763762
V4 Confluence M15,V4 Confluence,2026-01-26 14:30:00+00:00,2026-01-26 15:00:00+00:00,2026-01-26 19:15:00+00:00,1,5081.845,5053.148077288922,3.0,-1.0,-1.0177086757739293,stop,91.11599779763762,86.47952072461491
V4 Confluence M15,V4 Confluence,2026-01-28 07:00:00+00:00,2026-01-28 07:30:00+00:00,2026-01-28 11:15:00+00:00,1,5273.445,5250.370525677928,3.0,-1.0,-1.0228540201020122,stop,86.47952072461491,82.05672445313152
V4 Confluence M15,V4 Confluence,2026-01-28 12:45:00+00:00,2026-01-28 13:15:00+00:00,2026-01-28 14:15:00+00:00,1,5278.965,5250.176129226787,3.0,-1.0,-1.0183368255100578,stop,82.05672445313152,77.87865523856375
V4 Confluence M15,V4 Confluence,2026-01-28 14:45:00+00:00,2026-01-28 15:15:00+00:00,2026-01-28 15:15:00+00:00,1,5285.459,5246.907188734361,3.0,-1.0,-1.013710014721697,stop,77.87865523856375,73.93133660114422
V4 Confluence M15,V4 Confluence,2026-01-28 15:15:00+00:00,2026-01-28 15:45:00+00:00,2026-01-28 20:45:00+00:00,1,5269.015,5233.202727531158,3.0,3.0,2.9852871246732966,target,73.93133660114422,84.9666499644084
V4 Confluence M15,V4 Confluence,2026-01-29 11:45:00+00:00,2026-01-29 12:15:00+00:00,2026-01-29 15:15:00+00:00,1,5522.425,5468.345521344383,3.0,-1.0,-1.0102116831324637,stop,84.9666499644084,80.67493484087481
V4 Confluence M15,V4 Confluence,2026-01-30 08:30:00+00:00,2026-01-30 09:00:00+00:00,2026-01-30 18:00:00+00:00,-1,5095.755,5189.712180657264,3.0,3.0,2.9945765135092888,target,80.67493484087481,92.75429809604361
V4 Confluence M15,V4 Confluence,2026-02-02 10:30:00+00:00,2026-02-02 11:00:00+00:00,2026-02-02 11:15:00+00:00,-1,4672.418,4738.32452955156,3.0,-1.0,-1.0070894614415171,stop,92.75429809604361,88.08370429024708
V4 Confluence M15,V4 Confluence,2026-02-03 07:30:00+00:00,2026-02-03 08:00:00+00:00,2026-02-04 01:00:00+00:00,1,4920.908,4838.266436014878,3.0,1.1436981034992961,1.137743584050843,time_exit,88.08370429024708,93.0945377610301
V4 Confluence M15,V4 Confluence,2026-02-05 09:00:00+00:00,2026-02-05 09:30:00+00:00,2026-02-06 02:30:00+00:00,-1,4862.245,4946.273119218704,4.0,0.5032839053547036,0.49749745547910323,time_exit,93.0945377610301,95.41025254378589
V4 Confluence M15,V4 Confluence,2026-02-06 13:00:00+00:00,2026-02-06 13:30:00+00:00,2026-02-08 23:45:00+00:00,1,4909.385,4869.453015760896,3.0,3.0,2.9877056322305355,target,95.41025254378589,109.66313998866625
V4 Confluence M15,V4 Confluence,2026-02-09 14:45:00+00:00,2026-02-09 15:15:00+00:00,2026-02-09 23:15:00+00:00,1,5037.605,4993.3302267904655,3.0,-1.0,-1.0113780481181893,stop,109.66313998866625,104.11759536505379
V4 Confluence M15,V4 Confluence,2026-02-10 13:30:00+00:00,2026-02-10 14:00:00+00:00,2026-02-10 15:45:00+00:00,1,5052.705,5018.041197075269,3.0,-1.0,-1.0145763146962596,stop,104.11759536505379,98.83583305502815
V4 Confluence M15,V4 Confluence,2026-02-12 12:45:00+00:00,2026-02-12 13:15:00+00:00,2026-02-12 13:30:00+00:00,-1,5052.475,5069.314317550767,3.0,-1.0,-1.0300040365933363,stop,98.83583305502815,93.74576770469093
V4 Confluence M15,V4 Confluence,2026-02-16 07:45:00+00:00,2026-02-16 08:15:00+00:00,2026-02-16 14:45:00+00:00,1,5006.985,4987.750519170517,3.0,-1.0,-1.0260312978779507,stop,93.74576770469093,88.9364631192605
V4 Confluence M15,V4 Confluence,2026-02-16 14:45:00+00:00,2026-02-16 15:15:00+00:00,2026-02-16 23:30:00+00:00,-1,4987.779,5000.19929360716,3.0,-1.0,-1.040158301870777,stop,88.9364631192605,84.31106309663434
V4 Confluence M15,V4 Confluence,2026-02-17 10:45:00+00:00,2026-02-17 11:15:00+00:00,2026-02-17 12:30:00+00:00,-1,4912.955,4940.231798645721,3.0,-1.0,-1.0180114795134534,stop,84.31106309663434,80.0195815925165
V4 Confluence M15,V4 Confluence,2026-02-18 09:15:00+00:00,2026-02-18 09:45:00+00:00,2026-02-18 10:45:00+00:00,1,4921.045,4911.9226584220505,3.0,-1.0,-1.0539449762755553,stop,80.0195815925165,75.80276979136127
V4 Confluence M15,V4 Confluence,2026-02-19 13:30:00+00:00,2026-02-19 14:00:00+00:00,2026-02-19 14:45:00+00:00,1,4993.445,4970.98333197706,3.0,-1.0,-1.0222309625220183,stop,75.80276979136127,71.92837287507837
V4 Confluence M15,V4 Confluence,2026-02-20 08:30:00+00:00,2026-02-20 09:00:00+00:00,2026-02-20 15:15:00+00:00,1,5022.365,5003.727267712849,3.0,-1.0,-1.0269472966057283,stop,71.92837287507837,68.23504047141283
V4 Confluence M15,V4 Confluence,2026-02-20 15:15:00+00:00,2026-02-20 15:45:00+00:00,2026-02-22 23:15:00+00:00,1,5025.135,4987.381582715334,3.0,3.0,2.9866895890188965,target,68.23504047141283,78.42488472052541
V4 Confluence M15,V4 Confluence,2026-02-23 08:45:00+00:00,2026-02-23 09:15:00+00:00,2026-02-23 15:00:00+00:00,1,5139.925,5120.691658539846,3.0,3.0,2.9732759644981694,target,78.42488472052541,90.0838259584293
V4 Confluence M15,V4 Confluence,2026-02-24 08:15:00+00:00,2026-02-24 08:45:00+00:00,2026-02-24 14:00:00+00:00,-1,5169.945,5184.670895394883,3.0,3.0,2.964892151809007,target,90.0838259584293,103.43826738788309
V4 Confluence M15,V4 Confluence,2026-02-25 11:45:00+00:00,2026-02-25 12:15:00+00:00,2026-02-25 21:00:00+00:00,1,5181.295,5153.948152530059,3.0,-1.0,-1.018946589751141,stop,103.43826738788309,98.16836389765058
V4 Confluence M15,V4 Confluence,2026-02-26 10:30:00+00:00,2026-02-26 11:00:00+00:00,2026-02-26 16:00:00+00:00,-1,5171.778,5190.7733650637665,3.0,-1.0,-1.0272265259585096,stop,98.16836389765058,93.12630652736986
V4 Confluence M15,V4 Confluence,2026-02-27 10:00:00+00:00,2026-02-27 10:30:00+00:00,2026-02-27 12:00:00+00:00,-1,5174.135,5183.07595096266,3.0,-1.0,-1.0578700746890242,stop,93.12630652736986,88.20052988528877
V4 Confluence M15,V4 Confluence,2026-02-27 15:00:00+00:00,2026-02-27 15:30:00+00:00,2026-03-01 23:15:00+00:00,1,5237.635,5209.611631509634,3.0,3.0,2.981309759382422,target,88.20052988528877,101.3481849117744
V4 Confluence M15,V4 Confluence,2026-03-02 16:00:00+00:00,2026-03-02 16:30:00+00:00,2026-03-03 00:30:00+00:00,-1,5299.925,5353.902433459835,3.0,-1.0,-1.0098187791828668,stop,101.3481849117744,96.23101989377402
V4 Confluence M15,V4 Confluence,2026-03-03 08:30:00+00:00,2026-03-03 09:00:00+00:00,2026-03-03 11:15:00+00:00,-1,5304.785,5337.456702366917,3.0,3.0,2.9837633651885507,target,96.23101989377402,110.5875494814627
V4 Confluence M15,V4 Confluence,2026-03-03 14:30:00+00:00,2026-03-03 15:00:00+00:00,2026-03-04 02:15:00+00:00,-1,5070.935,5189.680378352312,3.0,-1.0,-1.004270427253981,stop,110.5875494814627,105.03455920312673
V4 Confluence M15,V4 Confluence,2026-03-05 08:00:00+00:00,2026-03-05 08:30:00+00:00,2026-03-05 09:15:00+00:00,-1,5141.375,5173.811403000226,3.0,-1.0,-1.015850632389677,stop,105.03455920312673,99.69958803366337
V4 Confluence M15,V4 Confluence,2026-03-05 15:00:00+00:00,2026-03-05 15:30:00+00:00,2026-03-06 02:00:00+00:00,-1,5085.115,5133.75810033758,3.0,-1.0,-1.010453928644987,stop,99.69958803366337,94.66249601301827
V4 Confluence M15,V4 Confluence,2026-03-06 09:45:00+00:00,2026-03-06 10:15:00+00:00,2026-03-06 13:45:00+00:00,-1,5085.355,5114.383996314088,3.0,-1.0,-1.0175181909321884,stop,94.66249601301827,89.84645542840369
V4 Confluence M15,V4 Confluence,2026-03-09 07:00:00+00:00,2026-03-09 07:30:00+00:00,2026-03-09 19:30:00+00:00,-1,5096.755,5142.166329615643,3.0,-1.0,-1.0112235317554858,stop,89.84645542840369,85.30371292970258
V4 Confluence M15,V4 Confluence,2026-03-10 07:45:00+00:00,2026-03-10 08:15:00+00:00,2026-03-10 10:45:00+00:00,1,5180.815,5157.242722420411,3.0,-1.0,-1.0219784235210523,stop,85.30371292970258,80.9447852266831
V4 Confluence M15,V4 Confluence,2026-03-10 10:45:00+00:00,2026-03-10 11:15:00+00:00,2026-03-11 04:15:00+00:00,1,5177.065,5155.1612158928965,3.0,1.3016015799185503,1.2779660976900655,time_exit,80.9447852266831,86.11701979190832
V4 Confluence M15,V4 Confluence,2026-03-11 08:30:00+00:00,2026-03-11 09:00:00+00:00,2026-03-12 02:00:00+00:00,-1,5181.365,5200.804646576514,3.0,0.6723373261214665,0.6456837294132841,time_exit,86.11701979190832,88.89723771716817
V4 Confluence M15,V4 Confluence,2026-03-12 09:30:00+00:00,2026-03-12 10:00:00+00:00,2026-03-12 11:30:00+00:00,1,5184.435,5173.417482923583,3.0,-1.0,-1.047056291939832,stop,88.89723771716817,84.24321711277658
V4 Confluence M15,V4 Confluence,2026-03-12 12:45:00+00:00,2026-03-12 13:15:00+00:00,2026-03-12 13:30:00+00:00,1,5181.015,5162.732050277156,3.0,-1.0,-1.0283379601133316,stop,84.24321711277658,79.91169221081971
V4 Confluence M15,V4 Confluence,2026-03-13 08:15:00+00:00,2026-03-13 08:45:00+00:00,2026-03-13 09:15:00+00:00,-1,5070.575,5095.088643169483,3.0,-1.0,-1.0206847059204665,stop,79.91169221081971,75.83346010762934
V4 Confluence M15,V4 Confluence,2026-03-13 14:15:00+00:00,2026-03-13 14:45:00+00:00,2026-03-15 23:30:00+00:00,-1,5089.015,5122.348994103962,3.0,3.0,2.9847332576344483,target,75.83346010762934,87.15059262886615
V4 Confluence M15,V4 Confluence,2026-03-16 08:30:00+00:00,2026-03-16 09:00:00+00:00,2026-03-16 11:30:00+00:00,-1,4987.045,5010.950722135839,3.0,-1.0,-1.020861302459981,stop,87.15059262886615,82.70215925380298
V4 Confluence M15,V4 Confluence,2026-03-16 16:15:00+00:00,2026-03-16 16:45:00+00:00,2026-03-16 18:30:00+00:00,-1,4979.625,5006.990517624888,3.0,-1.0,-1.0181967140847037,stop,82.70215925380298,78.49180591380637
V4 Confluence M15,V4 Confluence,2026-03-17 15:30:00+00:00,2026-03-17 16:00:00+00:00,2026-03-18 09:00:00+00:00,-1,4984.315,5020.50599460135,3.0,-0.06338593413277441,-0.07715818619410363,time_exit,78.49180591380637,78.18899164503593
V4 Confluence M15,V4 Confluence,2026-03-18 10:15:00+00:00,2026-03-18 10:45:00+00:00,2026-03-18 11:45:00+00:00,-1,4982.295,4996.348453120249,3.0,3.0,2.9645475389047187,target,78.18899164503593,89.77874078257258
V4 Confluence M15,V4 Confluence,2026-03-18 15:45:00+00:00,2026-03-18 16:15:00+00:00,2026-03-18 16:30:00+00:00,-1,4862.165,4881.434847142082,3.0,-1.0,-1.025231985309224,stop,89.77874078257258,85.17653895001862
V4 Confluence M15,V4 Confluence,2026-03-19 10:15:00+00:00,2026-03-19 10:45:00+00:00,2026-03-19 13:00:00+00:00,-1,4683.108,4728.027523349533,3.0,3.0,2.98957444858985,target,85.17653895001862,97.9086191732333
V4 Confluence M15,V4 Confluence,2026-03-19 15:30:00+00:00,2026-03-19 16:00:00+00:00,2026-03-19 19:15:00+00:00,-1,4571.355,4642.224936891568,3.0,-1.0,-1.0064503443921422,stop,97.9086191732333,92.98161099894031
V4 Confluence M15,V4 Confluence,2026-03-20 07:45:00+00:00,2026-03-20 08:15:00+00:00,2026-03-20 10:15:00+00:00,1,4706.025,4659.489649844959,3.0,-1.0,-1.0101127959375422,stop,92.98161099894031,88.28551524609449
V4 Confluence M15,V4 Confluence,2026-03-20 10:45:00+00:00,2026-03-20 11:15:00+00:00,2026-03-20 12:15:00+00:00,-1,4645.155,4694.140369345191,3.0,-1.0,-1.009482739565086,stop,88.28551524609449,83.82938005636736
V4 Confluence M15,V4 Confluence,2026-03-23 12:45:00+00:00,2026-03-23 13:15:00+00:00,2026-03-24 00:45:00+00:00,1,4478.108,4330.708051429387,3.0,-1.0,-1.0030380661889138,stop,83.82938005636736,79.62517709328964
V4 Confluence M15,V4 Confluence,2026-03-24 09:45:00+00:00,2026-03-24 10:15:00+00:00,2026-03-24 11:15:00+00:00,1,4426.255,4388.993635946015,3.0,-1.0,-1.0118789397875696,stop,79.62517709328964,75.59662510441187
V4 Confluence M15,V4 Confluence,2026-03-24 14:00:00+00:00,2026-03-24 14:30:00+00:00,2026-03-24 23:45:00+00:00,1,4395.185,4348.23970149738,3.0,3.0,2.9906376460685307,target,75.59662510441187,86.90073075206105
V4 Confluence M15,V4 Confluence,2026-03-25 07:15:00+00:00,2026-03-25 07:45:00+00:00,2026-03-25 10:00:00+00:00,1,4560.855,4531.288224360633,3.0,-1.0,-1.0154256083099147,stop,86.90073075206105,82.48866938273666
V4 Confluence M15,V4 Confluence,2026-03-25 11:15:00+00:00,2026-03-25 11:45:00+00:00,2026-03-25 12:30:00+00:00,1,4579.705,4549.61508635188,3.0,-1.0,-1.0152200669418874,stop,82.48866938273666,78.30146176010221
V4 Confluence M15,V4 Confluence,2026-03-26 08:15:00+00:00,2026-03-26 08:45:00+00:00,2026-03-26 14:30:00+00:00,-1,4428.015,4465.381952271602,3.0,-1.0,-1.011850083377994,stop,78.30146176010221,74.3399947295733
V4 Confluence M15,V4 Confluence,2026-03-27 08:30:00+00:00,2026-03-27 09:00:00+00:00,2026-03-27 09:00:00+00:00,1,4434.585,4427.486093799895,3.0,-1.0,-1.062468567339771,stop,74.3399947295733,70.39079934475451
V4 Confluence M15,V4 Confluence,2026-03-30 08:45:00+00:00,2026-03-30 09:15:00+00:00,2026-03-30 14:30:00+00:00,1,4537.975,4514.236953206236,3.0,-1.0,-1.0191168845500465,stop,70.39079934475451,66.80397673829383
V4 Confluence M15,V4 Confluence,2026-03-31 14:00:00+00:00,2026-03-31 14:30:00+00:00,2026-04-01 07:30:00+00:00,1,4614.538,4565.864670013839,3.0,2.225387086332447,2.2159064569994795,time_exit,66.80397673829383,74.20554490867525
V4 Confluence M15,V4 Confluence,2026-04-01 10:30:00+00:00,2026-04-01 11:00:00+00:00,2026-04-02 01:30:00+00:00,1,4734.815,4711.442154094048,3.0,-1.0,-1.0202577598767912,stop,74.20554490867525,70.42010575772717
V4 Confluence M15,V4 Confluence,2026-04-02 11:30:00+00:00,2026-04-02 12:00:00+00:00,2026-04-02 14:00:00+00:00,-1,4599.685,4632.917508523051,3.0,-1.0,-1.0138409202447345,stop,70.42010575772717,66.85036651646989
V4 Confluence M15,V4 Confluence,2026-04-06 07:45:00+00:00,2026-04-06 08:15:00+00:00,2026-04-07 01:15:00+00:00,1,4684.445,4643.229265775968,3.0,-1.0,-1.0113656716013775,stop,66.85036651646989,63.4698582250335
V4 Confluence M15,V4 Confluence,2026-04-07 14:00:00+00:00,2026-04-07 14:30:00+00:00,2026-04-07 16:15:00+00:00,-1,4621.498,4664.950105479054,3.0,-1.0,-1.0106358436468117,stop,63.4698582250335,60.26261253936348
V4 Confluence M15,V4 Confluence,2026-04-08 14:30:00+00:00,2026-04-08 15:00:00+00:00,2026-04-09 08:00:00+00:00,-1,4759.778,4800.587315960034,3.0,0.8751188095133893,0.8634553501095085,time_exit,60.26261253936348,62.86431629979796
V4 Confluence M15,V4 Confluence,2026-04-09 10:30:00+00:00,2026-04-09 11:00:00+00:00,2026-04-09 15:45:00+00:00,1,4740.515,4722.267385051317,3.0,3.0,2.9740211802291334,target,62.86431629979796,72.21230670760909
V4 Confluence M15,V4 Confluence,2026-04-10 14:00:00+00:00,2026-04-10 14:30:00+00:00,2026-04-10 15:45:00+00:00,1,4780.005,4762.346872092464,3.0,-1.0,-1.0270697155725095,stop,72.21230670760909,68.50395304205814
V4 Confluence M15,V4 Confluence,2026-04-10 16:00:00+00:00,2026-04-10 16:30:00+00:00,2026-04-10 20:30:00+00:00,1,4763.255,4745.840881000996,3.0,-1.0,-1.0273528336418993,stop,68.50395304205814,64.98506652838664
V4 Confluence M15,V4 Confluence,2026-04-14 11:15:00+00:00,2026-04-14 11:45:00+00:00,2026-04-15 01:30:00+00:00,1,4778.245,4750.289245722507,3.0,3.0,2.982907830164157,target,64.98506652838664,74.6772897179498
V4 Confluence M15,V4 Confluence,2026-04-16 11:00:00+00:00,2026-04-16 11:30:00+00:00,2026-04-16 14:00:00+00:00,1,4817.325,4804.118837700338,3.0,-1.0,-1.036477857008644,stop,74.6772897179498,70.80722185724609
V4 Confluence M15,V4 Confluence,2026-04-16 14:15:00+00:00,2026-04-16 14:45:00+00:00,2026-04-17 07:45:00+00:00,-1,4799.395,4824.604058184871,3.0,0.5458355444733897,0.52679716959717,time_exit,70.80722185724609,72.67227406031789
V4 Confluence M15,V4 Confluence,2026-04-20 13:15:00+00:00,2026-04-20 13:45:00+00:00,2026-04-20 15:00:00+00:00,1,4824.148,4797.817525423979,3.0,-1.0,-1.0183215383606994,stop,72.67227406031789,68.97208696445422
V4 Confluence M15,V4 Confluence,2026-04-21 12:30:00+00:00,2026-04-21 13:00:00+00:00,2026-04-21 17:30:00+00:00,-1,4778.615,4798.853295009045,4.0,4.0,3.9763882530723844,target,68.97208696445422,82.68507678422135
V4 Confluence M15,V4 Confluence,2026-04-22 08:30:00+00:00,2026-04-22 09:00:00+00:00,2026-04-22 10:15:00+00:00,1,4755.825,4750.995828876679,3.0,-1.0,-1.098481186078366,stop,82.68507678422135,78.14367672337573
V4 Confluence M15,V4 Confluence,2026-04-22 14:15:00+00:00,2026-04-22 14:45:00+00:00,2026-04-23 07:45:00+00:00,-1,4743.705,4761.70833429602,3.0,1.6769115933526186,1.6505625575462428,time_exit,78.14367672337573,84.59272806880584
V4 Confluence M15,V4 Confluence,2026-04-23 08:30:00+00:00,2026-04-23 09:00:00+00:00,2026-04-23 12:15:00+00:00,-1,4703.545,4725.607936596517,3.0,-1.0,-1.021318762257344,stop,84.59272806880584,80.2729210524456
V4 Confluence M15,V4 Confluence,2026-04-27 07:00:00+00:00,2026-04-27 07:30:00+00:00,2026-04-27 08:45:00+00:00,1,4716.995,4707.749608609724,3.0,-1.0,-1.051019960117226,stop,80.2729210524456,76.05449893829388
V4 Confluence M15,V4 Confluence,2026-04-27 15:00:00+00:00,2026-04-27 15:30:00+00:00,2026-04-28 00:15:00+00:00,-1,4674.375,4698.1874938259425,3.0,-1.0,-1.0196299263494506,stop,76.05449893829388,72.17712678074403
V4 Confluence M15,V4 Confluence,2026-04-28 08:00:00+00:00,2026-04-28 08:30:00+00:00,2026-04-28 12:00:00+00:00,-1,4620.075,4640.246658430207,3.0,3.0,2.9770962064622246,target,72.17712678074403,82.92103929735885
V4 Confluence M15,V4 Confluence,2026-04-28 14:00:00+00:00,2026-04-28 14:30:00+00:00,2026-04-29 00:15:00+00:00,-1,4568.085,4601.49458206903,3.0,-1.0,-1.0136729785801017,stop,82.92103929735885,78.71829845278327
V4 Confluence M15,V4 Confluence,2026-04-29 07:45:00+00:00,2026-04-29 08:15:00+00:00,2026-04-30 01:15:00+00:00,-1,4568.176,4589.49947268374,3.0,0.0005158634413619675,-0.020907363758790216,time_exit,78.71829845278327,78.636008847772
V4 Confluence M15,V4 Confluence,2026-04-30 10:15:00+00:00,2026-04-30 10:45:00+00:00,2026-04-30 14:00:00+00:00,1,4643.655,4613.315500775621,3.0,-1.0,-1.0153056415521478,stop,78.636008847772,74.64402967715762
V4 Confluence M15,V4 Confluence,2026-04-30 14:00:00+00:00,2026-04-30 14:30:00+00:00,2026-04-30 16:30:00+00:00,1,4620.095,4608.098488168542,3.0,-1.0,-1.0385119863582737,stop,74.64402967715762,70.76809370066707
V4 Confluence M15,V4 Confluence,2026-05-01 07:45:00+00:00,2026-05-01 08:15:00+00:00,2026-05-01 12:30:00+00:00,-1,4577.838,4598.546767447269,3.0,-1.0,-1.0221057965504536,stop,70.76809370066707,67.15146976155319
V4 Confluence M15,V4 Confluence,2026-05-04 15:00:00+00:00,2026-05-04 15:30:00+00:00,2026-05-05 08:30:00+00:00,-1,4548.198,4584.300097195122,3.0,-0.0819065990548317,-0.0945047536036332,time_exit,67.15146976155319,66.83416310635631
V4 Confluence M15,V4 Confluence,2026-05-05 08:45:00+00:00,2026-05-05 09:15:00+00:00,2026-05-05 11:00:00+00:00,1,4558.255,4542.327691622383,3.0,-1.0,-1.0286191168773113,stop,66.83416310635631,63.39681821477159
V4 Confluence M15,V4 Confluence,2026-05-05 13:00:00+00:00,2026-05-05 13:30:00+00:00,2026-05-05 17:15:00+00:00,1,4578.815,4553.221956126205,3.0,-1.0,-1.0178908574633767,stop,63.39681821477159,60.170266132117405
V4 Confluence M15,V4 Confluence,2026-05-06 07:30:00+00:00,2026-05-06 08:00:00+00:00,2026-05-06 10:45:00+00:00,1,4670.335,4656.375631352236,3.0,3.0,2.9665433651202546,target,60.170266132117405,69.09515132070506
V4 Confluence M15,V4 Confluence,2026-05-06 10:45:00+00:00,2026-05-06 11:15:00+00:00,2026-05-06 12:00:00+00:00,1,4717.805,4692.919964223321,3.0,-1.0,-1.0189584015162283,stop,69.09515132070506,65.57489707359169
V4 Confluence M15,V4 Confluence,2026-05-06 13:30:00+00:00,2026-05-06 14:00:00+00:00,2026-05-07 07:00:00+00:00,1,4695.105,4658.8430685039575,3.0,1.2073267527070142,1.1943790005981325,time_exit,65.57489707359169,69.49096107514578
V4 Confluence M15,V4 Confluence,2026-05-08 10:30:00+00:00,2026-05-08 11:00:00+00:00,2026-05-08 12:15:00+00:00,1,4724.195,4706.387298149036,3.0,-1.0,-1.0265289425864028,stop,69.49096107514578,65.92423693555666
V4 Confluence M15,V4 Confluence,2026-05-11 08:45:00+00:00,2026-05-11 09:15:00+00:00,2026-05-11 12:30:00+00:00,-1,4667.475,4679.4452778518125,3.0,-1.0,-1.0389922026688243,stop,65.92423693555666,62.49949852840989
V4 Confluence M15,V4 Confluence,2026-05-12 09:30:00+00:00,2026-05-12 10:00:00+00:00,2026-05-12 10:15:00+00:00,-1,4695.165,4707.282803853824,3.0,-1.0,-1.038746005931747,stop,62.49949852840989,59.25344330495374
V4 Confluence M15,V4 Confluence,2026-05-12 10:30:00+00:00,2026-05-12 11:00:00+00:00,2026-05-12 13:00:00+00:00,-1,4690.555,4709.149389990344,3.0,-1.0,-1.0252256460278384,stop,59.25344330495374,56.21603582036899
V4 Confluence M15,V4 Confluence,2026-05-12 13:00:00+00:00,2026-05-12 13:30:00+00:00,2026-05-12 20:00:00+00:00,-1,4688.755,4712.504254222589,3.0,-1.0,-1.019742746260808,stop,56.21603582036899,53.34974108280104
V4 Confluence M15,V4 Confluence,2026-05-13 12:30:00+00:00,2026-05-13 13:00:00+00:00,2026-05-13 16:30:00+00:00,-1,4682.655,4706.110402947266,3.0,-1.0,-1.019964078257482,stop,53.34974108280104,50.62900010836131
V4 Confluence M15,V4 Confluence,2026-05-14 07:30:00+00:00,2026-05-14 08:00:00+00:00,2026-05-14 13:45:00+00:00,1,4709.055,4685.044821210929,3.0,-1.0,-1.0196127444171441,stop,50.62900010836131,48.0479014209822
V4 Confluence M15,V4 Confluence,2026-05-15 07:45:00+00:00,2026-05-15 08:15:00+00:00,2026-05-15 14:00:00+00:00,-1,4570.575,4589.795989158595,3.0,3.0,2.976220916820214,target,48.0479014209822,55.197959881904346
V4 Confluence M15,V4 Confluence,2026-05-15 15:30:00+00:00,2026-05-15 16:00:00+00:00,2026-05-18 09:00:00+00:00,-1,4541.205,4568.024723744335,3.0,-0.3184223700963343,-0.33535470334215783,time_exit,55.197959881904346,54.27241510883992
V4 Confluence M15,V4 Confluence,2026-05-19 08:15:00+00:00,2026-05-19 08:45:00+00:00,2026-05-19 13:45:00+00:00,-1,4538.135,4560.162226497827,3.0,3.0,2.979397610496048,target,54.27241510883992,62.35737030339628
V4 Confluence M15,V4 Confluence,2026-05-20 11:15:00+00:00,2026-05-20 11:45:00+00:00,2026-05-20 13:45:00+00:00,1,4499.795,4483.465295152635,3.0,-1.0,-1.0275558869070807,stop,62.35737030339628,59.153586156031295
V4 Confluence M15,V4 Confluence,2026-05-22 10:30:00+00:00,2026-05-22 11:00:00+00:00,2026-05-24 22:15:00+00:00,-1,4512.188,4537.454094267749,3.0,-1.0,-1.0178586684280668,stop,59.153586156031295,56.143086634155146
V4 Confluence M15,V4 Confluence,2026-05-25 09:45:00+00:00,2026-05-25 10:15:00+00:00,2026-05-26 00:15:00+00:00,1,4567.455,4552.608102254565,3.0,-1.0,-1.0307636994496334,stop,56.143086634155146,53.249573850278
V4 Confluence M15,V4 Confluence,2026-05-26 09:30:00+00:00,2026-05-26 10:00:00+00:00,2026-05-26 10:15:00+00:00,-1,4513.045,4530.603203088442,3.0,-1.0,-1.025703342063351,stop,53.249573850278,50.51866055719403
V4 Confluence M15,V4 Confluence,2026-05-26 11:15:00+00:00,2026-05-26 11:45:00+00:00,2026-05-27 04:45:00+00:00,-1,4523.375,4541.191696983941,3.0,0.8531323181676184,0.8277439142222796,time_exit,50.51866055719403,52.60948624873796
V4 Confluence M15,V4 Confluence,2026-05-27 10:00:00+00:00,2026-05-27 10:30:00+00:00,2026-05-27 11:00:00+00:00,-1,4485.295,4499.399638449108,3.0,3.0,2.9681998583928,target,52.60948624873796,60.41725973041906
V4 Confluence M15,V4 Confluence,2026-05-28 10:45:00+00:00,2026-05-28 11:15:00+00:00,2026-05-28 13:00:00+00:00,-1,4382.775,4404.73838598121,3.0,-1.0,-1.0199549149832794,stop,60.41725973041906,57.33611567982595
V4 Confluence M15,V4 Confluence,2026-05-28 16:15:00+00:00,2026-05-28 16:45:00+00:00,2026-05-29 09:45:00+00:00,1,4500.425,4467.015413737768,3.0,0.9503260456682575,0.9368555855294337,time_exit,57.33611567982595,60.02189869118628
V4 Confluence M15,V4 Confluence,2026-05-29 10:45:00+00:00,2026-05-29 11:15:00+00:00,2026-05-29 12:30:00+00:00,1,4538.268,4523.784648592249,3.0,-1.0,-1.0313343774671608,stop,60.02189869118628,56.926766315132696
V4 Confluence M15,V4 Confluence,2026-05-29 13:30:00+00:00,2026-05-29 14:00:00+00:00,2026-06-01 03:45:00+00:00,1,4532.955,4511.57684344985,3.0,-1.0,-1.0212036757676757,stop,56.926766315132696,54.02007516460365
V4 Confluence M15,V4 Confluence,2026-06-01 07:30:00+00:00,2026-06-01 08:00:00+00:00,2026-06-02 01:00:00+00:00,-1,4497.925,4516.47249184701,3.0,0.8991512241957985,0.8749003711041708,time_exit,54.02007516460365,56.383184355032995
V4 Confluence M15,V4 Confluence,2026-06-02 07:00:00+00:00,2026-06-02 07:30:00+00:00,2026-06-02 13:00:00+00:00,1,4539.815,4515.15090271992,3.0,-1.0,-1.0184065727135558,stop,56.383184355032995,53.51213407814871
V4 Confluence M15,V4 Confluence,2026-06-02 16:00:00+00:00,2026-06-02 16:30:00+00:00,2026-06-02 23:30:00+00:00,-1,4497.955,4509.182887719075,3.0,3.0,2.9599394372963084,target,53.51213407814871,61.431767879738715
V4 Confluence M15,V4 Confluence,2026-06-03 07:45:00+00:00,2026-06-03 08:15:00+00:00,2026-06-04 01:15:00+00:00,-1,4453.275,4472.9424302774305,3.0,-0.5420128532111043,-0.564655745226897,time_exit,61.431767879738715,59.69737784610174
V4 Confluence M15,V4 Confluence,2026-06-04 09:45:00+00:00,2026-06-04 10:15:00+00:00,2026-06-04 12:00:00+00:00,1,4470.185,4458.710940889996,3.0,3.0,2.9610409449947634,target,59.69737784610174,68.53569685165827
V4 Confluence M15,V4 Confluence,2026-06-04 13:30:00+00:00,2026-06-04 14:00:00+00:00,2026-06-04 14:15:00+00:00,1,4514.345,4489.9078945746605,3.0,-1.0,-1.0184733212932777,stop,68.53569685165827,65.04560791167539
V4 Confluence M15,V4 Confluence,2026-06-05 11:45:00+00:00,2026-06-05 12:15:00+00:00,2026-06-05 12:45:00+00:00,1,4470.035,4457.489185254786,3.0,-1.0,-1.0356296907835767,stop,65.04560791167539,61.67744977125548
V4 Confluence M15,V4 Confluence,2026-06-05 15:30:00+00:00,2026-06-05 16:00:00+00:00,2026-06-08 09:00:00+00:00,-1,4338.518,4374.018400430906,3.0,1.4065475147860467,1.3943264751714541,time_exit,61.67744977125548,65.97737482811144
V4 Confluence M15,V4 Confluence,2026-06-08 09:15:00+00:00,2026-06-08 09:45:00+00:00,2026-06-08 10:00:00+00:00,-1,4279.695,4298.15942577599,3.0,-1.0,-1.0231780562900852,stop,65.97737482811144,62.60204472132396
V4 Confluence M15,V4 Confluence,2026-06-08 14:00:00+00:00,2026-06-08 14:30:00+00:00,2026-06-09 05:45:00+00:00,-1,4319.415,4347.886050163807,3.0,-1.0,-1.0151712528169785,stop,62.60204472132396,59.42445491289142
V4 Confluence M15,V4 Confluence,2026-06-09 16:00:00+00:00,2026-06-09 16:30:00+00:00,2026-06-10 09:30:00+00:00,-1,4259.535,4303.256480905415,3.0,2.138765615059921,2.1290231843101144,time_exit,59.42445491289142,65.75025702411827
V4 Confluence M15,V4 Confluence,2026-06-10 10:00:00+00:00,2026-06-10 10:30:00+00:00,2026-06-10 14:00:00+00:00,-1,4160.865,4180.540778764041,3.0,-1.0,-1.0211471426361245,stop,65.75025702411827,62.39322266972981
V4 Confluence M15,V4 Confluence,2026-06-10 14:30:00+00:00,2026-06-10 15:00:00+00:00,2026-06-10 22:30:00+00:00,-1,4149.775,4187.747814490864,3.0,3.0,2.9890717212941946,target,62.39322266972981,71.71811354385487
V4 Confluence M15,V4 Confluence,2026-06-11 08:30:00+00:00,2026-06-11 09:00:00+00:00,2026-06-11 17:45:00+00:00,-1,4090.395,4113.696955409787,3.0,-1.0,-1.0175538701712648,stop,71.71811354385487,68.06926134395829
V4 Confluence M15,V4 Confluence,2026-06-12 15:00:00+00:00,2026-06-12 15:30:00+00:00,2026-06-15 02:30:00+00:00,1,4213.775,4175.542303374381,3.0,3.0,2.9889786089606445,target,68.06926134395829,78.24213964820044
V4 Confluence M15,V4 Confluence,2026-06-15 07:00:00+00:00,2026-06-15 07:30:00+00:00,2026-06-15 13:30:00+00:00,1,4313.515,4299.77561400739,3.0,3.0,2.9686047469492456,target,78.24213964820044,89.8556390067561
V4 Confluence M15,V4 Confluence,2026-06-16 08:15:00+00:00,2026-06-16 08:45:00+00:00,2026-06-16 14:30:00+00:00,1,4341.075,4321.750549084897,3.0,-1.0,-1.022464157036448,stop,89.8556390067561,85.26193049715539
V4 Confluence M15,V4 Confluence,2026-06-16 16:00:00+00:00,2026-06-16 16:30:00+00:00,2026-06-17 04:45:00+00:00,1,4345.925,4320.051232235651,3.0,-1.0,-1.0167966453111175,stop,85.26193049715539,80.92722825204253
V4 Confluence M15,V4 Confluence,2026-06-17 08:00:00+00:00,2026-06-17 08:30:00+00:00,2026-06-17 09:45:00+00:00,-1,4322.785,4333.350790298794,3.0,-1.0,-1.0409130304289056,stop,80.92722825204253,76.71531793184026
V4 Confluence M15,V4 Confluence,2026-06-17 11:45:00+00:00,2026-06-17 12:15:00+00:00,2026-06-17 13:30:00+00:00,-1,4322.985,4335.575692122101,3.0,-1.0,-1.034334768558208,stop,76.71531793184026,72.74785190094529
V4 Confluence M15,V4 Confluence,2026-06-18 07:45:00+00:00,2026-06-18 08:15:00+00:00,2026-06-18 16:00:00+00:00,-1,4288.535,4310.307911567919,3.0,3.0,2.980303346262983,target,72.74785190094529,83.58838522363686
V4 Confluence M15,V4 Confluence,2026-06-19 10:30:00+00:00,2026-06-19 11:00:00+00:00,2026-06-19 13:00:00+00:00,-1,4151.005,4168.886589866929,3.0,-1.0,-1.023213847487225,stop,83.58838522363686,79.31194556114077
V4 Confluence M15,V4 Confluence,2026-06-22 07:45:00+00:00,2026-06-22 08:15:00+00:00,2026-06-22 09:15:00+00:00,-1,4190.195,4208.002013853442,3.0,-1.0,-1.0235311492116912,stop,79.31194556114077,75.2530332218203
V4 Confluence M15,V4 Confluence,2026-06-22 10:00:00+00:00,2026-06-22 10:30:00+00:00,2026-06-22 13:15:00+00:00,1,4212.465,4191.136151664386,3.0,-1.0,-1.0197500818314982,stop,75.2530332218203,71.41606888251931
V4 Confluence M15,V4 Confluence,2026-06-23 07:30:00+00:00,2026-06-23 08:00:00+00:00,2026-06-23 10:15:00+00:00,-1,4105.045,4127.77980635029,3.0,-1.0,-1.0180562127372055,stop,71.41606888251931,67.78079025176346
V4 Confluence M15,V4 Confluence,2026-06-23 10:45:00+00:00,2026-06-23 11:15:00+00:00,2026-06-23 14:00:00+00:00,-1,4119.445,4134.031427629775,3.0,-1.0,-1.0282416305387276,stop,67.78079025176346,64.29603873737963
V4 Confluence M15,V4 Confluence,2026-06-23 14:30:00+00:00,2026-06-23 15:00:00+00:00,2026-06-24 02:45:00+00:00,-1,4125.975,4145.9299955501665,3.0,3.0,2.979323598496289,target,64.29603873737963,73.87397401238498
V4 Confluence M15,V4 Confluence,2026-06-24 11:15:00+00:00,2026-06-24 11:45:00+00:00,2026-06-24 13:15:00+00:00,-1,4044.055,4067.7281773607906,3.0,3.0,2.9829171431516497,target,73.87397401238498,84.8919711880991
V4 Confluence M15,V4 Confluence,2026-06-24 15:00:00+00:00,2026-06-24 15:30:00+00:00,2026-06-25 08:30:00+00:00,-1,4001.565,4043.642211567968,3.0,0.18917603385248433,0.17966598114013618,time_exit,84.8919711880991,85.65458115282061
V4 Confluence M15,V4 Confluence,2026-06-25 15:30:00+00:00,2026-06-25 16:00:00+00:00,2026-06-26 02:45:00+00:00,1,4027.478,4003.360350318322,3.0,-1.0,-1.0166992972083,stop,85.65458115282061,81.30033352978342
V4 Confluence M15,V4 Confluence,2026-06-26 09:00:00+00:00,2026-06-26 09:30:00+00:00,2026-06-26 14:15:00+00:00,1,4039.315,4024.842130264889,3.0,3.0,2.9720904349038624,target,81.30033352978342,93.38193071170156
V4 Confluence M15,V4 Confluence,2026-06-26 15:30:00+00:00,2026-06-26 16:00:00+00:00,2026-06-26 17:45:00+00:00,1,4095.035,4074.21879620463,3.0,-1.0,-1.0196723429509797,stop,93.38193071170156,88.62098210779722
V4 Confluence M15,V4 Confluence,2026-06-29 08:45:00+00:00,2026-06-29 09:15:00+00:00,2026-06-30 01:15:00+00:00,-1,4046.805,4069.3369011169134,3.0,3.0,2.982039664655894,target,88.62098210779722,101.83454629610779
V4 Confluence M15,V4 Confluence,2026-06-30 10:00:00+00:00,2026-06-30 10:30:00+00:00,2026-06-30 13:00:00+00:00,1,4025.478,4011.168667609171,3.0,-1.0,-1.028131836552905,stop,101.83454629610779,96.59957934071033
V4 Confluence M15,V4 Confluence,2026-07-01 07:00:00+00:00,2026-07-01 07:30:00+00:00,2026-07-01 08:30:00+00:00,-1,3961.265,3979.535836829665,3.0,-1.0,-1.0216808077097395,stop,96.59957934071033,91.66488252844843
V4 Confluence M15,V4 Confluence,2026-07-02 11:30:00+00:00,2026-07-02 12:00:00+00:00,2026-07-02 12:45:00+00:00,1,4071.085,4056.4402460362244,3.0,3.0,2.972201069338072,target,91.66488252844843,105.28720562203858
V4 Confluence M15,V4 Confluence,2026-07-03 07:00:00+00:00,2026-07-03 07:30:00+00:00,2026-07-03 14:15:00+00:00,1,4173.825,4159.46070446074,3.0,-1.0,-1.029056941836043,stop,105.28720562203858,99.8698791304447
V4 Confluence M15,V4 Confluence,2026-07-03 15:00:00+00:00,2026-07-03 15:30:00+00:00,2026-07-06 05:15:00+00:00,1,4171.995,4154.426847971014,3.0,-1.0,-1.0237474891674234,stop,99.8698791304447,94.75780223028237
V4 Confluence M15,V4 Confluence,2026-07-06 09:30:00+00:00,2026-07-06 10:00:00+00:00,2026-07-06 11:30:00+00:00,-1,4138.895,4159.1984420996705,3.0,-1.0,-1.0203851887757853,stop,94.75780223028237,89.92332933444611
V4 Confluence M15,V4 Confluence,2026-07-06 14:30:00+00:00,2026-07-06 15:00:00+00:00,2026-07-06 15:45:00+00:00,-1,4129.925,4151.08707158257,3.0,-1.0,-1.0195156933662466,stop,89.92332933444611,85.33941706163566
V4 Confluence M15,V4 Confluence,2026-07-07 08:45:00+00:00,2026-07-07 09:15:00+00:00,2026-07-07 11:30:00+00:00,-1,4125.715,4139.8277352816585,3.0,-1.0,-1.0292339855999566,stop,85.33941706163566,80.94770564407945
V4 Confluence M15,V4 Confluence,2026-07-08 14:00:00+00:00,2026-07-08 14:30:00+00:00,2026-07-08 19:00:00+00:00,-1,4057.115,4087.481610157833,3.0,-1.0,-1.013360447474752,stop,80.94770564407945,76.84624548340251
V4 Confluence M15,V4 Confluence,2026-07-09 08:15:00+00:00,2026-07-09 08:45:00+00:00,2026-07-09 11:00:00+00:00,1,4114.585,4100.343014921793,3.0,-1.0,-1.0288905301993054,stop,76.84624548340251,72.89292677044031
V4 Confluence M15,V4 Confluence,2026-07-09 13:15:00+00:00,2026-07-09 13:45:00+00:00,2026-07-10 06:45:00+00:00,1,4126.055,4104.0394333743725,3.0,-0.6749769493873671,-0.6937184838214477,time_exit,72.89292677044031,70.36456823841543
V4 Confluence M15,V4 Confluence,2026-07-10 07:30:00+00:00,2026-07-10 08:00:00+00:00,2026-07-10 21:00:00+00:00,-1,4106.675,4120.448839706001,3.0,-1.0,-1.0298150340620762,stop,70.36456823841543,66.74144372655508
V4 Confluence M15,V4 Confluence,2026-07-13 13:45:00+00:00,2026-07-13 14:15:00+00:00,2026-07-14 07:15:00+00:00,-1,4043.025,4068.2472791909154,3.0,0.7283243461445985,0.7122947678126917,time_exit,66.74144372655508,69.1184227846896
V4 Confluence M15,V4 Confluence,2026-07-15 07:30:00+00:00,2026-07-15 08:00:00+00:00,2026-07-15 10:15:00+00:00,-1,4022.405,4034.8771111198926,3.0,-1.0,-1.032251195979039,stop,69.1184227846896,65.55104405550556
V4 Confluence M15,V4 Confluence,2026-07-15 16:30:00+00:00,2026-07-15 17:00:00+00:00,2026-07-15 17:45:00+00:00,-1,4028.495,4051.528475071896,3.0,-1.0,-1.0174897404209549,stop,65.55104405550556,62.21616831548761
V4 Confluence M15,V4 Confluence,2026-07-16 10:45:00+00:00,2026-07-16 11:15:00+00:00,2026-07-16 12:00:00+00:00,-1,4029.255,4036.627513308004,3.0,-1.0,-1.0546523937179701,stop,62.21616831548761,58.93534677339315
V4 Confluence M15,V4 Confluence,2026-07-16 16:00:00+00:00,2026-07-16 16:30:00+00:00,2026-07-17 09:30:00+00:00,-1,3989.425,4017.980165384379,3.0,-0.32953757659367977,-0.3435085165140014,time_exit,58.93534677339315,57.92310709637482
V4 Confluence M15,V4 Confluence,2026-07-17 14:00:00+00:00,2026-07-17 14:30:00+00:00,2026-07-17 15:15:00+00:00,-1,3994.385,4004.545665195053,3.0,-1.0,-1.0393122391430123,stop,57.92310709637482,54.91309738965213
V4 Confluence M15,V4 Confluence,2026-07-17 15:15:00+00:00,2026-07-17 15:45:00+00:00,2026-07-20 00:15:00+00:00,1,4013.195,3988.678211410672,3.0,-1.0,-1.0163691708046414,stop,54.91309738965213,52.12249842664037
V4 Confluence M15,V4 Confluence,2026-07-20 11:30:00+00:00,2026-07-20 12:00:00+00:00,2026-07-20 12:15:00+00:00,1,4032.405,4017.7633377331385,3.0,-1.0,-1.0275406229600481,stop,52.12249842664037,49.44459920146316
V4 Confluence M15,V4 Confluence,2026-07-20 14:00:00+00:00,2026-07-20 14:30:00+00:00,2026-07-20 15:15:00+00:00,-1,3998.605,4017.949873585547,3.0,-1.0,-1.020670101473227,stop,49.44459920146316,46.92126799725014
V4 Confluence M15,V4 Confluence,2026-07-21 14:00:00+00:00,2026-07-21 14:30:00+00:00,2026-07-22 03:15:00+00:00,1,4065.685,4043.3472608769225,3.0,3.0,2.9817990308795412,target,46.92126799725014,53.916757569342124
V4 Confluence M15,V4 Confluence,2026-07-22 07:00:00+00:00,2026-07-22 07:30:00+00:00,2026-07-22 07:45:00+00:00,1,4116.145,4110.826280981577,3.0,-1.0,-1.0773897809931694,stop,53.916757569342124,51.012289387867355
V4 Confluence M15,V4 Confluence,2026-07-23 11:15:00+00:00,2026-07-23 11:45:00+00:00,2026-07-23 13:15:00+00:00,-1,4084.295,4095.8920156349286,3.0,3.0,2.964781499580817,target,51.012289387867355,58.57430397928795
V4 Confluence M15,V4 Confluence,2026-07-24 10:15:00+00:00,2026-07-24 10:45:00+00:00,2026-07-24 13:15:00+00:00,1,4061.685,4050.836368994445,3.0,-1.0,-1.0374396087204019,stop,58.57430397928795,55.535938829220825
V4 Confluence M15,V4 Confluence,2026-07-24 15:15:00+00:00,2026-07-24 15:45:00+00:00,2026-07-24 18:45:00+00:00,1,4074.865,4054.693623316997,3.0,-1.0,-1.0202012240613885,stop,55.535938829220825,52.703047190572356
V4 Confluence M15,V4 Confluence,2026-07-27 07:00:00+00:00,2026-07-27 07:30:00+00:00,2026-07-27 12:30:00+00:00,1,4101.685,4083.5025439827778,3.0,-1.0,-1.022558476127289,stop,52.703047190572356,50.008449809449544
V4 Confluence M15,V4 Confluence,2026-07-27 13:45:00+00:00,2026-07-27 14:15:00+00:00,2026-07-27 16:45:00+00:00,-1,4074.085,4090.234656981146,3.0,-1.0,-1.0252270683195084,stop,50.008449809449544,47.44494898998229
V4 Confluence M15,V4 Confluence,2026-07-28 07:30:00+00:00,2026-07-28 08:00:00+00:00,2026-07-28 08:15:00+00:00,-1,4049.205,4052.8264041059597,3.0,-1.0,-1.1118131222454908,stop,47.44494898998229,44.807453146415774
V4 Confluence M15,V4 Confluence,2026-07-28 08:30:00+00:00,2026-07-28 09:00:00+00:00,2026-07-29 02:00:00+00:00,-1,4043.245,4055.593849455183,3.0,1.421185031341828,1.3884431551478236,time_exit,44.807453146415774,47.91808322745317
V4 Confluence M15,V4 Confluence,2026-07-29 07:00:00+00:00,2026-07-29 07:30:00+00:00,2026-07-29 10:15:00+00:00,1,4045.175,4030.716120388285,3.0,-1.0,-1.0279770985624812,stop,47.91808322745317,45.45514861921153
V4 Confluence M15,V4 Confluence,2026-07-29 13:45:00+00:00,2026-07-29 14:15:00+00:00,2026-07-29 17:00:00+00:00,-1,4007.055,4026.990566468827,3.0,-1.0,-1.02010003079805,stop,45.45514861921153,43.136708693892146
V4 Confluence M15,V4 Confluence,2026-07-30 10:15:00+00:00,2026-07-30 10:45:00+00:00,2026-07-31 03:45:00+00:00,1,4076.255,4059.1143586421904,3.0,-0.012251583567749923,-0.03603281155629745,time_exit,43.136708693892146,43.05899184911585
V4 Confluence M15,V4 Confluence,2026-07-31 09:15:00+00:00,2026-07-31 09:45:00+00:00,2026-08-02 22:15:00+00:00,-1,4052.025,4068.6001264550655,3.0,-1.0,-1.0244464198266294,stop,43.05899184911585,40.85341034705731
V4 Confluence M15,V4 Confluence,2026-08-03 11:45:00+00:00,2026-08-03 12:15:00+00:00,2026-08-03 12:45:00+00:00,1,4062.405,4044.644813788909,3.0,-1.0,-1.0228736621999097,stop,40.85341034705731,38.7640164743048
V4 Confluence M15,V4 Confluence,2026-08-04 08:00:00+00:00,2026-08-04 08:30:00+00:00,2026-08-04 09:00:00+00:00,1,4067.855,4058.0326303612433,3.0,-1.0,-1.041414191784732,stop,38.7640164743048,36.745546629958895
V4 Confluence M15,V4 Confluence,2026-08-04 13:30:00+00:00,2026-08-04 14:00:00+00:00,2026-08-05 05:45:00+00:00,1,4083.145,4059.8809963631006,3.0,3.0,2.9824486573174203,target,36.745546629958895,42.225131940404665
V4 Confluence M15,V4 Confluence,2026-08-05 10:45:00+00:00,2026-08-05 11:15:00+00:00,2026-08-05 12:15:00+00:00,1,4161.345,4149.387379836727,3.0,3.0,2.9651992207213516,target,42.225131940404665,48.48542835663187
V4 Confluence M15,V4 Confluence,2026-08-05 16:30:00+00:00,2026-08-05 17:00:00+00:00,2026-08-06 10:00:00+00:00,1,4244.525,4223.226852546989,3.0,1.3245283451172818,1.3045992643868354,time_exit,48.48542835663187,51.648131065009004
V4 Confluence M15,V4 Confluence,2026-08-07 08:00:00+00:00,2026-08-07 08:30:00+00:00,2026-08-07 12:45:00+00:00,1,4299.685,4281.856818976209,3.0,3.0,2.9758826489687187,target,51.648131065009004,59.33306991941013
V4 Confluence M15,V4 Confluence,2026-08-10 13:45:00+00:00,2026-08-10 14:15:00+00:00,2026-08-10 14:30:00+00:00,-1,4317.805,4340.457932377823,3.0,-1.0,-1.01906068904451,stop,59.33306991941013,56.309869963650115
V4 Confluence M15,V4 Confluence,2026-08-10 16:00:00+00:00,2026-08-10 16:30:00+00:00,2026-08-11 01:45:00+00:00,1,4361.225,4341.505823411913,3.0,3.0,2.9778833310786683,target,56.309869963650115,64.69408112064816
V4 Confluence M15,V4 Confluence,2026-08-11 08:30:00+00:00,2026-08-11 09:00:00+00:00,2026-08-12 02:00:00+00:00,1,4374.655,4355.401140951014,3.0,1.111984872514566,1.089263946860805,time_exit,64.69408112064816,68.21752762764868
V4 Confluence M15,V4 Confluence,2026-08-12 09:00:00+00:00,2026-08-12 09:30:00+00:00,2026-08-12 12:45:00+00:00,1,4412.925,4400.880163761571,3.0,-1.0,-1.0366374844177655,stop,68.21752762764868,64.68168531599242
V4 Confluence M15,V4 Confluence,2026-08-12 16:45:00+00:00,2026-08-12 17:15:00+00:00,2026-08-13 00:30:00+00:00,-1,4401.355,4427.681832738931,3.0,-1.0,-1.0167181333343278,stop,64.68168531599242,61.39353319822272
V4 Confluence M15,V4 Confluence,2026-08-13 08:00:00+00:00,2026-08-13 08:30:00+00:00,2026-08-13 10:00:00+00:00,-1,4365.845,4382.476720141175,3.0,-1.0,-1.0262501110104154,stop,61.39353319822272,58.24327718522283
V4 Confluence M15,V4 Confluence,2026-08-13 10:45:00+00:00,2026-08-13 11:15:00+00:00,2026-08-13 13:45:00+00:00,1,4391.865,4377.602265878148,3.0,-1.0,-1.0307925883107583,stop,58.24327718522283,55.24144026314999
V4 Confluence M15,V4 Confluence,2026-08-13 15:15:00+00:00,2026-08-13 15:45:00+00:00,2026-08-14 08:45:00+00:00,-1,4365.055,4388.09537679636,3.0,0.9348805442888012,0.9159353029041654,time_exit,55.24144026314999,57.77131952916452
V4 Confluence M15,V4 Confluence,2026-08-14 09:45:00+00:00,2026-08-14 10:15:00+00:00,2026-08-17 01:15:00+00:00,1,4357.155,4341.971783104637,3.0,3.0,2.9713028205417333,target,57.77131952916452,66.35412376233575
V4 Confluence M15,V4 Confluence,2026-08-17 07:15:00+00:00,2026-08-17 07:45:00+00:00,2026-08-17 12:15:00+00:00,1,4404.755,4391.675910458786,3.0,-1.0,-1.033677841153393,stop,66.35412376233575,62.924684392221934
V4 Confluence M15,V4 Confluence,2026-08-17 15:45:00+00:00,2026-08-17 16:15:00+00:00,2026-08-17 17:45:00+00:00,1,4427.335,4412.757781594252,3.0,-1.0,-1.0303716036679145,stop,62.924684392221934,59.68289399384638
V4 Confluence M15,V4 Confluence,2026-08-18 08:00:00+00:00,2026-08-18 08:30:00+00:00,2026-08-18 13:45:00+00:00,-1,4392.465,4404.147422634928,3.0,-1.0,-1.0375989222206994,stop,59.68289399384638,56.58654866969501
V4 Confluence M15,V4 Confluence,2026-08-18 14:30:00+00:00,2026-08-18 15:00:00+00:00,2026-08-19 08:00:00+00:00,-1,4379.425,4407.330863568587,3.0,0.8847602920195431,0.8690667264388319,time_exit,56.58654866969501,59.04542300033719
V4 Confluence M15,V4 Confluence,2026-08-19 09:45:00+00:00,2026-08-19 10:15:00+00:00,2026-08-19 12:45:00+00:00,1,4361.895,4352.471682468343,3.0,3.0,2.953711683965374,target,59.04542300033719,67.76558079037588
V4 Confluence M15,V4 Confluence,2026-08-19 15:45:00+00:00,2026-08-19 16:15:00+00:00,2026-08-19 18:30:00+00:00,1,4493.625,4476.438018544538,3.0,-1.0,-1.0261455160793922,stop,67.76558079037588,64.28871344674788
V4 Confluence M15,V4 Confluence,2026-08-21 08:15:00+00:00,2026-08-21 08:45:00+00:00,2026-08-24 01:45:00+00:00,1,4579.245,4557.284246093133,3.0,1.7649667294837712,1.7441147814157762,time_exit,64.28871344674788,69.89505821678168
V4 Confluence M15,V4 Confluence,2026-08-24 10:00:00+00:00,2026-08-24 10:30:00+00:00,2026-08-24 17:30:00+00:00,1,4648.085,4631.556784841623,3.0,-1.0,-1.0281221230209132,stop,69.89505821678168,66.30202543465629
V4 Confluence M15,V4 Confluence,2026-08-25 07:15:00+00:00,2026-08-25 07:45:00+00:00,2026-08-25 15:45:00+00:00,-1,4634.365,4654.107420504856,3.0,-1.0,-1.0234741479590104,stop,66.30202543465629,62.90910498517171
V4 Confluence M15,V4 Confluence,2026-08-26 09:15:00+00:00,2026-08-26 09:45:00+00:00,2026-08-26 12:45:00+00:00,-1,4616.575,4631.545050832631,3.0,-1.0,-1.0308387396383243,stop,62.90910498517171,59.66664786043724
V4 Confluence M15,V4 Confluence,2026-08-26 14:00:00+00:00,2026-08-26 14:30:00+00:00,2026-08-27 02:00:00+00:00,-1,4620.295,4634.25941124523,3.0,-1.0,-1.033086214082805,stop,59.66664786043724,56.584608293179684
V4 Confluence M15,V4 Confluence,2026-08-27 09:30:00+00:00,2026-08-27 10:00:00+00:00,2026-08-27 16:00:00+00:00,-1,4582.225,4606.822575600925,3.0,-1.0,-1.0186287668115865,stop,56.584608293179684,53.70267280486977
V4 Confluence M15,V4 Confluence,2026-08-27 16:45:00+00:00,2026-08-27 17:15:00+00:00,2026-08-28 00:30:00+00:00,1,4615.145,4590.982528633627,3.0,-1.0,-1.0191004675391893,stop,53.70267280486977,50.96625185669242
V4 Confluence M15,V4 Confluence,2026-08-28 08:45:00+00:00,2026-08-28 09:15:00+00:00,2026-08-28 14:00:00+00:00,-1,4602.365,4615.177113236917,3.0,-1.0,-1.0359219819158225,stop,50.96625185669242,48.326398824982135
V4 Confluence M15,V4 Confluence,2026-08-31 12:30:00+00:00,2026-08-31 13:00:00+00:00,2026-09-01 06:00:00+00:00,-1,4440.215,4464.699707747468,3.0,0.01592830937672354,-0.0022063363204839308,time_exit,48.326398824982135,48.321067610533845
V4 Confluence M15,V4 Confluence,2026-09-01 07:15:00+00:00,2026-09-01 07:45:00+00:00,2026-09-01 08:45:00+00:00,-1,4425.835,4441.179960380312,3.0,3.0,2.971157729376229,target,48.321067610533845,55.4995432866713
V4 Confluence M15,V4 Confluence,2026-09-01 09:45:00+00:00,2026-09-01 10:15:00+00:00,2026-09-01 10:30:00+00:00,-1,4364.415,4384.592242037761,3.0,-1.0,-1.0216303843301882,stop,55.4995432866713,52.664542299765706
V4 Confluence M15,V4 Confluence,2026-09-01 11:45:00+00:00,2026-09-01 12:15:00+00:00,2026-09-01 13:15:00+00:00,-1,4374.235,4388.117807386696,3.0,3.0,2.9684917115237672,target,52.664542299765706,60.48125516516807
V4 Confluence M15,V4 Confluence,2026-09-01 15:00:00+00:00,2026-09-01 15:30:00+00:00,2026-09-02 02:00:00+00:00,-1,4357.155,4376.6019748185845,3.0,3.0,2.977594689967737,target,60.48125516516807,69.48568837628748
V4 Confluence M15,V4 Confluence,2026-09-03 11:00:00+00:00,2026-09-03 11:30:00+00:00,2026-09-03 12:45:00+00:00,1,4432.375,4418.1443982781175,3.0,3.0,2.968853214455547,target,69.48568837628748,79.80032884101736
V4 Confluence M15,V4 Confluence,2026-09-03 14:45:00+00:00,2026-09-03 15:15:00+00:00,2026-09-04 08:15:00+00:00,1,4485.145,4455.118341114118,3.0,-0.10923626276458064,-0.12417347245229854,time_exit,79.80032884101736,79.30487464426614
V4 Confluence M15,V4 Confluence,2026-09-07 10:15:00+00:00,2026-09-07 10:45:00+00:00,2026-09-07 15:00:00+00:00,-1,4395.615,4414.49692618936,3.0,-1.0,-1.0232794840733825,stop,79.30487464426614,75.2473220837417
V4 Confluence M15,V4 Confluence,2026-09-08 07:30:00+00:00,2026-09-08 08:00:00+00:00,2026-09-08 13:15:00+00:00,-1,4395.505,4412.22095383951,3.0,-1.0,-1.0262952688324058,stop,75.2473220837417,71.38602355139908
V4 Confluence M15,V4 Confluence,2026-09-08 13:30:00+00:00,2026-09-08 14:00:00+00:00,2026-09-09 00:30:00+00:00,-1,4396.375,4414.124114483613,3.0,3.0,2.975230454431634,target,71.38602355139908,82.0055171159439
V4 Confluence M15,V4 Confluence,2026-09-09 07:00:00+00:00,2026-09-09 07:30:00+00:00,2026-09-09 10:00:00+00:00,1,4406.275,4391.4102594340675,3.0,-1.0,-1.0296424615044983,stop,82.0055171159439,77.78369899093342
V4 Confluence M15,V4 Confluence,2026-09-09 10:45:00+00:00,2026-09-09 11:15:00+00:00,2026-09-09 15:15:00+00:00,1,4399.185,4385.382495950422,3.0,-1.0,-1.0318723688411764,stop,77.78369899093342,73.77055650418325
V4 Confluence M15,V4 Confluence,2026-09-09 15:15:00+00:00,2026-09-09 15:45:00+00:00,2026-09-10 08:45:00+00:00,1,4394.355,4373.0973569290245,3.0,0.06303615106934247,0.04236426855947006,time_exit,73.77055650418325,73.9268182875595
V4 Confluence M15,V4 Confluence,2026-09-10 10:45:00+00:00,2026-09-10 11:15:00+00:00,2026-09-11 00:00:00+00:00,-1,4378.758,4400.9666689783,3.0,3.0,2.980283564025028,target,73.9268182875595,84.94296236171341
V4 Confluence M15,V4 Confluence,2026-09-14 07:15:00+00:00,2026-09-14 07:45:00+00:00,2026-09-15 00:45:00+00:00,-1,4316.735,4339.3777239665515,3.0,1.0739432250254648,1.0548786681003495,time_exit,84.94296236171341,89.42318831174452
V4 Confluence M15,V4 Confluence,2026-09-15 07:30:00+00:00,2026-09-15 08:00:00+00:00,2026-09-15 14:00:00+00:00,-1,4283.705,4296.093034417724,3.0,-1.0,-1.0345793759974633,stop,89.42318831174452,84.7974189935811
V4 Confluence M15,V4 Confluence,2026-09-15 14:30:00+00:00,2026-09-15 15:00:00+00:00,2026-09-15 18:15:00+00:00,-1,4278.015,4301.242537299636,3.0,-1.0,-1.0184178587028558,stop,84.7974189935811,80.47945869983252
V4 Confluence M15,V4 Confluence,2026-09-16 07:00:00+00:00,2026-09-16 07:30:00+00:00,2026-09-16 13:30:00+00:00,1,4335.525,4320.509782677121,3.0,1.0722455528811121,1.043371345423629,time_exit,80.47945869983252,84.67795675496299
V5 Native M15,V5,2026-01-09 13:45:00+00:00,2026-01-09 14:15:00+00:00,2026-01-12 00:30:00+00:00,1,4482.178,4457.757192841831,3.0,3.0,2.981646069390869,target,100.0,114.90823034695434
V5 Native M15,V5,2026-01-12 12:45:00+00:00,2026-01-12 13:15:00+00:00,2026-01-12 16:15:00+00:00,1,4590.285,4577.452279810825,3.0,3.0,2.9642298364467417,target,114.90823034695434,131.9389505893412
V5 Native M15,V5,2026-01-19 12:30:00+00:00,2026-01-19 13:00:00+00:00,2026-01-20 06:00:00+00:00,1,4671.465,4658.80448262264,3.0,3.0,2.963102100326852,target,131.9389505893412,151.4863796696511
V5 Native M15,V5,2026-01-22 14:45:00+00:00,2026-01-22 15:15:00+00:00,2026-01-22 18:15:00+00:00,1,4834.498,4809.584054275333,3.0,3.0,2.9805952134060663,target,151.4863796696511,174.0623585766299
V5 Native M15,V5,2026-01-26 14:30:00+00:00,2026-01-26 15:00:00+00:00,2026-01-26 19:15:00+00:00,1,5081.845,5053.148077288922,3.0,-1.0,-1.0177086757739293,stop,174.0623585766299,165.20511995417445
V5 Native M15,V5,2026-01-27 12:45:00+00:00,2026-01-27 13:15:00+00:00,2026-01-27 14:15:00+00:00,1,5084.835,5065.817704871546,3.0,-1.0,-1.0267379507214567,stop,165.20511995417445,156.72400163865237
V5 Native M15,V5,2026-01-29 11:45:00+00:00,2026-01-29 12:15:00+00:00,2026-01-29 15:15:00+00:00,1,5522.425,5468.345521344383,3.0,-1.0,-1.0102116831324637,stop,156.72400163865237,148.8077807645205
V5 Native M15,V5,2026-02-02 13:45:00+00:00,2026-02-02 14:15:00+00:00,2026-02-03 00:30:00+00:00,-1,4705.769,4816.836840971169,3.0,-1.0,-1.004236842058739,stop,148.8077807645205,141.33586797308394
V5 Native M15,V5,2026-02-05 09:00:00+00:00,2026-02-05 09:30:00+00:00,2026-02-06 02:30:00+00:00,-1,4862.245,4946.273119218704,3.0,0.5032839053547036,0.49749745547910323,time_exit,141.33586797308394,144.85157970731092
V5 Native M15,V5,2026-02-10 13:45:00+00:00,2026-02-10 14:15:00+00:00,2026-02-10 15:45:00+00:00,1,5050.795,5018.083825855607,3.0,-1.0,-1.015440579961162,stop,144.85157970731092,137.4971711019968
V5 Native M15,V5,2026-02-12 13:45:00+00:00,2026-02-12 14:15:00+00:00,2026-02-12 15:00:00+00:00,1,5075.098,5047.510700760948,3.0,-1.0,-1.0183965017960719,stop,137.4971711019968,130.4958391991403
V5 Native M15,V5,2026-02-23 09:00:00+00:00,2026-02-23 09:30:00+00:00,2026-02-23 20:15:00+00:00,1,5145.725,5120.718754358429,3.0,3.0,2.9794222408523194,target,130.4958391991403,149.93594948157065
V5 Native M15,V5,2026-02-25 11:45:00+00:00,2026-02-25 12:15:00+00:00,2026-02-25 21:00:00+00:00,1,5181.295,5153.948152530059,4.0,-1.0,-1.018946589751141,stop,149.93594948157065,142.29711326130334
V5 Native M15,V5,2026-02-26 09:45:00+00:00,2026-02-26 10:15:00+00:00,2026-02-26 11:00:00+00:00,1,5186.155,5166.366979319539,2.0,-1.0,-1.02620855862113,stop,142.29711326130334,134.99578748651183
V5 Native M15,V5,2026-03-12 12:45:00+00:00,2026-03-12 13:15:00+00:00,2026-03-12 13:30:00+00:00,1,5181.015,5162.732050277156,3.0,-1.0,-1.0283379601133316,stop,134.99578748651183,128.0547228501232
V5 Native M15,V5,2026-03-26 15:30:00+00:00,2026-03-26 16:00:00+00:00,2026-03-27 09:00:00+00:00,-1,4439.925,4481.40060181662,3.0,0.38890333819186595,0.37819843023265015,time_exit,128.0547228501232,130.4762276084129
V5 Native M15,V5,2026-04-14 11:15:00+00:00,2026-04-14 11:45:00+00:00,2026-04-15 01:30:00+00:00,1,4778.245,4750.289245722507,3.0,3.0,2.982907830164157,target,130.4762276084129,149.9361556575837
V5 Native M15,V5,2026-04-16 10:45:00+00:00,2026-04-16 11:15:00+00:00,2026-04-16 14:00:00+00:00,1,4817.035,4804.094671369596,3.0,-1.0,-1.0372249819736576,stop,149.9361556575837,142.16027934012686
V5 Native M15,V5,2026-04-23 08:30:00+00:00,2026-04-23 09:00:00+00:00,2026-04-23 12:15:00+00:00,-1,4703.545,4725.607936596517,3.0,-1.0,-1.021318762257344,stop,142.16027934012686,134.90073131323604
V5 Native M15,V5,2026-04-24 09:15:00+00:00,2026-04-24 09:45:00+00:00,2026-04-24 11:15:00+00:00,-1,4683.105,4698.174373310832,3.0,-1.0,-1.0310769725017928,stop,134.90073131323604,127.94607943169959
V5 Native M15,V5,2026-05-18 14:45:00+00:00,2026-05-18 15:15:00+00:00,2026-05-18 23:15:00+00:00,-1,4546.365,4585.410780520659,3.0,-1.0,-1.0116436781116325,stop,127.94607943169959,121.4742873118872
V5 Native M15,V5,2026-05-20 09:15:00+00:00,2026-05-20 09:45:00+00:00,2026-05-20 10:15:00+00:00,-1,4473.925,4491.115239331603,2.0,-1.0,-1.0260259610916236,stop,121.4742873118872,115.24249869253224
V5 Native M15,V5,2026-05-20 13:45:00+00:00,2026-05-20 14:15:00+00:00,2026-05-20 14:30:00+00:00,-1,4482.865,4506.912724808187,3.0,-1.0,-1.01864153484688,stop,115.24249869253224,109.3729589051447
V5 Native M15,V5,2026-05-22 10:45:00+00:00,2026-05-22 11:15:00+00:00,2026-05-24 22:15:00+00:00,-1,4514.215,4537.428658962909,3.0,-1.0,-1.0194463742541098,stop,109.3729589051447,103.79796558528002
V5 Native M15,V5,2026-05-26 11:15:00+00:00,2026-05-26 11:45:00+00:00,2026-05-27 04:45:00+00:00,-1,4523.375,4541.191696983941,3.0,0.8531323181676184,0.8277439142222796,time_exit,103.79796558528002,108.0938723013735
V5 Native M15,V5,2026-06-08 14:00:00+00:00,2026-06-08 14:30:00+00:00,2026-06-09 05:45:00+00:00,-1,4319.415,4347.886050163807,3.0,-1.0,-1.0151712528169785,stop,108.0938723013735,102.6071827130723
V5 Native M15,V5,2026-06-11 08:30:00+00:00,2026-06-11 09:00:00+00:00,2026-06-11 17:45:00+00:00,-1,4090.395,4113.696955409787,3.0,-1.0,-1.0175538701712648,stop,102.6071827130723,97.38676591921947
V5 Native M15,V5,2026-09-02 08:45:00+00:00,2026-09-02 09:15:00+00:00,2026-09-02 11:45:00+00:00,-1,4312.705,4332.447872766048,3.0,-1.0,-1.0218443640452193,stop,97.38676591921947,92.4110600248622
V6 Session Reaction M15,V6,2026-01-02 13:30:00+00:00,2026-01-02 14:00:00+00:00,2026-01-02 14:00:00+00:00,1,4372.325,4364.714981684471,3.0,-1.0,-1.057454855149009,stop,100.0,94.71272572425495
V6 Session Reaction M15,V6,2026-01-05 07:00:00+00:00,2026-01-05 07:30:00+00:00,2026-01-05 08:30:00+00:00,-1,4419.785,4426.983736489498,2.0,-1.0,-1.0613966771314323,stop,94.71272572425495,89.6863371059657
V6 Session Reaction M15,V6,2026-01-05 11:15:00+00:00,2026-01-05 11:45:00+00:00,2026-01-05 15:00:00+00:00,-1,4416.945,4440.459698997234,3.0,-1.0,-1.0187837615974564,stop,89.6863371059657,85.11778791193004
V6 Session Reaction M15,V6,2026-01-06 08:15:00+00:00,2026-01-06 08:45:00+00:00,2026-01-06 09:15:00+00:00,-1,4470.535,4476.246852969109,3.0,3.0,2.9217323165673585,target,85.11778791193004,97.55235749478067
V6 Session Reaction M15,V6,2026-01-06 15:30:00+00:00,2026-01-06 16:00:00+00:00,2026-01-06 18:30:00+00:00,-1,4475.258,4491.563286048355,3.0,-1.0,-1.027446669667298,stop,97.55235749478067,92.54086525347036
V6 Session Reaction M15,V6,2026-01-07 07:00:00+00:00,2026-01-07 07:30:00+00:00,2026-01-07 12:30:00+00:00,1,4450.045,4440.430363350307,3.0,-1.0,-1.0462840683651002,stop,92.54086525347036,87.69966360409899
V6 Session Reaction M15,V6,2026-01-07 13:15:00+00:00,2026-01-07 13:45:00+00:00,2026-01-07 15:15:00+00:00,1,4441.915,4426.596931516796,3.0,-1.0,-1.028997879235691,stop,87.69966360409899,83.18752521118391
V6 Session Reaction M15,V6,2026-01-07 15:15:00+00:00,2026-01-07 15:45:00+00:00,2026-01-08 05:45:00+00:00,1,4441.985,4422.018728247432,3.0,-1.0,-1.022247443363725,stop,83.18752521118391,78.93561346283951
V6 Session Reaction M15,V6,2026-01-08 13:00:00+00:00,2026-01-08 13:30:00+00:00,2026-01-08 16:45:00+00:00,1,4420.265,4406.712762025169,3.0,3.0,2.9673835051582698,target,78.93561346283951,90.64722533079846
V6 Session Reaction M15,V6,2026-01-09 08:00:00+00:00,2026-01-09 08:30:00+00:00,2026-01-09 12:15:00+00:00,-1,4474.055,4477.690041710733,3.0,-1.0,-1.1230812561734977,stop,90.64722533079846,85.5570153461407
V6 Session Reaction M15,V6,2026-01-09 12:30:00+00:00,2026-01-09 13:00:00+00:00,2026-01-09 13:45:00+00:00,1,4465.835,4460.145773187657,3.0,-1.0,-1.078496343128934,stop_same_bar,85.5570153461407,80.94336893714876
V6 Session Reaction M15,V6,2026-01-12 14:00:00+00:00,2026-01-12 14:30:00+00:00,2026-01-12 15:30:00+00:00,-1,4596.019,4621.127537477316,3.0,-1.0,-1.0183046065671977,stop,80.94336893714876,76.82211866416043
V6 Session Reaction M15,V6,2026-01-14 12:45:00+00:00,2026-01-14 13:15:00+00:00,2026-01-14 13:15:00+00:00,-1,4638.485,4642.254739617019,3.0,3.0,2.876954764221431,target,76.82211866416043,87.87280667858244
V6 Session Reaction M15,V6,2026-01-14 16:15:00+00:00,2026-01-14 16:45:00+00:00,2026-01-15 01:30:00+00:00,1,4621.505,4598.203110342455,2.0,-1.0,-1.019833176913631,stop,87.87280667858244,83.39202649861564
V6 Session Reaction M15,V6,2026-01-15 11:30:00+00:00,2026-01-15 12:00:00+00:00,2026-01-15 13:30:00+00:00,-1,4617.795,4623.394613812243,2.0,2.0,1.9175336879499822,target,83.39202649861564,91.3873775044913
V6 Session Reaction M15,V6,2026-01-15 14:00:00+00:00,2026-01-15 14:30:00+00:00,2026-01-16 07:30:00+00:00,1,4599.635,4581.318556753578,3.0,0.32812047181563403,0.3030084184648911,time_exit,91.3873775044913,92.77193474075578
V6 Session Reaction M15,V6,2026-01-16 11:45:00+00:00,2026-01-16 12:15:00+00:00,2026-01-16 12:45:00+00:00,-1,4612.365,4616.585762534114,2.0,2.0,1.8907219972049945,target,92.77193474075578,101.54223162763645
V6 Session Reaction M15,V6,2026-01-16 13:30:00+00:00,2026-01-16 14:00:00+00:00,2026-01-16 15:30:00+00:00,1,4599.325,4581.3221483534335,3.0,-1.0,-1.025547758156843,stop,101.54223162763645,96.33541122743817
V6 Session Reaction M15,V6,2026-01-20 07:00:00+00:00,2026-01-20 07:30:00+00:00,2026-01-20 07:30:00+00:00,-1,4715.315,4718.252007892291,2.0,-1.0,-1.1605482577141324,stop,96.33541122743817,90.74531654462929
V6 Session Reaction M15,V6,2026-01-20 07:45:00+00:00,2026-01-20 08:15:00+00:00,2026-01-20 08:15:00+00:00,-1,4715.945,4723.206405116386,3.0,-1.0,-1.0649453504440591,stop,90.74531654462929,85.91337639819042
V6 Session Reaction M15,V6,2026-01-20 15:15:00+00:00,2026-01-20 15:45:00+00:00,2026-01-20 17:00:00+00:00,-1,4723.815,4751.841635392184,3.0,-1.0,-1.0168547345548204,stop,85.91337639819042,81.54530522058592
V6 Session Reaction M15,V6,2026-01-21 15:30:00+00:00,2026-01-21 16:00:00+00:00,2026-01-21 17:45:00+00:00,1,4837.145,4810.729543500945,2.0,-1.0,-1.0183117978679372,stop,81.54530522058592,77.39337790224269
V6 Session Reaction M15,V6,2026-01-22 09:30:00+00:00,2026-01-22 10:00:00+00:00,2026-01-22 14:45:00+00:00,-1,4815.188,4838.842724679606,3.0,-1.0,-1.0203561363119622,stop,77.39337790224269,73.4449374996195
V6 Session Reaction M15,V6,2026-01-22 14:45:00+00:00,2026-01-22 15:15:00+00:00,2026-01-22 15:30:00+00:00,-1,4834.498,4848.455945724667,3.0,-1.0,-1.034636171363356,stop,73.4449374996195,69.64549805258814
V6 Session Reaction M15,V6,2026-01-26 07:30:00+00:00,2026-01-26 08:00:00+00:00,2026-01-26 19:15:00+00:00,-1,5088.525,5112.313065899226,2.0,2.0,1.9786089166662115,target,69.64549805258814,76.53555822521365
V6 Session Reaction M15,V6,2026-01-27 08:15:00+00:00,2026-01-27 08:45:00+00:00,2026-01-27 16:30:00+00:00,-1,5077.455,5101.812478599431,2.0,-1.0,-1.020845568966726,stop,76.53555822521365,72.62900895108343
V6 Session Reaction M15,V6,2026-01-28 11:00:00+00:00,2026-01-28 11:30:00+00:00,2026-01-28 13:15:00+00:00,-1,5259.495,5286.958225332905,3.0,-1.0,-1.0191510463037212,stop,72.62900895108343,68.92801242785849
V6 Session Reaction M15,V6,2026-01-28 15:00:00+00:00,2026-01-28 15:30:00+00:00,2026-01-28 18:30:00+00:00,1,5255.935,5233.277268110478,3.0,3.0,2.976802907609519,target,68.92801242785849,79.1872678184082
V6 Session Reaction M15,V6,2026-01-29 07:00:00+00:00,2026-01-29 07:30:00+00:00,2026-01-29 08:45:00+00:00,-1,5561.729,5597.714404672706,2.0,2.0,1.984544486714586,target,79.1872678184082,87.04480060675887
V6 Session Reaction M15,V6,2026-01-30 08:45:00+00:00,2026-01-30 09:15:00+00:00,2026-01-30 09:15:00+00:00,1,5116.535,5047.256903675398,2.0,-1.0,-1.0073855017262983,stop,87.04480060675887,82.6604171001636
V6 Session Reaction M15,V6,2026-01-30 11:15:00+00:00,2026-01-30 11:45:00+00:00,2026-01-30 14:00:00+00:00,1,5124.385,4994.368197442111,2.0,-1.0,-1.0039413251973477,stop,82.6604171001636,78.5111066659184
V6 Session Reaction M15,V6,2026-02-02 07:00:00+00:00,2026-02-02 07:30:00+00:00,2026-02-03 00:30:00+00:00,1,4536.075,4394.237483049953,3.0,1.9941832463100444,1.9909851679048807,time_exit,78.5111066659184,86.32682911030048
V6 Session Reaction M15,V6,2026-02-03 13:45:00+00:00,2026-02-03 14:15:00+00:00,2026-02-03 16:30:00+00:00,-1,4932.685,4953.109024820131,3.0,-1.0,-1.0241513856521474,stop,86.32682911030048,81.90624202768696
V6 Session Reaction M15,V6,2026-02-04 07:45:00+00:00,2026-02-04 08:15:00+00:00,2026-02-04 09:30:00+00:00,-1,5084.298,5093.025738301315,2.0,2.0,1.9417455264528973,target,81.90624202768696,89.85829597997844
V6 Session Reaction M15,V6,2026-02-05 12:30:00+00:00,2026-02-05 13:00:00+00:00,2026-02-05 13:15:00+00:00,1,4847.408,4807.218896256389,3.0,-1.0,-1.0120614981387102,stop,89.85829597997844,85.311189897494
V6 Session Reaction M15,V6,2026-02-05 13:15:00+00:00,2026-02-05 13:45:00+00:00,2026-02-05 21:00:00+00:00,1,4850.698,4798.265248132392,3.0,-1.0,-1.009251274875383,stop,85.311189897494,81.00616853923492
V6 Session Reaction M15,V6,2026-02-06 12:30:00+00:00,2026-02-06 13:00:00+00:00,2026-02-06 13:15:00+00:00,-1,4894.205,4905.284981721092,2.0,-1.0,-1.0441715981415691,stop,81.00616853923492,76.776951516088
V6 Session Reaction M15,V6,2026-02-09 15:00:00+00:00,2026-02-09 15:30:00+00:00,2026-02-09 15:45:00+00:00,-1,5029.885,5043.458410837424,2.0,-1.0,-1.0370568979326256,stop,76.776951516088,72.79584815748811
V6 Session Reaction M15,V6,2026-02-10 09:00:00+00:00,2026-02-10 09:30:00+00:00,2026-02-10 14:30:00+00:00,-1,5051.445,5064.4462955212775,3.0,-1.0,-1.038853397276701,stop,72.79584815748811,69.01463744918584
V6 Session Reaction M15,V6,2026-02-10 14:30:00+00:00,2026-02-10 15:00:00+00:00,2026-02-11 08:00:00+00:00,-1,5055.525,5079.926626820419,3.0,0.011064836045012707,-0.009653147379639456,time_exit,69.01463744918584,68.98132702585337
V6 Session Reaction M15,V6,2026-02-11 09:45:00+00:00,2026-02-11 10:15:00+00:00,2026-02-11 10:30:00+00:00,-1,5062.545,5072.89089851942,3.0,-1.0,-1.0489328692959548,stop,68.98132702585337,65.36348796159983
V6 Session Reaction M15,V6,2026-02-11 13:30:00+00:00,2026-02-11 14:00:00+00:00,2026-02-12 07:00:00+00:00,1,5059.545,5016.028259040692,3.0,-0.002297966203256655,-0.013924629617070548,time_exit,65.36348796159983,65.31797984358258
V6 Session Reaction M15,V6,2026-02-12 09:45:00+00:00,2026-02-12 10:15:00+00:00,2026-02-12 12:45:00+00:00,-1,5072.735,5081.531101553864,2.0,2.0,1.9423297358615463,target,65.31797984358258,71.66143257041236
V6 Session Reaction M15,V6,2026-02-12 12:45:00+00:00,2026-02-12 13:15:00+00:00,2026-02-12 13:30:00+00:00,1,5052.475,5047.625682449233,3.0,3.0,2.8958105971179298,target,71.66143257041236,82.03732936251497
V6 Session Reaction M15,V6,2026-02-12 13:45:00+00:00,2026-02-12 14:15:00+00:00,2026-02-12 14:30:00+00:00,-1,5075.098,5084.449299239052,2.0,2.0,1.9457284183698706,target,82.03732936251497,90.0184475179057
V6 Session Reaction M15,V6,2026-02-12 15:00:00+00:00,2026-02-12 15:30:00+00:00,2026-02-12 16:15:00+00:00,1,5064.725,5037.98816243945,3.0,-1.0,-1.0189428723143867,stop,90.0184475179057,85.43226474414686
V6 Session Reaction M15,V6,2026-02-13 13:30:00+00:00,2026-02-13 14:00:00+00:00,2026-02-13 14:30:00+00:00,-1,4983.668,5000.6424398891995,3.0,-1.0,-1.0293598376884936,stop,85.43226474414686,81.0352376356271
V6 Session Reaction M15,V6,2026-02-13 15:45:00+00:00,2026-02-13 16:15:00+00:00,2026-02-13 16:30:00+00:00,-1,4976.375,5022.013160599583,3.0,-1.0,-1.0109039780188807,stop,81.0352376356271,76.93929543134907
V6 Session Reaction M15,V6,2026-02-17 12:30:00+00:00,2026-02-17 13:00:00+00:00,2026-02-17 13:15:00+00:00,-1,4937.365,4945.412593666244,2.0,2.0,1.938647933720736,target,76.93929543134907,84.39720573684477
V6 Session Reaction M15,V6,2026-02-18 07:00:00+00:00,2026-02-18 07:30:00+00:00,2026-02-18 08:30:00+00:00,-1,4938.155,4942.974788904349,3.0,3.0,2.897544164319236,target,84.39720573684477,96.62443728522699
V6 Session Reaction M15,V6,2026-02-19 13:00:00+00:00,2026-02-19 13:30:00+00:00,2026-02-19 13:45:00+00:00,1,4983.545,4973.5105021745785,3.0,-1.0,-1.0496641195872762,stop,96.62443728522699,91.55327704054629
V6 Session Reaction M15,V6,2026-02-19 14:15:00+00:00,2026-02-19 14:45:00+00:00,2026-02-19 14:45:00+00:00,1,4978.025,4970.495741309622,2.0,-1.0,-1.0661157386763949,stop_same_bar,91.55327704054629,86.67295756152997
V6 Session Reaction M15,V6,2026-02-20 07:45:00+00:00,2026-02-20 08:15:00+00:00,2026-02-20 09:00:00+00:00,-1,5006.035,5030.600191349996,3.0,-1.0,-1.0203785711606144,stop,86.67295756152997,82.25099613178504
V6 Session Reaction M15,V6,2026-02-20 14:15:00+00:00,2026-02-20 14:45:00+00:00,2026-02-20 14:45:00+00:00,-1,5041.025,5049.54472131255,2.0,-1.0,-1.0591688954963134,stop,82.25099613178504,77.89511129546632
V6 Session Reaction M15,V6,2026-02-20 15:15:00+00:00,2026-02-20 15:45:00+00:00,2026-02-20 16:45:00+00:00,-1,5025.135,5065.418417284665,3.0,-1.0,-1.012474450626891,stop,77.89511129546632,73.95177079469643
V6 Session Reaction M15,V6,2026-02-23 07:15:00+00:00,2026-02-23 07:45:00+00:00,2026-02-23 08:30:00+00:00,1,5136.225,5124.259239417859,3.0,-1.0,-1.0429243503974646,stop,73.95177079469643,70.09546566885638
V6 Session Reaction M15,V6,2026-02-23 08:45:00+00:00,2026-02-23 09:15:00+00:00,2026-02-23 15:00:00+00:00,1,5139.925,5120.691658539846,3.0,3.0,2.9732759644981694,target,70.09546566885638,80.51612383353223
V6 Session Reaction M15,V6,2026-02-25 15:00:00+00:00,2026-02-25 15:30:00+00:00,2026-02-25 16:30:00+00:00,-1,5193.085,5203.391479018824,3.0,-1.0,-1.0503866062358969,stop,80.51612383353223,76.28747093049358
V6 Session Reaction M15,V6,2026-02-26 14:00:00+00:00,2026-02-26 14:30:00+00:00,2026-02-26 14:45:00+00:00,1,5165.955,5158.977025006378,3.0,-1.0,-1.0740322945370562,stop,76.28747093049358,72.19071055809823
V6 Session Reaction M15,V6,2026-02-26 15:00:00+00:00,2026-02-26 15:30:00+00:00,2026-02-26 15:30:00+00:00,1,5162.105,5138.3157711944805,3.0,-1.0,-1.0216993373017724,stop,72.19071055809823,68.50285050127059
V6 Session Reaction M15,V6,2026-03-02 11:45:00+00:00,2026-03-02 12:15:00+00:00,2026-03-02 13:15:00+00:00,-1,5385.035,5402.061126103244,3.0,-1.0,-1.031628069517082,stop,68.50285050127059,64.96937733031842
V6 Session Reaction M15,V6,2026-03-03 08:30:00+00:00,2026-03-03 09:00:00+00:00,2026-03-03 09:00:00+00:00,1,5304.785,5293.943297633083,3.0,-1.0,-1.0489294468753103,stop,64.96937733031842,61.56196267897221
V6 Session Reaction M15,V6,2026-03-03 15:45:00+00:00,2026-03-03 16:15:00+00:00,2026-03-04 09:15:00+00:00,1,5094.998,4991.266439899736,3.0,0.663539620280191,0.6586279058558872,time_exit,61.56196267897221,63.58928400695369
V6 Session Reaction M15,V6,2026-03-04 10:15:00+00:00,2026-03-04 10:45:00+00:00,2026-03-04 12:15:00+00:00,-1,5187.745,5203.637817074642,2.0,-1.0,-1.0326420733066721,stop,63.58928400695369,60.30603550310232
V6 Session Reaction M15,V6,2026-03-04 15:15:00+00:00,2026-03-04 15:45:00+00:00,2026-03-04 17:30:00+00:00,1,5156.015,5129.0060192992905,3.0,-1.0,-1.019090002163112,stop,60.30603550310232,57.233171610537056
V6 Session Reaction M15,V6,2026-03-05 08:30:00+00:00,2026-03-05 09:00:00+00:00,2026-03-05 13:30:00+00:00,1,5161.665,5135.851682617152,3.0,-1.0,-1.0199961319323865,stop,57.233171610537056,54.31429092748854
V6 Session Reaction M15,V6,2026-03-06 11:45:00+00:00,2026-03-06 12:15:00+00:00,2026-03-06 13:45:00+00:00,1,5076.705,5060.806565082091,3.0,3.0,2.968067894568155,target,54.31429092748854,62.374716083394205
V6 Session Reaction M15,V6,2026-03-09 14:15:00+00:00,2026-03-09 14:45:00+00:00,2026-03-09 23:00:00+00:00,1,5081.355,5058.48941529509,3.0,3.0,2.9777772794110575,target,62.374716083394205,71.66161670153653
V6 Session Reaction M15,V6,2026-03-10 08:45:00+00:00,2026-03-10 09:15:00+00:00,2026-03-10 13:15:00+00:00,-1,5183.075,5195.9703740329705,3.0,-1.0,-1.0401932893667758,stop,71.66161670153653,67.93452006163092
V6 Session Reaction M15,V6,2026-03-11 07:30:00+00:00,2026-03-11 08:00:00+00:00,2026-03-11 08:30:00+00:00,1,5191.175,5183.51554851429,3.0,-1.0,-1.0677747618048705,stop,67.93452006163092,64.3075817627741
V6 Session Reaction M15,V6,2026-03-11 08:45:00+00:00,2026-03-11 09:15:00+00:00,2026-03-11 12:45:00+00:00,1,5187.415,5174.168899607523,2.0,-1.0,-1.039161827604342,stop,64.3075817627741,60.966282553103106
V6 Session Reaction M15,V6,2026-03-11 13:00:00+00:00,2026-03-11 13:30:00+00:00,2026-03-11 14:00:00+00:00,1,5177.505,5160.778877592838,3.0,-1.0,-1.030954604264902,stop,60.966282553103106,57.823609067951274
V6 Session Reaction M15,V6,2026-03-11 14:30:00+00:00,2026-03-11 15:00:00+00:00,2026-03-11 23:00:00+00:00,1,5183.105,5147.674415844696,3.0,-1.0,-1.014628900774768,stop,57.823609067951274,54.89013382257901
V6 Session Reaction M15,V6,2026-03-12 13:15:00+00:00,2026-03-12 13:45:00+00:00,2026-03-12 13:45:00+00:00,1,5170.955,5157.88971171857,3.0,-1.0,-1.0395778102144866,stop,54.89013382257901,52.03700556649617
V6 Session Reaction M15,V6,2026-03-13 11:45:00+00:00,2026-03-13 12:15:00+00:00,2026-03-13 14:45:00+00:00,1,5107.345,5078.6183968504665,3.0,-1.0,-1.0177791469928212,stop,52.03700556649617,49.388896609619714
V6 Session Reaction M15,V6,2026-03-13 15:00:00+00:00,2026-03-13 15:30:00+00:00,2026-03-13 16:00:00+00:00,1,5068.775,5033.953760879591,3.0,-1.0,-1.0145565612483594,stop,49.388896609619714,46.88350515421439
V6 Session Reaction M15,V6,2026-03-16 09:00:00+00:00,2026-03-16 09:30:00+00:00,2026-03-16 10:00:00+00:00,1,4985.145,4978.489780403283,2.0,-1.0,-1.074905792777424,stop,46.88350515421439,44.36373759041563
V6 Session Reaction M15,V6,2026-03-16 10:15:00+00:00,2026-03-16 10:45:00+00:00,2026-03-17 03:45:00+00:00,1,4986.505,4968.947689670926,3.0,2.3921659532581794,2.3637646497182945,time_exit,44.36373759041563,49.60700932269579
V6 Session Reaction M15,V6,2026-03-17 10:30:00+00:00,2026-03-17 11:00:00+00:00,2026-03-17 13:45:00+00:00,1,4999.035,4990.7856875228,3.0,3.0,2.939400586245015,target,49.60700932269579,56.89775293694548
V6 Session Reaction M15,V6,2026-03-17 15:45:00+00:00,2026-03-17 16:15:00+00:00,2026-03-18 09:15:00+00:00,1,4997.738,4972.195719298747,3.0,-0.4803408177797535,-0.4999073477167403,time_exit,56.89775293694548,55.475572698857945
V6 Session Reaction M15,V6,2026-03-20 10:45:00+00:00,2026-03-20 11:15:00+00:00,2026-03-20 11:45:00+00:00,1,4645.155,4636.099630654809,3.0,3.0,2.9487027549851756,target,55.475572698857945,63.65462140143309
V6 Session Reaction M15,V6,2026-03-20 13:30:00+00:00,2026-03-20 14:00:00+00:00,2026-03-20 14:00:00+00:00,1,4662.405,4634.427538509863,3.0,-1.0,-1.0166648607545885,stop,63.65462140143309,60.41885056125939
V6 Session Reaction M15,V6,2026-03-23 09:15:00+00:00,2026-03-23 09:45:00+00:00,2026-03-24 02:45:00+00:00,1,4303.645,4197.58818836092,2.0,0.5926069153755334,0.5885490477727946,time_exit,60.41885056125939,62.19682340952719
V6 Session Reaction M15,V6,2026-03-24 12:45:00+00:00,2026-03-24 13:15:00+00:00,2026-03-24 13:30:00+00:00,1,4378.885,4358.940662584879,2.0,-1.0,-1.0219555300778256,stop,62.19682340952719,59.01870402769518
V6 Session Reaction M15,V6,2026-03-24 13:45:00+00:00,2026-03-24 14:15:00+00:00,2026-03-24 20:30:00+00:00,1,4381.175,4348.225440074102,3.0,3.0,2.986703388422021,target,59.01870402769518,67.83227219268487
V6 Session Reaction M15,V6,2026-03-25 08:00:00+00:00,2026-03-25 08:30:00+00:00,2026-03-25 10:00:00+00:00,1,4558.555,4533.952905984078,3.0,-1.0,-1.018529134134069,stop,67.83227219268487,64.37781491954678
V6 Session Reaction M15,V6,2026-03-25 12:30:00+00:00,2026-03-25 13:00:00+00:00,2026-03-25 19:15:00+00:00,1,4547.195,4520.100203397484,3.0,-1.0,-1.0167825397130965,stop,64.37781491954678,61.104903011792956
V6 Session Reaction M15,V6,2026-03-26 10:15:00+00:00,2026-03-26 10:45:00+00:00,2026-03-26 16:30:00+00:00,1,4441.485,4412.367988910745,3.0,-1.0,-1.0152539180150917,stop,61.104903011792956,58.00305340216021
V6 Session Reaction M15,V6,2026-03-27 14:15:00+00:00,2026-03-27 14:45:00+00:00,2026-03-27 15:00:00+00:00,-1,4454.728,4471.221379821816,3.0,-1.0,-1.0270091882205223,stop,58.00305340216021,55.024569962717
V6 Session Reaction M15,V6,2026-03-30 07:15:00+00:00,2026-03-30 07:45:00+00:00,2026-03-30 11:45:00+00:00,-1,4522.545,4552.040674551682,2.0,-1.0,-1.0153329092103849,stop,55.024569962717,52.23115712780221
V6 Session Reaction M15,V6,2026-03-30 14:15:00+00:00,2026-03-30 14:45:00+00:00,2026-03-30 15:45:00+00:00,1,4518.625,4510.060658650345,3.0,3.0,2.9472390833629927,target,52.23115712780221,59.92804251061883
V6 Session Reaction M15,V6,2026-04-01 07:00:00+00:00,2026-04-01 07:30:00+00:00,2026-04-01 07:45:00+00:00,-1,4715.035,4734.2378737571535,3.0,-1.0,-1.0245537988721272,stop,59.92804251061883,56.858067329957585
V6 Session Reaction M15,V6,2026-04-01 07:45:00+00:00,2026-04-01 08:15:00+00:00,2026-04-01 11:45:00+00:00,-1,4712.725,4749.143630336905,3.0,-1.0,-1.0129404235041328,stop,56.858067329957585,53.9783755899159
V6 Session Reaction M15,V6,2026-04-01 14:45:00+00:00,2026-04-01 15:15:00+00:00,2026-04-01 15:15:00+00:00,-1,4760.525,4770.294957026514,2.0,-1.0,-1.0487261610985672,stop,53.9783755899159,51.14794885917844
V6 Session Reaction M15,V6,2026-04-02 13:15:00+00:00,2026-04-02 13:45:00+00:00,2026-04-02 14:15:00+00:00,1,4597.265,4578.699580285773,3.0,3.0,2.9752374841465237,target,51.14794885917844,58.7568135933303
V6 Session Reaction M15,V6,2026-04-02 16:15:00+00:00,2026-04-02 16:45:00+00:00,2026-04-06 08:00:00+00:00,-1,4650.385,4685.632337191635,2.0,-1.0,-1.013193578211927,stop,58.7568135933303,55.780212282882424
V6 Session Reaction M15,V6,2026-04-06 11:45:00+00:00,2026-04-06 12:15:00+00:00,2026-04-07 01:15:00+00:00,-1,4677.615,4697.610620908474,2.0,2.0,1.9766068029524522,target,55.780212282882424,61.292989636306295
V6 Session Reaction M15,V6,2026-04-07 10:30:00+00:00,2026-04-07 11:00:00+00:00,2026-04-07 19:30:00+00:00,-1,4661.975,4695.454491131312,3.0,-1.0,-1.0139248681579867,stop,61.292989636306295,58.18566531450626
V6 Session Reaction M15,V6,2026-04-08 10:30:00+00:00,2026-04-08 11:00:00+00:00,2026-04-08 12:30:00+00:00,1,4791.175,4769.4977221326435,2.0,-1.0,-1.0221022908379789,stop,58.18566531450626,55.21208022391182
V6 Session Reaction M15,V6,2026-04-08 13:45:00+00:00,2026-04-08 14:15:00+00:00,2026-04-08 14:30:00+00:00,1,4777.168,4766.420794267486,3.0,-1.0,-1.0444503261489397,stop,55.21208022391182,52.32876646405051
V6 Session Reaction M15,V6,2026-04-09 08:30:00+00:00,2026-04-09 09:00:00+00:00,2026-04-09 10:30:00+00:00,-1,4729.358,4733.982658691245,3.0,-1.0,-1.1022639359084685,stop,52.32876646405051,49.444760859855535
V6 Session Reaction M15,V6,2026-04-09 13:15:00+00:00,2026-04-09 13:45:00+00:00,2026-04-09 13:45:00+00:00,-1,4752.258,4760.441912844709,2.0,-1.0,-1.0580682870183833,stop,49.444760859855535,46.82896418860449
V6 Session Reaction M15,V6,2026-04-09 14:30:00+00:00,2026-04-09 15:00:00+00:00,2026-04-09 15:30:00+00:00,-1,4755.885,4778.3050526857305,3.0,-1.0,-1.0212126397143884,stop,46.82896418860449,44.43784768189772
V6 Session Reaction M15,V6,2026-04-10 08:45:00+00:00,2026-04-10 09:15:00+00:00,2026-04-10 12:45:00+00:00,1,4740.735,4729.331866092502,3.0,3.0,2.958426034119593,target,44.43784768189772,51.011151956016086
V6 Session Reaction M15,V6,2026-04-10 15:30:00+00:00,2026-04-10 16:00:00+00:00,2026-04-12 22:15:00+00:00,-1,4765.485,4796.009297182277,3.0,3.0,2.984387896069997,target,51.011151956016086,58.623005179122174
V6 Session Reaction M15,V6,2026-04-13 07:00:00+00:00,2026-04-13 07:30:00+00:00,2026-04-13 08:00:00+00:00,-1,4727.945,4739.431175468731,3.0,-1.0,-1.0411620474793428,stop,58.623005179122174,55.57120277403783
V6 Session Reaction M15,V6,2026-04-13 08:30:00+00:00,2026-04-13 09:00:00+00:00,2026-04-13 14:00:00+00:00,-1,4721.205,4740.743310963524,3.0,-1.0,-1.0241638338585868,stop,55.57120277403783,52.72550196977825
V6 Session Reaction M15,V6,2026-04-13 15:00:00+00:00,2026-04-13 15:30:00+00:00,2026-04-13 16:45:00+00:00,1,4707.575,4698.78399078821,3.0,3.0,2.9464501186770855,target,52.72550196977825,60.49315504658635
V6 Session Reaction M15,V6,2026-04-13 16:45:00+00:00,2026-04-13 17:15:00+00:00,2026-04-13 17:30:00+00:00,-1,4732.795,4747.314366271217,3.0,-1.0,-1.0325964295658148,stop,60.49315504658635,57.36990425087254
V6 Session Reaction M15,V6,2026-04-14 07:15:00+00:00,2026-04-14 07:45:00+00:00,2026-04-14 13:45:00+00:00,-1,4772.455,4797.132209167981,3.0,-1.0,-1.0193395248527222,stop,57.36990425087254,54.44593370387601
V6 Session Reaction M15,V6,2026-04-14 13:45:00+00:00,2026-04-14 14:15:00+00:00,2026-04-14 14:30:00+00:00,-1,4794.388,4804.188882912818,2.0,-1.0,-1.0489179193614229,stop,54.44593370387601,51.59046792895803
V6 Session Reaction M15,V6,2026-04-14 15:00:00+00:00,2026-04-14 15:30:00+00:00,2026-04-14 16:30:00+00:00,-1,4794.405,4818.77252417603,3.0,-1.0,-1.0196753882970029,stop,51.59046792895803,48.96019140806381
V6 Session Reaction M15,V6,2026-04-15 07:00:00+00:00,2026-04-15 07:30:00+00:00,2026-04-15 09:15:00+00:00,1,4815.605,4802.827580658619,3.0,-1.0,-1.0376884006960958,stop,48.96019140806381,46.419920272063386
V6 Session Reaction M15,V6,2026-04-15 11:45:00+00:00,2026-04-15 12:15:00+00:00,2026-04-15 15:45:00+00:00,1,4812.495,4791.844560727004,3.0,-1.0,-1.0233045647909933,stop,46.419920272063386,44.04483445648157
V6 Session Reaction M15,V6,2026-04-16 08:00:00+00:00,2026-04-16 08:30:00+00:00,2026-04-16 08:45:00+00:00,1,4811.505,4806.131040754499,3.0,-1.0,-1.0895337083925203,stop,44.04483445648157,41.645417865436315
V6 Session Reaction M15,V6,2026-04-16 08:45:00+00:00,2026-04-16 09:15:00+00:00,2026-04-16 10:30:00+00:00,1,4813.438,4805.342097316921,2.0,-1.0,-1.0594552354249585,stop,41.645417865436315,39.43934506598649
V6 Session Reaction M15,V6,2026-04-16 10:45:00+00:00,2026-04-16 11:15:00+00:00,2026-04-16 14:00:00+00:00,1,4817.035,4804.094671369596,3.0,-1.0,-1.0372249819736576,stop,39.43934506598649,37.393971367230456
V6 Session Reaction M15,V6,2026-04-16 15:00:00+00:00,2026-04-16 15:30:00+00:00,2026-04-17 01:15:00+00:00,1,4806.595,4771.673736467871,3.0,-1.0,-1.0137640924578164,stop,37.393971367230456,35.49853809490576
V6 Session Reaction M15,V6,2026-04-17 11:45:00+00:00,2026-04-17 12:15:00+00:00,2026-04-17 12:30:00+00:00,-1,4799.005,4812.309871446464,3.0,-1.0,-1.0360695330226242,stop,35.49853809490576,33.65959040555702
V6 Session Reaction M15,V6,2026-04-20 14:45:00+00:00,2026-04-20 15:15:00+00:00,2026-04-20 22:15:00+00:00,-1,4804.858,4828.483421412409,3.0,-1.0,-1.0203376605061372,stop,33.65959040555702,31.942383019156978
V6 Session Reaction M15,V6,2026-04-21 07:15:00+00:00,2026-04-21 07:45:00+00:00,2026-04-21 12:45:00+00:00,1,4783.165,4771.585769349179,2.0,-1.0,-1.0413081416567243,stop,31.942383019156978,30.279289844068693
V6 Session Reaction M15,V6,2026-04-21 13:15:00+00:00,2026-04-21 13:45:00+00:00,2026-04-21 14:45:00+00:00,1,4774.455,4758.569058624318,3.0,-1.0,-1.030054592844644,stop,30.279289844068693,28.719823765470835
V6 Session Reaction M15,V6,2026-04-22 07:00:00+00:00,2026-04-22 07:30:00+00:00,2026-04-22 10:15:00+00:00,-1,4765.455,4772.8952311046505,2.0,2.0,1.935950175028551,target,28.719823765470835,31.49983115774846
V6 Session Reaction M15,V6,2026-04-22 13:15:00+00:00,2026-04-22 13:45:00+00:00,2026-04-22 14:45:00+00:00,1,4749.758,4735.410475567524,3.0,-1.0,-1.0331050699537334,stop,31.49983115774846,29.872699394160637
V6 Session Reaction M15,V6,2026-04-23 10:45:00+00:00,2026-04-23 11:15:00+00:00,2026-04-23 12:15:00+00:00,1,4696.465,4683.18450756913,2.0,2.0,1.9646363640170212,target,29.872699394160637,32.807148970216495
V6 Session Reaction M15,V6,2026-04-23 13:45:00+00:00,2026-04-23 14:15:00+00:00,2026-04-23 18:00:00+00:00,-1,4724.115,4744.059497202711,3.0,3.0,2.9763136921829356,target,32.807148970216495,37.68936730429353
V6 Session Reaction M15,V6,2026-04-24 11:30:00+00:00,2026-04-24 12:00:00+00:00,2026-04-24 14:15:00+00:00,-1,4705.135,4718.2239710041995,3.0,-1.0,-1.0359473254122915,stop,37.68936730429353,35.73715734152532
V6 Session Reaction M15,V6,2026-04-27 13:15:00+00:00,2026-04-27 13:45:00+00:00,2026-04-27 13:45:00+00:00,1,4699.865,4692.432869287301,3.0,-1.0,-1.0632371143845722,stop,35.73715734152532,33.837303739119776
V6 Session Reaction M15,V6,2026-04-28 07:45:00+00:00,2026-04-28 08:15:00+00:00,2026-04-28 08:15:00+00:00,1,4632.925,4619.36790630593,3.0,-1.0,-1.0341734379399206,stop,33.837303739119776,32.08762170219463
V6 Session Reaction M15,V6,2026-04-28 08:15:00+00:00,2026-04-28 08:45:00+00:00,2026-04-28 09:30:00+00:00,1,4626.568,4613.501745743379,2.0,-1.0,-1.0354085257269154,stop,32.08762170219463,30.426431848157016
V6 Session Reaction M15,V6,2026-04-29 12:30:00+00:00,2026-04-29 13:00:00+00:00,2026-04-29 13:00:00+00:00,1,4557.455,4550.1163140901745,3.0,-1.0,-1.0621017857420252,stop,30.426431848157016,28.810633468172735
V6 Session Reaction M15,V6,2026-04-29 15:30:00+00:00,2026-04-29 16:00:00+00:00,2026-04-29 18:45:00+00:00,1,4552.925,4522.935419803408,3.0,-1.0,-1.01518168967406,stop,28.810633468172735,27.348232089932754
V6 Session Reaction M15,V6,2026-05-01 12:30:00+00:00,2026-05-01 13:00:00+00:00,2026-05-01 13:45:00+00:00,-1,4591.715,4608.621267378751,3.0,-1.0,-1.0271598389942131,stop,27.348232089932754,25.943681806419168
V6 Session Reaction M15,V6,2026-05-04 07:00:00+00:00,2026-05-04 07:30:00+00:00,2026-05-04 07:45:00+00:00,1,4591.745,4582.655900269332,2.0,-1.0,-1.050519249827426,stop,25.943681806419168,24.58096494896712
V6 Session Reaction M15,V6,2026-05-04 15:15:00+00:00,2026-05-04 15:45:00+00:00,2026-05-04 16:00:00+00:00,1,4538.295,4512.600338318815,3.0,-1.0,-1.017662404184614,stop,24.58096494896712,23.33020875460994
V6 Session Reaction M15,V6,2026-05-05 07:15:00+00:00,2026-05-05 07:45:00+00:00,2026-05-05 07:45:00+00:00,-1,4548.745,4556.2196618191365,2.0,-1.0,-1.0608555291204522,stop,23.33020875460994,22.092709706966826
V6 Session Reaction M15,V6,2026-05-05 07:45:00+00:00,2026-05-05 08:15:00+00:00,2026-05-05 09:00:00+00:00,-1,4545.375,4558.837779833848,3.0,-1.0,-1.0337625294040098,stop,22.092709706966826,20.950778933563697
V6 Session Reaction M15,V6,2026-05-05 10:15:00+00:00,2026-05-05 10:45:00+00:00,2026-05-05 11:45:00+00:00,-1,4547.645,4561.077068842603,3.0,-1.0,-1.0338566236764384,stop,20.950778933563697,19.867773854981415
V6 Session Reaction M15,V6,2026-05-05 12:45:00+00:00,2026-05-05 13:15:00+00:00,2026-05-05 13:15:00+00:00,-1,4564.135,4575.266739556394,2.0,-1.0,-1.0410010940058194,stop,19.867773854981415,18.83365513905662
V6 Session Reaction M15,V6,2026-05-05 16:15:00+00:00,2026-05-05 16:45:00+00:00,2026-05-05 23:15:00+00:00,-1,4559.655,4584.586049672561,3.0,-1.0,-1.0182890614710791,stop,18.83365513905662,17.874749888275623
V6 Session Reaction M15,V6,2026-05-06 07:00:00+00:00,2026-05-06 07:30:00+00:00,2026-05-06 08:00:00+00:00,-1,4658.608,4670.986801508649,3.0,-1.0,-1.0376337563595739,stop,17.874749888275623,16.947377694747658
V6 Session Reaction M15,V6,2026-05-07 13:30:00+00:00,2026-05-07 14:00:00+00:00,2026-05-07 14:30:00+00:00,-1,4748.295,4759.12090465976,3.0,-1.0,-1.0438604915638106,stop,16.947377694747658,16.062842794189816
V6 Session Reaction M15,V6,2026-05-07 14:30:00+00:00,2026-05-07 15:00:00+00:00,2026-05-07 15:00:00+00:00,-1,4751.665,4760.495074775807,2.0,-1.0,-1.0538122849539053,stop,16.062842794189816,15.21648174079979
V6 Session Reaction M15,V6,2026-05-07 15:15:00+00:00,2026-05-07 15:45:00+00:00,2026-05-08 08:45:00+00:00,-1,4739.885,4765.801009578152,3.0,0.8905692031946668,0.8722797941492406,time_exit,15.21648174079979,15.880133218826817
V6 Session Reaction M15,V6,2026-05-08 12:30:00+00:00,2026-05-08 13:00:00+00:00,2026-05-08 13:45:00+00:00,-1,4723.695,4731.750539531617,3.0,-1.0,-1.0586390890574138,stop,15.880133218826817,15.039566730582358
V6 Session Reaction M15,V6,2026-05-08 14:15:00+00:00,2026-05-08 14:45:00+00:00,2026-05-11 07:45:00+00:00,-1,4717.965,4750.518212491512,3.0,1.4207507173695935,1.4062576316219726,time_exit,15.039566730582358,16.09704200514083
V6 Session Reaction M15,V6,2026-05-12 12:45:00+00:00,2026-05-12 13:15:00+00:00,2026-05-12 13:30:00+00:00,-1,4705.515,4712.418658393558,3.0,3.0,2.9318402688581595,target,16.09704200514083,18.456739803149485
V6 Session Reaction M15,V6,2026-05-12 13:30:00+00:00,2026-05-12 14:00:00+00:00,2026-05-12 14:00:00+00:00,1,4698.955,4678.054454267257,3.0,-1.0,-1.0224824512244126,stop,18.456739803149485,17.51315517537271
V6 Session Reaction M15,V6,2026-05-12 14:00:00+00:00,2026-05-12 14:30:00+00:00,2026-05-12 14:45:00+00:00,1,4692.665,4674.702554954931,3.0,-1.0,-1.0261248676793484,stop,17.51315517537271,16.61462097352385
V6 Session Reaction M15,V6,2026-05-13 09:15:00+00:00,2026-05-13 09:45:00+00:00,2026-05-13 10:00:00+00:00,1,4688.725,4685.008716103973,3.0,3.0,2.8738329704839853,target,16.61462097352385,19.002003250814226
V6 Session Reaction M15,V6,2026-05-13 13:00:00+00:00,2026-05-13 13:30:00+00:00,2026-05-13 13:45:00+00:00,1,4689.735,4674.5109790913875,2.0,-1.0,-1.0308048381446129,stop,19.002003250814226,18.02263540654528
V6 Session Reaction M15,V6,2026-05-13 15:00:00+00:00,2026-05-13 15:30:00+00:00,2026-05-14 04:15:00+00:00,1,4687.465,4668.488739225972,3.0,-1.0,-1.0247017315783065,stop,18.02263540654528,17.099244121110708
V6 Session Reaction M15,V6,2026-05-14 07:30:00+00:00,2026-05-14 08:00:00+00:00,2026-05-14 13:45:00+00:00,-1,4709.055,4719.551178789072,3.0,3.0,2.9551355298472717,target,17.099244121110708,19.625773312902023
V6 Session Reaction M15,V6,2026-05-14 14:15:00+00:00,2026-05-14 14:45:00+00:00,2026-05-14 19:30:00+00:00,1,4691.245,4664.84127360019,3.0,-1.0,-1.017767359534652,stop,19.625773312902023,18.627049738727127
V6 Session Reaction M15,V6,2026-05-15 08:00:00+00:00,2026-05-15 08:30:00+00:00,2026-05-15 08:30:00+00:00,1,4565.165,4555.936081495591,3.0,-1.0,-1.0494658718442356,stop,18.627049738727127,17.64962708903017
V6 Session Reaction M15,V6,2026-05-15 08:30:00+00:00,2026-05-15 09:00:00+00:00,2026-05-15 09:15:00+00:00,1,4562.145,4548.599728432422,3.0,-1.0,-1.033680720074449,stop,17.64962708903017,16.737423127108457
V6 Session Reaction M15,V6,2026-05-15 10:00:00+00:00,2026-05-15 10:30:00+00:00,2026-05-15 13:45:00+00:00,1,4561.095,4530.356667612077,3.0,-1.0,-1.014838459492331,stop,16.737423127108457,15.888134091999154
V6 Session Reaction M15,V6,2026-05-15 13:45:00+00:00,2026-05-15 14:15:00+00:00,2026-05-18 00:45:00+00:00,1,4533.285,4509.6938303614525,3.0,-1.0,-1.0192160247645912,stop,15.888134091999154,15.078462048490447
V6 Session Reaction M15,V6,2026-05-18 07:30:00+00:00,2026-05-18 08:00:00+00:00,2026-05-18 11:45:00+00:00,-1,4548.855,4560.855806579564,2.0,-1.0,-1.0379045772452158,stop,15.078462048490447,14.295961809593122
V6 Session Reaction M15,V6,2026-05-18 11:45:00+00:00,2026-05-18 12:15:00+00:00,2026-05-18 12:45:00+00:00,-1,4550.665,4568.034300686346,3.0,-1.0,-1.0261994715974794,stop,14.295961809593122,13.562436386844011
V6 Session Reaction M15,V6,2026-05-18 13:30:00+00:00,2026-05-18 14:00:00+00:00,2026-05-18 14:00:00+00:00,-1,4566.155,4581.088540876727,3.0,-1.0,-1.0305765058514418,stop,13.562436386844011,12.863579971724704
V6 Session Reaction M15,V6,2026-05-18 14:00:00+00:00,2026-05-18 14:30:00+00:00,2026-05-18 23:15:00+00:00,-1,4564.135,4585.345542898811,3.0,-1.0,-1.0215182375188328,stop,12.863579971724704,12.206560894679765
V6 Session Reaction M15,V6,2026-05-19 10:45:00+00:00,2026-05-19 11:15:00+00:00,2026-05-19 13:15:00+00:00,1,4544.515,4524.216877259056,3.0,-1.0,-1.0223888438256066,stop,12.206560894679765,11.58256831066984
V6 Session Reaction M15,V6,2026-05-20 12:45:00+00:00,2026-05-20 13:15:00+00:00,2026-05-20 14:30:00+00:00,-1,4495.965,4506.053580001796,3.0,-1.0,-1.0445648941595316,stop,11.58256831066984,10.97763109859332
V6 Session Reaction M15,V6,2026-05-21 07:00:00+00:00,2026-05-21 07:30:00+00:00,2026-05-21 07:30:00+00:00,1,4520.435,4517.170299100866,2.0,-1.0,-1.138463986124995,stop,10.97763109859332,10.352749215657607
V6 Session Reaction M15,V6,2026-05-21 07:45:00+00:00,2026-05-21 08:15:00+00:00,2026-05-21 10:30:00+00:00,1,4519.425,4510.952911707217,3.0,-1.0,-1.0533448760661503,stop,10.352749215657607,9.807498448682066
V6 Session Reaction M15,V6,2026-05-21 13:45:00+00:00,2026-05-21 14:15:00+00:00,2026-05-22 07:15:00+00:00,1,4513.075,4487.179610195031,3.0,0.3564341015723777,0.33900599937352965,time_exit,9.807498448682066,9.973738489329557
V6 Session Reaction M15,V6,2026-05-22 15:00:00+00:00,2026-05-22 15:30:00+00:00,2026-05-24 23:15:00+00:00,1,4511.035,4490.610205993906,3.0,3.0,2.9779139265803414,target,9.973738489329557,11.458785226701801
V6 Session Reaction M15,V6,2026-05-26 07:15:00+00:00,2026-05-26 07:45:00+00:00,2026-05-26 08:30:00+00:00,1,4529.605,4521.304063766935,3.0,-1.0,-1.0545673990598474,stop,11.458785226701801,10.854582160056385
V6 Session Reaction M15,V6,2026-05-26 08:30:00+00:00,2026-05-26 09:00:00+00:00,2026-05-26 09:30:00+00:00,1,4525.365,4519.043972723449,2.0,-1.0,-1.0715922397105881,stop,10.854582160056385,10.272997859655513
V6 Session Reaction M15,V6,2026-05-26 10:00:00+00:00,2026-05-26 10:30:00+00:00,2026-05-26 11:45:00+00:00,1,4529.245,4511.209795296191,3.0,-1.0,-1.025113355098451,stop,10.272997859655513,9.74644849451398
V6 Session Reaction M15,V6,2026-05-26 12:30:00+00:00,2026-05-26 13:00:00+00:00,2026-05-26 16:30:00+00:00,1,4511.905,4499.526117309271,3.0,-1.0,-1.0364484025959737,stop,9.74644849451398,9.241363945857834
V6 Session Reaction M15,V6,2026-05-26 16:45:00+00:00,2026-05-26 17:15:00+00:00,2026-05-26 17:45:00+00:00,1,4504.705,4498.653738278529,2.0,-1.0,-1.0744424089940878,stop,9.241363945857834,8.744898278838905
V6 Session Reaction M15,V6,2026-05-27 08:30:00+00:00,2026-05-27 09:00:00+00:00,2026-05-27 10:45:00+00:00,1,4496.055,4474.776709215562,3.0,-1.0,-1.0211297751569788,stop,8.744898278838905,8.298414478176834
V6 Session Reaction M15,V6,2026-05-27 13:45:00+00:00,2026-05-27 14:15:00+00:00,2026-05-28 02:15:00+00:00,1,4427.325,4399.852671201806,3.0,-1.0,-1.0161155795437735,stop,8.298414478176834,7.87680706633748
V6 Session Reaction M15,V6,2026-05-29 07:00:00+00:00,2026-05-29 07:30:00+00:00,2026-05-29 07:45:00+00:00,-1,4515.945,4524.841066498905,3.0,-1.0,-1.050763390770018,stop,7.87680706633748,7.46297404126418
V6 Session Reaction M15,V6,2026-05-29 08:00:00+00:00,2026-05-29 08:30:00+00:00,2026-05-29 09:15:00+00:00,-1,4514.965,4527.048830827655,3.0,-1.0,-1.0373636892504898,stop,7.46297404126418,7.075883127052857
V6 Session Reaction M15,V6,2026-05-29 14:15:00+00:00,2026-05-29 14:45:00+00:00,2026-05-29 15:00:00+00:00,-1,4529.585,4553.637245605204,3.0,-1.0,-1.0188322748501286,stop,7.075883127052857,6.715426221907412
V6 Session Reaction M15,V6,2026-06-01 11:15:00+00:00,2026-06-01 11:45:00+00:00,2026-06-01 13:15:00+00:00,1,4510.435,4495.021624596007,3.0,-1.0,-1.029263122981041,stop,6.715426221907412,6.369829193641952
V6 Session Reaction M15,V6,2026-06-02 08:45:00+00:00,2026-06-02 09:15:00+00:00,2026-06-02 14:15:00+00:00,-1,4526.585,4539.618299106927,2.0,2.0,1.965269077592226,target,6.369829193641952,6.995750610832389
V6 Session Reaction M15,V6,2026-06-03 07:30:00+00:00,2026-06-03 08:00:00+00:00,2026-06-03 08:00:00+00:00,1,4458.675,4453.4738443166125,2.0,-1.0,-1.0857246979597408,stop,6.995750610832389,6.615977649885006
V6 Session Reaction M15,V6,2026-06-03 08:15:00+00:00,2026-06-03 08:45:00+00:00,2026-06-03 09:00:00+00:00,1,4457.315,4449.596583077113,2.0,-1.0,-1.057749083063693,stop,6.615977649885006,6.266075435248219
V6 Session Reaction M15,V6,2026-06-03 10:00:00+00:00,2026-06-03 10:30:00+00:00,2026-06-03 13:45:00+00:00,1,4462.915,4437.642424847476,3.0,-1.0,-1.0176591224798643,stop,6.266075435248219,5.947238993806852
V6 Session Reaction M15,V6,2026-06-03 13:45:00+00:00,2026-06-03 14:15:00+00:00,2026-06-03 22:30:00+00:00,1,4445.715,4424.951143116361,3.0,-1.0,-1.0214108343402375,stop,5.947238993806852,5.6435102766725995
V6 Session Reaction M15,V6,2026-06-04 13:45:00+00:00,2026-06-04 14:15:00+00:00,2026-06-05 06:30:00+00:00,-1,4495.625,4516.253026466387,3.0,3.0,2.978206228272368,target,5.6435102766725995,6.483887149437872
V6 Session Reaction M15,V6,2026-06-08 12:45:00+00:00,2026-06-08 13:15:00+00:00,2026-06-08 13:45:00+00:00,-1,4333.045,4340.389906289642,2.0,-1.0,-1.0589938772413043,stop,6.483887149437872,6.140567309838958
V6 Session Reaction M15,V6,2026-06-08 13:45:00+00:00,2026-06-08 14:15:00+00:00,2026-06-09 05:45:00+00:00,-1,4326.785,4347.874361714869,3.0,-1.0,-1.0205164341078625,stop,6.140567309838958,5.82723981711715
V6 Session Reaction M15,V6,2026-06-09 12:45:00+00:00,2026-06-09 13:15:00+00:00,2026-06-09 13:15:00+00:00,-1,4341.245,4345.017857730552,3.0,-1.0,-1.1150651657189392,stop,5.82723981711715,5.502352210499263
V6 Session Reaction M15,V6,2026-06-10 08:15:00+00:00,2026-06-10 08:45:00+00:00,2026-06-10 10:15:00+00:00,1,4172.075,4160.007442266304,3.0,-1.0,-1.0345726541531297,stop,5.502352210499263,5.217723053974185
V6 Session Reaction M15,V6,2026-06-10 10:45:00+00:00,2026-06-10 11:15:00+00:00,2026-06-10 11:15:00+00:00,1,4174.415,4154.2923146338935,2.0,-1.0,-1.0207448207038567,stop,5.217723053974185,4.951424864813622
V6 Session Reaction M15,V6,2026-06-10 12:30:00+00:00,2026-06-10 13:00:00+00:00,2026-06-10 15:00:00+00:00,1,4160.375,4128.861378399077,3.0,-1.0,-1.0132018307914128,stop,4.951424864813622,4.7005852279108575
V6 Session Reaction M15,V6,2026-06-11 12:45:00+00:00,2026-06-11 13:15:00+00:00,2026-06-11 14:15:00+00:00,1,4081.715,4056.1455946889787,3.0,-1.0,-1.015963277011533,stop,4.7005852279108575,4.461804129309842
V6 Session Reaction M15,V6,2026-06-11 15:00:00+00:00,2026-06-11 15:30:00+00:00,2026-06-11 17:45:00+00:00,1,4080.385,4050.9971397068575,3.0,3.0,2.986115406296007,target,4.461804129309842,5.127977231830205
V6 Session Reaction M15,V6,2026-06-12 07:30:00+00:00,2026-06-12 08:00:00+00:00,2026-06-12 09:00:00+00:00,1,4182.755,4168.914518970168,3.0,3.0,2.969778832173649,target,5.127977231830205,5.889425143578094
V6 Session Reaction M15,V6,2026-06-12 15:15:00+00:00,2026-06-12 15:45:00+00:00,2026-06-14 22:15:00+00:00,-1,4225.585,4236.763668295217,3.0,-1.0,-1.037800432828014,stop,5.889425143578094,5.583822745422418
V6 Session Reaction M15,V6,2026-06-15 08:45:00+00:00,2026-06-15 09:15:00+00:00,2026-06-15 11:45:00+00:00,-1,4334.025,4346.182649466057,2.0,-1.0,-1.0356485438414718,stop,5.583822745422418,5.294678850654137
V6 Session Reaction M15,V6,2026-06-15 11:45:00+00:00,2026-06-15 12:15:00+00:00,2026-06-15 13:00:00+00:00,-1,4335.095,4348.0662577805115,2.0,-1.0,-1.033420775944437,stop,5.294678850654137,5.021097294343156
V6 Session Reaction M15,V6,2026-06-15 16:15:00+00:00,2026-06-15 16:45:00+00:00,2026-06-16 09:45:00+00:00,-1,4342.805,4361.597985398732,3.0,0.04097273443592447,0.017864085608404457,time_exit,5.021097294343156,5.025582159938869
V6 Session Reaction M15,V6,2026-06-16 13:00:00+00:00,2026-06-16 13:30:00+00:00,2026-06-17 06:30:00+00:00,-1,4343.785,4355.595253264022,3.0,1.6604216320862304,1.6236418535083017,time_exit,5.025582159938869,5.433569436594939
V6 Session Reaction M15,V6,2026-06-17 08:45:00+00:00,2026-06-17 09:15:00+00:00,2026-06-17 14:30:00+00:00,1,4324.445,4316.344906236716,3.0,3.0,2.946612408122952,target,5.433569436594939,6.234100592708353
V6 Session Reaction M15,V6,2026-06-18 14:00:00+00:00,2026-06-18 14:30:00+00:00,2026-06-18 14:30:00+00:00,1,4241.398,4236.9675898477035,3.0,-1.0,-1.0957337549843176,stop_same_bar,6.234100592708353,5.892554870138439
V6 Session Reaction M15,V6,2026-06-19 13:00:00+00:00,2026-06-19 13:30:00+00:00,2026-06-22 01:00:00+00:00,-1,4169.655,4183.841765598233,3.0,-1.0,-1.0293911601705696,stop,5.892554870138439,5.589267675431412
V6 Session Reaction M15,V6,2026-06-22 13:30:00+00:00,2026-06-22 14:00:00+00:00,2026-06-22 15:45:00+00:00,1,4190.815,4181.934259054806,3.0,-1.0,-1.047189925095924,stop,5.589267675431412,5.2966164355126075
V6 Session Reaction M15,V6,2026-06-22 16:45:00+00:00,2026-06-22 17:15:00+00:00,2026-06-23 01:45:00+00:00,1,4189.725,4168.503383539627,3.0,-1.0,-1.01974272321726,stop,5.2966164355126075,5.026557132123261
V6 Session Reaction M15,V6,2026-06-23 07:00:00+00:00,2026-06-23 07:30:00+00:00,2026-06-23 07:45:00+00:00,1,4115.525,4109.034881392564,3.0,-1.0,-1.0634121693135903,stop,5.026557132123261,4.759292030920766
V6 Session Reaction M15,V6,2026-06-23 09:30:00+00:00,2026-06-23 10:00:00+00:00,2026-06-23 23:45:00+00:00,1,4117.105,4091.0918222036075,2.0,-1.0,-1.015826997501901,stop,4.759292030920766,4.517561164220518
V6 Session Reaction M15,V6,2026-06-26 07:00:00+00:00,2026-06-26 07:30:00+00:00,2026-06-26 07:30:00+00:00,-1,4027.165,4034.706542465681,2.0,-1.0,-1.0533997523494183,stop,4.517561164220518,4.279621273639855
V6 Session Reaction M15,V6,2026-06-26 13:00:00+00:00,2026-06-26 13:30:00+00:00,2026-06-26 14:00:00+00:00,-1,4050.185,4066.829539880132,3.0,-1.0,-1.02433341521705,stop,4.279621273639855,4.060433319886703
V6 Session Reaction M15,V6,2026-06-29 11:45:00+00:00,2026-06-29 12:15:00+00:00,2026-06-29 14:15:00+00:00,1,4039.285,4026.203160783122,2.0,-1.0,-1.0308770420812736,stop,4.060433319886703,3.8511429453680504
V6 Session Reaction M15,V6,2026-06-29 14:15:00+00:00,2026-06-29 14:45:00+00:00,2026-06-30 00:45:00+00:00,1,4024.555,3998.700080982631,3.0,-1.0,-1.0155659160923938,stop,3.8511429453680504,3.6555884697022774
V6 Session Reaction M15,V6,2026-06-30 13:00:00+00:00,2026-06-30 13:30:00+00:00,2026-06-30 21:00:00+00:00,1,4023.145,4007.4740094820168,3.0,-1.0,-1.0256725635522734,stop,3.6555884697022774,3.468116629851694
V6 Session Reaction M15,V6,2026-07-01 07:30:00+00:00,2026-07-01 08:00:00+00:00,2026-07-01 11:15:00+00:00,1,3970.725,3959.0683600805437,3.0,3.0,2.965935938422766,target,3.468116629851694,3.9824272174076336
V6 Session Reaction M15,V6,2026-07-02 07:45:00+00:00,2026-07-02 08:15:00+00:00,2026-07-02 08:30:00+00:00,-1,4064.025,4077.492987982565,3.0,-1.0,-1.030175442725826,stop,3.9824272174076336,3.777297281316819
V6 Session Reaction M15,V6,2026-07-02 09:00:00+00:00,2026-07-02 09:30:00+00:00,2026-07-02 12:45:00+00:00,-1,4072.195,4080.5904446882446,2.0,-1.0,-1.0485048160188826,stop,3.777297281316819,3.579271561767033
V6 Session Reaction M15,V6,2026-07-03 13:15:00+00:00,2026-07-03 13:45:00+00:00,2026-07-03 14:00:00+00:00,1,4171.445,4163.615552125556,2.0,-1.0,-1.0532789165582939,stop,3.579271561767033,3.3907729981347385
V6 Session Reaction M15,V6,2026-07-03 14:45:00+00:00,2026-07-03 15:15:00+00:00,2026-07-06 05:15:00+00:00,1,4169.515,4154.419605507245,3.0,-1.0,-1.0276211065699616,stop,3.3907729981347385,3.2165515031112
V6 Session Reaction M15,V6,2026-07-06 10:00:00+00:00,2026-07-06 10:30:00+00:00,2026-07-06 12:45:00+00:00,1,4148.205,4135.589011658957,2.0,-1.0,-1.0328805392638554,stop,3.2165515031112,3.050435830556027
V6 Session Reaction M15,V6,2026-07-06 12:45:00+00:00,2026-07-06 13:15:00+00:00,2026-07-06 14:45:00+00:00,1,4139.685,4130.545261842052,3.0,-1.0,-1.045293255982394,stop,3.050435830556027,2.8910058304816637
V6 Session Reaction M15,V6,2026-07-06 14:45:00+00:00,2026-07-06 15:15:00+00:00,2026-07-07 01:30:00+00:00,1,4137.845,4127.3618621018995,3.0,-1.0,-1.0394714353681227,stop,2.8910058304816637,2.7407499314682444
V6 Session Reaction M15,V6,2026-07-07 14:00:00+00:00,2026-07-07 14:30:00+00:00,2026-07-08 07:30:00+00:00,-1,4152.075,4181.324577317871,3.0,1.0854857714679045,1.0712904381306836,time_exit,2.7407499314682444,2.887556891212707
V6 Session Reaction M15,V6,2026-07-08 14:45:00+00:00,2026-07-08 15:15:00+00:00,2026-07-08 15:30:00+00:00,1,4040.665,4032.128534432668,2.0,-1.0,-1.0473341685517144,stop,2.887556891212707,2.7363450414225055
V6 Session Reaction M15,V6,2026-07-08 16:15:00+00:00,2026-07-08 16:45:00+00:00,2026-07-08 19:00:00+00:00,1,4043.625,4020.319409901143,2.0,2.0,1.9826495489586495,target,2.7363450414225055,3.007605704531084
V6 Session Reaction M15,V6,2026-07-09 12:30:00+00:00,2026-07-09 13:00:00+00:00,2026-07-09 13:30:00+00:00,-1,4112.895,4123.24425299077,3.0,-1.0,-1.0397409842398109,stop,3.007605704531084,2.851249158759363
V6 Session Reaction M15,V6,2026-07-10 07:45:00+00:00,2026-07-10 08:15:00+00:00,2026-07-10 08:30:00+00:00,1,4108.705,4103.454220272999,2.0,-1.0,-1.0782494260589897,stop,2.851249158759363,2.69753127031019
V6 Session Reaction M15,V6,2026-07-10 10:15:00+00:00,2026-07-10 10:45:00+00:00,2026-07-10 13:30:00+00:00,1,4109.315,4093.646214891868,3.0,-1.0,-1.0262261239249968,stop,2.69753127031019,2.559117417325345
V6 Session Reaction M15,V6,2026-07-10 13:30:00+00:00,2026-07-10 14:00:00+00:00,2026-07-10 14:45:00+00:00,1,4098.275,4084.4548928539375,3.0,-1.0,-1.0296544372390612,stop,2.559117417325345,2.427367087117105
V6 Session Reaction M15,V6,2026-07-10 15:00:00+00:00,2026-07-10 15:30:00+00:00,2026-07-12 23:00:00+00:00,1,4097.365,4071.483402574531,2.0,-1.0,-1.015831190527552,stop,2.427367087117105,2.3040773272194266
V6 Session Reaction M15,V6,2026-07-13 07:00:00+00:00,2026-07-13 07:30:00+00:00,2026-07-13 14:00:00+00:00,1,4055.405,4042.5979424716766,3.0,-1.0,-1.031665392234174,stop,2.3040773272194266,2.185225485243242
V6 Session Reaction M15,V6,2026-07-15 07:15:00+00:00,2026-07-15 07:45:00+00:00,2026-07-15 08:15:00+00:00,1,4023.945,4019.0114187939616,3.0,-1.0,-1.0815623546456443,stop,2.185225485243242,2.0670526041806743
V6 Session Reaction M15,V6,2026-07-15 08:15:00+00:00,2026-07-15 08:45:00+00:00,2026-07-15 12:45:00+00:00,1,4026.535,4016.3979000982495,3.0,3.0,2.96027922148321,target,2.0670526041806743,2.3730052478741146
V6 Session Reaction M15,V6,2026-07-15 16:00:00+00:00,2026-07-15 16:30:00+00:00,2026-07-15 18:00:00+00:00,-1,4037.965,4063.5945450537965,3.0,-1.0,-1.0157551177421382,stop,2.3730052478741146,2.2524856366262602
V6 Session Reaction M15,V6,2026-07-16 07:30:00+00:00,2026-07-16 08:00:00+00:00,2026-07-16 08:15:00+00:00,1,4025.995,4022.1343975134605,2.0,2.0,1.8957158885423382,target,2.2524856366262602,2.4659892771295504
V6 Session Reaction M15,V6,2026-07-16 11:15:00+00:00,2026-07-16 11:45:00+00:00,2026-07-16 11:45:00+00:00,1,4024.145,4020.4790778109555,3.0,3.0,2.8902283029349065,target,2.4659892771295504,2.8223528773042412
V6 Session Reaction M15,V6,2026-07-17 13:30:00+00:00,2026-07-17 14:00:00+00:00,2026-07-17 15:15:00+00:00,-1,3985.025,4004.505854309056,3.0,-1.0,-1.020456110069811,stop,2.8223528773042412,2.67834851538333
V6 Session Reaction M15,V6,2026-07-20 08:15:00+00:00,2026-07-20 08:45:00+00:00,2026-07-20 11:45:00+00:00,-1,4021.665,4031.0683750348308,3.0,-1.0,-1.0427683144094908,stop,2.67834851538333,2.5387036670439582
V6 Session Reaction M15,V6,2026-07-20 11:45:00+00:00,2026-07-20 12:15:00+00:00,2026-07-21 02:45:00+00:00,-1,4024.675,4041.131900676371,3.0,-1.0,-1.0244558503399046,stop,2.5387036670439582,2.4086641758448306
V6 Session Reaction M15,V6,2026-07-21 08:15:00+00:00,2026-07-21 08:45:00+00:00,2026-07-21 15:45:00+00:00,-1,4063.315,4080.687933487938,2.0,-1.0,-1.0233887673766846,stop,2.4086641758448306,2.2854141827477195
V6 Session Reaction M15,V6,2026-07-24 07:30:00+00:00,2026-07-24 08:00:00+00:00,2026-07-24 08:45:00+00:00,-1,4048.285,4054.344847044058,3.0,-1.0,-1.0668050690152227,stop,2.2854141827477195,2.163509610999992
V6 Session Reaction M15,V6,2026-07-24 14:00:00+00:00,2026-07-24 14:30:00+00:00,2026-07-24 15:15:00+00:00,-1,4058.725,4070.633195896931,3.0,-1.0,-1.0340834584443312,stop,2.163509610999992,2.0516471359539707
V6 Session Reaction M15,V6,2026-07-27 12:30:00+00:00,2026-07-27 13:00:00+00:00,2026-07-27 13:15:00+00:00,1,4086.475,4080.848374514931,2.0,-1.0,-1.0726274569161232,stop,2.0516471359539707,1.9416144834575928
V6 Session Reaction M15,V6,2026-07-27 13:30:00+00:00,2026-07-27 14:00:00+00:00,2026-07-27 14:00:00+00:00,1,4086.645,4074.6298309433814,3.0,-1.0,-1.0340123803563868,stop,1.9416144834575928,1.8412318127688718
V6 Session Reaction M15,V6,2026-07-27 16:30:00+00:00,2026-07-27 17:00:00+00:00,2026-07-27 17:15:00+00:00,1,4088.225,4071.6283343005553,3.0,-1.0,-1.0246328092282826,stop,1.8412318127688718,1.7469024865309792
V6 Session Reaction M15,V6,2026-07-28 14:15:00+00:00,2026-07-28 14:45:00+00:00,2026-07-29 01:15:00+00:00,1,4021.955,4010.503939999149,3.0,-1.0,-1.0351229929779533,stop,1.7469024865309792,1.6564895400160504
V6 Session Reaction M15,V6,2026-07-29 08:00:00+00:00,2026-07-29 08:30:00+00:00,2026-07-29 12:30:00+00:00,-1,4038.995,4048.1778227715063,2.0,2.0,1.9560157578938286,target,1.6564895400160504,1.818495522168935
V6 Session Reaction M15,V6,2026-07-29 16:45:00+00:00,2026-07-29 17:15:00+00:00,2026-07-29 19:00:00+00:00,1,4027.005,4006.0512857232175,3.0,3.0,2.9807814264010366,target,1.818495522168935,2.089522405992666
V6 Session Reaction M15,V6,2026-07-30 12:30:00+00:00,2026-07-30 13:00:00+00:00,2026-07-30 13:45:00+00:00,-1,4077.045,4087.3183598193677,3.0,-1.0,-1.0396856050180763,stop,2.089522405992666,1.9809000876490002
V6 Session Reaction M15,V6,2026-07-31 07:30:00+00:00,2026-07-31 08:00:00+00:00,2026-07-31 08:00:00+00:00,1,4072.135,4067.4434927632515,2.0,-1.0,-1.0867980116944682,stop,1.9809000876490002,1.8732581738178837
V6 Session Reaction M15,V6,2026-08-03 09:30:00+00:00,2026-08-03 10:00:00+00:00,2026-08-03 11:30:00+00:00,1,4053.295,4045.591768845119,3.0,-1.0,-1.052618114639228,stop,1.8732581738178837,1.7746668994600485
V6 Session Reaction M15,V6,2026-08-03 12:45:00+00:00,2026-08-03 13:15:00+00:00,2026-08-03 13:15:00+00:00,1,4047.595,4041.322388187865,2.0,-1.0,-1.0645280645642623,stop,1.7746668994600485,1.6802077634736252
V6 Session Reaction M15,V6,2026-08-04 08:00:00+00:00,2026-08-04 08:30:00+00:00,2026-08-04 09:15:00+00:00,-1,4067.855,4073.3273696387564,3.0,3.0,2.9256655659517103,target,1.6802077634736252,1.9259940633356014
V6 Session Reaction M15,V6,2026-08-04 12:30:00+00:00,2026-08-04 13:00:00+00:00,2026-08-04 13:30:00+00:00,-1,4077.885,4085.0848818218947,3.0,-1.0,-1.0566382213052354,stop,1.9259940633356014,1.8242401162692328
V6 Session Reaction M15,V6,2026-08-04 13:30:00+00:00,2026-08-04 14:00:00+00:00,2026-08-04 14:00:00+00:00,-1,4083.145,4092.4390036368995,3.0,-1.0,-1.0439331117085953,stop,1.8242401162692328,1.7290208832152034
V6 Session Reaction M15,V6,2026-08-04 14:15:00+00:00,2026-08-04 14:45:00+00:00,2026-08-04 17:15:00+00:00,-1,4083.705,4095.097276599952,3.0,-1.0,-1.0358462592105362,stop,1.7290208832152034,1.6394708925164352
V6 Session Reaction M15,V6,2026-08-05 07:00:00+00:00,2026-08-05 07:30:00+00:00,2026-08-05 11:30:00+00:00,-1,4166.045,4180.29636619347,3.0,-1.0,-1.0292326008850219,stop,1.6394708925164352,1.5551010479774363
V6 Session Reaction M15,V6,2026-08-05 13:00:00+00:00,2026-08-05 13:30:00+00:00,2026-08-05 14:15:00+00:00,-1,4187.965,4214.293499555092,3.0,-1.0,-1.015906584388665,stop,1.5551010479774363,1.4761091782759368
V6 Session Reaction M15,V6,2026-08-06 15:15:00+00:00,2026-08-06 15:45:00+00:00,2026-08-06 15:45:00+00:00,1,4254.595,4249.151065001135,3.0,-1.0,-1.078152935347077,stop,1.4761091782759368,1.3965356061033887
V6 Session Reaction M15,V6,2026-08-10 07:00:00+00:00,2026-08-10 07:30:00+00:00,2026-08-10 08:00:00+00:00,-1,4350.825,4360.404233792651,3.0,-1.0,-1.0454193424461327,stop,1.3965356061033887,1.3235373393516279
V6 Session Reaction M15,V6,2026-08-10 08:30:00+00:00,2026-08-10 09:00:00+00:00,2026-08-10 16:15:00+00:00,-1,4346.065,4362.660588764762,3.0,-1.0,-1.0261880735995823,stop,1.3235373393516279,1.2556274277213095
V6 Session Reaction M15,V6,2026-08-10 16:30:00+00:00,2026-08-10 17:00:00+00:00,2026-08-10 18:30:00+00:00,-1,4351.695,4365.351443078503,3.0,-1.0,-1.0318655082804846,stop,1.2556274277213095,1.1908454960254813
V6 Session Reaction M15,V6,2026-08-11 08:15:00+00:00,2026-08-11 08:45:00+00:00,2026-08-12 01:45:00+00:00,1,4368.785,4355.385767178015,3.0,1.7978641255098313,1.7652593856859815,time_exit,1.1908454960254813,1.2959530554635244
V6 Session Reaction M15,V6,2026-08-12 09:15:00+00:00,2026-08-12 09:45:00+00:00,2026-08-12 12:30:00+00:00,-1,4412.875,4424.67713364997,3.0,-1.0,-1.0373904848977147,stop,1.2959530554635244,1.2287325870329253
V6 Session Reaction M15,V6,2026-08-12 13:00:00+00:00,2026-08-12 13:30:00+00:00,2026-08-13 00:45:00+00:00,-1,4421.695,4442.497407718633,3.0,-1.0,-1.0212556885712767,stop,1.2287325870329253,1.1659900798209115
V6 Session Reaction M15,V6,2026-08-13 09:45:00+00:00,2026-08-13 10:15:00+00:00,2026-08-13 14:00:00+00:00,1,4384.575,4371.069548124187,2.0,-1.0,-1.0324652224917594,stop,1.1659900798209115,1.1057978694616375
V6 Session Reaction M15,V6,2026-08-13 14:30:00+00:00,2026-08-13 15:00:00+00:00,2026-08-13 16:30:00+00:00,1,4381.065,4351.678598575689,3.0,-1.0,-1.0149084773488992,stop,1.1057978694616375,1.0496836878640892
V6 Session Reaction M15,V6,2026-08-13 16:30:00+00:00,2026-08-13 17:00:00+00:00,2026-08-13 19:15:00+00:00,1,4365.475,4349.8587056846645,2.0,-1.0,-1.0279546153002055,stop,1.0496836878640892,0.9957323282868276
V6 Session Reaction M15,V6,2026-08-18 14:00:00+00:00,2026-08-18 14:30:00+00:00,2026-08-18 19:45:00+00:00,-1,4393.095,4407.237534079545,3.0,3.0,2.968937002553496,target,0.9957323282868276,1.1435456559913029
V6 Session Reaction M15,V6,2026-08-19 07:30:00+00:00,2026-08-19 08:00:00+00:00,2026-08-19 10:15:00+00:00,-1,4354.385,4363.912755531016,3.0,-1.0,-1.045702106711545,stop,1.1435456559913029,1.0837552509117558
V6 Session Reaction M15,V6,2026-08-20 12:30:00+00:00,2026-08-20 13:00:00+00:00,2026-08-20 15:15:00+00:00,1,4466.425,4449.465862185694,3.0,3.0,2.973663608086065,target,1.0837552509117558,1.2448914283971793
V6 Session Reaction M15,V6,2026-08-21 15:15:00+00:00,2026-08-21 15:45:00+00:00,2026-08-21 15:45:00+00:00,-1,4602.835,4608.263775499275,2.0,-1.0,-1.0847858785211315,stop,1.2448914283971793,1.1773693963063163
V6 Session Reaction M15,V6,2026-08-24 13:30:00+00:00,2026-08-24 14:00:00+00:00,2026-08-25 00:00:00+00:00,-1,4658.495,4681.916001518375,3.0,-1.0,-1.0198902467784954,stop,1.1773693963063163,1.1173300180989014
V6 Session Reaction M15,V6,2026-08-25 14:00:00+00:00,2026-08-25 14:30:00+00:00,2026-08-26 07:30:00+00:00,1,4622.855,4603.761643341031,3.0,0.435753657599678,0.41154180694099035,time_exit,1.1173300180989014,1.140321418828793
V6 Session Reaction M15,V6,2026-08-26 07:30:00+00:00,2026-08-26 08:00:00+00:00,2026-08-26 08:30:00+00:00,1,4631.545,4623.50379851588,3.0,-1.0,-1.057597673794722,stop,1.140321418828793,1.0800213548322115
V6 Session Reaction M15,V6,2026-08-26 12:30:00+00:00,2026-08-26 13:00:00+00:00,2026-08-26 13:00:00+00:00,1,4622.435,4611.264046791418,3.0,-1.0,-1.0413790561440064,stop,1.0800213548322115,1.0237857738766845
V6 Session Reaction M15,V6,2026-08-26 13:30:00+00:00,2026-08-26 14:00:00+00:00,2026-08-26 15:15:00+00:00,1,4619.465,4596.933179857603,3.0,-1.0,-1.0205019610968213,stop,1.0237857738766845,0.9715470043774753
V6 Session Reaction M15,V6,2026-08-27 07:00:00+00:00,2026-08-27 07:30:00+00:00,2026-08-27 07:30:00+00:00,1,4603.355,4596.921605229753,2.0,-1.0,-1.0715540576071914,stop,0.9715470043774753,0.9194937476426356
V6 Session Reaction M15,V6,2026-08-27 08:00:00+00:00,2026-08-27 08:30:00+00:00,2026-08-27 09:45:00+00:00,1,4603.065,4592.499494064114,2.0,-1.0,-1.0435669150907916,stop,0.9194937476426356,0.8715160849590008
V6 Session Reaction M15,V6,2026-08-27 13:45:00+00:00,2026-08-27 14:15:00+00:00,2026-08-27 15:45:00+00:00,1,4572.345,4563.240724566265,3.0,3.0,2.949778046223672,target,0.8715160849590008,1.000055035676144
V6 Session Reaction M15,V6,2026-08-27 16:00:00+00:00,2026-08-27 16:30:00+00:00,2026-08-27 17:00:00+00:00,-1,4604.115,4613.7792154889985,2.0,-1.0,-1.0476408561589,stop,1.000055035676144,0.9476701099870553
V6 Session Reaction M15,V6,2026-08-28 07:00:00+00:00,2026-08-28 07:30:00+00:00,2026-08-28 07:45:00+00:00,-1,4600.485,4613.990768587506,3.0,-1.0,-1.034063111404528,stop,0.9476701099870553,0.8986725748611409
V6 Session Reaction M15,V6,2026-08-28 09:00:00+00:00,2026-08-28 09:30:00+00:00,2026-08-28 14:00:00+00:00,-1,4601.365,4615.14631943428,2.0,-1.0,-1.033388421347774,stop,0.8986725748611409,0.8522386831889263
V6 Session Reaction M15,V6,2026-08-31 13:00:00+00:00,2026-08-31 13:30:00+00:00,2026-08-31 13:45:00+00:00,1,4445.805,4432.751950972846,3.0,-1.0,-1.0340595135339758,stop,0.8522386831889263,0.8081754072812674
V6 Session Reaction M15,V6,2026-08-31 15:00:00+00:00,2026-08-31 15:30:00+00:00,2026-09-01 07:45:00+00:00,1,4435.125,4414.5110162755855,2.0,-1.0,-1.0215151280766133,stop,0.8081754072812674,0.7668972370474028
V6 Session Reaction M15,V6,2026-09-01 12:30:00+00:00,2026-09-01 13:00:00+00:00,2026-09-01 13:15:00+00:00,1,4364.665,4350.6902354852145,3.0,-1.0,-1.031232476192226,stop,0.7668972370474028,0.7273547702101343
V6 Session Reaction M15,V6,2026-09-01 15:15:00+00:00,2026-09-01 15:45:00+00:00,2026-09-01 16:45:00+00:00,1,4365.515,4351.5883805256,2.0,-1.0,-1.0313465518895275,stop,0.7273547702101343,0.6898470284973032
V6 Session Reaction M15,V6,2026-09-02 12:45:00+00:00,2026-09-02 13:15:00+00:00,2026-09-02 13:30:00+00:00,-1,4331.275,4345.028084087273,2.0,-1.0,-1.0314931179982245,stop,0.6898470284973032,0.6542684053789785
V6 Session Reaction M15,V6,2026-09-03 08:00:00+00:00,2026-09-03 08:30:00+00:00,2026-09-03 12:00:00+00:00,-1,4431.145,4444.365701051479,3.0,-1.0,-1.0335167173264572,stop,0.6542684053789785,0.6204585386500936
V6 Session Reaction M15,V6,2026-09-04 07:00:00+00:00,2026-09-04 07:30:00+00:00,2026-09-04 12:45:00+00:00,1,4467.655,4459.261499569891,3.0,-1.0,-1.0532275543106433,stop,0.6204585386500936,0.5877843371894139
V6 Session Reaction M15,V6,2026-09-07 10:45:00+00:00,2026-09-07 11:15:00+00:00,2026-09-07 11:45:00+00:00,1,4391.265,4387.122252418358,3.0,-1.0,-1.105998854949758,stop,0.5877843371894139,0.5552798969949693
V6 Session Reaction M15,V6,2026-09-08 13:00:00+00:00,2026-09-08 13:30:00+00:00,2026-09-08 13:45:00+00:00,-1,4408.245,4414.072730407031,3.0,3.0,2.924357430901714,target,0.5552798969949693,0.6364717416453481
V6 Session Reaction M15,V6,2026-09-08 16:15:00+00:00,2026-09-08 16:45:00+00:00,2026-09-08 19:00:00+00:00,1,4393.905,4379.106985172444,3.0,-1.0,-1.029692530053545,stop,0.6364717416453481,0.6037032317472288
V6 Session Reaction M15,V6,2026-09-09 08:15:00+00:00,2026-09-09 08:45:00+00:00,2026-09-09 12:00:00+00:00,-1,4399.425,4413.250767076119,2.0,-1.0,-1.0318204767647154,stop,0.6037032317472288,0.5725575639269376
V6 Session Reaction M15,V6,2026-09-09 13:45:00+00:00,2026-09-09 14:15:00+00:00,2026-09-10 06:15:00+00:00,-1,4414.495,4434.738261801754,3.0,-1.0,-1.021807231676555,stop,0.5725575639269376,0.5433053909583547
V6 Session Reaction M15,V6,2026-09-10 09:30:00+00:00,2026-09-10 10:00:00+00:00,2026-09-10 10:45:00+00:00,1,4392.905,4387.432700248093,2.0,-1.0,-1.0802752992189342,stop,0.5433053909583547,0.5139594212691149
V6 Session Reaction M15,V6,2026-09-11 07:00:00+00:00,2026-09-11 07:30:00+00:00,2026-09-11 11:45:00+00:00,-1,4351.735,4361.786878923001,2.0,2.0,1.956707248134055,target,0.5139594212691149,0.5642428275113179
V6 Session Reaction M15,V6,2026-09-11 16:15:00+00:00,2026-09-11 16:45:00+00:00,2026-09-14 09:00:00+00:00,-1,4354.715,4378.286120922658,2.0,2.0,1.9815252103865197,target,0.5642428275113179,0.6201458968859904
V6 Session Reaction M15,V6,2026-09-14 12:30:00+00:00,2026-09-14 13:00:00+00:00,2026-09-14 13:00:00+00:00,1,4283.449,4272.415151491552,3.0,-1.0,-1.038820987951036,stop,0.6201458968859904,0.5879348682221461
V6 Session Reaction M15,V6,2026-09-14 14:00:00+00:00,2026-09-14 14:30:00+00:00,2026-09-15 07:30:00+00:00,1,4281.505,4252.289636601563,3.0,0.3576885167397518,0.3430335390089972,time_exit,0.5879348682221461,0.5980189371497977
V6 Session Reaction M15,V6,2026-09-15 07:30:00+00:00,2026-09-15 08:00:00+00:00,2026-09-15 08:00:00+00:00,1,4283.705,4280.126965582276,3.0,-1.0,-1.1197222972138197,stop,0.5980189371497977,0.5645381802456608
V6 Session Reaction M15,V6,2026-09-15 11:00:00+00:00,2026-09-15 11:30:00+00:00,2026-09-16 03:00:00+00:00,1,4283.458,4266.904560376437,2.0,2.0,1.9741234565298271,target,0.5645381802456608,0.6202615834321419
V7 Momentum Alt M15,V7 Momentum,2026-01-02 03:00:00+00:00,2026-01-02 03:30:00+00:00,2026-01-02 15:15:00+00:00,1,4368.745,4343.906934029974,2.0,-1.0,-1.017588909721361,stop,100.0,94.9120554513932
V7 Momentum Alt M15,V7 Momentum,2026-01-12 09:00:00+00:00,2026-01-12 09:30:00+00:00,2026-01-12 12:30:00+00:00,1,4596.735,4578.454462875751,3.0,-1.0,-1.025145513880457,stop,94.9120554513932,90.04712205843475
V7 Momentum Alt M15,V7 Momentum,2026-01-14 03:45:00+00:00,2026-01-14 04:15:00+00:00,2026-01-14 15:00:00+00:00,1,4627.975,4612.362278296873,3.0,-1.0,-1.0296423332715463,stop,90.04712205843475,85.41130561540304
V7 Momentum Alt M15,V7 Momentum,2026-01-20 09:30:00+00:00,2026-01-20 10:00:00+00:00,2026-01-21 01:15:00+00:00,1,4734.095,4714.96052676323,3.0,3.0,2.9752588172069325,target,85.41130561540304,98.11734262147223
V7 Momentum Alt M15,V7 Momentum,2026-01-22 17:30:00+00:00,2026-01-22 18:00:00+00:00,2026-01-23 11:00:00+00:00,1,4898.705,4868.0517302358985,3.0,1.0090277558651493,0.9930467364251384,time_exit,98.11734262147223,102.98909796532024
V7 Momentum Alt M15,V7 Momentum,2026-01-27 14:15:00+00:00,2026-01-27 14:45:00+00:00,2026-01-27 16:15:00+00:00,-1,5059.275,5093.929807227653,3.0,-1.0,-1.0145990568256944,stop,102.98909796532024,97.7644658823731
V7 Momentum Alt M15,V7 Momentum,2026-01-28 01:15:00+00:00,2026-01-28 01:45:00+00:00,2026-01-28 08:45:00+00:00,1,5193.705,5155.596510314275,3.0,3.0,2.98637126518833,target,97.7644658823731,112.36251546575329
V7 Momentum Alt M15,V7 Momentum,2026-02-02 05:45:00+00:00,2026-02-02 06:15:00+00:00,2026-02-02 10:00:00+00:00,-1,4547.265,4718.165774318777,2.0,-1.0,-1.0026607632517324,stop,112.36251546575329,106.72944118986445
V7 Momentum Alt M15,V7 Momentum,2026-02-02 23:15:00+00:00,2026-02-02 23:45:00+00:00,2026-02-03 07:45:00+00:00,1,4736.985,4639.309112660433,2.0,2.0,1.99515030256799,target,106.72944118986445,117.37650503400798
V7 Momentum Alt M15,V7 Momentum,2026-02-03 16:30:00+00:00,2026-02-03 17:00:00+00:00,2026-02-03 18:30:00+00:00,1,4980.665,4904.897580422068,2.0,-1.0,-1.0065736236336742,stop,117.37650503400798,111.46910033393111
V7 Momentum Alt M15,V7 Momentum,2026-02-09 10:30:00+00:00,2026-02-09 11:00:00+00:00,2026-02-09 14:45:00+00:00,-1,4986.615,5028.877565526878,2.0,-1.0,-1.0117991298867755,stop,111.46910033393111,105.82988339757446
V7 Momentum Alt M15,V7 Momentum,2026-02-09 14:45:00+00:00,2026-02-09 15:15:00+00:00,2026-02-09 23:15:00+00:00,1,5037.605,4993.3302267904655,2.0,-1.0,-1.0113780481181893,stop,105.82988339757446,100.47818235241374
V7 Momentum Alt M15,V7 Momentum,2026-02-13 01:15:00+00:00,2026-02-13 01:45:00+00:00,2026-02-13 17:45:00+00:00,1,4969.495,4911.436078702528,3.0,0.9054594681608182,0.8969000686939591,time_exit,100.47818235241374,104.98412678511994
V7 Momentum Alt M15,V7 Momentum,2026-02-24 12:30:00+00:00,2026-02-24 13:00:00+00:00,2026-02-25 01:30:00+00:00,-1,5157.575,5179.256851788713,3.0,-1.0,-1.0237875207812501,stop,104.98412678511994,99.61005484098382
V7 Momentum Alt M15,V7 Momentum,2026-02-26 08:30:00+00:00,2026-02-26 09:00:00+00:00,2026-02-26 15:30:00+00:00,-1,5173.855,5191.525538864047,2.0,2.0,1.9707204458233771,target,99.61005484098382,109.42523342521956
V7 Momentum Alt M15,V7 Momentum,2026-03-03 01:15:00+00:00,2026-03-03 01:45:00+00:00,2026-03-03 02:15:00+00:00,1,5376.805,5335.012267732652,3.0,-1.0,-1.0128654067544676,stop,109.42523342521956,103.88358174709768
V7 Momentum Alt M15,V7 Momentum,2026-03-09 05:45:00+00:00,2026-03-09 06:15:00+00:00,2026-03-09 13:45:00+00:00,1,5123.995,5078.842758276608,2.0,-1.0,-1.011348262687355,stop,103.88358174709768,98.63045775101433
V7 Momentum Alt M15,V7 Momentum,2026-03-09 13:45:00+00:00,2026-03-09 14:15:00+00:00,2026-03-09 14:45:00+00:00,-1,5073.935,5113.40031835599,3.0,-1.0,-1.0128566934497565,stop,98.63045775101433,93.63553178545791
V7 Momentum Alt M15,V7 Momentum,2026-03-10 01:30:00+00:00,2026-03-10 02:00:00+00:00,2026-03-10 18:00:00+00:00,1,5165.855,5122.972599199033,3.0,1.4329887984866538,1.4209422364856674,time_exit,93.63553178545791,100.28806588294559
V7 Momentum Alt M15,V7 Momentum,2026-03-13 06:30:00+00:00,2026-03-13 07:00:00+00:00,2026-03-13 12:15:00+00:00,-1,5091.465,5111.961438054717,3.0,-1.0,-1.024840730796287,stop,100.28806588294559,95.14910114646439
V7 Momentum Alt M15,V7 Momentum,2026-03-15 23:30:00+00:00,2026-03-16 00:00:00+00:00,2026-03-16 00:15:00+00:00,-1,4983.738,5027.427482878922,3.0,-1.0,-1.0114071801074223,stop,95.14910114646439,90.33737694244932
V7 Momentum Alt M15,V7 Momentum,2026-03-19 11:45:00+00:00,2026-03-19 12:15:00+00:00,2026-03-20 03:00:00+00:00,-1,4651.455,4702.8275821538855,3.0,-1.0,-1.009054353129587,stop,90.33737694244932,85.77961076974499
V7 Momentum Alt M15,V7 Momentum,2026-03-24 20:30:00+00:00,2026-03-24 21:00:00+00:00,2026-03-25 02:00:00+00:00,1,4459.628,4392.407978822416,2.0,2.0,1.993365625416543,target,85.77961076974499,94.32911714324601
V7 Momentum Alt M15,V7 Momentum,2026-03-27 10:45:00+00:00,2026-03-27 11:15:00+00:00,2026-03-27 13:00:00+00:00,-1,4414.498,4439.234826132255,3.0,-1.0,-1.017845854502101,stop,94.32911714324601,89.5284921010912
V7 Momentum Alt M15,V7 Momentum,2026-03-31 14:00:00+00:00,2026-03-31 14:30:00+00:00,2026-04-01 00:30:00+00:00,1,4614.538,4565.864670013839,2.0,2.0,1.9905193706670326,target,89.5284921010912,98.43890198878282
V7 Momentum Alt M15,V7 Momentum,2026-04-07 22:15:00+00:00,2026-04-07 22:45:00+00:00,2026-04-08 00:15:00+00:00,1,4735.165,4694.980390703267,3.0,3.0,2.988216471224009,target,98.43890198878282,113.14673940538715
V7 Momentum Alt M15,V7 Momentum,2026-04-08 14:30:00+00:00,2026-04-08 15:00:00+00:00,2026-04-09 08:00:00+00:00,-1,4759.778,4800.587315960034,3.0,0.8751188095133893,0.8634553501095085,time_exit,113.14673940538715,118.03159727973853
V7 Momentum Alt M15,V7 Momentum,2026-04-09 10:30:00+00:00,2026-04-09 11:00:00+00:00,2026-04-09 13:45:00+00:00,1,4740.515,4722.267385051317,2.0,2.0,1.9740211802291336,target,118.03159727973853,129.6814409280625
V7 Momentum Alt M15,V7 Momentum,2026-04-10 00:15:00+00:00,2026-04-10 00:45:00+00:00,2026-04-10 01:15:00+00:00,-1,4753.445,4764.950999492781,2.0,-1.0,-1.0413127516908216,stop,129.6814409280625,122.92949402326093
V7 Momentum Alt M15,V7 Momentum,2026-04-13 11:45:00+00:00,2026-04-13 12:15:00+00:00,2026-04-13 13:15:00+00:00,-1,4706.745,4729.8636052558495,2.0,-1.0,-1.0203591217891879,stop,122.92949402326093,116.65788249508275
V7 Momentum Alt M15,V7 Momentum,2026-04-16 00:45:00+00:00,2026-04-16 01:15:00+00:00,2026-04-16 01:45:00+00:00,1,4832.418,4813.490698863986,3.0,-1.0,-1.0255314688833537,stop,116.65788249508275,110.67606601548255
V7 Momentum Alt M15,V7 Momentum,2026-04-16 08:15:00+00:00,2026-04-16 08:45:00+00:00,2026-04-17 01:45:00+00:00,-1,4811.075,4831.5385835851075,3.0,1.6466812794472123,1.623170856749297,time_exit,110.67606601548255,119.65837426028217
V7 Momentum Alt M15,V7 Momentum,2026-04-21 11:45:00+00:00,2026-04-21 12:15:00+00:00,2026-04-21 12:45:00+00:00,1,4794.595,4774.429786433855,2.0,-1.0,-1.0237765644498282,stop,119.65837426028217,113.53320229489
V7 Momentum Alt M15,V7 Momentum,2026-04-22 05:30:00+00:00,2026-04-22 06:00:00+00:00,2026-04-22 10:15:00+00:00,1,4767.165,4751.092406095873,3.0,-1.0,-1.0296602093503775,stop,113.53320229489,107.68817125273124
V7 Momentum Alt M15,V7 Momentum,2026-04-23 10:15:00+00:00,2026-04-23 10:45:00+00:00,2026-04-23 11:45:00+00:00,-1,4686.625,4704.408559268939,3.0,-1.0,-1.0263536951693677,stop,107.68817125273124,102.16186362816761
V7 Momentum Alt M15,V7 Momentum,2026-04-27 15:00:00+00:00,2026-04-27 15:30:00+00:00,2026-04-28 00:15:00+00:00,-1,4674.375,4698.1874938259425,3.0,-1.0,-1.0196299263494506,stop,102.16186362816761,96.95349895382205
V7 Momentum Alt M15,V7 Momentum,2026-04-29 07:15:00+00:00,2026-04-29 07:45:00+00:00,2026-04-29 13:45:00+00:00,-1,4574.995,4599.372915065165,2.0,2.0,1.9812330341303985,target,96.95349895382205,106.55787269891401
V7 Momentum Alt M15,V7 Momentum,2026-05-04 01:15:00+00:00,2026-05-04 01:45:00+00:00,2026-05-04 02:15:00+00:00,-1,4594.375,4617.172631449688,2.0,-1.0,-1.0201528610993615,stop,106.55787269891401,101.12260676359108
V7 Momentum Alt M15,V7 Momentum,2026-05-05 22:15:00+00:00,2026-05-05 22:45:00+00:00,2026-05-05 23:00:00+00:00,-1,4546.498,4560.485668046653,3.0,-1.0,-1.0325036166488655,stop,101.12260676359108,95.90213390317264
V7 Momentum Alt M15,V7 Momentum,2026-05-11 05:45:00+00:00,2026-05-11 06:15:00+00:00,2026-05-11 12:30:00+00:00,-1,4652.125,4681.695109498115,3.0,-1.0,-1.0157325254419385,stop,95.90213390317264,91.03158806993561
V7 Momentum Alt M15,V7 Momentum,2026-05-11 12:30:00+00:00,2026-05-11 13:00:00+00:00,2026-05-12 00:00:00+00:00,1,4691.925,4666.379236694575,3.0,3.0,2.9816332558009586,target,91.03158806993561,104.6027285858203
V7 Momentum Alt M15,V7 Momentum,2026-05-12 05:00:00+00:00,2026-05-12 05:30:00+00:00,2026-05-12 14:45:00+00:00,-1,4712.535,4731.010116044236,2.0,2.0,1.9744925282811951,target,104.6027285858203,114.9295938873467
V7 Momentum Alt M15,V7 Momentum,2026-05-13 12:30:00+00:00,2026-05-13 13:00:00+00:00,2026-05-13 16:30:00+00:00,-1,4682.655,4706.110402947266,2.0,-1.0,-1.019964078257482,stop,114.9295938873467,109.06839102265597
V7 Momentum Alt M15,V7 Momentum,2026-05-14 03:45:00+00:00,2026-05-14 04:15:00+00:00,2026-05-14 04:30:00+00:00,-1,4674.695,4700.254106979742,2.0,-1.0,-1.0182897430794633,stop,109.06839102265597,103.51522982902843
V7 Momentum Alt M15,V7 Momentum,2026-05-18 23:15:00+00:00,2026-05-18 23:45:00+00:00,2026-05-19 01:00:00+00:00,1,4585.515,4565.185714933549,2.0,-1.0,-1.0225562039442664,stop,103.51522982902843,98.22272280580894
V7 Momentum Alt M15,V7 Momentum,2026-05-21 17:15:00+00:00,2026-05-21 17:45:00+00:00,2026-05-22 06:00:00+00:00,1,4541.345,4510.66184328974,3.0,-1.0,-1.0148007750404686,stop,98.22272280580894,93.23889804431295
V7 Momentum Alt M15,V7 Momentum,2026-06-09 01:30:00+00:00,2026-06-09 02:00:00+00:00,2026-06-09 14:30:00+00:00,1,4335.495,4314.01045903509,3.0,-1.0,-1.0201796026597967,stop,93.23889804431295,88.48287694634872
V7 Momentum Alt M15,V7 Momentum,2026-06-10 22:15:00+00:00,2026-06-10 22:45:00+00:00,2026-06-11 01:15:00+00:00,-1,4044.435,4084.273550473737,3.0,-1.0,-1.0101520636466585,stop,88.48287694634872,84.01381890911135
V7 Momentum Alt M15,V7 Momentum,2026-06-17 04:30:00+00:00,2026-06-17 05:00:00+00:00,2026-06-17 09:45:00+00:00,-1,4322.995,4334.563151929126,2.0,-1.0,-1.0373697979287035,stop,84.01381890911135,79.65614899186318
V7 Momentum Alt M15,V7 Momentum,2026-06-17 17:45:00+00:00,2026-06-17 18:15:00+00:00,2026-06-17 18:15:00+00:00,1,4379.575,4354.005504463896,3.0,-1.0,-1.0171281243848398,stop,79.65614899186318,75.60512352087251
V7 Momentum Alt M15,V7 Momentum,2026-06-23 14:00:00+00:00,2026-06-23 14:30:00+00:00,2026-06-23 22:45:00+00:00,1,4137.288,4104.016151906316,3.0,-1.0,-1.0124348007010329,stop,75.60512352087251,71.77786061268094
V7 Momentum Alt M15,V7 Momentum,2026-06-24 11:15:00+00:00,2026-06-24 11:45:00+00:00,2026-06-24 13:00:00+00:00,-1,4044.055,4067.7281773607906,2.0,2.0,1.9829171431516495,target,71.77786061268094,78.89433812806267
V7 Momentum Alt M15,V7 Momentum,2026-07-03 00:15:00+00:00,2026-07-03 00:45:00+00:00,2026-07-03 01:15:00+00:00,1,4136.865,4119.982745875501,2.0,2.0,1.9754957781733855,target,78.89433812806267,86.68710972275123
V7 Momentum Alt M15,V7 Momentum,2026-07-07 11:30:00+00:00,2026-07-07 12:00:00+00:00,2026-07-07 19:00:00+00:00,1,4147.995,4130.915525300683,2.0,-1.0,-1.0242864319484362,stop,86.68710972275123,82.24748820705926
V7 Momentum Alt M15,V7 Momentum,2026-07-08 03:15:00+00:00,2026-07-08 03:45:00+00:00,2026-07-08 08:30:00+00:00,1,4129.485,4104.686675689172,2.0,-1.0,-1.0166522743562838,stop,82.24748820705926,78.06663340976934
V7 Momentum Alt M15,V7 Momentum,2026-07-15 05:15:00+00:00,2026-07-15 05:45:00+00:00,2026-07-15 11:45:00+00:00,-1,4024.835,4036.6161780840102,3.0,-1.0,-1.0341632642448775,stop,78.06663340976934,74.02995118798657
V7 Momentum Alt M15,V7 Momentum,2026-07-15 11:45:00+00:00,2026-07-15 12:15:00+00:00,2026-07-15 12:45:00+00:00,1,4038.245,4026.104342354364,2.0,2.0,1.966737839762317,target,74.02995118798657,81.3098265018451
V7 Momentum Alt M15,V7 Momentum,2026-07-17 01:00:00+00:00,2026-07-17 01:30:00+00:00,2026-07-17 02:45:00+00:00,1,3991.865,3975.5992812973573,3.0,-1.0,-1.024541583885571,stop,81.3098265018451,77.14456158036202
V7 Momentum Alt M15,V7 Momentum,2026-07-17 15:15:00+00:00,2026-07-17 15:45:00+00:00,2026-07-20 00:15:00+00:00,1,4013.195,3988.678211410672,2.0,-1.0,-1.0163691708046414,stop,77.14456158036202,73.22419387608602
V7 Momentum Alt M15,V7 Momentum,2026-07-22 03:15:00+00:00,2026-07-22 03:45:00+00:00,2026-07-22 06:30:00+00:00,1,4138.135,4117.787649002643,2.0,-1.0,-1.0203374630955029,stop,73.22419387608602,69.48852446524909
V7 Momentum Alt M15,V7 Momentum,2026-07-24 15:15:00+00:00,2026-07-24 15:45:00+00:00,2026-07-24 18:45:00+00:00,1,4074.865,4054.693623316997,2.0,-1.0,-1.0202012240613885,stop,69.48852446524909,65.94391057936575
V7 Momentum Alt M15,V7 Momentum,2026-07-28 00:15:00+00:00,2026-07-28 00:45:00+00:00,2026-07-28 05:45:00+00:00,-1,4061.805,4075.359951640561,2.0,2.0,1.9700345297592532,target,65.94391057936575,72.4394996228011
V7 Momentum Alt M15,V7 Momentum,2026-07-28 22:30:00+00:00,2026-07-28 23:00:00+00:00,2026-07-29 02:30:00+00:00,-1,4017.975,4030.8475182675897,3.0,-1.0,-1.031213589419534,stop,72.4394996228011,68.70446980171191
V7 Momentum Alt M15,V7 Momentum,2026-07-30 08:30:00+00:00,2026-07-30 09:00:00+00:00,2026-07-31 02:00:00+00:00,1,4065.625,4034.884107418841,2.0,0.6057078515479384,0.5924823897651801,time_exit,68.70446980171191,70.7397792244953
V7 Momentum Alt M15,V7 Momentum,2026-07-31 12:30:00+00:00,2026-07-31 13:00:00+00:00,2026-08-02 22:15:00+00:00,-1,4044.375,4061.525027977914,3.0,-1.0,-1.023582323044653,stop,70.7397792244953,67.11937984698156
V7 Momentum Alt M15,V7 Momentum,2026-08-10 05:45:00+00:00,2026-08-10 06:15:00+00:00,2026-08-10 12:30:00+00:00,1,4347.215,4328.538902569403,2.0,-1.0,-1.023276891846141,stop,67.11937984698156,63.68529432735857
V7 Momentum Alt M15,V7 Momentum,2026-08-11 00:15:00+00:00,2026-08-11 00:45:00+00:00,2026-08-11 05:30:00+00:00,1,4413.825,4392.859001029585,3.0,-1.0,-1.0210522999940441,stop,63.68529432735857,60.43399351492122
V7 Momentum Alt M15,V7 Momentum,2026-08-13 05:45:00+00:00,2026-08-13 06:15:00+00:00,2026-08-13 23:15:00+00:00,-1,4382.885,4408.040088608321,2.0,0.8968364354136388,0.8794129825757494,time_exit,60.43399351492122,63.09131543921724
V7 Momentum Alt M15,V7 Momentum,2026-08-18 20:00:00+00:00,2026-08-18 20:30:00+00:00,2026-08-19 02:30:00+00:00,-1,4341.695,4359.30524672741,3.0,-1.0,-1.0246543678075908,stop,63.09131543921724,59.85897584244122
V7 Momentum Alt M15,V7 Momentum,2026-08-19 20:30:00+00:00,2026-08-19 21:00:00+00:00,2026-08-20 01:15:00+00:00,1,4519.405,4500.863939046474,3.0,-1.0,-1.0243751153794713,stop,59.85897584244122,56.79307357818633
V7 Momentum Alt M15,V7 Momentum,2026-08-21 08:30:00+00:00,2026-08-21 09:00:00+00:00,2026-08-24 02:00:00+00:00,1,4582.285,4558.1258713721945,3.0,2.0513984905465747,2.032431395041623,time_exit,56.79307357818633,62.564474866247075
V7 Momentum Alt M15,V7 Momentum,2026-08-27 09:45:00+00:00,2026-08-27 10:15:00+00:00,2026-08-27 15:45:00+00:00,-1,4580.325,4602.951105915145,3.0,-1.0,-1.020243540877859,stop,62.564474866247075,59.37292479771189
V7 Momentum Alt M15,V7 Momentum,2026-08-31 02:15:00+00:00,2026-08-31 02:45:00+00:00,2026-08-31 18:45:00+00:00,-1,4422.945,4464.43491132194,2.0,-0.1484698280553433,-0.15913011837430852,time_exit,59.37292479771189,58.900523770147444
V7 Momentum Alt M15,V7 Momentum,2026-09-08 07:45:00+00:00,2026-09-08 08:15:00+00:00,2026-09-08 13:00:00+00:00,-1,4392.315,4410.141242850974,3.0,-1.0,-1.024639600372997,stop,58.900523770147444,55.882933313267245
V7 Momentum Alt M15,V7 Momentum,2026-09-08 19:00:00+00:00,2026-09-08 19:30:00+00:00,2026-09-09 05:45:00+00:00,-1,4370.385,4391.1814371827195,3.0,-1.0,-1.021015066001938,stop,55.882933313267245,53.03006747100587
V7 Momentum Alt M15,V7 Momentum,2026-09-10 10:45:00+00:00,2026-09-10 11:15:00+00:00,2026-09-10 12:45:00+00:00,-1,4378.758,4400.9666689783,2.0,2.0,1.980283564025028,target,53.03006747100587,58.28079602160444
V7 Momentum Alt M15,V7 Momentum,2026-09-11 03:30:00+00:00,2026-09-11 04:00:00+00:00,2026-09-11 05:15:00+00:00,-1,4308.055,4335.325898286209,3.0,-1.0,-1.015797261075843,stop,58.28079602160444,55.32072237300115
V7 Momentum Alt M15,V7 Momentum,2026-09-15 18:15:00+00:00,2026-09-15 18:45:00+00:00,2026-09-15 21:00:00+00:00,1,4304.655,4289.284129281776,2.0,-1.0,-1.028005277507775,stop,55.32072237300115,52.47722264525177
V7 Momentum Alt M15,V7 Momentum,2026-09-16 10:15:00+00:00,2026-09-16 10:45:00+00:00,2026-09-16 13:30:00+00:00,1,4347.865,4326.3520790785005,2.0,0.1747786836441447,0.1545682016930169,time_exit,52.47722264525177,52.8827881419578
