window,technique,entry_time,exit_time,direction,entry,stop,target_r,gross_r,net_r,reason,priority,route_rank,strategy,balance_before_rm,balance_after_rm
2024,M15-0591 MTF,2024-01-02 05:45:00+00:00,2024-01-02 11:45:00+00:00,1,2072.14,2069.1753647567275,3.0,-1.0,-1.0698952764830783,stop,0,3,Ensemble REGIME-ROUTER,100.0,94.65052361758461
2024,Structural Frequency M15,2024-01-03 07:15:00+00:00,2024-01-03 09:45:00+00:00,-1,2062.13,2065.6169144271953,2.0,2.0,1.9408608945514405,target,4,2,Ensemble REGIME-ROUTER,94.65052361758461,103.83569861449399
2024,Structural Portfolio MTF,2024-01-04 04:15:00+00:00,2024-01-04 06:30:00+00:00,-1,2043.53,2047.110519073261,3.0,-1.0,-1.0570735683342922,stop,1,0,Ensemble REGIME-ROUTER,103.83569861449399,98.34759999174862
2024,Outcome First M15,2024-01-04 12:00:00+00:00,2024-01-05 05:15:00+00:00,-1,2045.16,2049.9541904188013,3.0,0.29410596510112036,0.25144683349926417,time_exit,2,2,Ensemble REGIME-ROUTER,98.34759999174862,99.5840596217575
2024,V1 Legacy M15,2024-01-05 06:45:00+00:00,2024-01-05 07:15:00+00:00,-1,2041.38,2045.4080773564162,2.0,-1.0,-1.0506787685382553,stop,3,1,Ensemble REGIME-ROUTER,99.5840596217575,94.35251676528608
2024,V1 Legacy M15,2024-01-05 09:45:00+00:00,2024-01-05 13:45:00+00:00,-1,2041.33,2044.0256133144899,2.0,2.0,1.924272150273666,target,3,1,Ensemble REGIME-ROUTER,94.35251676528608,103.43051278126954
2024,Structural Frequency M15,2024-01-05 16:15:00+00:00,2024-01-08 03:45:00+00:00,-1,2055.75,2064.607950566378,2.0,2.0,1.9767920357582147,target,4,2,Ensemble REGIME-ROUTER,103.43051278126954,113.65354347728963
2024,V1 Legacy M15,2024-01-08 11:15:00+00:00,2024-01-08 15:45:00+00:00,-1,2025.67,2032.061340654103,3.0,-1.0,-1.0316939764226083,stop,3,1,Ensemble REGIME-ROUTER,113.65354347728963,107.7907596670594
2024,Structural Portfolio MTF,2024-01-09 01:45:00+00:00,2024-01-09 07:30:00+00:00,-1,2031.87,2035.8981645848098,3.0,-1.0,-1.05044158343634,stop,1,0,Ensemble REGIME-ROUTER,107.7907596670594,102.12936485383581
2024,M15-0591 MTF,2024-01-09 08:00:00+00:00,2024-01-09 08:15:00+00:00,1,2036.03,2032.9177116653543,3.0,-1.0,-1.0654190672931918,stop,0,3,Ensemble REGIME-ROUTER,102.12936485383581,96.68883622154482
2024,Structural Portfolio MTF,2024-01-09 08:30:00+00:00,2024-01-09 10:45:00+00:00,-1,2031.8,2038.5836880710688,3.0,-1.0,-1.0299512592370699,stop,1,0,Ensemble REGIME-ROUTER,96.68883622154482,91.70959679051748
2024,Structural Portfolio MTF,2024-01-09 11:15:00+00:00,2024-01-09 13:45:00+00:00,-1,2034.0,2038.83121788702,3.0,-1.0,-1.042101185406369,stop,1,0,Ensemble REGIME-ROUTER,91.70959679051748,86.93106281409055
2024,Outcome First M15,2024-01-10 07:30:00+00:00,2024-01-10 18:00:00+00:00,1,2028.54,2023.523932216165,3.0,-1.0,-1.0404408410615429,stop,2,1,Ensemble REGIME-ROUTER,86.93106281409055,82.40873140865725
2024,Structural Frequency M15,2024-01-11 08:30:00+00:00,2024-01-11 13:30:00+00:00,-1,2033.37,2035.9250068207855,3.0,-1.0,-1.0795837405778352,stop,4,2,Ensemble REGIME-ROUTER,82.40873140865725,77.96037508313563
2024,Structural Portfolio MTF,2024-01-12 00:30:00+00:00,2024-01-12 06:00:00+00:00,-1,2031.23,2035.969449557694,2.0,-1.0,-1.0428579305523478,stop,1,0,Ensemble REGIME-ROUTER,77.96037508313563,73.89529531192144
2024,Structural Portfolio MTF,2024-01-12 18:30:00+00:00,2024-01-15 11:45:00+00:00,1,2046.82,2040.9162517205466,3.0,1.1077708077021478,1.0731009690993825,time_exit,1,0,Ensemble REGIME-ROUTER,73.89529531192144,77.86015096247685
2024,Structural Portfolio MTF,2024-01-15 16:15:00+00:00,2024-01-16 03:45:00+00:00,1,2053.77,2048.9692430358195,4.0,-1.0,-1.0427801285364715,stop,1,3,Ensemble REGIME-ROUTER,77.86015096247685,73.80060005105082
2024,Outcome First M15,2024-01-16 14:00:00+00:00,2024-01-16 17:15:00+00:00,1,2037.63,2030.8498234588374,2.0,-1.0,-1.0300527572936997,stop,2,1,Ensemble REGIME-ROUTER,73.80060005105082,69.9996744724251
2024,V1 Legacy M15,2024-01-17 05:15:00+00:00,2024-01-17 08:00:00+00:00,-1,2021.45,2026.054966705913,2.0,-1.0,-1.0438971686245708,stop,3,1,Ensemble REGIME-ROUTER,69.9996744724251,66.34605137310479
2024,M15-0591 MTF,2024-01-17 15:15:00+00:00,2024-01-18 02:30:00+00:00,-1,2011.89,2020.060395119611,4.0,0.2472340652353176,0.22260991951718734,time_exit,0,0,Ensemble REGIME-ROUTER,66.34605137310479,67.08451583092729
2024,Structural Frequency M15,2024-01-18 13:30:00+00:00,2024-01-18 16:30:00+00:00,-1,2011.45,2017.561151009433,3.0,-1.0,-1.0329144214714252,stop,4,2,Ensemble REGIME-ROUTER,67.08451583092729,63.61988763796764
2024,Structural Frequency M15,2024-01-19 16:15:00+00:00,2024-01-22 05:30:00+00:00,1,2027.04,2022.6330616109826,3.0,-1.0,-1.045996558632443,stop,4,2,Ensemble REGIME-ROUTER,63.61988763796764,60.2925784614728
2024,Outcome First M15,2024-01-22 13:30:00+00:00,2024-01-23 05:45:00+00:00,-1,2025.12,2030.5113254691091,2.0,-1.0,-1.0375625625201699,stop,2,1,Ensemble REGIME-ROUTER,60.2925784614728,57.1647123510011
2024,Outcome First M15,2024-01-25 07:45:00+00:00,2024-01-25 08:30:00+00:00,1,2016.49,2013.288229648509,3.0,-1.0,-1.0629804695099694,stop,2,1,Ensemble REGIME-ROUTER,57.1647123510011,54.126463712287624
2024,Structural Portfolio MTF,2024-01-25 12:30:00+00:00,2024-01-25 13:45:00+00:00,-1,2014.63,2019.7985635982607,4.0,-1.0,-1.0389785278191799,stop,1,0,Ensemble REGIME-ROUTER,54.126463712287624,51.314652033095086
2024,Structural Frequency M15,2024-01-25 15:45:00+00:00,2024-01-26 09:00:00+00:00,-1,2020.39,2025.7832484642324,3.0,-0.04450008220308658,-0.0819615493207077,time_exit,4,2,Ensemble REGIME-ROUTER,51.314652033095086,51.10436061392081
2024,Structural Portfolio MTF,2024-01-29 12:00:00+00:00,2024-01-29 14:00:00+00:00,1,2028.02,2025.190963429483,3.0,3.0,2.9283141115553213,target,1,0,Ensemble REGIME-ROUTER,51.10436061392081,58.58684163130863
2024,Structural Portfolio MTF,2024-01-29 16:00:00+00:00,2024-01-30 09:15:00+00:00,1,2025.32,2020.1478313292555,3.0,2.468983672599751,2.4298256302208183,time_exit,1,0,Ensemble REGIME-ROUTER,58.58684163130863,65.70463210078071
2024,V1 Legacy M15,2024-01-30 14:00:00+00:00,2024-01-30 14:30:00+00:00,1,2037.7,2032.935002418466,2.0,2.0,1.9572360748325088,target,3,1,Ensemble REGIME-ROUTER,65.70463210078071,72.13460591234302
2024,Structural Frequency M15,2024-01-30 17:00:00+00:00,2024-01-31 10:15:00+00:00,1,2035.78,2029.7499535676093,3.0,0.3051386122196784,0.2713780098292108,time_exit,4,4,Ensemble REGIME-ROUTER,72.13460591234302,73.11339320195832
2024,Outcome First M15,2024-01-31 13:45:00+00:00,2024-01-31 20:15:00+00:00,1,2040.89,2035.7331028088738,3.0,-1.0,-1.0395759295630684,stop,2,2,Ensemble REGIME-ROUTER,73.11339320195832,69.31304701688651
2024,M15-0591 MTF,2024-02-01 10:30:00+00:00,2024-02-01 13:45:00+00:00,-1,2037.49,2041.5237701926737,3.0,-1.0,-1.0505108100531002,stop,0,3,Ensemble REGIME-ROUTER,69.31304701688651,65.6723417584386
2024,Structural Portfolio MTF,2024-02-02 03:15:00+00:00,2024-02-02 13:30:00+00:00,1,2054.23,2051.61534836848,4.0,-1.0,-1.0785661070574806,stop,1,3,Ensemble REGIME-ROUTER,65.6723417584386,62.13074365885122
2024,M15-0591 MTF,2024-02-05 03:15:00+00:00,2024-02-05 08:45:00+00:00,-1,2032.65,2036.0616981462485,3.0,3.0,2.9404211652711676,target,0,3,Ensemble REGIME-ROUTER,62.13074365885122,71.2652713422774
2024,Structural Portfolio MTF,2024-02-06 06:30:00+00:00,2024-02-06 13:15:00+00:00,-1,2027.28,2030.0056626080511,3.0,-1.0,-1.0743775107752425,stop,1,0,Ensemble REGIME-ROUTER,71.2652713422774,67.4369811008055
2024,Structural Portfolio MTF,2024-02-07 07:15:00+00:00,2024-02-07 08:45:00+00:00,1,2034.36,2032.2254654745302,3.0,-1.0,-1.0953069615752573,stop,1,0,Ensemble REGIME-ROUTER,67.4369811008055,63.74377135743893
2024,Structural Frequency M15,2024-02-07 09:45:00+00:00,2024-02-07 12:45:00+00:00,1,2034.57,2030.980455450914,2.0,-1.0,-1.0566804499060491,stop,4,2,Ensemble REGIME-ROUTER,63.74377135743893,60.375931507604584
2024,Structural Frequency M15,2024-02-07 13:30:00+00:00,2024-02-07 15:00:00+00:00,1,2034.75,2030.3411104554532,2.0,2.0,1.953848923193898,target,4,2,Ensemble REGIME-ROUTER,60.375931507604584,66.27420394575267
2024,V1 Legacy M15,2024-02-08 02:15:00+00:00,2024-02-08 02:30:00+00:00,1,2038.42,2036.437769040652,2.0,-1.0,-1.1028346364174655,stop,3,1,Ensemble REGIME-ROUTER,66.27420394575267,62.61972956513412
2024,Outcome First M15,2024-02-08 11:15:00+00:00,2024-02-08 13:45:00+00:00,-1,2033.18,2038.7261875859954,2.0,2.0,1.963340944234667,target,2,1,Ensemble REGIME-ROUTER,62.61972956513412,68.76692351374062
2024,M15-0591 MTF,2024-02-08 13:45:00+00:00,2024-02-08 14:30:00+00:00,-1,2022.76,2027.2308419763085,4.0,-1.0,-1.0452433794510927,stop,0,3,Ensemble REGIME-ROUTER,68.76692351374062,65.17301493734277
2024,Outcome First M15,2024-02-12 09:00:00+00:00,2024-02-12 13:30:00+00:00,-1,2023.54,2027.468155711065,3.0,-1.0,-1.0515137420418434,stop,2,1,Ensemble REGIME-ROUTER,65.17301493734277,61.74649889649706
2024,M15-0591 MTF,2024-02-12 14:15:00+00:00,2024-02-13 01:30:00+00:00,-1,2018.9,2022.6566684376744,4.0,-0.2315881783111245,-0.2853299453447323,time_exit,0,0,Ensemble REGIME-ROUTER,61.74649889649706,60.86559263872876
2024,V1 Legacy M15,2024-02-13 03:15:00+00:00,2024-02-13 05:45:00+00:00,-1,2017.57,2020.7755289339063,2.0,-1.0,-1.0629403147374277,stop,3,1,Ensemble REGIME-ROUTER,60.86559263872876,57.63076802892424
2024,Structural Portfolio MTF,2024-02-13 11:45:00+00:00,2024-02-13 13:45:00+00:00,1,2028.2,2025.8088359211833,3.0,-1.0,-1.0848206117667878,stop,1,0,Ensemble REGIME-ROUTER,57.63076802892424,54.50481577743786
2024,V1 Legacy M15,2024-02-13 19:30:00+00:00,2024-02-14 12:45:00+00:00,-1,1991.72,1996.0870943595366,3.0,0.29081121117216646,0.2452037697929668,time_exit,3,1,Ensemble REGIME-ROUTER,54.50481577743786,55.1730550924628
2024,V1 Legacy M15,2024-02-14 15:00:00+00:00,2024-02-14 16:45:00+00:00,-1,1987.5,1993.4359201278203,2.0,-1.0,-1.0334825933840492,stop,3,1,Ensemble REGIME-ROUTER,55.1730550924628,52.32203548936883
2024,V1 Legacy M15,2024-02-14 19:45:00+00:00,2024-02-15 07:45:00+00:00,-1,1989.81,1994.4984454969242,2.0,-1.0,-1.0424407194517962,stop,3,1,Ensemble REGIME-ROUTER,52.32203548936883,49.59490447343283
2024,Structural Frequency M15,2024-02-15 15:45:00+00:00,2024-02-16 09:00:00+00:00,-1,2001.58,2008.6714554531522,2.0,-0.48368068059644187,-0.5119059160678182,time_exit,4,2,Ensemble REGIME-ROUTER,49.59490447343283,48.325508223094396
2024,Structural Frequency M15,2024-02-16 14:00:00+00:00,2024-02-16 15:45:00+00:00,-1,2001.53,2008.066987079955,3.0,-1.0,-1.0306185399407854,stop,4,2,Ensemble REGIME-ROUTER,48.325508223094396,45.835249986755294
2024,Outcome First M15,2024-02-19 08:00:00+00:00,2024-02-19 13:00:00+00:00,-1,2020.87,2023.1974093410922,2.0,2.0,1.9131708391678304,target,2,1,Ensemble REGIME-ROUTER,45.835249986755294,50.21978317078669
2024,Structural Frequency M15,2024-02-19 13:30:00+00:00,2024-02-19 15:45:00+00:00,1,2018.11,2015.723457258448,3.0,-1.0,-1.0845620723594358,stop,4,2,Ensemble REGIME-ROUTER,50.21978317078669,47.4964595653292
2024,Structural Portfolio MTF,2024-02-19 16:45:00+00:00,2024-02-20 10:30:00+00:00,1,2016.42,2013.007097660852,3.0,3.0,2.940917735123258,target,1,0,Ensemble REGIME-ROUTER,47.4964595653292,54.48061857989126
2024,M15-0591 MTF,2024-02-21 02:30:00+00:00,2024-02-21 12:45:00+00:00,1,2027.56,2025.0874155519166,4.0,0.5662091748111229,0.4842075266339825,time_exit,0,0,Ensemble REGIME-ROUTER,54.48061857989126,55.79961485849419
2024,V1 Legacy M15,2024-02-21 13:15:00+00:00,2024-02-21 14:45:00+00:00,1,2030.82,2027.1763872509857,2.0,-1.0,-1.05573643907546,stop,3,1,Ensemble REGIME-ROUTER,55.79961485849419,52.85413052386975
2024,Structural Portfolio MTF,2024-02-21 19:30:00+00:00,2024-02-22 12:45:00+00:00,1,2024.79,2019.822493364188,3.0,0.716657321468884,0.6758966310773951,time_exit,1,0,Ensemble REGIME-ROUTER,52.85413052386975,54.640326961850164
2024,Structural Portfolio MTF,2024-02-22 16:00:00+00:00,2024-02-22 17:00:00+00:00,1,2023.23,2020.0445402104162,3.0,-1.0,-1.063514535848665,stop,1,0,Ensemble REGIME-ROUTER,54.640326961850164,51.7347878634776
2024,Structural Portfolio MTF,2024-02-22 19:00:00+00:00,2024-02-23 06:30:00+00:00,1,2022.64,2019.256834235995,2.0,-1.0,-1.0597854240995142,stop,1,0,Ensemble REGIME-ROUTER,51.7347878634776,48.9933991586479
2024,Structural Portfolio MTF,2024-02-23 09:00:00+00:00,2024-02-23 11:00:00+00:00,-1,2019.55,2022.8330048316514,3.0,-1.0,-1.0615152917391273,stop,1,0,Ensemble REGIME-ROUTER,48.9933991586479,46.393037038588716
2024,Structural Portfolio MTF,2024-02-26 12:45:00+00:00,2024-02-26 14:15:00+00:00,1,2033.0,2030.4787093222637,3.0,-1.0,-1.0806333049160888,stop,1,0,Ensemble REGIME-ROUTER,46.393037038588716,43.88634399158349
2024,Structural Portfolio MTF,2024-02-26 16:00:00+00:00,2024-02-27 09:15:00+00:00,1,2029.24,2024.7149966735835,3.0,1.739225240798317,1.694380190891867,time_exit,1,0,Ensemble REGIME-ROUTER,43.88634399158349,47.604351587083755
2024,Outcome First M15,2024-02-27 11:45:00+00:00,2024-02-27 14:15:00+00:00,1,2037.89,2034.3612607605353,3.0,-1.0,-1.0577512210936015,stop,2,1,Ensemble REGIME-ROUTER,47.604351587083755,45.08667353605341
2024,Structural Portfolio MTF,2024-02-27 18:15:00+00:00,2024-02-27 20:00:00+00:00,1,2034.89,2029.4151596326092,3.0,-1.0,-1.037168024334009,stop,1,0,Ensemble REGIME-ROUTER,45.08667353605341,42.74855073029436
2024,Structural Portfolio MTF,2024-02-28 14:45:00+00:00,2024-02-29 08:00:00+00:00,-1,2032.8,2038.1229734078177,3.0,-0.8453921624690025,-0.8835813444216023,time_exit,1,0,Ensemble REGIME-ROUTER,42.74855073029436,40.859959633976935
2024,Structural Frequency M15,2024-02-29 13:30:00+00:00,2024-02-29 14:00:00+00:00,1,2032.16,2027.8159177218104,3.0,3.0,2.953220038897448,target,4,2,Ensemble REGIME-ROUTER,40.859959633976935,46.89338221295701
2024,V1 Legacy M15,2024-03-01 02:15:00+00:00,2024-03-01 08:30:00+00:00,1,2045.03,2042.903965807722,2.0,-1.0,-1.0961898923087785,stop,3,1,Ensemble REGIME-ROUTER,46.89338221295701,44.32317963305622
2024,M15-0591 MTF,2024-03-01 10:45:00+00:00,2024-03-01 15:00:00+00:00,1,2053.28,2048.2062339413505,4.0,-1.0,-1.0404685587838567,stop,0,0,Ensemble REGIME-ROUTER,44.32317963305622,42.01733589138002
2024,M15-0591 MTF,2024-03-01 17:15:00+00:00,2024-03-04 04:30:00+00:00,1,2084.71,2076.0454462415746,4.0,-0.4812711786738189,-0.5053313906376817,time_exit,0,0,Ensemble REGIME-ROUTER,42.01733589138002,40.95570195253594
2024,V1 Legacy M15,2024-03-04 06:15:00+00:00,2024-03-04 08:00:00+00:00,1,2082.54,2080.2384874282793,2.0,2.0,1.9095142896202797,target,3,1,Ensemble REGIME-ROUTER,40.95570195253594,44.86597685852576
2024,V1 Legacy M15,2024-03-04 13:45:00+00:00,2024-03-04 14:00:00+00:00,1,2084.88,2080.8838444372655,2.0,2.0,1.9478278568671819,target,3,1,Ensemble REGIME-ROUTER,44.86597685852576,49.23553683605551
2024,M15-0591 MTF,2024-03-04 14:45:00+00:00,2024-03-05 02:00:00+00:00,1,2098.3,2091.74226569767,4.0,2.1882557814062418,2.1562584496562436,time_exit,0,0,Ensemble REGIME-ROUTER,49.23553683605551,54.543763952360806
2024,V1 Legacy M15,2024-03-05 05:00:00+00:00,2024-03-05 09:30:00+00:00,1,2115.96,2112.1174228070836,2.0,2.0,1.944933832327412,target,3,1,Ensemble REGIME-ROUTER,54.543763952360806,59.84796454503215
2024,V1 Legacy M15,2024-03-05 13:15:00+00:00,2024-03-06 06:30:00+00:00,1,2127.28,2120.839010369176,3.0,-0.22512068534640667,-0.2581479082101042,time_exit,3,1,Ensemble REGIME-ROUTER,59.84796454503215,59.07548320213552
2024,M15-0591 MTF,2024-03-06 07:30:00+00:00,2024-03-06 08:15:00+00:00,1,2129.56,2126.7705512810044,4.0,-1.0,-1.0763434002388406,stop,0,0,Ensemble REGIME-ROUTER,59.07548320213552,55.896207879108566
2024,Outcome First M15,2024-03-06 10:00:00+00:00,2024-03-06 14:45:00+00:00,1,2128.71,2124.043986684383,3.0,3.0,2.954378398516882,target,2,2,Ensemble REGIME-ROUTER,55.896207879108566,64.15313533496095
2024,V1 Legacy M15,2024-03-06 18:30:00+00:00,2024-03-06 19:15:00+00:00,1,2150.73,2141.407847294199,3.0,-1.0,-1.0230711732351443,stop,3,1,Ensemble REGIME-ROUTER,64.15313533496095,60.871474163268374
2024,V1 Legacy M15,2024-03-06 21:45:00+00:00,2024-03-07 04:15:00+00:00,1,2147.67,2143.3201282231307,2.0,2.0,1.950626820509507,target,3,1,Ensemble REGIME-ROUTER,60.871474163268374,66.80835066860952
2024,Outcome First M15,2024-03-07 13:00:00+00:00,2024-03-07 14:45:00+00:00,1,2158.52,2153.6928971274833,3.0,-1.0,-1.044716677000808,stop,2,2,Ensemble REGIME-ROUTER,66.80835066860952,63.3185607632888
2024,V1 Legacy M15,2024-03-07 19:45:00+00:00,2024-03-08 03:00:00+00:00,1,2159.68,2155.692824463465,2.0,-1.0,-1.05416566138638,stop,3,1,Ensemble REGIME-ROUTER,63.3185607632888,59.981148139035504
2024,Structural Portfolio MTF,2024-03-08 03:45:00+00:00,2024-03-08 10:00:00+00:00,1,2157.76,2153.7702007326757,3.0,3.0,2.9459180812009387,target,1,0,Ensemble REGIME-ROUTER,59.981148139035504,68.81612558073435
2024,V1 Legacy M15,2024-03-08 16:45:00+00:00,2024-03-11 09:00:00+00:00,1,2177.8,2167.2737361152867,3.0,-0.04465022016812658,-0.06533942218559326,time_exit,3,1,Ensemble REGIME-ROUTER,68.81612558073435,68.59130528660953
2024,Structural Portfolio MTF,2024-03-11 10:00:00+00:00,2024-03-11 13:15:00+00:00,1,2180.57,2175.6766616685486,4.0,-1.0,-1.0445620117044545,stop,1,3,Ensemble REGIME-ROUTER,68.59130528660953,65.00891169482877
2024,Structural Portfolio MTF,2024-03-11 14:00:00+00:00,2024-03-12 05:45:00+00:00,1,2181.85,2174.4252515037538,4.0,-1.0,-1.0293861805703333,stop,1,3,Ensemble REGIME-ROUTER,65.00891169482877,61.66294792920008
2024,M15-0591 MTF,2024-03-12 06:15:00+00:00,2024-03-12 09:15:00+00:00,-1,2176.23,2178.86571996189,3.0,-1.0,-1.082566814057112,stop,0,3,Ensemble REGIME-ROUTER,61.66294792920008,58.32523487494589
2024,V1 Legacy M15,2024-03-13 23:30:00+00:00,2024-03-14 03:00:00+00:00,1,2175.91,2172.8677355218438,3.0,-1.0,-1.0715227099952473,stop,3,1,Ensemble REGIME-ROUTER,58.32523487494589,55.20039418823033
2024,Structural Frequency M15,2024-03-14 08:30:00+00:00,2024-03-14 12:00:00+00:00,1,2169.7,2167.3694750794084,2.0,-1.0,-1.093099197559724,stop,4,2,Ensemble REGIME-ROUTER,55.20039418823033,52.183418858623575
2024,Structural Portfolio MTF,2024-03-18 11:00:00+00:00,2024-03-19 04:15:00+00:00,1,2158.22,2153.5735358379707,3.0,0.6628696343275639,0.6164209816587892,time_exit,1,0,Ensemble REGIME-ROUTER,52.183418858623575,53.791766572580805
2024,Structural Portfolio MTF,2024-03-19 13:45:00+00:00,2024-03-19 22:30:00+00:00,-1,2151.74,2158.942182595743,3.0,-1.0,-1.0298762211509578,stop,1,0,Ensemble REGIME-ROUTER,53.791766572580805,51.02182350824061
2024,Structural Portfolio MTF,2024-03-20 01:15:00+00:00,2024-03-20 08:15:00+00:00,1,2157.95,2154.99038996935,2.0,-1.0,-1.0729133222840905,stop,1,0,Ensemble REGIME-ROUTER,51.02182350824061,48.28472379977966
2024,Outcome First M15,2024-03-20 12:00:00+00:00,2024-03-20 12:45:00+00:00,1,2153.98,2152.1925398662493,2.0,-1.0,-1.1205050652223583,stop,2,1,Ensemble REGIME-ROUTER,48.28472379977966,45.57955992025388
2024,M15-0591 MTF,2024-03-20 20:30:00+00:00,2024-03-20 22:30:00+00:00,1,2185.99,2179.8974742992095,4.0,4.0,3.964120134943108,target,0,0,Ensemble REGIME-ROUTER,45.57955992025388,54.61370248134009
2024,Structural Frequency M15,2024-03-22 14:30:00+00:00,2024-03-22 17:00:00+00:00,-1,2174.8,2180.3910721900415,2.0,2.0,1.9611022729437533,target,4,2,Ensemble REGIME-ROUTER,54.61370248134009,59.96885528484159
2024,Structural Portfolio MTF,2024-03-25 00:30:00+00:00,2024-03-25 01:30:00+00:00,-1,2164.82,2169.6081745862302,3.0,-1.0,-1.0452118017213832,stop,1,0,Ensemble REGIME-ROUTER,59.96885528484159,56.83484752086968
2024,Structural Portfolio MTF,2024-03-25 03:15:00+00:00,2024-03-25 06:45:00+00:00,-1,2173.8,2178.54528927097,2.0,2.0,1.9541903585667868,target,1,0,Ensemble REGIME-ROUTER,56.83484752086968,62.38815307366453
2024,M15-0591 MTF,2024-03-25 12:15:00+00:00,2024-03-25 23:30:00+00:00,1,2173.91,2167.6257297175825,3.0,-0.28802071181822403,-0.3226135905822447,time_exit,0,3,Ensemble REGIME-ROUTER,62.38815307366453,61.38178977002005
2024,V1 Legacy M15,2024-03-27 08:00:00+00:00,2024-03-27 09:00:00+00:00,1,2180.57,2176.8383493657925,2.0,-1.0,-1.0584344627551932,stop,3,1,Ensemble REGIME-ROUTER,61.38178977002005,58.13335968611088
2024,V1 Legacy M15,2024-03-28 05:45:00+00:00,2024-03-28 07:30:00+00:00,1,2197.84,2194.214665589729,3.0,-1.0,-1.060624476290331,stop,3,1,Ensemble REGIME-ROUTER,58.13335968611088,55.05047647750694
2024,Outcome First M15,2024-03-28 08:45:00+00:00,2024-03-28 11:00:00+00:00,1,2196.25,2190.6269658740453,3.0,3.0,2.9609419051920285,target,2,2,Ensemble REGIME-ROUTER,55.05047647750694,63.20053961265885
2024,V1 Legacy M15,2024-03-28 12:15:00+00:00,2024-03-28 12:45:00+00:00,1,2213.86,2206.890737588885,3.0,-1.0,-1.0317660588654132,stop,3,1,Ensemble REGIME-ROUTER,63.20053961265885,59.94013102894283
2024,V1 Legacy M15,2024-03-28 16:30:00+00:00,2024-03-31 22:15:00+00:00,1,2219.02,2211.7345224580076,3.0,3.0,2.9695418730315217,target,3,1,Ensemble REGIME-ROUTER,59.94013102894283,68.83986747721491
2024,M15-0591 MTF,2024-04-01 01:45:00+00:00,2024-04-01 09:45:00+00:00,1,2258.97,2249.4658196168507,4.0,-1.0,-1.023768172624387,stop,0,0,Ensemble REGIME-ROUTER,68.83986747721491,65.31606421067225
2024,Outcome First M15,2024-04-01 12:45:00+00:00,2024-04-01 14:00:00+00:00,1,2252.18,2243.266028191719,3.0,-1.0,-1.0252657294463041,stop,2,2,Ensemble REGIME-ROUTER,65.31606421067225,61.967748099796424
2024,V1 Legacy M15,2024-04-02 03:00:00+00:00,2024-04-02 14:15:00+00:00,1,2254.23,2247.4938726505293,2.0,2.0,1.9665352229396744,target,3,1,Ensemble REGIME-ROUTER,61.967748099796424,68.06083606602157
2024,Structural Portfolio MTF,2024-04-02 17:00:00+00:00,2024-04-03 10:15:00+00:00,1,2260.28,2250.372105118924,4.0,1.0516865716754435,1.0288736530168383,time_exit,1,3,Ensemble REGIME-ROUTER,68.06083606602157,71.56213611755295
2024,Outcome First M15,2024-04-03 13:00:00+00:00,2024-04-04 01:15:00+00:00,1,2274.93,2265.0754767422072,3.0,3.0,2.976914864976334,target,2,2,Ensemble REGIME-ROUTER,71.56213611755295,82.2138554564431
2024,Structural Frequency M15,2024-04-04 13:30:00+00:00,2024-04-04 19:00:00+00:00,1,2289.87,2282.5554080833826,2.0,2.0,1.968694494154925,target,4,2,Ensemble REGIME-ROUTER,82.2138554564431,90.30655368546051
2024,Structural Portfolio MTF,2024-04-04 20:30:00+00:00,2024-04-05 01:15:00+00:00,1,2291.37,2279.440616656739,3.0,-1.0,-1.019207782448323,stop,1,0,Ensemble REGIME-ROUTER,90.30655368546051,85.70449656934508
2024,V1 Legacy M15,2024-04-05 09:45:00+00:00,2024-04-05 12:45:00+00:00,1,2292.3,2284.527268097073,3.0,-1.0,-1.029491561379297,stop,3,1,Ensemble REGIME-ROUTER,85.70449656934508,81.292893769825
2024,M15-0591 MTF,2024-04-05 15:15:00+00:00,2024-04-07 22:30:00+00:00,1,2324.01,2309.5001754998666,4.0,-1.0,-1.0160168029598056,stop,0,0,Ensemble REGIME-ROUTER,81.292893769825,77.16314646825657
2024,Outcome First M15,2024-04-08 08:15:00+00:00,2024-04-08 12:15:00+00:00,1,2340.47,2333.2593820179154,3.0,-1.0,-1.032458660350821,stop,2,2,Ensemble REGIME-ROUTER,77.16314646825657,73.17975852670305
2024,M15-0591 MTF,2024-04-08 18:00:00+00:00,2024-04-09 05:15:00+00:00,1,2338.01,2331.8013393151837,4.0,1.2434243699094834,1.2057671340145073,time_exit,0,0,Ensemble REGIME-ROUTER,73.17975852670305,77.59164591203387
2024,V1 Legacy M15,2024-04-09 09:15:00+00:00,2024-04-09 11:45:00+00:00,1,2359.48,2351.0849005514733,3.0,-1.0,-1.0281054443067268,stop,3,1,Ensemble REGIME-ROUTER,77.59164591203387,73.60302623228978
2024,V1 Legacy M15,2024-04-09 14:15:00+00:00,2024-04-09 14:45:00+00:00,1,2361.43,2347.605804072018,3.0,-1.0,-1.0170818614862092,stop,3,1,Ensemble REGIME-ROUTER,73.60302623228978,69.86001108572201
2024,V1 Legacy M15,2024-04-10 00:00:00+00:00,2024-04-10 01:00:00+00:00,1,2354.8,2351.1704925578715,2.0,-1.0,-1.064879326948533,stop,3,1,Ensemble REGIME-ROUTER,69.86001108572201,66.14038700644296
2024,Structural Portfolio MTF,2024-04-10 02:15:00+00:00,2024-04-10 12:45:00+00:00,1,2349.45,2344.4226083063445,4.0,-1.0,-1.0467329809007135,stop,1,3,Ensemble REGIME-ROUTER,66.14038700644296,62.67882078398392
2024,M15-0591 MTF,2024-04-11 08:30:00+00:00,2024-04-11 11:00:00+00:00,-1,2332.27,2338.384090825269,3.0,-1.0,-1.038145818677748,stop,0,3,Ensemble REGIME-ROUTER,62.67882078398392,59.425332998156684
2024,M15-0591 MTF,2024-04-11 17:30:00+00:00,2024-04-12 01:15:00+00:00,1,2355.01,2347.5927631050704,4.0,4.0,3.968249497307956,target,0,0,Ensemble REGIME-ROUTER,59.425332998156684,71.21606038802135
2024,M15-0591 MTF,2024-04-12 01:45:00+00:00,2024-04-12 12:00:00+00:00,1,2387.78,2378.228351551934,4.0,0.7946272354209444,0.7696286185540998,time_exit,0,0,Ensemble REGIME-ROUTER,71.21606038802135,73.95655629678626
2024,Outcome First M15,2024-04-12 13:45:00+00:00,2024-04-12 15:45:00+00:00,1,2402.59,2391.749325800613,3.0,-1.0,-1.0221627359683572,stop,2,2,Ensemble REGIME-ROUTER,73.95655629678626,70.17677450043021
2024,Outcome First M15,2024-04-16 12:45:00+00:00,2024-04-16 14:00:00+00:00,1,2376.21,2368.1746473015282,3.0,-1.0,-1.0295719439975786,stop,2,2,Ensemble REGIME-ROUTER,70.17677450043021,66.56417259313584
2024,M15-0591 MTF,2024-04-16 15:45:00+00:00,2024-04-17 03:00:00+00:00,1,2383.67,2372.3324951153313,4.0,-0.1217199034565556,-0.14274454709947335,time_exit,0,0,Ensemble REGIME-ROUTER,66.56417259313584,66.08908895964292
2024,Structural Frequency M15,2024-04-17 07:15:00+00:00,2024-04-17 09:00:00+00:00,1,2379.02,2372.349674564223,2.0,2.0,1.9643342738985445,target,4,2,Ensemble REGIME-ROUTER,66.08908895964292,72.58014208835074
2024,Outcome First M15,2024-04-18 07:45:00+00:00,2024-04-18 10:30:00+00:00,-1,2375.58,2381.191231929025,3.0,-1.0,-1.042336157728785,stop,2,1,Ensemble REGIME-ROUTER,72.58014208835074,68.7974967667617
2024,Outcome First M15,2024-04-18 11:30:00+00:00,2024-04-18 11:45:00+00:00,-1,2381.48,2384.240256793883,3.0,-1.0,-1.086277479880772,stop,2,1,Ensemble REGIME-ROUTER,68.7974967667617,65.06083819626652
2024,Outcome First M15,2024-04-18 13:30:00+00:00,2024-04-18 13:45:00+00:00,1,2390.86,2380.3169710729876,3.0,-1.0,-1.0226771643761152,stop,2,1,Ensemble REGIME-ROUTER,65.06083819626652,61.73402652034196
2024,Structural Portfolio MTF,2024-04-18 22:30:00+00:00,2024-04-19 00:15:00+00:00,1,2380.25,2376.592173466603,3.0,-1.0,-1.0650727960516357,stop,1,0,Ensemble REGIME-ROUTER,61.73402652034196,58.44646490846464
2024,Structural Portfolio MTF,2024-04-19 07:15:00+00:00,2024-04-19 11:15:00+00:00,1,2391.97,2377.9303120315026,4.0,-1.0,-1.0170372020045402,stop,1,0,Ensemble REGIME-ROUTER,58.44646490846464,55.474353451586566
2024,V1 Legacy M15,2024-04-23 06:45:00+00:00,2024-04-23 13:30:00+00:00,-1,2299.74,2315.094761777114,3.0,-1.0,-1.014977373360671,stop,3,1,Ensemble REGIME-ROUTER,55.474353451586566,52.65909277382793
2024,Structural Portfolio MTF,2024-04-23 14:45:00+00:00,2024-04-24 08:00:00+00:00,-1,2318.53,2332.638885607456,3.0,-0.15451255759333937,-0.17094567686659223,time_exit,1,0,Ensemble REGIME-ROUTER,52.65909277382793,52.2090005609578
2024,M15-0591 MTF,2024-04-24 08:45:00+00:00,2024-04-24 12:45:00+00:00,-1,2316.58,2322.268787565093,4.0,-1.0,-1.0407218581023256,stop,0,0,Ensemble REGIME-ROUTER,52.2090005609578,49.49224815728453
2024,V1 Legacy M15,2024-04-24 20:30:00+00:00,2024-04-25 07:00:00+00:00,-1,2316.07,2322.7367526681337,2.0,-1.0,-1.0347406018385923,stop,3,1,Ensemble REGIME-ROUTER,49.49224815728453,46.93166622505385
2024,V1 Legacy M15,2024-04-25 08:00:00+00:00,2024-04-25 13:30:00+00:00,1,2325.63,2317.538064958755,2.0,-1.0,-1.0287400972467788,stop,3,4,Ensemble REGIME-ROUTER,46.93166622505385,44.51764188123809
2024,Structural Portfolio MTF,2024-04-26 07:45:00+00:00,2024-04-26 14:00:00+00:00,1,2345.55,2337.5134645981034,3.0,-1.0,-1.029186084334879,stop,1,0,Ensemble REGIME-ROUTER,44.51764188123809,42.2267950046594
2024,Structural Frequency M15,2024-04-26 16:00:00+00:00,2024-04-29 01:15:00+00:00,1,2336.74,2328.284373084072,2.0,-1.0,-1.0276353252483061,stop,4,2,Ensemble REGIME-ROUTER,42.2267950046594,40.05710769371907
2024,M15-0591 MTF,2024-04-29 10:30:00+00:00,2024-04-29 11:45:00+00:00,1,2342.76,2339.3703964352385,3.0,-1.0,-1.0691160472084493,stop,0,3,Ensemble REGIME-ROUTER,40.05710769371907,37.915822861713465
2024,M15-0591 MTF,2024-04-29 16:30:00+00:00,2024-04-29 19:15:00+00:00,1,2343.82,2336.952249380938,3.0,-1.0,-1.034127913635864,stop,0,3,Ensemble REGIME-ROUTER,37.915822861713465,35.955332322224926
2024,M15-0591 MTF,2024-04-30 02:45:00+00:00,2024-04-30 08:30:00+00:00,-1,2329.49,2334.7049865128165,3.0,3.0,2.955330852835863,target,0,3,Ensemble REGIME-ROUTER,35.955332322224926,41.26832746901682
2024,Outcome First M15,2024-04-30 09:30:00+00:00,2024-04-30 12:00:00+00:00,1,2314.88,2310.431245914048,3.0,-1.0,-1.0520343438921393,stop,2,1,Ensemble REGIME-ROUTER,41.26832746901682,39.09754257839717
2024,Outcome First M15,2024-04-30 14:00:00+00:00,2024-04-30 14:15:00+00:00,1,2306.74,2302.52358965,3.0,-1.0,-1.054708621991691,stop,2,1,Ensemble REGIME-ROUTER,39.09754257839717,37.03571681559103
2024,Outcome First M15,2024-05-01 07:45:00+00:00,2024-05-01 10:00:00+00:00,-1,2283.93,2289.891889059037,3.0,-1.0,-1.0383088309323356,stop,2,2,Ensemble REGIME-ROUTER,37.03571681559103,35.11299122411416
2024,V1 Legacy M15,2024-05-02 13:00:00+00:00,2024-05-02 15:00:00+00:00,-1,2294.61,2304.8462891582717,3.0,-1.0,-1.0224164241994456,stop,3,1,Ensemble REGIME-ROUTER,35.11299122411416,33.3179862775989
2024,V1 Legacy M15,2024-05-03 00:30:00+00:00,2024-05-03 01:15:00+00:00,-1,2301.3,2304.9567657906728,2.0,-1.0,-1.0629326604911367,stop,3,1,Ensemble REGIME-ROUTER,33.3179862775989,31.54724748778613
2024,M15-0591 MTF,2024-05-03 08:00:00+00:00,2024-05-03 08:15:00+00:00,-1,2299.1,2302.1192023603226,4.0,-1.0,-1.076149251544514,stop,0,0,Ensemble REGIME-ROUTER,31.54724748778613,29.849770149172603
2024,V1 Legacy M15,2024-05-03 11:15:00+00:00,2024-05-03 12:45:00+00:00,-1,2297.06,2302.7959559114083,2.0,-1.0,-1.0400466815902702,stop,3,1,Ensemble REGIME-ROUTER,29.849770149172603,28.29751242967864
2024,M15-0591 MTF,2024-05-06 00:00:00+00:00,2024-05-06 01:15:00+00:00,-1,2293.83,2301.282190067202,4.0,-1.0,-1.0307806158902924,stop,0,0,Ensemble REGIME-ROUTER,28.29751242967864,26.83908606515727
2024,Structural Frequency M15,2024-05-07 15:00:00+00:00,2024-05-08 08:15:00+00:00,-1,2314.15,2322.79496136404,2.0,0.8814382944146647,0.8546695223802852,time_exit,4,2,Ensemble REGIME-ROUTER,26.83908606515727,27.98601350857884
2024,Structural Frequency M15,2024-05-08 13:45:00+00:00,2024-05-08 15:45:00+00:00,-1,2311.71,2318.8023344836397,3.0,-1.0,-1.0325944864181542,stop,4,2,Ensemble REGIME-ROUTER,27.98601350857884,26.541103346289713
2024,Outcome First M15,2024-05-09 08:30:00+00:00,2024-05-09 10:00:00+00:00,1,2311.69,2307.265659939353,3.0,-1.0,-1.0522493743318178,stop,2,1,Ensemble REGIME-ROUTER,26.541103346289713,25.14471037677924
2024,M15-0591 MTF,2024-05-09 12:30:00+00:00,2024-05-09 13:15:00+00:00,1,2317.79,2313.053030016273,3.0,-1.0,-1.0489298012856836,stop,0,3,Ensemble REGIME-ROUTER,25.14471037677924,23.825958573834185
2024,Structural Portfolio MTF,2024-05-09 13:30:00+00:00,2024-05-09 14:15:00+00:00,-1,2317.59,2329.748288347846,3.0,-1.0,-1.0190618114465975,stop,1,0,Ensemble REGIME-ROUTER,23.825958573834185,22.611952348649034
2024,V1 Legacy M15,2024-05-10 01:15:00+00:00,2024-05-10 06:45:00+00:00,1,2350.65,2345.6134316031857,3.0,3.0,2.953328341545271,target,3,1,Ensemble REGIME-ROUTER,22.611952348649034,25.95097833509585
2024,M15-0591 MTF,2024-05-10 07:00:00+00:00,2024-05-10 13:15:00+00:00,1,2368.33,2360.727691629034,4.0,-1.0,-1.0311527747157019,stop,0,0,Ensemble REGIME-ROUTER,25.95097833509585,24.613007169254793
2024,Outcome First M15,2024-05-10 15:45:00+00:00,2024-05-13 01:30:00+00:00,1,2365.9,2356.133988052923,3.0,-1.0,-1.0242258560896818,stop,2,2,Ensemble REGIME-ROUTER,24.613007169254793,23.352543252311218
2024,Structural Frequency M15,2024-05-13 12:00:00+00:00,2024-05-13 15:15:00+00:00,1,2344.55,2338.1722739611378,3.0,-1.0,-1.0367615351571011,stop,4,2,Ensemble REGIME-ROUTER,23.352543252311218,22.14199232270678
2024,Structural Portfolio MTF,2024-05-13 16:15:00+00:00,2024-05-14 09:30:00+00:00,1,2337.14,2331.730588871452,3.0,1.800565674995113,1.7573606024934911,time_exit,1,0,Ensemble REGIME-ROUTER,22.14199232270678,24.087565571138693
2024,V1 Legacy M15,2024-05-14 18:00:00+00:00,2024-05-15 09:00:00+00:00,1,2355.88,2347.4620352305374,2.0,2.0,1.9720136628684137,target,3,1,Ensemble REGIME-ROUTER,24.087565571138693,26.46261599171491
2024,M15-0591 MTF,2024-05-15 09:00:00+00:00,2024-05-15 10:00:00+00:00,1,2373.25,2368.231856308408,4.0,-1.0,-1.0472933846827963,stop,0,0,Ensemble REGIME-ROUTER,26.46261599171491,25.076909858238697
2024,M15-0591 MTF,2024-05-15 16:15:00+00:00,2024-05-16 03:30:00+00:00,1,2381.5,2372.359170326706,4.0,0.842374300277838,0.8163208665621013,time_exit,0,0,Ensemble REGIME-ROUTER,25.076909858238697,26.10045009754755
2024,Structural Portfolio MTF,2024-05-16 07:45:00+00:00,2024-05-16 09:30:00+00:00,1,2390.23,2384.2726465264095,4.0,-1.0,-1.0401223464512575,stop,1,3,Ensemble REGIME-ROUTER,26.10045009754755,24.743067027602795
2024,Structural Frequency M15,2024-05-16 11:15:00+00:00,2024-05-16 12:45:00+00:00,1,2386.3,2380.7029066355,3.0,-1.0,-1.042634629165473,stop,4,4,Ensemble REGIME-ROUTER,24.743067027602795,23.45316810186574
2024,Structural Portfolio MTF,2024-05-16 15:30:00+00:00,2024-05-17 08:45:00+00:00,1,2380.41,2370.601036212804,3.0,0.17534981648576045,0.15108211551710887,time_exit,1,0,Ensemble REGIME-ROUTER,23.45316810186574,23.630335814486152
2024,Outcome First M15,2024-05-17 10:45:00+00:00,2024-05-17 13:15:00+00:00,1,2385.62,2381.4393877143443,3.0,3.0,2.9429361099046307,target,2,2,Ensemble REGIME-ROUTER,23.630335814486152,27.107464242367353
2024,V1 Legacy M15,2024-05-17 18:00:00+00:00,2024-05-20 05:45:00+00:00,1,2414.36,2405.3701795259185,3.0,3.0,2.9731434013953804,target,3,1,Ensemble REGIME-ROUTER,27.107464242367353,31.137183164405137
2024,M15-0591 MTF,2024-05-20 06:00:00+00:00,2024-05-20 06:30:00+00:00,1,2449.68,2439.481741588084,4.0,-1.0,-1.0240205719550872,stop,0,0,Ensemble REGIME-ROUTER,31.137183164405137,29.542927358750916
2024,V1 Legacy M15,2024-05-20 09:15:00+00:00,2024-05-20 10:45:00+00:00,1,2446.47,2436.497032397315,3.0,-1.0,-1.024531013209562,stop,3,1,Ensemble REGIME-ROUTER,29.542927358750916,28.02954509374904
2024,V1 Legacy M15,2024-05-21 12:30:00+00:00,2024-05-22 03:00:00+00:00,1,2427.4,2417.040071989748,2.0,-1.0,-1.023430664745912,stop,3,1,Ensemble REGIME-ROUTER,28.02954509374904,26.595230295357982
2024,Structural Frequency M15,2024-05-22 10:15:00+00:00,2024-05-22 11:15:00+00:00,1,2417.46,2414.175837277072,2.0,-1.0,-1.0736096291186386,stop,4,2,Ensemble REGIME-ROUTER,26.595230295357982,25.16758552867178
2024,Structural Frequency M15,2024-05-23 13:00:00+00:00,2024-05-23 13:30:00+00:00,-1,2362.86,2369.72904077161,3.0,-1.0,-1.0343986894031234,stop,4,2,Ensemble REGIME-ROUTER,25.16758552867178,23.865919654356823
2024,Structural Portfolio MTF,2024-05-24 02:45:00+00:00,2024-05-24 05:45:00+00:00,-1,2329.85,2335.516573173212,4.0,-1.0,-1.0411156783612028,stop,1,3,Ensemble REGIME-ROUTER,23.865919654356823,22.623560497823842
2024,Structural Portfolio MTF,2024-05-24 10:00:00+00:00,2024-05-24 10:30:00+00:00,-1,2337.63,2343.5940921600345,4.0,-1.0,-1.0391950683737676,stop,1,3,Ensemble REGIME-ROUTER,22.623560497823842,21.448045872904135
2024,Outcome First M15,2024-05-24 12:00:00+00:00,2024-05-24 13:30:00+00:00,-1,2338.25,2344.1951171776677,3.0,-1.0,-1.039330595682511,stop,2,2,Ensemble REGIME-ROUTER,21.448045872904135,20.333465358238573
2024,Outcome First M15,2024-05-24 15:30:00+00:00,2024-05-27 03:00:00+00:00,-1,2334.94,2343.6297816311735,3.0,-1.0,-1.026869950236997,stop,2,2,Ensemble REGIME-ROUTER,20.333465358238573,19.289474130210564
2024,Structural Frequency M15,2024-05-27 15:15:00+00:00,2024-05-28 06:30:00+00:00,-1,2354.39,2358.786321790616,2.0,2.0,1.9464463678471995,target,4,2,Ensemble REGIME-ROUTER,19.289474130210564,21.166770473132107
2024,M15-0591 MTF,2024-05-28 07:00:00+00:00,2024-05-28 12:00:00+00:00,-1,2341.81,2347.8517502632085,4.0,-1.0,-1.0387604567878375,stop,0,0,Ensemble REGIME-ROUTER,21.166770473132107,20.067410264862406
2024,V1 Legacy M15,2024-05-29 13:00:00+00:00,2024-05-29 13:30:00+00:00,-1,2337.79,2345.3449165833013,3.0,-1.0,-1.0309439551611628,stop,3,1,Ensemble REGIME-ROUTER,20.067410264862406,19.03299149944746
2024,V1 Legacy M15,2024-05-29 20:00:00+00:00,2024-05-30 12:45:00+00:00,-1,2336.87,2342.084337776238,3.0,-1.0,-1.0448162374644996,stop,3,1,Ensemble REGIME-ROUTER,19.03299149944746,18.038692571140135
2024,Structural Portfolio MTF,2024-05-30 15:00:00+00:00,2024-05-31 08:15:00+00:00,-1,2343.88,2352.1666170873723,3.0,0.3053115611985523,0.2770264362158643,time_exit,1,0,Ensemble REGIME-ROUTER,18.038692571140135,18.28855230698896
2024,V1 Legacy M15,2024-05-31 17:30:00+00:00,2024-06-03 10:45:00+00:00,-1,2325.17,2337.2175700612147,3.0,-0.44158282317250536,-0.46088273168671723,time_exit,3,1,Ensemble REGIME-ROUTER,18.28855230698896,17.867108409696936
2024,Structural Frequency M15,2024-06-03 12:00:00+00:00,2024-06-03 12:45:00+00:00,-1,2329.95,2333.6016548730017,2.0,-1.0,-1.0638053178909708,stop,4,2,Ensemble REGIME-ROUTER,17.867108409696936,16.91675216261843
2024,Structural Frequency M15,2024-06-05 14:15:00+00:00,2024-06-05 14:30:00+00:00,-1,2336.35,2346.312276148902,2.0,-1.0,-1.023451969861902,stop,4,2,Ensemble REGIME-ROUTER,16.91675216261843,16.05107799639356
2024,Structural Portfolio MTF,2024-06-06 07:15:00+00:00,2024-06-06 08:00:00+00:00,1,2367.47,2362.98950352839,3.0,-1.0,-1.052839456854863,stop,1,0,Ensemble REGIME-ROUTER,16.05107799639356,15.206117584410656
2024,Structural Portfolio MTF,2024-06-06 09:15:00+00:00,2024-06-06 09:45:00+00:00,1,2363.04,2359.584016920214,3.0,-1.0,-1.0683753347584737,stop,1,0,Ensemble REGIME-ROUTER,15.206117584410656,14.393825536179584
2024,M15-0591 MTF,2024-06-06 15:45:00+00:00,2024-06-06 18:15:00+00:00,1,2377.31,2369.1653087695126,3.0,-1.0,-1.0291884607129271,stop,0,3,Ensemble REGIME-ROUTER,14.393825536179584,13.65312757881203
2024,Structural Portfolio MTF,2024-06-07 03:00:00+00:00,2024-06-07 08:15:00+00:00,1,2376.63,2369.2035290315484,4.0,-1.0,-1.032002144896225,stop,1,3,Ensemble REGIME-ROUTER,13.65312757881203,12.94862473151824
2024,V1 Legacy M15,2024-06-07 10:15:00+00:00,2024-06-07 14:00:00+00:00,-1,2336.93,2348.7657597391362,2.0,2.0,1.9802553443842505,target,3,4,Ensemble REGIME-ROUTER,12.94862473151824,14.230703897868993
2024,Structural Portfolio MTF,2024-06-10 03:00:00+00:00,2024-06-10 12:00:00+00:00,-1,2296.29,2301.5489678428517,4.0,-1.0,-1.0436642715570368,stop,1,3,Ensemble REGIME-ROUTER,14.230703897868993,13.488100037003328
2024,M15-0591 MTF,2024-06-11 02:45:00+00:00,2024-06-11 08:30:00+00:00,-1,2302.49,2307.2718537092255,4.0,-1.0,-1.0481505738152916,stop,0,0,Ensemble REGIME-ROUTER,13.488100037003328,12.781222047330173
2024,Structural Portfolio MTF,2024-06-11 23:30:00+00:00,2024-06-12 02:45:00+00:00,-1,2316.04,2317.789518441152,3.0,3.0,2.8676184288474738,target,1,0,Ensemble REGIME-ROUTER,12.781222047330173,14.613805441635954
2024,Structural Portfolio MTF,2024-06-12 07:15:00+00:00,2024-06-12 12:45:00+00:00,-1,2314.48,2317.941782165909,3.0,-1.0,-1.0668580485159522,stop,1,0,Ensemble REGIME-ROUTER,14.613805441635954,13.834262643893176
2024,Structural Portfolio MTF,2024-06-12 20:15:00+00:00,2024-06-13 01:15:00+00:00,1,2322.83,2315.302059791654,2.0,-1.0,-1.0308561164902017,stop,1,0,Ensemble REGIME-ROUTER,13.834262643893176,13.121205930713716
2024,M15-0591 MTF,2024-06-13 01:45:00+00:00,2024-06-13 07:30:00+00:00,-1,2311.32,2316.433264979863,3.0,-1.0,-1.0452024295455544,stop,0,3,Ensemble REGIME-ROUTER,13.121205930713716,12.435490114846239
2024,Structural Portfolio MTF,2024-06-13 08:30:00+00:00,2024-06-13 10:30:00+00:00,-1,2315.11,2318.856028530092,3.0,-1.0,-1.0618017183105466,stop,1,0,Ensemble REGIME-ROUTER,12.435490114846239,11.77528887624736
2024,Structural Portfolio MTF,2024-06-13 11:15:00+00:00,2024-06-13 12:45:00+00:00,-1,2313.72,2320.2298557373088,3.0,-1.0,-1.0355418014371613,stop,1,0,Ensemble REGIME-ROUTER,11.77528887624736,11.165598683479754
2024,Structural Portfolio MTF,2024-06-13 15:30:00+00:00,2024-06-14 08:15:00+00:00,-1,2308.82,2317.667008932564,4.0,-1.0,-1.0260971817435582,stop,1,0,Ensemble REGIME-ROUTER,11.165598683479754,10.592749216399847
2024,Structural Portfolio MTF,2024-06-14 16:30:00+00:00,2024-06-17 01:15:00+00:00,1,2329.39,2323.677309078851,3.0,-1.0,-1.040775705042547,stop,1,0,Ensemble REGIME-ROUTER,10.592749216399847,10.041515414697974
2024,Structural Portfolio MTF,2024-06-17 14:00:00+00:00,2024-06-17 14:30:00+00:00,-1,2320.81,2326.602902621128,3.0,-1.0,-1.040062990037765,stop,1,0,Ensemble REGIME-ROUTER,10.041515414697974,9.51932498736192
2024,Outcome First M15,2024-06-17 16:30:00+00:00,2024-06-18 00:45:00+00:00,1,2314.63,2309.6858975643945,2.0,2.0,1.9531840201503332,target,2,1,Ensemble REGIME-ROUTER,9.51932498736192,10.448974659758573
2024,M15-0591 MTF,2024-06-18 08:00:00+00:00,2024-06-18 12:45:00+00:00,-1,2315.49,2319.117671221935,3.0,-1.0,-1.0638285516614392,stop,0,3,Ensemble REGIME-ROUTER,10.448974659758573,9.893178780826672
2024,Outcome First M15,2024-06-19 09:00:00+00:00,2024-06-19 11:15:00+00:00,-1,2332.62,2335.2215890544003,2.0,2.0,1.9103386449118647,target,2,1,Ensemble REGIME-ROUTER,9.893178780826672,10.838144868128435
2024,Outcome First M15,2024-06-19 12:00:00+00:00,2024-06-19 12:45:00+00:00,1,2330.5,2325.6702947844465,3.0,-1.0,-1.048253462602539,stop,2,1,Ensemble REGIME-ROUTER,10.838144868128435,10.270088723818256
2024,Outcome First M15,2024-06-19 16:00:00+00:00,2024-06-20 11:45:00+00:00,1,2329.85,2324.455522685451,3.0,2.0335612442773514,1.9903717031198356,time_exit,2,1,Ensemble REGIME-ROUTER,10.270088723818256,11.292153423039155
2024,Outcome First M15,2024-06-20 13:45:00+00:00,2024-06-21 07:00:00+00:00,1,2345.19,2335.0329891480155,3.0,1.3114094485187677,1.288320076712674,time_exit,2,2,Ensemble REGIME-ROUTER,11.292153423039155,12.019548821250208
2024,M15-0591 MTF,2024-06-21 09:15:00+00:00,2024-06-21 09:45:00+00:00,1,2366.58,2363.0117640688577,4.0,-1.0,-1.066323529207959,stop,0,0,Ensemble REGIME-ROUTER,12.019548821250208,11.378712435322063
2024,Outcome First M15,2024-06-21 11:15:00+00:00,2024-06-21 13:00:00+00:00,1,2365.44,2361.1062385248374,3.0,-1.0,-1.0545816841456699,stop,2,2,Ensemble REGIME-ROUTER,11.378712435322063,10.778723349149502
2024,Structural Portfolio MTF,2024-06-24 02:15:00+00:00,2024-06-24 03:30:00+00:00,-1,2320.69,2326.5671814681073,3.0,-1.0,-1.039486444524358,stop,1,0,Ensemble REGIME-ROUTER,10.778723349149502,10.218506508613547
2024,Structural Portfolio MTF,2024-06-24 19:30:00+00:00,2024-06-25 01:45:00+00:00,-1,2332.04,2334.8951632661624,2.0,2.0,1.9183220088448936,target,1,0,Ensemble REGIME-ROUTER,10.218506508613547,11.198625805263456
2024,Structural Portfolio MTF,2024-06-25 10:30:00+00:00,2024-06-25 11:45:00+00:00,1,2335.72,2329.116869294622,3.0,-1.0,-1.035372917850888,stop,1,0,Ensemble REGIME-ROUTER,11.198625805263456,10.618888111467662
2024,Outcome First M15,2024-06-25 16:15:00+00:00,2024-06-26 01:45:00+00:00,1,2323.27,2315.2858189684566,2.0,-1.0,-1.0290984133603858,stop,2,1,Ensemble REGIME-ROUTER,10.618888111467662,10.07249406610952
2024,Outcome First M15,2024-06-26 10:15:00+00:00,2024-06-26 13:30:00+00:00,-1,2313.53,2318.66375968969,3.0,3.0,2.954934976706324,target,2,1,Ensemble REGIME-ROUTER,10.07249406610952,11.560672317040217
2024,V1 Legacy M15,2024-06-26 19:15:00+00:00,2024-06-27 06:45:00+00:00,-1,2297.63,2302.8254688633906,2.0,-1.0,-1.0442237276444883,stop,3,1,Ensemble REGIME-ROUTER,11.560672317040217,10.957075899991407
2024,Structural Frequency M15,2024-06-27 16:45:00+00:00,2024-06-28 08:30:00+00:00,-1,2325.72,2331.253596815996,2.0,-1.0,-1.0420290830238474,stop,4,2,Ensemble REGIME-ROUTER,10.957075899991407,10.38619631235687
2024,Structural Portfolio MTF,2024-06-28 10:15:00+00:00,2024-06-28 13:45:00+00:00,1,2331.1,2327.1302662461,3.0,-1.0,-1.0587218222811494,stop,1,0,Ensemble REGIME-ROUTER,10.38619631235687,9.836391678037458
2024,Outcome First M15,2024-06-28 13:45:00+00:00,2024-07-01 07:00:00+00:00,-1,2330.91,2340.0589833114323,2.0,0.4765556840126155,0.45107842691578226,time_exit,2,1,Ensemble REGIME-ROUTER,9.836391678037458,10.058240882270288
2024,Structural Frequency M15,2024-07-01 08:00:00+00:00,2024-07-01 09:30:00+00:00,-1,2323.58,2329.23844174758,2.0,-1.0,-1.0410639554784442,stop,4,2,Ensemble REGIME-ROUTER,10.058240882270288,9.534677280367722
2024,Structural Portfolio MTF,2024-07-01 09:30:00+00:00,2024-07-01 14:30:00+00:00,1,2327.6,2321.645560606232,3.0,-1.0,-1.0390901619124053,stop,1,0,Ensemble REGIME-ROUTER,9.534677280367722,9.03930781241573
2024,Structural Portfolio MTF,2024-07-01 14:45:00+00:00,2024-07-02 08:00:00+00:00,-1,2322.62,2334.6319599096173,3.0,-0.6801554501908331,-0.6994913455607501,time_exit,1,0,Ensemble REGIME-ROUTER,9.03930781241573,8.723161933183507
2024,Structural Frequency M15,2024-07-02 12:45:00+00:00,2024-07-03 06:00:00+00:00,1,2325.81,2318.847329770824,2.0,1.075736715005521,1.0423327202241204,time_exit,4,2,Ensemble REGIME-ROUTER,8.723161933183507,9.177783788522039
2024,Outcome First M15,2024-07-03 11:30:00+00:00,2024-07-03 12:45:00+00:00,-1,2344.67,2349.7223505331363,3.0,-1.0,-1.0464075084383462,stop,2,1,Ensemble REGIME-ROUTER,9.177783788522039,8.697598695165379
2024,Structural Portfolio MTF,2024-07-03 22:00:00+00:00,2024-07-04 06:45:00+00:00,1,2356.17,2353.443973818057,4.0,-1.0,-1.0864324053674617,stop,1,3,Ensemble REGIME-ROUTER,8.697598695165379,8.225131041599909
2024,Outcome First M15,2024-07-04 11:15:00+00:00,2024-07-04 15:30:00+00:00,1,2359.15,2356.2213440150804,3.0,-1.0,-1.0805540156354239,stop,2,2,Ensemble REGIME-ROUTER,8.225131041599909,7.780746122793491
2024,Structural Portfolio MTF,2024-07-04 23:15:00+00:00,2024-07-05 12:45:00+00:00,1,2357.15,2354.0562904888075,4.0,-1.0,-1.0761917042137326,stop_same_bar,1,3,Ensemble REGIME-ROUTER,7.780746122793491,7.362067401296315
2024,M15-0591 MTF,2024-07-05 14:45:00+00:00,2024-07-08 02:00:00+00:00,1,2383.42,2373.794968017653,4.0,0.31999893669432394,0.295236213782116,time_exit,0,0,Ensemble REGIME-ROUTER,7.362067401296315,7.470744846554688
2024,Structural Portfolio MTF,2024-07-08 04:30:00+00:00,2024-07-08 06:45:00+00:00,1,2383.38,2380.5677808117266,4.0,-1.0,-1.0847508618794122,stop,1,3,Ensemble REGIME-ROUTER,7.470744846554688,7.0655500009956205
2024,Structural Frequency M15,2024-07-08 10:30:00+00:00,2024-07-08 15:45:00+00:00,1,2373.02,2368.082186638991,2.0,-1.0,-1.0480581145236953,stop,4,2,Ensemble REGIME-ROUTER,7.0655500009956205,6.695294650389802
2024,Structural Frequency M15,2024-07-08 17:00:00+00:00,2024-07-09 10:15:00+00:00,1,2358.67,2350.747042308919,2.0,0.66641779571074,0.6366477263507186,time_exit,4,2,Ensemble REGIME-ROUTER,6.695294650389802,6.908421856210741
2024,Outcome First M15,2024-07-09 13:15:00+00:00,2024-07-09 15:00:00+00:00,1,2362.37,2355.8787747198057,2.0,-1.0,-1.0363932832096892,stop,2,1,Ensemble REGIME-ROUTER,6.908421856210741,6.55042975574295
2024,V1 Legacy M15,2024-07-10 11:45:00+00:00,2024-07-10 17:45:00+00:00,1,2377.06,2371.5644869065586,3.0,-1.0,-1.0432545598487777,stop,3,1,Ensemble REGIME-ROUTER,6.55042975574295,6.208741470160553
2024,V1 Legacy M15,2024-07-11 02:00:00+00:00,2024-07-11 06:15:00+00:00,1,2375.89,2372.3249172220408,2.0,2.0,1.9333566666477202,target,3,1,Ensemble REGIME-ROUTER,6.208741470160553,6.808927055801907
2024,V1 Legacy M15,2024-07-11 08:15:00+00:00,2024-07-11 12:45:00+00:00,1,2383.31,2378.2848349740984,3.0,3.0,2.9525725028389007,target,3,1,Ensemble REGIME-ROUTER,6.808927055801907,7.814119595741734
2024,M15-0591 MTF,2024-07-11 15:15:00+00:00,2024-07-12 01:30:00+00:00,1,2418.52,2408.876904344061,4.0,-1.0,-1.0250803277940161,stop,0,0,Ensemble REGIME-ROUTER,7.814119595741734,7.413614581910505
2024,Structural Portfolio MTF,2024-07-12 03:00:00+00:00,2024-07-12 05:45:00+00:00,1,2409.42,2406.41134847763,4.0,-1.0,-1.080083053224518,stop,1,3,Ensemble REGIME-ROUTER,7.413614581910505,7.013248608257519
2024,V1 Legacy M15,2024-07-12 16:30:00+00:00,2024-07-14 22:45:00+00:00,1,2415.07,2407.7067348416667,3.0,-1.0,-1.0327989003257165,stop,3,1,Ensemble REGIME-ROUTER,7.013248608257519,6.651084835741557
2024,V1 Legacy M15,2024-07-15 03:45:00+00:00,2024-07-15 06:00:00+00:00,1,2411.37,2408.418435295025,2.0,-1.0,-1.081698022609354,stop,3,1,Ensemble REGIME-ROUTER,6.651084835741557,6.291361569990122
2024,Structural Frequency M15,2024-07-15 08:15:00+00:00,2024-07-15 11:45:00+00:00,1,2407.4,2401.1040692850656,2.0,2.0,1.9617626033544262,target,4,2,Ensemble REGIME-ROUTER,6.291361569990122,6.908469462599512
2024,V1 Legacy M15,2024-07-16 01:15:00+00:00,2024-07-16 07:15:00+00:00,1,2424.8,2419.8078640934127,2.0,2.0,1.9514276044287915,target,3,1,Ensemble REGIME-ROUTER,6.908469462599512,7.582538363283013
2024,M15-0591 MTF,2024-07-16 14:30:00+00:00,2024-07-17 01:45:00+00:00,1,2447.08,2436.1656289649814,4.0,2.808224120442679,2.7858034056607774,time_exit,0,0,Ensemble REGIME-ROUTER,7.582538363283013,8.638711423082379
2024,M15-0591 MTF,2024-07-17 02:00:00+00:00,2024-07-17 02:45:00+00:00,1,2479.51,2474.128031486535,4.0,-1.0,-1.0460706894474838,stop,0,0,Ensemble REGIME-ROUTER,8.638711423082379,8.186876282368296
2024,Outcome First M15,2024-07-17 07:45:00+00:00,2024-07-17 15:00:00+00:00,1,2470.87,2461.546341938448,3.0,-1.0,-1.0265010791224662,stop,2,2,Ensemble REGIME-ROUTER,8.186876282368296,7.7666844154436365
2024,Structural Portfolio MTF,2024-07-17 18:45:00+00:00,2024-07-18 07:15:00+00:00,1,2456.75,2450.895083031656,3.0,3.0,2.9580395415804683,target,1,0,Ensemble REGIME-ROUTER,7.7666844154436365,8.91539239583659
2024,Structural Portfolio MTF,2024-07-22 00:30:00+00:00,2024-07-22 12:00:00+00:00,-1,2408.77,2412.128349993543,3.0,3.0,2.9282751945261434,target,1,0,Ensemble REGIME-ROUTER,8.91539239583659,10.220728515946355
2024,M15-0591 MTF,2024-07-23 07:00:00+00:00,2024-07-23 07:30:00+00:00,-1,2390.28,2393.956557254245,4.0,-1.0,-1.0650140834129593,stop,0,0,Ensemble REGIME-ROUTER,10.220728515946355,9.676467525335191
2024,V1 Legacy M15,2024-07-25 07:15:00+00:00,2024-07-25 11:00:00+00:00,-1,2366.88,2379.0891489554806,3.0,-1.0,-1.0193861178091168,stop,3,1,Ensemble REGIME-ROUTER,9.676467525335191,9.18326469209732
2024,V1 Legacy M15,2024-07-25 14:15:00+00:00,2024-07-26 03:00:00+00:00,-1,2360.98,2376.8151440731904,2.0,-1.0,-1.014909747515321,stop,3,1,Ensemble REGIME-ROUTER,9.18326469209732,8.717255449596177
2024,Structural Portfolio MTF,2024-07-26 11:15:00+00:00,2024-07-26 12:00:00+00:00,-1,2371.81,2375.471936018272,3.0,-1.0,-1.0647692911117301,stop,1,0,Ensemble REGIME-ROUTER,8.717255449596177,8.253162154320856
2024,Outcome First M15,2024-07-29 12:45:00+00:00,2024-07-29 14:45:00+00:00,1,2390.86,2385.051267734774,2.0,-1.0,-1.041159755534142,stop,2,1,Ensemble REGIME-ROUTER,8.253162154320856,7.823519139772039
2024,Structural Frequency M15,2024-07-30 13:15:00+00:00,2024-07-30 15:30:00+00:00,1,2390.74,2385.4295920790337,2.0,-1.0,-1.0450198936801274,stop,4,2,Ensemble REGIME-ROUTER,7.823519139772039,7.414732482789589
2024,Outcome First M15,2024-07-30 16:30:00+00:00,2024-07-30 17:15:00+00:00,1,2390.22,2382.956196866777,2.0,2.0,1.9670940971807482,target,2,1,Ensemble REGIME-ROUTER,7.414732482789589,8.144006307743076
2024,M15-0591 MTF,2024-07-31 14:00:00+00:00,2024-07-31 15:00:00+00:00,1,2426.09,2419.404207103853,3.0,-1.0,-1.0362872442758149,stop,0,3,Ensemble REGIME-ROUTER,8.144006307743076,7.72202981504228
2024,M15-0591 MTF,2024-07-31 19:00:00+00:00,2024-08-01 06:15:00+00:00,1,2433.68,2424.217477359812,4.0,1.2977511882345836,1.272032042373161,time_exit,0,0,Ensemble REGIME-ROUTER,7.72202981504228,8.213163282887013
2024,Structural Portfolio MTF,2024-08-01 10:30:00+00:00,2024-08-01 12:45:00+00:00,1,2435.65,2429.813759529765,3.0,3.0,2.9582667984223443,target,1,0,Ensemble REGIME-ROUTER,8.213163282887013,9.427999695376318
2024,M15-0591 MTF,2024-08-01 13:15:00+00:00,2024-08-01 14:30:00+00:00,1,2451.58,2443.267756501153,4.0,-1.0,-1.0294936018216998,stop,0,0,Ensemble REGIME-ROUTER,9.427999695376318,8.942696427157975
2024,V1 Legacy M15,2024-08-01 22:00:00+00:00,2024-08-02 01:15:00+00:00,1,2446.24,2441.342067662204,2.0,-1.0,-1.0499443404132631,stop,3,1,Ensemble REGIME-ROUTER,8.942696427157975,8.473229752071553
2024,V1 Legacy M15,2024-08-02 04:45:00+00:00,2024-08-02 14:45:00+00:00,1,2459.4,2451.2417247948774,3.0,-1.0,-1.0301460779167602,stop,3,1,Ensemble REGIME-ROUTER,8.473229752071553,8.036796532252348
2024,Structural Frequency M15,2024-08-02 16:15:00+00:00,2024-08-05 09:30:00+00:00,1,2437.4,2409.711895185181,2.0,-0.559084852630109,-0.5678879108975549,time_exit,4,2,Ensemble REGIME-ROUTER,8.036796532252348,7.808596552601872
2024,Structural Portfolio MTF,2024-08-05 20:30:00+00:00,2024-08-06 00:45:00+00:00,-1,2407.14,2413.39884385882,3.0,-1.0,-1.0384598186869265,stop,1,0,Ensemble REGIME-ROUTER,7.808596552601872,7.403150864591157
2024,Structural Frequency M15,2024-08-06 11:15:00+00:00,2024-08-06 12:45:00+00:00,-1,2411.38,2416.58651868386,2.0,2.0,1.9536853673938555,target,4,2,Ensemble REGIME-ROUTER,7.403150864591157,8.126322240429204
2024,Structural Portfolio MTF,2024-08-07 06:00:00+00:00,2024-08-07 06:30:00+00:00,-1,2391.37,2396.376992727355,4.0,-1.0,-1.04776060462271,stop,1,3,Ensemble REGIME-ROUTER,8.126322240429204,7.70060022522965
2024,V1 Legacy M15,2024-08-07 18:45:00+00:00,2024-08-08 04:15:00+00:00,-1,2385.49,2395.88183123376,2.0,-1.0,-1.022955434382443,stop,3,1,Ensemble REGIME-ROUTER,7.70060022522965,7.306731682809383
2024,M15-0591 MTF,2024-08-08 07:00:00+00:00,2024-08-08 12:00:00+00:00,1,2397.7,2392.7221614847012,3.0,3.0,2.9518325073697937,target,0,3,Ensemble REGIME-ROUTER,7.306731682809383,8.38514408800666
2024,Structural Portfolio MTF,2024-08-08 13:00:00+00:00,2024-08-08 14:15:00+00:00,-1,2407.98,2415.7457084431435,3.0,-1.0,-1.0310078599734975,stop,1,0,Ensemble REGIME-ROUTER,8.38514408800666,7.952886614919401
2024,Outcome First M15,2024-08-08 15:15:00+00:00,2024-08-08 17:45:00+00:00,-1,2412.79,2424.7657323898234,2.0,-1.0,-1.0201473272903987,stop,2,1,Ensemble REGIME-ROUTER,7.952886614919401,7.5472308136967206
2024,Structural Frequency M15,2024-08-09 07:30:00+00:00,2024-08-12 00:45:00+00:00,1,2424.4,2416.5147972090813,2.0,0.5148884699168099,0.4841422727132057,time_exit,4,2,Ensemble REGIME-ROUTER,7.5472308136967206,7.729927487638434
2024,V1 Legacy M15,2024-08-12 04:45:00+00:00,2024-08-12 09:00:00+00:00,1,2431.82,2425.909083594136,2.0,2.0,1.9588588328268788,target,3,1,Ensemble REGIME-ROUTER,7.729927487638434,8.487019324452026
2024,V1 Legacy M15,2024-08-12 13:30:00+00:00,2024-08-12 16:15:00+00:00,1,2445.95,2441.089133241398,3.0,3.0,2.949680784899696,target,3,1,Ensemble REGIME-ROUTER,8.487019324452026,9.738719215572454
2024,V1 Legacy M15,2024-08-12 17:45:00+00:00,2024-08-13 01:30:00+00:00,1,2467.73,2461.0487812388874,3.0,-1.0,-1.0369353270448676,stop,3,1,Ensemble REGIME-ROUTER,9.738719215572454,9.233798115832565
2024,V1 Legacy M15,2024-08-13 12:45:00+00:00,2024-08-13 13:30:00+00:00,1,2470.92,2462.954926604558,3.0,-1.0,-1.0310219363629958,stop,3,1,Ensemble REGIME-ROUTER,9.233798115832565,8.757785695164031
2024,M15-0591 MTF,2024-08-14 07:45:00+00:00,2024-08-14 12:45:00+00:00,1,2470.62,2465.956257837778,4.0,-1.0,-1.052975055525433,stop,0,0,Ensemble REGIME-ROUTER,8.757785695164031,8.296699201231771
2024,M15-0591 MTF,2024-08-16 08:30:00+00:00,2024-08-16 13:00:00+00:00,1,2462.22,2455.012832560428,4.0,4.0,3.965836508994077,target,0,0,Ensemble REGIME-ROUTER,8.296699201231771,9.941866831051119
2024,Outcome First M15,2024-08-19 08:15:00+00:00,2024-08-19 10:15:00+00:00,1,2504.76,2499.3247799860806,3.0,-1.0,-1.046083875051705,stop,2,2,Ensemble REGIME-ROUTER,9.941866831051119,9.42186550205742
2024,Structural Frequency M15,2024-08-19 14:00:00+00:00,2024-08-20 07:15:00+00:00,1,2494.66,2485.1342133577277,2.0,1.0056912210785012,0.9795027277426378,time_exit,4,2,Ensemble REGIME-ROUTER,9.42186550205742,9.883302650041895
2024,M15-0591 MTF,2024-08-20 09:30:00+00:00,2024-08-20 15:15:00+00:00,1,2524.56,2519.2858519566375,4.0,-1.0,-1.0478666882166343,stop,0,3,Ensemble REGIME-ROUTER,9.883302650041895,9.36548346921479
2024,Structural Portfolio MTF,2024-08-21 02:30:00+00:00,2024-08-21 07:45:00+00:00,1,2517.41,2510.5141849111255,4.0,-1.0,-1.0365063443197828,stop,1,0,Ensemble REGIME-ROUTER,9.36548346921479,8.880114317541631
2024,V1 Legacy M15,2024-08-21 09:00:00+00:00,2024-08-21 18:15:00+00:00,-1,2507.2,2514.3323959264835,2.0,-1.0,-1.0351522829893722,stop,3,4,Ensemble REGIME-ROUTER,8.880114317541631,8.42050078709114
2024,Structural Portfolio MTF,2024-08-22 13:30:00+00:00,2024-08-23 06:45:00+00:00,-1,2492.94,2504.4679028569494,3.0,0.013879367477789046,-0.007745901497280263,time_exit,1,0,Ensemble REGIME-ROUTER,8.42050078709114,8.41723956860841
2024,Structural Portfolio MTF,2024-08-23 10:15:00+00:00,2024-08-23 12:00:00+00:00,-1,2497.47,2501.9792260561744,3.0,-1.0,-1.0553857794860415,stop,1,0,Ensemble REGIME-ROUTER,8.41723956860841,7.973067821446583
2024,Outcome First M15,2024-08-23 14:00:00+00:00,2024-08-23 14:15:00+00:00,-1,2498.17,2504.046400464676,2.0,-1.0,-1.0425119086933732,stop,2,1,Ensemble REGIME-ROUTER,7.973067821446583,7.557466913812683
2024,Structural Portfolio MTF,2024-08-26 17:00:00+00:00,2024-08-27 01:15:00+00:00,1,2520.06,2511.226605175906,4.0,-1.0,-1.0285287825369962,stop,1,0,Ensemble REGIME-ROUTER,7.557466913812683,7.168813301616313
2024,Structural Portfolio MTF,2024-08-27 08:45:00+00:00,2024-08-28 02:00:00+00:00,1,2510.82,2503.135329194995,3.0,0.8081022801855484,0.7754291824861045,time_exit,1,0,Ensemble REGIME-ROUTER,7.168813301616313,7.446758653509705
2024,Structural Portfolio MTF,2024-08-28 16:30:00+00:00,2024-08-29 00:30:00+00:00,-1,2498.89,2510.532156299557,3.0,-1.0,-1.0214641509330629,stop,1,0,Ensemble REGIME-ROUTER,7.446758653509705,7.066428803249169
2024,Outcome First M15,2024-08-29 10:00:00+00:00,2024-08-29 12:30:00+00:00,1,2522.89,2515.209563578007,3.0,-1.0,-1.032848263580123,stop,2,1,Ensemble REGIME-ROUTER,7.066428803249169,6.701501367291745
2024,Structural Portfolio MTF,2024-08-29 13:30:00+00:00,2024-08-30 06:45:00+00:00,1,2510.41,2503.171161405538,3.0,1.3786741988742917,1.343994464449482,time_exit,1,0,Ensemble REGIME-ROUTER,6.701501367291745,7.151840404348782
2024,M15-0591 MTF,2024-08-30 15:00:00+00:00,2024-09-02 02:15:00+00:00,-1,2508.97,2517.6064897453302,3.0,1.734500988448389,1.7054501810719715,time_exit,0,3,Ensemble REGIME-ROUTER,7.151840404348782,7.761695779978506
2024,Structural Portfolio MTF,2024-09-02 09:30:00+00:00,2024-09-03 05:15:00+00:00,-1,2500.95,2507.485023060645,3.0,1.0619702387575984,1.0237002896420224,time_exit,1,0,Ensemble REGIME-ROUTER,7.761695779978506,8.15897829088237
2024,Outcome First M15,2024-09-03 11:15:00+00:00,2024-09-03 11:45:00+00:00,1,2499.33,2492.3376555630066,2.0,-1.0,-1.0357438055650858,stop,2,1,Ensemble REGIME-ROUTER,8.15897829088237,7.736447729656299
2024,M15-0591 MTF,2024-09-04 07:30:00+00:00,2024-09-04 10:45:00+00:00,-1,2483.73,2488.400047042273,4.0,-1.0,-1.0531842608332949,stop,0,0,Ensemble REGIME-ROUTER,7.736447729656299,7.329052480474624
2024,Structural Portfolio MTF,2024-09-06 03:00:00+00:00,2024-09-06 12:15:00+00:00,1,2517.65,2512.7337140308214,4.0,-1.0,-1.0512104058995695,stop,1,3,Ensemble REGIME-ROUTER,7.329052480474624,6.943833668831676
2024,Structural Portfolio MTF,2024-09-06 17:30:00+00:00,2024-09-09 10:45:00+00:00,1,2495.06,2484.337818563909,2.0,-0.06062199225730167,-0.08389207041137582,time_exit,1,0,Ensemble REGIME-ROUTER,6.943833668831676,6.9147070396781505
2024,Outcome First M15,2024-09-09 10:45:00+00:00,2024-09-09 12:30:00+00:00,-1,2494.4,2499.304624550944,2.0,-1.0,-1.0508581232689855,stop,2,1,Ensemble REGIME-ROUTER,6.9147070396781505,6.551388236544599
2024,Structural Portfolio MTF,2024-09-09 18:15:00+00:00,2024-09-09 20:45:00+00:00,-1,2500.44,2506.7258998486245,3.0,-1.0,-1.039778552955265,stop,1,0,Ensemble REGIME-ROUTER,6.551388236544599,6.210788587522475
2024,Structural Frequency M15,2024-09-10 09:45:00+00:00,2024-09-10 13:00:00+00:00,1,2503.35,2499.8140164870188,2.0,2.0,1.9292035726182033,target,4,2,Ensemble REGIME-ROUTER,6.210788587522475,6.809882364113711
2024,M15-0591 MTF,2024-09-10 13:30:00+00:00,2024-09-10 13:45:00+00:00,1,2514.77,2508.8854990833615,4.0,-1.0,-1.0427354848886077,stop,0,0,Ensemble REGIME-ROUTER,6.809882364113711,6.454837064664786
2024,Structural Frequency M15,2024-09-10 15:15:00+00:00,2024-09-11 08:30:00+00:00,1,2509.64,2500.424068725274,3.0,1.5060876200395812,1.4788560801638166,time_exit,4,4,Ensemble REGIME-ROUTER,6.454837064664786,6.9321258166421
2024,Structural Frequency M15,2024-09-11 15:15:00+00:00,2024-09-12 08:30:00+00:00,1,2513.53,2500.365368256387,3.0,0.4117091997373211,0.39261614761894803,time_exit,4,2,Ensemble REGIME-ROUTER,6.9321258166421,7.068209043289094
2024,Outcome First M15,2024-09-12 08:30:00+00:00,2024-09-12 11:00:00+00:00,1,2518.96,2514.222945669466,3.0,-1.0,-1.0531756620092627,stop,2,1,Ensemble REGIME-ROUTER,7.068209043289094,6.696005756369801
2024,Structural Frequency M15,2024-09-12 12:00:00+00:00,2024-09-12 13:15:00+00:00,1,2519.41,2512.6690883271785,3.0,3.0,2.9626250851178186,target,4,2,Ensemble REGIME-ROUTER,6.696005756369801,7.687893487565526
2024,V1 Legacy M15,2024-09-12 15:00:00+00:00,2024-09-13 08:15:00+00:00,1,2553.24,2536.702336772488,3.0,0.9983272589886977,0.9828883184027482,time_exit,3,4,Ensemble REGIME-ROUTER,7.687893487565526,8.065710522668162
2024,V1 Legacy M15,2024-09-13 12:45:00+00:00,2024-09-16 03:15:00+00:00,1,2571.27,2563.314866576615,2.0,2.0,1.967677851983709,target,3,1,Ensemble REGIME-ROUTER,8.065710522668162,8.859246520466465
2024,V1 Legacy M15,2024-09-16 05:45:00+00:00,2024-09-16 07:15:00+00:00,1,2588.92,2584.6529931018154,3.0,-1.0,-1.0606729743301184,stop,3,1,Ensemble REGIME-ROUTER,8.859246520466465,8.389408352607118
2024,Outcome First M15,2024-09-16 08:30:00+00:00,2024-09-16 10:45:00+00:00,1,2586.86,2579.222508101102,3.0,-1.0,-1.0338705432914856,stop,2,2,Ensemble REGIME-ROUTER,8.389408352607118,7.955730244036915
2024,Outcome First M15,2024-09-16 12:00:00+00:00,2024-09-17 04:45:00+00:00,1,2582.9,2574.8996695989545,3.0,-1.0,-1.0322849166287236,stop,2,2,Ensemble REGIME-ROUTER,7.955730244036915,7.545101227452602
2024,Structural Portfolio MTF,2024-09-17 06:00:00+00:00,2024-09-17 09:30:00+00:00,1,2579.27,2574.2727209325267,3.0,-1.0,-1.0516134873633167,stop,1,0,Ensemble REGIME-ROUTER,7.545101227452602,7.148374716737068
2024,Structural Frequency M15,2024-09-17 11:30:00+00:00,2024-09-17 12:45:00+00:00,1,2575.85,2569.353317269549,2.0,-1.0,-1.0396486962173255,stop,4,2,Ensemble REGIME-ROUTER,7.148374716737068,6.776784794020639
2024,Structural Frequency M15,2024-09-17 14:15:00+00:00,2024-09-17 14:45:00+00:00,1,2580.66,2572.450900373508,2.0,-1.0,-1.031436577912538,stop,4,2,Ensemble REGIME-ROUTER,6.776784794020639,6.4272936081609195
2024,Outcome First M15,2024-09-17 15:00:00+00:00,2024-09-17 15:45:00+00:00,-1,2576.36,2582.551720072669,2.0,2.0,1.9583902377729832,target,2,1,Ensemble REGIME-ROUTER,6.4272936081609195,7.056651061037071
2024,Structural Frequency M15,2024-09-19 14:45:00+00:00,2024-09-20 08:00:00+00:00,1,2583.08,2569.1552365354055,2.0,1.7213936926790299,1.7028434314371221,time_exit,4,2,Ensemble REGIME-ROUTER,7.056651061037071,7.65746965639861
2024,M15-0591 MTF,2024-09-20 11:45:00+00:00,2024-09-20 13:15:00+00:00,1,2614.57,2609.8282337839246,4.0,-1.0,-1.0551391587197205,stop,0,0,Ensemble REGIME-ROUTER,7.65746965639861,7.253484851839899
2024,M15-0591 MTF,2024-09-20 16:00:00+00:00,2024-09-23 03:15:00+00:00,1,2622.7,2610.6711338128057,4.0,0.42896811051848105,0.4071647255677688,time_exit,0,0,Ensemble REGIME-ROUTER,7.253484851839899,7.401153010295368
2024,M15-0591 MTF,2024-09-23 04:15:00+00:00,2024-09-23 05:15:00+00:00,1,2630.74,2627.319751636371,4.0,-1.0,-1.07691663646347,stop,0,0,Ensemble REGIME-ROUTER,7.401153010295368,7.002631770005429
2024,Outcome First M15,2024-09-23 10:00:00+00:00,2024-09-24 03:15:00+00:00,1,2621.5,2615.0274282693817,3.0,1.2885141095537174,1.2480124340357917,time_exit,2,2,Ensemble REGIME-ROUTER,7.002631770005429,7.4396003460024716
2024,Outcome First M15,2024-09-24 08:15:00+00:00,2024-09-24 15:00:00+00:00,1,2627.99,2622.2455068169515,3.0,3.0,2.954252012905941,target,2,2,Ensemble REGIME-ROUTER,7.4396003460024716,8.53852306087215
2024,V1 Legacy M15,2024-09-24 16:15:00+00:00,2024-09-25 09:30:00+00:00,1,2649.81,2638.6374211208813,3.0,0.46721531854712106,0.4434982338107363,time_exit,3,1,Ensemble REGIME-ROUTER,8.53852306087215,8.727864055714601
2024,Outcome First M15,2024-09-25 10:30:00+00:00,2024-09-25 16:45:00+00:00,1,2657.75,2652.3625553678553,3.0,-1.0,-1.0493322935356455,stop,2,2,Ensemble REGIME-ROUTER,8.727864055714601,8.269942575352085
2024,Structural Portfolio MTF,2024-09-25 17:30:00+00:00,2024-09-26 10:45:00+00:00,1,2660.53,2649.2189905297055,3.0,1.187338763641748,1.1638171672096422,time_exit,1,0,Ensemble REGIME-ROUTER,8.269942575352085,8.751177632403719
2024,V1 Legacy M15,2024-09-26 10:45:00+00:00,2024-09-26 13:15:00+00:00,1,2674.01,2666.573454365949,3.0,-1.0,-1.0359576896530565,stop,3,1,Ensemble REGIME-ROUTER,8.751177632403719,8.297885144313296
2024,Structural Portfolio MTF,2024-09-26 15:45:00+00:00,2024-09-27 07:30:00+00:00,1,2672.03,2661.7453234560953,4.0,-1.0,-1.0259806906769815,stop,1,3,Ensemble REGIME-ROUTER,8.297885144313296,7.872211647737255
2024,Structural Portfolio MTF,2024-09-27 10:00:00+00:00,2024-09-27 14:30:00+00:00,1,2663.59,2657.9452652071463,3.0,-1.0,-1.0471871593218531,stop,1,0,Ensemble REGIME-ROUTER,7.872211647737255,7.460027700088536
2024,Structural Frequency M15,2024-09-30 08:15:00+00:00,2024-09-30 14:00:00+00:00,-1,2653.25,2660.817216314899,3.0,3.0,2.9649375689872097,target,4,2,Ensemble REGIME-ROUTER,7.460027700088536,8.565953519772423
2024,Structural Portfolio MTF,2024-10-01 07:30:00+00:00,2024-10-01 08:00:00+00:00,-1,2642.52,2646.0507810879644,3.0,-1.0,-1.074842363039943,stop,1,0,Ensemble REGIME-ROUTER,8.565953519772423,8.105601033628297
2024,Structural Frequency M15,2024-10-01 11:30:00+00:00,2024-10-01 12:00:00+00:00,-1,2648.02,2651.8513115162555,2.0,-1.0,-1.069115236095133,stop,4,2,Ensemble REGIME-ROUTER,8.105601033628297,7.672309955490273
2024,Structural Frequency M15,2024-10-02 07:30:00+00:00,2024-10-02 12:30:00+00:00,1,2652.65,2646.8245823236157,2.0,-1.0,-1.0455357906910872,stop,4,2,Ensemble REGIME-ROUTER,7.672309955490273,7.271226222703241
2024,Outcome First M15,2024-10-02 14:45:00+00:00,2024-10-03 08:00:00+00:00,-1,2656.06,2663.692843302776,2.0,1.4280392728664688,1.393241493131701,time_exit,2,1,Ensemble REGIME-ROUTER,7.271226222703241,7.777754926674113
2024,Structural Frequency M15,2024-10-03 09:45:00+00:00,2024-10-03 14:15:00+00:00,1,2646.85,2640.5958227034935,2.0,-1.0,-1.0423213138117866,stop,4,2,Ensemble REGIME-ROUTER,7.777754926674113,7.37240893999026
2024,M15-0591 MTF,2024-10-03 17:00:00+00:00,2024-10-04 04:15:00+00:00,1,2659.96,2651.6001501581195,3.0,0.22608061577033312,0.1942623409171852,time_exit,0,3,Ensemble REGIME-ROUTER,7.37240893999026,7.444018010934325
2024,Outcome First M15,2024-10-04 11:45:00+00:00,2024-10-04 12:15:00+00:00,1,2661.14,2657.1471414894763,3.0,-1.0,-1.0666474905881669,stop,2,1,Ensemble REGIME-ROUTER,7.444018010934325,7.047010854371515
2024,Structural Portfolio MTF,2024-10-04 16:00:00+00:00,2024-10-07 09:15:00+00:00,-1,2653.41,2670.7979890401452,3.0,0.07879001975655926,0.06353000323668564,time_exit,1,0,Ensemble REGIME-ROUTER,7.047010854371515,7.069395685490874
2024,M15-0591 MTF,2024-10-07 10:15:00+00:00,2024-10-07 12:30:00+00:00,1,2656.99,2653.3229945152298,3.0,-1.0,-1.0724566682824757,stop,0,3,Ensemble REGIME-ROUTER,7.069395685490874,6.690314658309272
2024,Structural Portfolio MTF,2024-10-08 07:15:00+00:00,2024-10-08 11:00:00+00:00,-1,2636.86,2646.763592410471,3.0,-1.0,-1.0266252879835005,stop,1,0,Ensemble REGIME-ROUTER,6.690314658309272,6.346892347669923
2024,Outcome First M15,2024-10-08 16:15:00+00:00,2024-10-09 09:30:00+00:00,1,2615.41,2604.2092481434247,2.0,0.1258844065162108,0.1025340990235519,time_exit,2,1,Ensemble REGIME-ROUTER,6.346892347669923,6.379430992093313
2024,Outcome First M15,2024-10-09 12:00:00+00:00,2024-10-09 13:45:00+00:00,-1,2619.03,2622.7208150119914,3.0,3.0,2.9290392503690654,target,2,2,Ensemble REGIME-ROUTER,6.379430992093313,7.313711180636423
2024,M15-0591 MTF,2024-10-09 13:45:00+00:00,2024-10-09 15:30:00+00:00,-1,2609.57,2616.4979482513477,4.0,-1.0,-1.0376672848197506,stop,0,0,Ensemble REGIME-ROUTER,7.313711180636423,6.934251239498081
2024,Structural Portfolio MTF,2024-10-10 03:45:00+00:00,2024-10-10 08:30:00+00:00,-1,2612.02,2617.1318369709425,3.0,-1.0,-1.0510974824676074,stop,1,0,Ensemble REGIME-ROUTER,6.934251239498081,6.569822538466365
2024,Structural Frequency M15,2024-10-10 11:30:00+00:00,2024-10-10 12:45:00+00:00,-1,2614.22,2619.1221361304083,2.0,-1.0,-1.0533281804188117,stop,4,2,Ensemble REGIME-ROUTER,6.569822538466365,6.2238135774605015
2024,Structural Frequency M15,2024-10-10 15:45:00+00:00,2024-10-10 19:15:00+00:00,-1,2620.57,2630.186905785409,2.0,-1.0,-1.0272496170647318,stop,4,2,Ensemble REGIME-ROUTER,6.2238135774605015,5.904143071754072
2024,Outcome First M15,2024-10-11 13:00:00+00:00,2024-10-11 13:45:00+00:00,-1,2643.0,2650.3690085324865,2.0,-1.0,-1.0358664261053334,stop,2,1,Ensemble REGIME-ROUTER,5.904143071754072,5.59834789260645
2024,Structural Portfolio MTF,2024-10-13 22:00:00+00:00,2024-10-13 22:15:00+00:00,1,2655.69,2654.574187982314,3.0,-1.0,-1.2380051440481297,stop,1,0,Ensemble REGIME-ROUTER,5.59834789260645,5.25180871814556
2024,V1 Legacy M15,2024-10-14 04:45:00+00:00,2024-10-14 11:15:00+00:00,1,2658.24,2654.5527245615144,3.0,-1.0,-1.0720922546836356,stop,3,1,Ensemble REGIME-ROUTER,5.25180871814556,4.970287545655368
2024,Outcome First M15,2024-10-14 14:00:00+00:00,2024-10-14 14:30:00+00:00,1,2655.29,2647.318481318864,3.0,-1.0,-1.033309713069902,stop,2,2,Ensemble REGIME-ROUTER,4.970287545655368,4.713495225771565
2024,M15-0591 MTF,2024-10-15 08:30:00+00:00,2024-10-15 12:00:00+00:00,1,2654.73,2649.4032226499357,4.0,-1.0,-1.0498374500291057,stop,0,0,Ensemble REGIME-ROUTER,4.713495225771565,4.466075035344146
2024,Structural Frequency M15,2024-10-15 12:45:00+00:00,2024-10-16 06:00:00+00:00,1,2653.83,2645.5255510114343,3.0,1.8761028000114242,1.8441460741208315,time_exit,4,2,Ensemble REGIME-ROUTER,4.466075035344146,4.877879772502094
2024,V1 Legacy M15,2024-10-16 13:00:00+00:00,2024-10-16 14:00:00+00:00,1,2681.69,2676.2532363274267,3.0,-1.0,-1.0493251162180959,stop,3,1,Ensemble REGIME-ROUTER,4.877879772502094,4.6219556845431615
2024,Structural Portfolio MTF,2024-10-16 17:15:00+00:00,2024-10-17 10:30:00+00:00,1,2675.01,2665.726784163373,4.0,1.276497305302898,1.2476817520821526,time_exit,1,3,Ensemble REGIME-ROUTER,4.6219556845431615,4.9102921728700055
2024,M15-0591 MTF,2024-10-17 11:30:00+00:00,2024-10-17 12:00:00+00:00,1,2687.42,2682.175713374208,4.0,-1.0,-1.051244720049872,stop,0,0,Ensemble REGIME-ROUTER,4.9102921728700055,4.6521962368384155
2024,M15-0591 MTF,2024-10-17 15:00:00+00:00,2024-10-17 15:30:00+00:00,1,2695.69,2688.093405462758,4.0,-1.0,-1.0354855058642976,stop,0,0,Ensemble REGIME-ROUTER,4.6521962368384155,4.411332148154285
2024,V1 Legacy M15,2024-10-17 22:00:00+00:00,2024-10-18 01:15:00+00:00,1,2692.69,2690.76891603902,2.0,2.0,1.8598348612193731,target,3,1,Ensemble REGIME-ROUTER,4.411332148154285,4.821549613832039
2024,M15-0591 MTF,2024-10-18 02:30:00+00:00,2024-10-18 06:30:00+00:00,1,2708.54,2703.7055965515797,4.0,-1.0,-1.0560263542109845,stop,0,0,Ensemble REGIME-ROUTER,4.821549613832039,4.566965440814918
2024,Outcome First M15,2024-10-18 09:00:00+00:00,2024-10-18 19:00:00+00:00,1,2706.36,2701.4898742440623,3.0,3.0,2.944429361054993,target,2,2,Ensemble REGIME-ROUTER,4.566965440814918,5.239320797557863
2024,M15-0591 MTF,2024-10-21 01:45:00+00:00,2024-10-21 12:00:00+00:00,1,2727.94,2720.720533560477,4.0,0.8934178244377419,0.8556319295540711,time_exit,0,0,Ensemble REGIME-ROUTER,5.239320797557863,5.4634673057362235
2024,M15-0591 MTF,2024-10-21 13:00:00+00:00,2024-10-21 13:45:00+00:00,1,2738.7,2734.2440942057924,4.0,-1.0,-1.0614622509201217,stop,0,0,Ensemble REGIME-ROUTER,5.4634673057362235,5.1735040905274605
2024,Structural Portfolio MTF,2024-10-21 19:45:00+00:00,2024-10-22 03:45:00+00:00,1,2718.57,2713.932574073117,3.0,3.0,2.941377608120048,target,1,0,Ensemble REGIME-ROUTER,5.1735040905274605,5.934365544897207
2024,Structural Portfolio MTF,2024-10-22 12:30:00+00:00,2024-10-23 05:45:00+00:00,1,2736.14,2729.199150573413,4.0,2.338330512952988,2.2989096894797214,time_exit,1,3,Ensemble REGIME-ROUTER,5.934365544897207,6.616494067501147
2024,M15-0591 MTF,2024-10-23 06:15:00+00:00,2024-10-23 06:45:00+00:00,1,2752.32,2748.8888691911748,4.0,-1.0,-1.0802161197970246,stop,0,0,Ensemble REGIME-ROUTER,6.616494067501147,6.259131890088342
2024,M15-0591 MTF,2024-10-23 08:00:00+00:00,2024-10-23 09:30:00+00:00,1,2754.92,2751.7754903580876,4.0,-1.0,-1.087610480288573,stop,0,0,Ensemble REGIME-ROUTER,6.259131890088342,5.9187570180299165
2024,Structural Portfolio MTF,2024-10-23 16:00:00+00:00,2024-10-24 09:15:00+00:00,1,2721.77,2708.223216646837,3.0,1.1914267453189518,1.1713351122792566,time_exit,1,0,Ensemble REGIME-ROUTER,5.9187570180299165,6.265399413843302
2024,Structural Portfolio MTF,2024-10-24 15:15:00+00:00,2024-10-25 08:30:00+00:00,1,2734.03,2722.0751650045663,4.0,-1.0,-1.0228696590211763,stop,1,3,Ensemble REGIME-ROUTER,6.265399413843302,5.944965065739833
2024,V1 Legacy M15,2024-10-25 18:00:00+00:00,2024-10-27 22:15:00+00:00,1,2744.28,2735.7962491303297,3.0,-1.0,-1.0323474845284628,stop,3,1,Ensemble REGIME-ROUTER,5.944965065739833,5.638101579178528
2024,Outcome First M15,2024-10-29 13:15:00+00:00,2024-10-30 00:15:00+00:00,1,2755.48,2747.8856983187775,3.0,3.0,2.963716479596628,target,2,1,Ensemble REGIME-ROUTER,5.638101579178528,6.473588307371087
2024,M15-0591 MTF,2024-10-30 00:45:00+00:00,2024-10-30 07:00:00+00:00,1,2777.47,2774.574272768706,4.0,4.0,3.9040838525816826,target,0,0,Ensemble REGIME-ROUTER,6.473588307371087,7.73725988632454
2024,Outcome First M15,2024-10-30 15:45:00+00:00,2024-10-31 09:00:00+00:00,1,2784.05,2771.50405689445,3.0,-0.40252055644713897,-0.42471139516350764,time_exit,2,2,Ensemble REGIME-ROUTER,7.73725988632454,7.572954764271363
2024,Structural Frequency M15,2024-10-31 10:45:00+00:00,2024-10-31 13:00:00+00:00,1,2780.11,2773.074641088551,2.0,-1.0,-1.0395162497747723,stop,4,2,Ensemble REGIME-ROUTER,7.572954764271363,7.179344287457894
2024,Outcome First M15,2024-11-01 11:15:00+00:00,2024-11-01 14:45:00+00:00,1,2751.56,2744.5446217445815,2.0,-1.0,-1.0392218338031136,stop,2,1,Ensemble REGIME-ROUTER,7.179344287457894,6.806297720662099
2024,Structural Frequency M15,2024-11-01 15:00:00+00:00,2024-11-04 09:15:00+00:00,-1,2747.3,2760.047940211659,3.0,1.0589946121376914,1.0374436795604627,time_exit,4,2,Ensemble REGIME-ROUTER,6.806297720662099,7.159355248237483
2024,Structural Portfolio MTF,2024-11-04 10:45:00+00:00,2024-11-04 14:00:00+00:00,-1,2740.97,2745.5055566044944,3.0,-1.0,-1.0604329355582027,stop,1,0,Ensemble REGIME-ROUTER,7.159355248237483,6.779754443107858
2024,Structural Portfolio MTF,2024-11-05 06:15:00+00:00,2024-11-05 06:45:00+00:00,-1,2733.93,2737.462611390612,3.0,-1.0,-1.0773911901905024,stop,1,0,Ensemble REGIME-ROUTER,6.779754443107858,6.414532057674892
2024,Structural Portfolio MTF,2024-11-05 08:00:00+00:00,2024-11-05 09:00:00+00:00,-1,2736.3,2741.5818198994148,3.0,-1.0,-1.051806007249571,stop,1,0,Ensemble REGIME-ROUTER,6.414532057674892,6.077189890077022
2024,Structural Portfolio MTF,2024-11-05 10:00:00+00:00,2024-11-05 14:00:00+00:00,-1,2739.92,2745.194124948814,3.0,-1.0,-1.0519502292151066,stop,1,0,Ensemble REGIME-ROUTER,6.077189890077022,5.757544825184509
2024,Structural Portfolio MTF,2024-11-05 16:15:00+00:00,2024-11-06 03:30:00+00:00,1,2742.03,2732.584832190379,3.0,-1.0,-1.0290310352898853,stop,1,0,Ensemble REGIME-ROUTER,5.757544825184509,5.4613102095751325
2024,M15-0591 MTF,2024-11-06 12:30:00+00:00,2024-11-06 13:45:00+00:00,-1,2700.44,2708.955870321501,4.0,4.0,3.968289324542885,target,0,0,Ensemble REGIME-ROUTER,5.4613102095751325,6.544913159708836
2024,M15-0591 MTF,2024-11-06 14:30:00+00:00,2024-11-06 16:15:00+00:00,-1,2659.47,2677.5510309706556,4.0,-1.0,-1.0147086192392245,stop,0,0,Ensemble REGIME-ROUTER,6.544913159708836,6.212854169942397
2024,V1 Legacy M15,2024-11-06 20:45:00+00:00,2024-11-07 12:30:00+00:00,-1,2660.01,2668.6686502375433,3.0,-1.0,-1.0307208390109865,stop,3,1,Ensemble REGIME-ROUTER,6.212854169942397,5.8926682568076005
2024,Structural Portfolio MTF,2024-11-08 12:30:00+00:00,2024-11-08 13:30:00+00:00,-1,2688.55,2695.280304580769,3.0,-1.0,-1.0399469291134642,stop,1,0,Ensemble REGIME-ROUTER,5.8926682568076005,5.586265143910028
2024,V1 Legacy M15,2024-11-08 17:00:00+00:00,2024-11-11 10:15:00+00:00,-1,2683.43,2693.3502038748807,2.0,1.1703388505348784,1.1432887008217785,time_exit,3,1,Ensemble REGIME-ROUTER,5.586265143910028,5.905600834851372
2024,M15-0591 MTF,2024-11-11 12:00:00+00:00,2024-11-11 14:00:00+00:00,-1,2662.62,2669.6501410278347,4.0,4.0,3.9621256531062783,target,0,0,Ensemble REGIME-ROUTER,5.905600834851372,7.075537463089896
2024,M15-0591 MTF,2024-11-11 15:15:00+00:00,2024-11-12 02:30:00+00:00,-1,2620.93,2629.038891371581,4.0,-0.4525896120476011,-0.4849112930259089,time_exit,0,0,Ensemble REGIME-ROUTER,7.075537463089896,6.9039870620858865
2024,V1 Legacy M15,2024-11-12 04:00:00+00:00,2024-11-12 06:15:00+00:00,-1,2618.83,2625.7058603760984,2.0,2.0,1.961912693732068,target,3,1,Ensemble REGIME-ROUTER,6.9039870620858865,7.581238054809299
2024,V1 Legacy M15,2024-11-12 09:15:00+00:00,2024-11-12 13:00:00+00:00,-1,2594.31,2606.9972927313906,3.0,-1.0,-1.0204480975959607,stop,3,1,Ensemble REGIME-ROUTER,7.581238054809299,7.194425057286686
2024,Outcome First M15,2024-11-12 15:30:00+00:00,2024-11-13 08:45:00+00:00,-1,2603.24,2617.533830125266,3.0,-0.3966746456555151,-0.4148869790692056,time_exit,2,2,Ensemble REGIME-ROUTER,7.194425057286686,7.045181393378813
2024,Outcome First M15,2024-11-13 09:00:00+00:00,2024-11-13 15:15:00+00:00,1,2607.65,2600.740324564002,2.0,-1.0,-1.0377391098055733,stop,2,1,Ensemble REGIME-ROUTER,7.045181393378813,6.679628379999627
2024,M15-0591 MTF,2024-11-13 17:15:00+00:00,2024-11-14 04:30:00+00:00,-1,2582.04,2593.5401613056442,4.0,1.667802693392336,1.6453504865808304,time_exit,0,0,Ensemble REGIME-ROUTER,6.679628379999627,7.229144870260203
2024,M15-0591 MTF,2024-11-14 06:15:00+00:00,2024-11-14 09:45:00+00:00,-1,2558.09,2560.933231160587,4.0,4.0,3.910028771650356,target,0,0,Ensemble REGIME-ROUTER,7.229144870260203,8.642453092117503
2024,M15-0591 MTF,2024-11-14 10:45:00+00:00,2024-11-14 12:00:00+00:00,-1,2544.84,2552.77942091945,4.0,-1.0,-1.0320532193193805,stop,0,0,Ensemble REGIME-ROUTER,8.642453092117503,8.196479515290672
2024,Structural Portfolio MTF,2024-11-15 12:30:00+00:00,2024-11-15 13:15:00+00:00,-1,2568.05,2573.6739221291173,3.0,-1.0,-1.045662972229012,stop,1,0,Ensemble REGIME-ROUTER,8.196479515290672,7.76794175870202
2024,Structural Portfolio MTF,2024-11-15 15:45:00+00:00,2024-11-18 01:00:00+00:00,-1,2565.11,2576.552210338163,3.0,-1.0,-1.0224179588050801,stop,1,0,Ensemble REGIME-ROUTER,7.76794175870202,7.370837600849577
2024,Outcome First M15,2024-11-18 16:45:00+00:00,2024-11-19 01:15:00+00:00,-1,2610.26,2615.385919596267,2.0,-1.0,-1.050922765193218,stop,2,1,Ensemble REGIME-ROUTER,7.370837600849577,6.983528549185828
2024,Outcome First M15,2024-11-19 13:45:00+00:00,2024-11-19 14:30:00+00:00,-1,2634.72,2639.802333524259,2.0,2.0,1.9481592463890114,target,2,1,Ensemble REGIME-ROUTER,6.983528549185828,7.663779834961729
2024,M15-0591 MTF,2024-11-21 07:45:00+00:00,2024-11-21 18:00:00+00:00,1,2664.11,2659.772275814242,4.0,1.7705136774753125,1.7090964483959004,time_exit,0,0,Ensemble REGIME-ROUTER,7.663779834961729,8.31868677982279
2024,V1 Legacy M15,2024-11-21 18:00:00+00:00,2024-11-22 07:45:00+00:00,1,2671.85,2660.898606723904,2.0,2.0,1.9756026476938606,target,3,1,Ensemble REGIME-ROUTER,8.31868677982279,9.140407761200482
2024,V1 Legacy M15,2024-11-22 08:00:00+00:00,2024-11-22 14:30:00+00:00,1,2696.27,2686.9675743534153,3.0,-1.0,-1.0289845907125301,stop,3,1,Ensemble REGIME-ROUTER,9.140407761200482,8.670140824245257
2024,Structural Portfolio MTF,2024-11-22 15:15:00+00:00,2024-11-25 03:30:00+00:00,1,2695.93,2684.061826256473,4.0,-1.0,-1.0227156263318982,stop,1,3,Ensemble REGIME-ROUTER,8.670140824245257,8.22678639907257
2024,Structural Portfolio MTF,2024-11-25 10:30:00+00:00,2024-11-25 11:00:00+00:00,-1,2669.77,2675.6031985637837,3.0,-1.0,-1.0457685431210186,stop,1,0,Ensemble REGIME-ROUTER,8.22678639907257,7.796620677716272
2024,Structural Portfolio MTF,2024-11-26 14:00:00+00:00,2024-11-27 05:45:00+00:00,-1,2629.84,2642.3833181184705,3.0,-1.0,-1.0209660631673487,stop,1,0,Ensemble REGIME-ROUTER,7.796620677716272,7.398616421749416
2024,M15-0591 MTF,2024-11-29 06:45:00+00:00,2024-11-29 07:15:00+00:00,1,2664.42,2661.3265262047717,3.0,-1.0,-1.0861303562393119,stop,0,3,Ensemble REGIME-ROUTER,7.398616421749416,6.996823327257781
2024,Outcome First M15,2024-11-29 10:00:00+00:00,2024-11-29 15:00:00+00:00,1,2664.17,2654.189037300217,3.0,-1.0,-1.0266925153428126,stop,2,1,Ensemble REGIME-ROUTER,6.996823327257781,6.637644020194203
2024,Structural Portfolio MTF,2024-11-29 16:15:00+00:00,2024-11-29 19:15:00+00:00,1,2659.45,2650.268715017787,4.0,-1.0,-1.028965989021714,stop,1,0,Ensemble REGIME-ROUTER,6.637644020194203,6.296148522993543
2024,M15-0591 MTF,2024-12-01 23:30:00+00:00,2024-12-02 01:30:00+00:00,-1,2645.57,2653.095430939297,3.0,3.0,2.9648449368369696,target,0,3,Ensemble REGIME-ROUTER,6.296148522993543,7.229503726492092
2024,Structural Frequency M15,2024-12-02 15:00:00+00:00,2024-12-03 08:15:00+00:00,-1,2644.34,2651.9396349218346,2.0,0.49607646140585504,0.4612808425741849,time_exit,4,2,Ensemble REGIME-ROUTER,7.229503726492092,7.396245305009565
2024,Outcome First M15,2024-12-03 13:30:00+00:00,2024-12-03 15:30:00+00:00,1,2646.31,2637.481032907652,3.0,-1.0,-1.0299730418328732,stop,2,1,Ensemble REGIME-ROUTER,7.396245305009565,7.015348641262425
2024,Outcome First M15,2024-12-04 07:30:00+00:00,2024-12-04 14:30:00+00:00,-1,2644.88,2651.6079601617366,3.0,-1.0,-1.039311766663573,stop,2,1,Ensemble REGIME-ROUTER,7.015348641262425,6.650791921756857
2024,Structural Portfolio MTF,2024-12-04 15:45:00+00:00,2024-12-05 08:30:00+00:00,1,2655.61,2644.577630494881,3.0,-1.0,-1.0240710755633025,stop,1,0,Ensemble REGIME-ROUTER,6.650791921756857,6.310247739923794
2024,M15-0591 MTF,2024-12-05 09:30:00+00:00,2024-12-05 10:15:00+00:00,-1,2642.22,2646.7689601785537,3.0,-1.0,-1.0580840433041547,stop,0,3,Ensemble REGIME-ROUTER,6.310247739923794,5.97640911777832
2024,M15-0591 MTF,2024-12-05 15:30:00+00:00,2024-12-05 16:15:00+00:00,-1,2633.78,2642.026301170534,3.0,-1.0,-1.0319389256532507,stop,0,3,Ensemble REGIME-ROUTER,5.97640911777832,5.668044657565098
2024,Structural Portfolio MTF,2024-12-05 16:15:00+00:00,2024-12-05 17:15:00+00:00,1,2640.81,2631.401502036226,3.0,-1.0,-1.0280683485309556,stop,1,0,Ensemble REGIME-ROUTER,5.668044657565098,5.376687792039965
2024,Structural Portfolio MTF,2024-12-06 00:30:00+00:00,2024-12-06 01:15:00+00:00,-1,2631.65,2634.0407594549665,4.0,4.0,3.8899240994516133,target,1,0,Ensemble REGIME-ROUTER,5.376687792039965,6.422433162914142
2024,Structural Portfolio MTF,2024-12-06 09:45:00+00:00,2024-12-06 11:15:00+00:00,-1,2642.56,2645.9250765038087,3.0,3.0,2.921471027567752,target,1,0,Ensemble REGIME-ROUTER,6.422433162914142,7.36058078351134
2024,Outcome First M15,2024-12-06 11:45:00+00:00,2024-12-06 13:45:00+00:00,1,2637.42,2632.1473162204343,3.0,-1.0,-1.0500204470865726,stop,2,1,Ensemble REGIME-ROUTER,7.36058078351134,6.974142767255369
2024,V1 Legacy M15,2024-12-06 19:30:00+00:00,2024-12-08 23:15:00+00:00,-1,2633.83,2639.358601130654,2.0,-1.0,-1.0476400799724266,stop,3,1,Ensemble REGIME-ROUTER,6.974142767255369,6.608823192934042
2024,Structural Portfolio MTF,2024-12-09 08:00:00+00:00,2024-12-10 01:15:00+00:00,1,2650.76,2640.93105810963,3.0,1.3592510922349819,1.3322821668962626,time_exit,1,0,Ensemble REGIME-ROUTER,6.608823192934042,7.049064057139864
2024,M15-0591 MTF,2024-12-10 01:30:00+00:00,2024-12-10 11:45:00+00:00,1,2664.34,2660.059010052739,4.0,1.8570471077806787,1.7948105682694273,time_exit,0,0,Ensemble REGIME-ROUTER,7.049064057139864,7.681650790448003
2024,M15-0591 MTF,2024-12-10 11:45:00+00:00,2024-12-10 15:00:00+00:00,1,2672.39,2667.9135457028574,4.0,4.0,3.9403011887844825,target,0,0,Ensemble REGIME-ROUTER,7.681650790448003,9.19505167751948
2024,V1 Legacy M15,2024-12-10 17:00:00+00:00,2024-12-11 04:45:00+00:00,1,2692.22,2683.90466887875,3.0,-1.0,-1.0323765820115085,stop,3,1,Ensemble REGIME-ROUTER,9.19505167751948,8.720413876406642
2024,V1 Legacy M15,2024-12-11 10:15:00+00:00,2024-12-12 01:15:00+00:00,1,2698.51,2685.470748234262,2.0,2.0,1.9793047174141498,target,3,1,Ensemble REGIME-ROUTER,8.720413876406642,9.583431692575417
2024,V1 Legacy M15,2024-12-12 04:30:00+00:00,2024-12-12 13:15:00+00:00,1,2712.75,2704.595394408231,3.0,-1.0,-1.0332664770781586,stop,3,1,Ensemble REGIME-ROUTER,9.583431692575417,9.088319757410089
2024,M15-0591 MTF,2024-12-13 07:45:00+00:00,2024-12-13 12:15:00+00:00,-1,2682.12,2688.422504213118,3.0,3.0,2.9574435825934486,target,0,3,Ensemble REGIME-ROUTER,9.088319757410089,10.432229404565575
2024,V1 Legacy M15,2024-12-13 15:30:00+00:00,2024-12-13 16:45:00+00:00,-1,2654.9,2664.42674541893,2.0,-1.0,-1.0278678592032562,stop,3,4,Ensemble REGIME-ROUTER,10.432229404565575,9.896081739326172
2024,Structural Portfolio MTF,2024-12-16 12:45:00+00:00,2024-12-17 06:00:00+00:00,-1,2660.07,2664.492640212757,3.0,1.4290106578804063,1.368864006286928,time_exit,1,0,Ensemble REGIME-ROUTER,9.896081739326172,10.57340124413802
2024,V1 Legacy M15,2024-12-17 06:30:00+00:00,2024-12-17 07:30:00+00:00,-1,2647.79,2655.0442382590945,3.0,-1.0,-1.0364999039930967,stop,3,1,Ensemble REGIME-ROUTER,10.57340124413802,10.025434775416544
2024,M15-0591 MTF,2024-12-17 10:45:00+00:00,2024-12-17 12:15:00+00:00,-1,2640.53,2643.5901541843828,4.0,-1.0,-1.0862874822934054,stop,0,0,Ensemble REGIME-ROUTER,10.025434775416544,9.480909560362344
2024,V1 Legacy M15,2024-12-17 14:00:00+00:00,2024-12-17 18:15:00+00:00,-1,2637.06,2647.2325049659776,3.0,-1.0,-1.0259234083327535,stop,3,1,Ensemble REGIME-ROUTER,9.480909560362344,8.994575207849268
2024,V1 Legacy M15,2024-12-18 08:15:00+00:00,2024-12-18 08:30:00+00:00,-1,2642.88,2647.5544654192863,2.0,-1.0,-1.0565386576419165,stop,3,1,Ensemble REGIME-ROUTER,8.994575207849268,8.519419387041252
2024,M15-0591 MTF,2024-12-18 15:00:00+00:00,2024-12-18 19:15:00+00:00,-1,2637.7,2642.2317527803157,4.0,4.0,3.9417951479732714,target,0,0,Ensemble REGIME-ROUTER,8.519419387041252,10.198509687210683
2024,M15-0591 MTF,2024-12-18 21:30:00+00:00,2024-12-19 01:15:00+00:00,-1,2589.91,2597.565915632858,4.0,-1.0,-1.0338288733079095,stop,0,0,Ensemble REGIME-ROUTER,10.198509687210683,9.671333998243242
2024,Structural Frequency M15,2024-12-19 11:45:00+00:00,2024-12-19 14:00:00+00:00,-1,2616.78,2626.819542998364,2.0,2.0,1.9739352677664064,target,4,2,Ensemble REGIME-ROUTER,9.671333998243242,10.625863361517272
2024,M15-0591 MTF,2024-12-19 14:30:00+00:00,2024-12-20 01:45:00+00:00,-1,2596.2,2604.670125963271,4.0,-0.57260069342904,-0.6032519495172949,time_exit,0,0,Ensemble REGIME-ROUTER,10.625863361517272,10.305359722110287
2024,Structural Portfolio MTF,2024-12-20 16:45:00+00:00,2024-12-23 06:45:00+00:00,-1,2625.48,2632.2445662430787,3.0,-1.0,-1.0388122446533261,stop,1,0,Ensemble REGIME-ROUTER,10.305359722110287,9.770093028866018
2024,Structural Portfolio MTF,2024-12-24 00:45:00+00:00,2024-12-24 01:00:00+00:00,-1,2614.26,2617.18960382252,4.0,-1.0,-1.0892359567496557,stop,1,3,Ensemble REGIME-ROUTER,9.770093028866018,9.237996197474518
2024,V1 Legacy M15,2024-12-24 11:30:00+00:00,2024-12-24 17:30:00+00:00,-1,2613.13,2618.069561184729,2.0,-1.0,-1.052902067658939,stop,3,1,Ensemble REGIME-ROUTER,9.237996197474518,8.751660932607201
2024,Outcome First M15,2024-12-26 07:45:00+00:00,2024-12-26 11:15:00+00:00,-1,2624.53,2629.8161970917604,2.0,-1.0,-1.0496487352711643,stop,2,1,Ensemble REGIME-ROUTER,8.751660932607201,8.292352441135542
2024,Outcome First M15,2024-12-26 16:30:00+00:00,2024-12-27 09:45:00+00:00,-1,2633.52,2639.415147057675,2.0,1.4808790882721838,1.4362064113357973,time_exit,2,1,Ensemble REGIME-ROUTER,8.292352441135542,8.887828928186288
2024,Structural Portfolio MTF,2024-12-27 10:30:00+00:00,2024-12-27 10:45:00+00:00,1,2627.18,2623.490992584885,3.0,-1.0,-1.0712164467123553,stop,1,0,Ensemble REGIME-ROUTER,8.887828928186288,8.411789502014338
2024,Structural Portfolio MTF,2024-12-30 02:15:00+00:00,2024-12-30 03:30:00+00:00,-1,2623.58,2627.0817891745182,3.0,-1.0,-1.0749211294355232,stop,1,0,Ensemble REGIME-ROUTER,8.411789502014338,7.959688988410381
2024,Structural Portfolio MTF,2024-12-30 06:15:00+00:00,2024-12-30 06:45:00+00:00,1,2622.87,2620.27411761344,2.0,-1.0,-1.1010396315942452,stop,1,0,Ensemble REGIME-ROUTER,7.959688988410381,7.521492336840174
2024,Outcome First M15,2024-12-30 11:30:00+00:00,2024-12-30 14:00:00+00:00,1,2616.03,2608.861199120658,3.0,-1.0,-1.0364918770102605,stop,2,1,Ensemble REGIME-ROUTER,7.521492336840174,7.131694051333685
2024,Structural Portfolio MTF,2024-12-30 14:15:00+00:00,2024-12-31 07:30:00+00:00,-1,2611.92,2622.9081591551408,4.0,0.3394563135950736,0.3156859989943969,time_exit,1,0,Ensemble REGIME-ROUTER,7.131694051333685,7.244262849389568
2024,Structural Frequency M15,2024-12-31 10:30:00+00:00,2024-12-31 14:45:00+00:00,-1,2612.88,2617.097788006708,2.0,-1.0,-1.0619490594559167,stop,4,2,Ensemble REGIME-ROUTER,7.244262849389568,6.859610943421534
2025,Structural Portfolio MTF,2025-01-02 00:30:00+00:00,2025-01-02 10:30:00+00:00,1,2626.38,2621.275670279756,3.0,3.0,2.9485460355434405,target,1,0,Ensemble REGIME-ROUTER,100.0,114.7427301777172
2025,Outcome First M15,2025-01-02 13:30:00+00:00,2025-01-02 14:00:00+00:00,-1,2640.12,2646.774160202834,2.0,-1.0,-1.0396762314029575,stop,2,1,Ensemble REGIME-ROUTER,114.7427301777172,108.77796571311444
2025,V1 Legacy M15,2025-01-02 16:00:00+00:00,2025-01-03 09:15:00+00:00,1,2653.91,2644.8096621171494,2.0,0.07472250028009927,0.04555973693917672,time_exit,3,1,Ensemble REGIME-ROUTER,108.77796571311444,109.02576048824785
2025,Structural Frequency M15,2025-01-03 10:15:00+00:00,2025-01-03 13:30:00+00:00,1,2656.66,2649.647149314708,2.0,-1.0,-1.0378827401183912,stop,4,2,Ensemble REGIME-ROUTER,109.02576048824785,103.36796273629615
2025,Structural Portfolio MTF,2025-01-05 23:00:00+00:00,2025-01-06 04:30:00+00:00,1,2641.45,2636.289738671736,3.0,-1.0,-1.0511882990408292,stop,1,0,Ensemble REGIME-ROUTER,103.36796273629615,97.93500309009201
2025,Outcome First M15,2025-01-07 16:45:00+00:00,2025-01-08 10:00:00+00:00,1,2654.24,2644.3030823366457,3.0,-0.07748881756760781,-0.1041997161573029,time_exit,2,1,Ensemble REGIME-ROUTER,97.93500309009201,97.4247631138994
2025,Structural Portfolio MTF,2025-01-08 13:00:00+00:00,2025-01-09 06:15:00+00:00,1,2652.02,2645.6374336949434,4.0,1.0983042971988501,1.0567532991637973,time_exit,1,3,Ensemble REGIME-ROUTER,97.4247631138994,102.57246010594264
2025,V1 Legacy M15,2025-01-09 06:45:00+00:00,2025-01-09 13:45:00+00:00,1,2664.11,2657.4113537623507,2.0,2.0,1.9602291283121283,target,3,1,Ensemble REGIME-ROUTER,102.57246010594264,112.62573630905777
2025,V1 Legacy M15,2025-01-10 02:30:00+00:00,2025-01-10 09:30:00+00:00,1,2673.38,2668.962235383652,2.0,2.0,1.939485684907088,target,3,1,Ensemble REGIME-ROUTER,112.62573630905777,123.54753647523468
2025,M15-0591 MTF,2025-01-10 15:00:00+00:00,2025-01-13 01:30:00+00:00,1,2685.99,2681.3969682952893,4.0,-1.0,-1.0584796747047343,stop,0,0,Ensemble REGIME-ROUTER,123.54753647523468,117.0089086642908
2025,Structural Portfolio MTF,2025-01-14 05:45:00+00:00,2025-01-14 19:45:00+00:00,-1,2669.28,2675.6037920554386,2.0,-1.0,-1.0422101165977533,stop,1,0,Ensemble REGIME-ROUTER,117.0089086642908,110.91151524719149
2025,M15-0591 MTF,2025-01-15 06:30:00+00:00,2025-01-15 14:00:00+00:00,1,2681.82,2678.8842235969514,4.0,4.0,3.908650400036768,target,0,0,Ensemble REGIME-ROUTER,110.91151524719149,132.58723216917244
2025,Structural Frequency M15,2025-01-15 16:30:00+00:00,2025-01-15 21:00:00+00:00,1,2682.94,2676.3536903996974,2.0,2.0,1.9592648969936564,target,4,2,Ensemble REGIME-ROUTER,132.58723216917244,145.5759076581028
2025,M15-0591 MTF,2025-01-16 01:30:00+00:00,2025-01-16 05:45:00+00:00,1,2699.89,2694.2716308175095,4.0,-1.0,-1.0480546918919853,stop,0,0,Ensemble REGIME-ROUTER,145.5759076581028,137.94733200572736
2025,Structural Portfolio MTF,2025-01-16 07:30:00+00:00,2025-01-17 00:45:00+00:00,1,2697.12,2689.7828062972185,4.0,2.502319107786423,2.465559549442235,time_exit,1,3,Ensemble REGIME-ROUTER,137.94733200572736,154.95320009306735
2025,Structural Frequency M15,2025-01-17 11:30:00+00:00,2025-01-17 12:45:00+00:00,1,2705.58,2702.5891536172803,2.0,2.0,1.9095379817689002,target,4,2,Ensemble REGIME-ROUTER,154.95320009306735,169.74765114178476
2025,Outcome First M15,2025-01-17 15:00:00+00:00,2025-01-17 20:15:00+00:00,1,2711.44,2702.3475508606693,3.0,-1.0,-1.0298207881996422,stop,2,2,Ensemble REGIME-ROUTER,169.74765114178476,161.00716814709122
2025,V1 Legacy M15,2025-01-20 06:30:00+00:00,2025-01-20 08:00:00+00:00,1,2709.09,2703.4264790970988,3.0,-1.0,-1.0478340249192362,stop,3,1,Ensemble REGIME-ROUTER,161.00716814709122,152.57172869507048
2025,V1 Legacy M15,2025-01-20 10:30:00+00:00,2025-01-20 13:45:00+00:00,1,2708.98,2702.762224786603,2.0,-1.0,-1.0435683167536052,stop,3,1,Ensemble REGIME-ROUTER,152.57172869507048,144.61077759014535
2025,M15-0591 MTF,2025-01-21 02:00:00+00:00,2025-01-21 12:15:00+00:00,1,2718.08,2710.802950274006,4.0,0.7901553811650815,0.7528039804966088,time_exit,0,0,Ensemble REGIME-ROUTER,144.61077759014535,150.0539560397739
2025,V1 Legacy M15,2025-01-21 12:30:00+00:00,2025-01-21 16:30:00+00:00,1,2725.74,2716.099035532012,2.0,2.0,1.971727517417468,target,3,1,Ensemble REGIME-ROUTER,150.0539560397739,164.84723175082257
2025,V1 Legacy M15,2025-01-22 00:45:00+00:00,2025-01-22 06:00:00+00:00,1,2745.97,2741.739940637932,3.0,3.0,2.9350843625358123,target,3,1,Ensemble REGIME-ROUTER,164.84723175082257,189.0392583567804
2025,Structural Portfolio MTF,2025-01-22 07:30:00+00:00,2025-01-23 00:45:00+00:00,1,2750.98,2745.3048656192386,4.0,0.8158397122182216,0.7673654415590849,time_exit,1,3,Ensemble REGIME-ROUTER,189.0392583567804,196.29236805482807
2025,Structural Portfolio MTF,2025-01-23 04:30:00+00:00,2025-01-23 09:30:00+00:00,1,2753.07,2749.324864131493,3.0,-1.0,-1.073510550662544,stop,1,0,Ensemble REGIME-ROUTER,196.29236805482807,185.7562716487584
2025,Structural Portfolio MTF,2025-01-23 10:15:00+00:00,2025-01-23 13:15:00+00:00,1,2746.4,2740.6077175231408,3.0,-1.0,-1.0474148146429685,stop,1,0,Ensemble REGIME-ROUTER,185.7562716487584,176.02807810687074
2025,V1 Legacy M15,2025-01-24 00:15:00+00:00,2025-01-24 02:15:00+00:00,1,2756.81,2753.041523965625,2.0,2.0,1.926845494707857,target,3,1,Ensemble REGIME-ROUTER,176.02807810687074,192.98702356898607
2025,V1 Legacy M15,2025-01-24 06:15:00+00:00,2025-01-24 08:15:00+00:00,1,2777.82,2771.3232775014467,3.0,-1.0,-1.0427572518391925,stop,3,1,Ensemble REGIME-ROUTER,192.98702356898607,182.925092652115
2025,Outcome First M15,2025-01-24 09:15:00+00:00,2025-01-26 23:15:00+00:00,1,2774.49,2769.7712883762165,3.0,-1.0,-1.0587976172567104,stop,2,2,Ensemble REGIME-ROUTER,182.925092652115,173.2410600402889
2025,Structural Frequency M15,2025-01-27 08:30:00+00:00,2025-01-27 14:45:00+00:00,1,2755.87,2746.9872555848337,3.0,-1.0,-1.0310249836221193,stop,4,2,Ensemble REGIME-ROUTER,173.2410600402889,164.310266985753
2025,Structural Portfolio MTF,2025-01-27 23:00:00+00:00,2025-01-27 23:30:00+00:00,-1,2739.91,2744.23819417868,3.0,-1.0,-1.0633037679662432,stop,1,0,Ensemble REGIME-ROUTER,164.310266985753,155.57468068567846
2025,Structural Portfolio MTF,2025-01-29 08:15:00+00:00,2025-01-29 11:00:00+00:00,1,2761.4,2757.188026601483,4.0,-1.0,-1.0655607179516458,stop,1,3,Ensemble REGIME-ROUTER,155.57468068567846,147.28596726335198
2025,Structural Frequency M15,2025-01-29 14:15:00+00:00,2025-01-29 15:30:00+00:00,1,2758.95,2751.9856452167087,2.0,-1.0,-1.039615299418968,stop,4,2,Ensemble REGIME-ROUTER,147.28596726335198,139.6299300155169
2025,Structural Portfolio MTF,2025-01-29 20:00:00+00:00,2025-01-30 13:15:00+00:00,1,2755.1,2744.344472675511,3.0,2.4870933049552955,2.4614776385460155,time_exit,1,0,Ensemble REGIME-ROUTER,139.6299300155169,156.8147275357639
2025,Structural Portfolio MTF,2025-01-31 07:45:00+00:00,2025-01-31 09:00:00+00:00,1,2797.95,2791.9345998706995,4.0,-1.0,-1.0465131153349465,stop,1,3,Ensemble REGIME-ROUTER,156.8147275357639,148.60929408357123
2025,V1 Legacy M15,2025-01-31 11:30:00+00:00,2025-01-31 13:45:00+00:00,1,2796.55,2790.754284998632,2.0,2.0,1.9517479724358449,target,3,1,Ensemble REGIME-ROUTER,148.60929408357123,163.11168850420785
2025,V1 Legacy M15,2025-01-31 14:45:00+00:00,2025-01-31 17:15:00+00:00,1,2808.81,2803.297302375447,3.0,-1.0,-1.0509516427581647,stop,3,1,Ensemble REGIME-ROUTER,163.11168850420785,154.5405636548801
2025,M15-0591 MTF,2025-02-03 09:15:00+00:00,2025-02-03 15:00:00+00:00,1,2797.8,2792.092568259731,4.0,4.0,3.9509797028274587,target,0,0,Ensemble REGIME-ROUTER,154.5405636548801,185.0698951680774
2025,Structural Portfolio MTF,2025-02-04 01:00:00+00:00,2025-02-04 07:30:00+00:00,1,2817.27,2810.017339753145,4.0,-1.0,-1.038844643263437,stop,1,3,Ensemble REGIME-ROUTER,185.0698951680774,175.45695170684326
2025,Structural Frequency M15,2025-02-04 08:30:00+00:00,2025-02-05 00:45:00+00:00,1,2817.06,2806.8292690033654,3.0,3.0,2.972464724163633,target,4,2,Ensemble REGIME-ROUTER,175.45695170684326,201.53393168473693
2025,V1 Legacy M15,2025-02-05 00:45:00+00:00,2025-02-05 01:45:00+00:00,1,2847.38,2840.1355475593073,2.0,-1.0,-1.039304281770227,stop,3,1,Ensemble REGIME-ROUTER,201.53393168473693,191.06117777864014
2025,M15-0591 MTF,2025-02-05 03:00:00+00:00,2025-02-05 13:15:00+00:00,1,2851.21,2843.5733495633503,4.0,2.443479658365281,2.4061437867858184,time_exit,0,0,Ensemble REGIME-ROUTER,191.06117777864014,214.0472110690429
2025,Structural Portfolio MTF,2025-02-05 23:00:00+00:00,2025-02-06 07:00:00+00:00,1,2864.94,2859.6160901183816,4.0,-1.0,-1.0538127065202894,stop,1,3,Ensemble REGIME-ROUTER,214.0472110690429,202.76892752805352
2025,Structural Frequency M15,2025-02-06 09:15:00+00:00,2025-02-06 15:00:00+00:00,1,2859.32,2848.5572071957736,2.0,-1.0,-1.026566710444125,stop,4,2,Ensemble REGIME-ROUTER,202.76892752805352,192.36113598241568
2025,Structural Portfolio MTF,2025-02-06 15:45:00+00:00,2025-02-07 09:00:00+00:00,1,2849.04,2833.575009711701,3.0,1.115422620927976,1.0970001069341868,time_exit,1,0,Ensemble REGIME-ROUTER,192.36113598241568,202.91214531955026
2025,M15-0591 MTF,2025-02-10 00:30:00+00:00,2025-02-10 07:00:00+00:00,1,2867.18,2861.9545530329287,4.0,4.0,3.9451304353853756,target,0,0,Ensemble REGIME-ROUTER,202.91214531955026,242.93788933002517
2025,V1 Legacy M15,2025-02-10 08:45:00+00:00,2025-02-11 01:00:00+00:00,1,2897.47,2888.5379290163814,3.0,3.0,2.967561050451636,target,3,1,Ensemble REGIME-ROUTER,242.93788933002517,278.9845402327608
2025,V1 Legacy M15,2025-02-11 06:15:00+00:00,2025-02-11 07:15:00+00:00,1,2926.19,2914.0996412395507,3.0,-1.0,-1.0242026730387217,stop,3,1,Ensemble REGIME-ROUTER,278.9845402327608,264.6977046406172
2025,Structural Frequency M15,2025-02-11 11:30:00+00:00,2025-02-11 12:15:00+00:00,1,2904.93,2901.3585410766273,2.0,-1.0,-1.0813373487509368,stop,4,2,Ensemble REGIME-ROUTER,264.6977046406172,250.38632893279
2025,Structural Portfolio MTF,2025-02-11 14:00:00+00:00,2025-02-12 07:15:00+00:00,1,2896.47,2881.237898193833,3.0,-0.18316579258093268,-0.20218135613781085,time_exit,1,0,Ensemble REGIME-ROUTER,250.38632893279,247.85515655569003
2025,Outcome First M15,2025-02-13 15:15:00+00:00,2025-02-14 08:30:00+00:00,1,2918.89,2905.428786211159,3.0,1.3186032313605076,1.2969195255239674,time_exit,2,2,Ensemble REGIME-ROUTER,247.85515655569003,263.92756615763375
2025,V1 Legacy M15,2025-02-14 10:30:00+00:00,2025-02-14 11:15:00+00:00,1,2938.9,2933.7967110214245,2.0,-1.0,-1.0575883515971356,stop,3,1,Ensemble REGIME-ROUTER,263.92756615763375,249.97123017594896
2025,M15-0591 MTF,2025-02-14 18:00:00+00:00,2025-02-17 01:45:00+00:00,-1,2887.26,2894.844456436987,3.0,-1.0,-1.0380681202929696,stop,0,3,Ensemble REGIME-ROUTER,249.97123017594896,236.99687192414552
2025,Structural Frequency M15,2025-02-17 10:30:00+00:00,2025-02-18 03:15:00+00:00,-1,2898.31,2906.7664546943256,2.0,-1.0,-1.0342733462752989,stop,4,2,Ensemble REGIME-ROUTER,236.99687192414552,224.7408945350573
2025,Outcome First M15,2025-02-18 12:00:00+00:00,2025-02-18 20:00:00+00:00,1,2914.18,2906.67939810346,3.0,3.0,2.9611473847006295,target,2,1,Ensemble REGIME-ROUTER,224.7408945350573,258.01544013944556
2025,M15-0591 MTF,2025-02-19 08:30:00+00:00,2025-02-19 12:15:00+00:00,1,2939.23,2933.4981581302723,4.0,-1.0,-1.051278979197303,stop,0,0,Ensemble REGIME-ROUTER,258.01544013944556,244.4531297130986
2025,Structural Portfolio MTF,2025-02-19 13:30:00+00:00,2025-02-19 14:30:00+00:00,1,2939.87,2930.688231975374,4.0,-1.0,-1.032018561045271,stop,1,3,Ensemble REGIME-ROUTER,244.4531297130986,231.83912135462234
2025,V1 Legacy M15,2025-02-20 00:15:00+00:00,2025-02-20 07:45:00+00:00,1,2939.05,2931.9943468366323,2.0,2.0,1.9583447494945019,target,3,1,Ensemble REGIME-ROUTER,231.83912135462234,254.54016765623447
2025,Structural Portfolio MTF,2025-02-21 02:30:00+00:00,2025-02-21 05:15:00+00:00,1,2938.13,2925.7394939999695,3.0,-1.0,-1.023712752328216,stop,1,0,Ensemble REGIME-ROUTER,254.54016765623447,241.511366875762
2025,Structural Portfolio MTF,2025-02-21 06:00:00+00:00,2025-02-21 08:15:00+00:00,1,2930.05,2923.807293342217,3.0,-1.0,-1.0469355707487362,stop,1,0,Ensemble REGIME-ROUTER,241.511366875762,228.86902483964283
2025,Structural Frequency M15,2025-02-21 15:15:00+00:00,2025-02-21 17:30:00+00:00,-1,2928.1,2939.433726110264,2.0,-1.0,-1.0258352811027276,stop,4,2,Ensemble REGIME-ROUTER,228.86902483964283,217.12992881803874
2025,Outcome First M15,2025-02-24 07:45:00+00:00,2025-02-24 11:00:00+00:00,1,2943.91,2936.503607339909,3.0,-1.0,-1.0397482301453345,stop,2,1,Ensemble REGIME-ROUTER,217.12992881803874,205.84190585803182
2025,Structural Portfolio MTF,2025-02-24 11:45:00+00:00,2025-02-24 15:15:00+00:00,1,2944.65,2934.566744551153,4.0,-1.0,-1.029203366065041,stop,1,0,Ensemble REGIME-ROUTER,205.84190585803182,195.24924673871533
2025,Structural Portfolio MTF,2025-02-24 16:30:00+00:00,2025-02-25 08:15:00+00:00,1,2940.91,2930.305315481599,3.0,-1.0,-1.0277321781227626,stop,1,0,Ensemble REGIME-ROUTER,195.24924673871533,185.2160500573349
2025,Structural Portfolio MTF,2025-02-25 23:00:00+00:00,2025-02-26 00:00:00+00:00,-1,2915.14,2917.762830422517,3.0,-1.0,-1.1111448142042888,stop,1,0,Ensemble REGIME-ROUTER,185.2160500573349,174.92595738090444
2025,M15-0591 MTF,2025-02-26 06:45:00+00:00,2025-02-26 08:00:00+00:00,-1,2908.72,2916.7039646858325,3.0,-1.0,-1.036432024870569,stop,0,3,Ensemble REGIME-ROUTER,174.92595738090444,165.86101417036875
2025,Outcome First M15,2025-02-27 09:30:00+00:00,2025-02-27 15:00:00+00:00,1,2890.89,2876.5711983468964,2.0,-1.0,-1.0201894688538649,stop,2,1,Ensemble REGIME-ROUTER,165.86101417036875,157.40053117286715
2025,M15-0591 MTF,2025-02-28 03:45:00+00:00,2025-02-28 14:00:00+00:00,-1,2863.88,2874.5139503940113,4.0,1.4387879793587135,1.4118565014611593,time_exit,0,0,Ensemble REGIME-ROUTER,157.40053117286715,168.51187933635975
2025,M15-0591 MTF,2025-02-28 14:15:00+00:00,2025-02-28 21:30:00+00:00,-1,2846.45,2857.1642254271324,4.0,-1.0,-1.0265670161539788,stop,0,0,Ensemble REGIME-ROUTER,168.51187933635975,159.86244247851846
2025,Outcome First M15,2025-03-03 09:00:00+00:00,2025-03-04 02:15:00+00:00,1,2868.72,2858.4751675501525,3.0,1.7950513188016477,1.7670496895505734,time_exit,2,1,Ensemble REGIME-ROUTER,159.86244247851846,173.9866864461416
2025,M15-0591 MTF,2025-03-05 06:15:00+00:00,2025-03-05 11:00:00+00:00,1,2919.38,2912.4816165673637,3.0,-1.0,-1.042319769965067,stop,0,3,Ensemble REGIME-ROUTER,173.9866864461416,164.91919829646525
2025,Structural Frequency M15,2025-03-05 15:00:00+00:00,2025-03-06 08:15:00+00:00,1,2908.76,2893.7039697468945,3.0,-0.09365018376669744,-0.11296975174777256,time_exit,4,2,Ensemble REGIME-ROUTER,164.91919829646525,163.98765425196558
2025,Structural Frequency M15,2025-03-06 10:45:00+00:00,2025-03-07 04:00:00+00:00,1,2901.98,2890.6647461487637,3.0,0.2960605253795418,0.27041390676936433,time_exit,4,2,Ensemble REGIME-ROUTER,163.98765425196558,166.20488136437646
2025,Structural Portfolio MTF,2025-03-10 08:15:00+00:00,2025-03-10 18:15:00+00:00,-1,2906.9,2915.711218639475,3.0,3.0,2.9670091037467077,target,1,0,Ensemble REGIME-ROUTER,166.20488136437646,190.86145116913877
2025,Structural Frequency M15,2025-03-11 13:15:00+00:00,2025-03-11 13:45:00+00:00,-1,2907.82,2916.224549756687,2.0,-1.0,-1.0345981650913127,stop,4,2,Ensemble REGIME-ROUTER,190.86145116913877,180.98820581082595
2025,Outcome First M15,2025-03-12 08:15:00+00:00,2025-03-12 13:30:00+00:00,1,2916.16,2908.723321167196,3.0,-1.0,-1.0392132034415222,stop,2,1,Ensemble REGIME-ROUTER,180.98820581082595,171.58393915353585
2025,Outcome First M15,2025-03-13 10:30:00+00:00,2025-03-13 12:15:00+00:00,-1,2943.86,2949.1246415669552,3.0,-1.0,-1.0559175769624642,stop,2,1,Ensemble REGIME-ROUTER,171.58393915353585,162.52501428970203
2025,Structural Portfolio MTF,2025-03-14 07:00:00+00:00,2025-03-14 07:30:00+00:00,1,2985.16,2980.897403407627,4.0,-1.0,-1.0700314921975325,stop,1,3,Ensemble REGIME-ROUTER,162.52501428970203,153.82967011171027
2025,Outcome First M15,2025-03-14 08:15:00+00:00,2025-03-14 15:15:00+00:00,1,2989.86,2980.5070996597924,3.0,-1.0,-1.0319671961770696,stop,2,2,Ensemble REGIME-ROUTER,153.82967011171027,145.892311444009
2025,Outcome First M15,2025-03-14 16:15:00+00:00,2025-03-17 09:30:00+00:00,1,2988.37,2977.9275795934363,3.0,0.4156124567894485,0.386994857768807,time_exit,2,2,Ensemble REGIME-ROUTER,145.892311444009,148.71529015985087
2025,M15-0591 MTF,2025-03-17 10:00:00+00:00,2025-03-17 12:15:00+00:00,1,2995.66,2991.323606158927,4.0,-1.0,-1.0690818248939018,stop,0,0,Ensemble REGIME-ROUTER,148.71529015985087,140.76584947016488
2025,Structural Portfolio MTF,2025-03-17 14:30:00+00:00,2025-03-18 07:45:00+00:00,1,2997.99,2985.622590720057,3.0,1.611493526968677,1.5872524758953366,time_exit,1,0,Ensemble REGIME-ROUTER,140.76584947016488,151.93739662481636
2025,M15-0591 MTF,2025-03-18 12:45:00+00:00,2025-03-18 13:45:00+00:00,1,3033.63,3026.334826713315,4.0,-1.0,-1.0415840704639179,stop,0,0,Ensemble REGIME-ROUTER,151.93739662481636,144.024618023208
2025,Structural Portfolio MTF,2025-03-19 02:30:00+00:00,2025-03-19 05:45:00+00:00,1,3029.82,3027.180793619881,4.0,4.0,3.8851995803426584,target,1,3,Ensemble REGIME-ROUTER,144.024618023208,172.00283729834698
2025,V1 Legacy M15,2025-03-19 05:45:00+00:00,2025-03-19 08:15:00+00:00,1,3041.53,3034.5091164171113,3.0,-1.0,-1.043321185490281,stop,3,1,Ensemble REGIME-ROUTER,172.00283729834698,163.0301270924568
2025,Structural Portfolio MTF,2025-03-19 09:45:00+00:00,2025-03-20 00:15:00+00:00,1,3030.0,3022.521495829142,3.0,3.0,2.9594838763103555,target,1,0,Ensemble REGIME-ROUTER,163.0301270924568,187.1543787166045
2025,V1 Legacy M15,2025-03-20 00:15:00+00:00,2025-03-20 02:15:00+00:00,1,3052.14,3048.4603098997713,3.0,-1.0,-1.0829455719602705,stop,3,1,Ensemble REGIME-ROUTER,187.1543787166045,177.02047843139837
2025,Structural Portfolio MTF,2025-03-20 06:30:00+00:00,2025-03-20 07:30:00+00:00,1,3049.61,3044.570423193736,4.0,-1.0,-1.060513216034518,stop,1,3,Ensemble REGIME-ROUTER,177.02047843139837,167.6338505871358
2025,V1 Legacy M15,2025-03-21 00:00:00+00:00,2025-03-21 00:30:00+00:00,1,3046.34,3043.267303832352,2.0,-1.0,-1.099142246216019,stop,3,1,Ensemble REGIME-ROUTER,167.6338505871358,158.42117823332657
2025,Structural Portfolio MTF,2025-03-24 08:00:00+00:00,2025-03-24 09:15:00+00:00,-1,3022.23,3029.1922054987485,3.0,-1.0,-1.0434090892683827,stop,1,0,Ensemble REGIME-ROUTER,158.42117823332657,150.15627336826358
2025,Structural Frequency M15,2025-03-24 10:00:00+00:00,2025-03-24 10:30:00+00:00,-1,3023.72,3031.3371898734054,2.0,-1.0,-1.0396960040415553,stop,4,2,Ensemble REGIME-ROUTER,150.15627336826358,142.35042949812583
2025,Structural Frequency M15,2025-03-24 11:45:00+00:00,2025-03-24 15:00:00+00:00,-1,3025.3,3033.536077066697,2.0,2.0,1.9632677065124489,target,4,2,Ensemble REGIME-ROUTER,142.35042949812583,156.32402956021824
2025,M15-0591 MTF,2025-03-25 05:30:00+00:00,2025-03-25 07:30:00+00:00,1,3020.03,3014.0457028700316,3.0,-1.0,-1.050465909937461,stop,0,3,Ensemble REGIME-ROUTER,156.32402956021824,148.11337636236496
2025,Structural Frequency M15,2025-03-26 16:30:00+00:00,2025-03-27 02:45:00+00:00,1,3018.95,3012.0946494604527,2.0,2.0,1.9559621352316807,target,4,2,Ensemble REGIME-ROUTER,148.11337636236496,162.5985841566702
2025,M15-0591 MTF,2025-03-27 03:00:00+00:00,2025-03-27 10:30:00+00:00,1,3031.7,3026.7752582098747,4.0,4.0,3.93843941207072,target,0,0,Ensemble REGIME-ROUTER,162.5985841566702,194.61781776614657
2025,M15-0591 MTF,2025-03-27 10:45:00+00:00,2025-03-27 13:15:00+00:00,1,3052.48,3045.5695951479574,4.0,-1.0,-1.0441722310827817,stop,0,0,Ensemble REGIME-ROUTER,194.61781776614657,184.45709171687957
2025,M15-0591 MTF,2025-03-28 01:00:00+00:00,2025-03-28 06:00:00+00:00,1,3062.11,3057.7287771894075,4.0,4.0,3.930108325178152,target,0,0,Ensemble REGIME-ROUTER,184.45709171687957,220.70390930661247
2025,V1 Legacy M15,2025-03-28 11:15:00+00:00,2025-03-31 03:15:00+00:00,1,3076.79,3066.632650690455,3.0,3.0,2.969708731025832,target,3,1,Ensemble REGIME-ROUTER,220.70390930661247,253.47522562858148
2025,M15-0591 MTF,2025-03-31 07:15:00+00:00,2025-03-31 10:00:00+00:00,1,3121.73,3112.8994833766187,4.0,-1.0,-1.0353516122911126,stop,0,0,Ensemble REGIME-ROUTER,253.47522562858148,240.3534264520612
2025,V1 Legacy M15,2025-03-31 18:30:00+00:00,2025-04-01 01:45:00+00:00,1,3121.89,3115.5127090097476,2.0,2.0,1.9510467688431996,target,3,1,Ensemble REGIME-ROUTER,240.3534264520612,263.8004652550455
2025,V1 Legacy M15,2025-04-01 04:00:00+00:00,2025-04-01 06:00:00+00:00,1,3145.95,3140.6017085693697,3.0,-1.0,-1.0588215889280623,stop,3,1,Ensemble REGIME-ROUTER,263.8004652550455,249.83458386598
2025,Structural Portfolio MTF,2025-04-01 06:45:00+00:00,2025-04-01 07:45:00+00:00,1,3133.52,3126.0830453149674,4.0,-1.0,-1.0421344506281105,stop,1,3,Ensemble REGIME-ROUTER,249.83458386598,236.81652252572619
2025,Outcome First M15,2025-04-01 08:30:00+00:00,2025-04-01 15:45:00+00:00,1,3132.22,3123.6705920281047,3.0,-1.0,-1.0366366888829812,stop,2,2,Ensemble REGIME-ROUTER,236.81652252572619,224.54188773653365
2025,M15-0591 MTF,2025-04-02 09:30:00+00:00,2025-04-02 09:45:00+00:00,1,3130.69,3127.2620684008093,4.0,-1.0,-1.0913288351710135,stop,0,0,Ensemble REGIME-ROUTER,224.54188773653365,212.28943589700307
2025,Structural Portfolio MTF,2025-04-02 11:30:00+00:00,2025-04-02 20:15:00+00:00,1,3122.96,3109.641664405378,3.0,-1.0,-1.0234485756708296,stop,1,0,Ensemble REGIME-ROUTER,212.28943589700307,201.4260698570655
2025,Structural Frequency M15,2025-04-03 08:15:00+00:00,2025-04-03 10:15:00+00:00,1,3129.44,3119.1596995115783,2.0,-1.0,-1.030441133540061,stop,4,2,Ensemble REGIME-ROUTER,201.4260698570655,191.0481844696638
2025,Structural Portfolio MTF,2025-04-04 14:30:00+00:00,2025-04-07 07:45:00+00:00,-1,3047.8,3088.849392144807,3.0,0.6942855548131541,0.6868608407290856,time_exit,1,0,Ensemble REGIME-ROUTER,191.0481844696638,197.60936029989375
2025,Structural Portfolio MTF,2025-04-07 12:15:00+00:00,2025-04-08 05:30:00+00:00,-1,3025.75,3046.8854958002653,4.0,1.216910180061968,1.2025942159199674,time_exit,1,3,Ensemble REGIME-ROUTER,197.60936029989375,209.4915539853086
2025,Outcome First M15,2025-04-08 13:00:00+00:00,2025-04-08 13:15:00+00:00,-1,3002.55,3020.199052747358,3.0,-1.0,-1.0170125277712112,stop,2,2,Ensemble REGIME-ROUTER,209.4915539853086,198.8387772420427
2025,Structural Portfolio MTF,2025-04-08 14:00:00+00:00,2025-04-08 23:45:00+00:00,-1,3010.55,3023.477038799388,3.0,3.0,2.976711217110739,target,1,0,Ensemble REGIME-ROUTER,198.8387772420427,228.43305817269132
2025,V1 Legacy M15,2025-04-08 23:45:00+00:00,2025-04-09 01:45:00+00:00,-1,2974.12,2991.5264738597602,2.0,-1.0,-1.017086286538915,stop,3,1,Ensemble REGIME-ROUTER,228.43305817269132,216.8162516297118
2025,Structural Frequency M15,2025-04-10 10:00:00+00:00,2025-04-10 14:15:00+00:00,1,3116.43,3102.6981349152807,2.0,2.0,1.9773051222046454,target,4,2,Ensemble REGIME-ROUTER,216.8162516297118,238.25184587594381
2025,Outcome First M15,2025-04-10 14:15:00+00:00,2025-04-11 07:30:00+00:00,1,3142.94,3115.157024351837,3.0,2.2607369633624277,2.2494244961889995,time_exit,2,2,Ensemble REGIME-ROUTER,238.25184587594381,265.0483227947235
2025,V1 Legacy M15,2025-04-11 10:15:00+00:00,2025-04-11 11:00:00+00:00,1,3234.92,3211.12595981625,3.0,-1.0,-1.013595505324099,stop,3,1,Ensemble REGIME-ROUTER,265.0483227947235,251.61573336080238
2025,V1 Legacy M15,2025-04-11 13:45:00+00:00,2025-04-13 22:15:00+00:00,1,3240.46,3214.4548171708316,3.0,-1.0,-1.012460823756891,stop,3,1,Ensemble REGIME-ROUTER,251.61573336080238,238.87817972736877
2025,V1 Legacy M15,2025-04-14 01:30:00+00:00,2025-04-14 10:30:00+00:00,1,3228.82,3214.724750977635,3.0,-1.0,-1.0229071511604848,stop,3,1,Ensemble REGIME-ROUTER,238.87817972736877,226.66066981240252
2025,Structural Portfolio MTF,2025-04-14 11:15:00+00:00,2025-04-14 12:45:00+00:00,1,3222.79,3205.657104538379,3.0,-1.0,-1.0188105391013405,stop,1,0,Ensemble REGIME-ROUTER,226.66066981240252,215.1144558521703
2025,Structural Frequency M15,2025-04-14 15:00:00+00:00,2025-04-15 08:15:00+00:00,1,3210.89,3193.9901648535856,2.0,1.1970530969523887,1.1780535625061532,time_exit,4,2,Ensemble REGIME-ROUTER,215.1144558521703,227.7852734053314
2025,Outcome First M15,2025-04-15 08:30:00+00:00,2025-04-15 12:00:00+00:00,1,3229.51,3216.999054738812,3.0,-1.0,-1.0258134771800071,stop,2,2,Ensemble REGIME-ROUTER,227.7852734053314,216.10201323721532
2025,V1 Legacy M15,2025-04-15 17:45:00+00:00,2025-04-15 23:45:00+00:00,1,3228.72,3218.994013708273,2.0,2.0,1.9668031611072034,target,3,1,Ensemble REGIME-ROUTER,216.10201323721532,237.3535193750446
2025,V1 Legacy M15,2025-04-16 04:00:00+00:00,2025-04-16 16:30:00+00:00,1,3281.39,3265.6156083313626,3.0,3.0,2.979197993374768,target,3,1,Ensemble REGIME-ROUTER,237.3535193750446,272.70967580717326
2025,V1 Legacy M15,2025-04-16 18:30:00+00:00,2025-04-17 02:00:00+00:00,1,3338.23,3323.781710107654,3.0,-1.0,-1.023104672074502,stop,3,1,Ensemble REGIME-ROUTER,272.70967580717326,258.75914863526117
2025,Structural Frequency M15,2025-04-17 15:30:00+00:00,2025-04-17 20:45:00+00:00,1,3297.71,3282.8922155496057,2.0,2.0,1.9777449185400167,target,4,2,Ensemble REGIME-ROUTER,258.75914863526117,284.3471282022176
2025,V1 Legacy M15,2025-04-21 00:15:00+00:00,2025-04-21 06:45:00+00:00,1,3354.25,3341.8355786105913,3.0,3.0,2.972981020260343,target,3,1,Ensemble REGIME-ROUTER,284.3471282022176,326.615058967754
2025,M15-0591 MTF,2025-04-21 13:45:00+00:00,2025-04-22 01:00:00+00:00,1,3416.98,3404.7687025739065,4.0,0.6944389039185664,0.6664567830941365,time_exit,0,0,Ensemble REGIME-ROUTER,326.615058967754,337.4988000432416
2025,M15-0591 MTF,2025-04-22 02:00:00+00:00,2025-04-22 12:15:00+00:00,1,3453.06,3436.640424432309,4.0,0.1820997130939055,0.1610695714452101,time_exit,0,0,Ensemble REGIME-ROUTER,337.4988000432416,340.2168393975535
2025,Structural Portfolio MTF,2025-04-23 02:30:00+00:00,2025-04-23 03:15:00+00:00,-1,3373.18,3387.862886453816,2.0,2.0,1.9770264517769711,target,1,0,Ensemble REGIME-ROUTER,340.2168393975535,373.84772393899954
2025,Structural Portfolio MTF,2025-04-23 13:15:00+00:00,2025-04-24 00:45:00+00:00,-1,3305.74,3335.716604683215,3.0,-1.0,-1.0110277332437552,stop,1,0,Ensemble REGIME-ROUTER,373.84772393899954,354.94920309338033
2025,Structural Frequency M15,2025-04-24 07:15:00+00:00,2025-04-24 14:00:00+00:00,1,3337.87,3313.8969083443953,3.0,-1.0,-1.0139234023210337,stop,4,2,Ensemble REGIME-ROUTER,354.94920309338033,336.95463791080135
2025,Structural Frequency M15,2025-04-24 15:00:00+00:00,2025-04-24 22:45:00+00:00,1,3327.5,3306.1427634150823,2.0,2.0,1.9844198008166007,target,4,2,Ensemble REGIME-ROUTER,336.95463791080135,370.38761068316046
2025,Outcome First M15,2025-04-28 10:45:00+00:00,2025-04-28 16:45:00+00:00,1,3289.25,3272.6464370431977,3.0,3.0,2.9801894930108817,target,2,1,Ensemble REGIME-ROUTER,370.38761068316046,425.57887396812845
2025,Structural Portfolio MTF,2025-04-29 06:00:00+00:00,2025-04-29 06:45:00+00:00,1,3310.33,3304.4396255128154,2.0,2.0,1.9438010264508283,target,1,0,Ensemble REGIME-ROUTER,425.57887396812845,466.94090657088026
2025,Structural Portfolio MTF,2025-04-29 14:15:00+00:00,2025-04-29 16:45:00+00:00,-1,3309.03,3321.9110425150725,3.0,-1.0,-1.0256891474127816,stop,1,0,Ensemble REGIME-ROUTER,466.94090657088026,442.9940955532384
2025,Structural Portfolio MTF,2025-04-30 01:45:00+00:00,2025-04-30 02:00:00+00:00,1,3317.3,3307.864370400543,2.0,-1.0,-1.0351571664088093,stop,1,0,Ensemble REGIME-ROUTER,442.9940955532384,420.06566991880226
2025,Outcome First M15,2025-04-30 11:45:00+00:00,2025-04-30 12:15:00+00:00,1,3279.77,3267.6512508199585,2.0,-1.0,-1.02706360162484,stop,2,1,Ensemble REGIME-ROUTER,420.06566991880226,398.49396192551444
2025,Structural Frequency M15,2025-04-30 14:45:00+00:00,2025-05-01 01:00:00+00:00,-1,3294.39,3320.6495097075053,2.0,2.0,1.9874544877772093,target,4,2,Ensemble REGIME-ROUTER,398.49396192551444,438.09339257456367
2025,Structural Portfolio MTF,2025-05-02 01:15:00+00:00,2025-05-02 02:30:00+00:00,-1,3235.91,3244.8535302170144,4.0,-1.0,-1.0361815739588365,stop,1,3,Ensemble REGIME-ROUTER,438.09339257456367,415.3961775216198
2025,Structural Portfolio MTF,2025-05-02 10:30:00+00:00,2025-05-02 11:45:00+00:00,-1,3262.92,3267.650415041521,3.0,-1.0,-1.0689774569749182,stop,1,0,Ensemble REGIME-ROUTER,415.3961775216198,393.19372004741166
2025,Structural Portfolio MTF,2025-05-05 00:30:00+00:00,2025-05-05 01:15:00+00:00,-1,3245.38,3252.7197744173495,3.0,-1.0,-1.0442163452916036,stop,1,0,Ensemble REGIME-ROUTER,393.19372004741166,372.6647545804357
2025,Structural Portfolio MTF,2025-05-05 03:30:00+00:00,2025-05-05 08:30:00+00:00,-1,3259.55,3272.9298574766344,3.0,-1.0,-1.0243616197384187,stop,1,0,Ensemble REGIME-ROUTER,372.6647545804357,353.57758099936393
2025,V1 Legacy M15,2025-05-06 07:30:00+00:00,2025-05-06 20:00:00+00:00,1,3374.34,3358.0089872621693,3.0,3.0,2.979337839886786,target,3,1,Ensemble REGIME-ROUTER,353.57758099936393,406.2489343197159
2025,V1 Legacy M15,2025-05-06 20:45:00+00:00,2025-05-06 22:15:00+00:00,1,3427.81,3412.6922054095194,3.0,-1.0,-1.0226740082985282,stop,3,1,Ensemble REGIME-ROUTER,406.2489343197159,385.47592301832844
2025,M15-0591 MTF,2025-05-07 10:00:00+00:00,2025-05-07 10:15:00+00:00,-1,3369.86,3384.5532450147084,3.0,-1.0,-1.0229347567309106,stop,0,3,Ensemble REGIME-ROUTER,385.47592301832844,365.7600870414096
2025,Structural Portfolio MTF,2025-05-07 10:30:00+00:00,2025-05-07 19:30:00+00:00,1,3390.4,3368.4931641142343,3.0,-1.0,-1.0154764477064575,stop,1,0,Ensemble REGIME-ROUTER,365.7600870414096,347.1890493463288
2025,Structural Portfolio MTF,2025-05-08 07:30:00+00:00,2025-05-08 16:15:00+00:00,1,3338.27,3319.35087711381,3.0,-1.0,-1.0176449511961083,stop,1,0,Ensemble REGIME-ROUTER,347.1890493463288,329.52329018743535
2025,Structural Frequency M15,2025-05-09 08:30:00+00:00,2025-05-09 11:30:00+00:00,-1,3321.83,3332.8733536341333,2.0,-1.0,-1.0300799024467777,stop,4,2,Ensemble REGIME-ROUTER,329.52329018743535,312.55152425692467
2025,Structural Portfolio MTF,2025-05-09 14:45:00+00:00,2025-05-11 22:15:00+00:00,1,3337.46,3319.642809724693,3.0,-1.0,-1.0187316852344863,stop,1,0,Ensemble REGIME-ROUTER,312.55152425692467,296.63121720548145
2025,Outcome First M15,2025-05-12 16:15:00+00:00,2025-05-13 04:45:00+00:00,-1,3231.49,3244.7883594360555,3.0,-1.0,-1.0242999147040535,stop,2,2,Ensemble REGIME-ROUTER,296.63121720548145,281.43925068137474
2025,M15-0591 MTF,2025-05-13 13:00:00+00:00,2025-05-13 15:45:00+00:00,-1,3241.67,3250.56940654826,4.0,-1.0,-1.0364256872907316,stop,0,0,Ensemble REGIME-ROUTER,281.43925068137474,266.85470724047315
2025,V1 Legacy M15,2025-05-14 04:15:00+00:00,2025-05-14 07:45:00+00:00,-1,3224.56,3236.8090893442595,3.0,-1.0,-1.0263248957483615,stop,3,1,Ensemble REGIME-ROUTER,266.85470724047315,253.16072576104625
2025,M15-0591 MTF,2025-05-14 12:30:00+00:00,2025-05-14 19:15:00+00:00,-1,3212.79,3223.2159223109256,4.0,4.0,3.9691845967753547,target,0,0,Ensemble REGIME-ROUTER,253.16072576104625,303.40280842100697
2025,V1 Legacy M15,2025-05-15 01:45:00+00:00,2025-05-15 04:15:00+00:00,-1,3177.97,3193.2066587000577,2.0,2.0,1.9791426055898467,target,3,1,Ensemble REGIME-ROUTER,303.40280842100697,333.4266796610884
2025,V1 Legacy M15,2025-05-15 05:00:00+00:00,2025-05-15 08:45:00+00:00,-1,3138.78,3156.9200946630963,3.0,-1.0,-1.017302996805113,stop,3,1,Ensemble REGIME-ROUTER,333.4266796610884,316.4668816393882
2025,M15-0591 MTF,2025-05-15 13:15:00+00:00,2025-05-15 22:15:00+00:00,1,3195.26,3179.276145855049,3.0,3.0,2.9800094522195746,target,0,3,Ensemble REGIME-ROUTER,316.4668816393882,363.6205965693797
2025,Structural Portfolio MTF,2025-05-19 00:00:00+00:00,2025-05-19 00:15:00+00:00,-1,3234.94,3246.0159184929034,2.0,-1.0,-1.0292069682715046,stop,1,0,Ensemble REGIME-ROUTER,363.6205965693797,344.90855397956733
2025,Structural Portfolio MTF,2025-05-19 04:45:00+00:00,2025-05-19 21:00:00+00:00,1,3216.76,3205.9267954768025,3.0,1.2332454327240971,1.203551910432408,time_exit,1,0,Ensemble REGIME-ROUTER,344.90855397956733,365.6643214328967
2025,Outcome First M15,2025-05-21 07:30:00+00:00,2025-05-21 12:30:00+00:00,-1,3312.64,3321.2818432567715,2.0,2.0,1.961667437124548,target,2,1,Ensemble REGIME-ROUTER,365.6643214328967,401.5299110465546
2025,Structural Portfolio MTF,2025-05-21 13:15:00+00:00,2025-05-22 06:30:00+00:00,1,3305.64,3290.280555534232,4.0,1.7005823393036714,1.679060467159354,time_exit,1,3,Ensemble REGIME-ROUTER,401.5299110465546,435.2395610475687
2025,Structural Portfolio MTF,2025-05-22 14:45:00+00:00,2025-05-23 08:00:00+00:00,1,3302.71,3278.450269319766,3.0,1.0939940080053652,1.0803800481327976,time_exit,1,0,Ensemble REGIME-ROUTER,435.2395610475687,458.7507679432622
2025,V1 Legacy M15,2025-05-23 16:00:00+00:00,2025-05-25 22:15:00+00:00,1,3361.9,3347.7487861827244,3.0,-1.0,-1.0237569726767595,stop,3,1,Ensemble REGIME-ROUTER,458.7507679432622,435.26830307312554
2025,Structural Portfolio MTF,2025-05-27 02:30:00+00:00,2025-05-27 05:00:00+00:00,1,3341.13,3331.3553577466764,3.0,-1.0,-1.0341816090390819,stop,1,0,Ensemble REGIME-ROUTER,435.26830307312554,412.76097937133176
2025,Structural Portfolio MTF,2025-05-29 16:30:00+00:00,2025-05-30 02:00:00+00:00,1,3326.29,3309.128333124672,3.0,-1.0,-1.01938209163576,stop,1,0,Ensemble REGIME-ROUTER,412.76097937133176,391.72292184647307
2025,Structural Portfolio MTF,2025-05-30 05:45:00+00:00,2025-05-30 07:15:00+00:00,1,3299.24,3289.7774149243833,2.0,-1.0,-1.0348661594441204,stop,1,0,Ensemble REGIME-ROUTER,391.72292184647307,371.4538820615986
2025,Structural Portfolio MTF,2025-05-30 13:45:00+00:00,2025-06-01 22:15:00+00:00,-1,3289.57,3308.9231287041016,3.0,-1.0,-1.0169976134107084,stop,1,0,Ensemble REGIME-ROUTER,371.4538820615986,352.5654964841592
2025,V1 Legacy M15,2025-06-02 04:30:00+00:00,2025-06-02 06:30:00+00:00,1,3313.58,3302.947132772534,2.0,2.0,1.9688364396064244,target,3,1,Ensemble REGIME-ROUTER,352.5654964841592,387.27268632545633
2025,V1 Legacy M15,2025-06-02 11:45:00+00:00,2025-06-03 05:00:00+00:00,1,3356.66,3344.1158185238833,3.0,0.48468686550620316,0.4579281646185375,time_exit,3,1,Ensemble REGIME-ROUTER,387.27268632545633,396.13983984825165
2025,M15-0591 MTF,2025-06-03 07:15:00+00:00,2025-06-03 17:30:00+00:00,-1,3354.19,3365.508225974491,3.0,0.0600800868910402,0.030444788854406865,time_exit,0,3,Ensemble REGIME-ROUTER,396.13983984825165,396.74285953730157
2025,Structural Portfolio MTF,2025-06-05 03:45:00+00:00,2025-06-05 04:30:00+00:00,1,3374.76,3367.9008979471723,4.0,-1.0,-1.0492011924302633,stop,1,0,Ensemble REGIME-ROUTER,396.74285953730157,375.9297054715651
2025,Structural Frequency M15,2025-06-05 07:15:00+00:00,2025-06-05 10:15:00+00:00,1,3371.11,3360.7652482995163,2.0,2.0,1.9674123642828243,target,4,2,Ensemble REGIME-ROUTER,375.9297054715651,412.910143003863
2025,Outcome First M15,2025-06-05 11:45:00+00:00,2025-06-05 14:15:00+00:00,-1,3394.84,3403.834394492131,3.0,3.0,2.9622560473307007,target,2,1,Ensemble REGIME-ROUTER,412.910143003863,474.0674214097319
2025,Structural Frequency M15,2025-06-06 08:30:00+00:00,2025-06-06 12:45:00+00:00,1,3364.21,3352.3800020942517,2.0,-1.0,-1.0284379593876791,stop,4,2,Ensemble REGIME-ROUTER,474.0674214097319,449.68997483539175
2025,Structural Portfolio MTF,2025-06-09 07:15:00+00:00,2025-06-09 13:30:00+00:00,1,3323.7,3312.033148606663,3.0,-1.0,-1.0284884060655664,stop,1,0,Ensemble REGIME-ROUTER,449.68997483539175,426.5649285632859
2025,Structural Portfolio MTF,2025-06-10 12:00:00+00:00,2025-06-10 13:30:00+00:00,-1,3333.68,3342.9004902931333,3.0,-1.0,-1.0361551272656575,stop,1,0,Ensemble REGIME-ROUTER,426.5649285632859,404.465556671158
2025,Structural Portfolio MTF,2025-06-10 14:30:00+00:00,2025-06-11 07:45:00+00:00,-1,3333.11,3349.635714776468,3.0,-0.4302385764350802,-0.45040780993018,time_exit,1,0,Ensemble REGIME-ROUTER,404.465556671158,395.35683439253563
2025,Structural Portfolio MTF,2025-06-12 07:00:00+00:00,2025-06-12 07:45:00+00:00,1,3374.62,3364.827367392447,4.0,-1.0,-1.0344608047216757,stop,1,0,Ensemble REGIME-ROUTER,395.35683439253563,374.9077769396398
2025,Outcome First M15,2025-06-12 13:45:00+00:00,2025-06-12 15:30:00+00:00,1,3398.41,3378.177504931684,3.0,-1.0,-1.016796791441318,stop,2,1,Ensemble REGIME-ROUTER,374.9077769396398,355.8475257057086
2025,Outcome First M15,2025-06-13 08:15:00+00:00,2025-06-16 01:30:00+00:00,1,3422.55,3407.223371989349,3.0,0.8756002945118323,0.8532695509352186,time_exit,2,2,Ensemble REGIME-ROUTER,355.8475257057086,371.02921862872455
2025,Outcome First M15,2025-06-16 12:00:00+00:00,2025-06-16 14:00:00+00:00,-1,3415.06,3423.046472225029,2.0,2.0,1.9572394431010798,target,2,1,Ensemble REGIME-ROUTER,371.02921862872455,407.33886969088024
2025,Structural Frequency M15,2025-06-16 15:15:00+00:00,2025-06-17 03:15:00+00:00,1,3400.68,3382.0254061490973,2.0,-1.0,-1.0182297187876619,stop,4,2,Ensemble REGIME-ROUTER,407.33886969088024,386.60064255404876
2025,Structural Portfolio MTF,2025-06-17 09:00:00+00:00,2025-06-17 10:30:00+00:00,-1,3378.69,3392.1938767285583,3.0,-1.0,-1.0250201484204509,stop,1,0,Ensemble REGIME-ROUTER,386.60064255404876,366.78697015353913
2025,Structural Portfolio MTF,2025-06-17 11:45:00+00:00,2025-06-17 14:30:00+00:00,-1,3396.18,3400.587844981529,3.0,3.0,2.922951464622022,target,1,0,Ensemble REGIME-ROUTER,366.78697015353913,420.39199573426714
2025,Structural Portfolio MTF,2025-06-17 15:45:00+00:00,2025-06-17 17:30:00+00:00,-1,3377.86,3388.979743196287,3.0,-1.0,-1.0303771403743203,stop,1,0,Ensemble REGIME-ROUTER,420.39199573426714,398.73388061422077
2025,Structural Frequency M15,2025-06-18 14:30:00+00:00,2025-06-19 07:45:00+00:00,-1,3382.67,3397.305048376417,3.0,1.0741337914080153,1.0510203044348467,time_exit,4,2,Ensemble REGIME-ROUTER,398.73388061422077,419.6877508438031
2025,Structural Portfolio MTF,2025-06-19 11:15:00+00:00,2025-06-20 02:45:00+00:00,-1,3373.03,3379.499845587053,3.0,3.0,2.9478653709023614,target,1,0,Ensemble REGIME-ROUTER,419.6877508438031,481.54690020902035
2025,Structural Frequency M15,2025-06-20 11:30:00+00:00,2025-06-20 13:45:00+00:00,-1,3351.99,3358.2235977518403,2.0,-1.0,-1.05377295958839,stop,4,2,Ensemble REGIME-ROUTER,481.54690020902035,456.1748450983266
2025,Outcome First M15,2025-06-23 07:15:00+00:00,2025-06-23 08:15:00+00:00,-1,3352.42,3360.327780849126,3.0,-1.0,-1.0423939416627925,stop,2,1,Ensemble REGIME-ROUTER,456.1748450983266,432.39915035485365
2025,Structural Portfolio MTF,2025-06-24 18:15:00+00:00,2025-06-24 19:45:00+00:00,-1,3315.77,3321.731058626893,4.0,-1.0,-1.0556238448157678,stop,1,3,Ensemble REGIME-ROUTER,432.39915035485365,409.57660767522054
2025,Structural Portfolio MTF,2025-06-25 08:30:00+00:00,2025-06-25 23:30:00+00:00,-1,3329.62,3337.4376513843167,3.0,-1.0,-1.04259105243142,stop,1,0,Ensemble REGIME-ROUTER,409.57660767522054,388.2255623528506
2025,Structural Frequency M15,2025-06-26 09:15:00+00:00,2025-06-26 13:00:00+00:00,-1,3341.09,3350.6343810022136,2.0,2.0,1.9649941677807583,target,4,2,Ensemble REGIME-ROUTER,388.2255623528506,426.36861064318845
2025,V1 Legacy M15,2025-06-26 22:00:00+00:00,2025-06-27 00:00:00+00:00,-1,3327.61,3332.633998899933,2.0,2.0,1.9337657100194732,target,3,1,Ensemble REGIME-ROUTER,426.36861064318845,467.59346059771053
2025,V1 Legacy M15,2025-06-27 02:45:00+00:00,2025-06-27 11:00:00+00:00,-1,3311.75,3322.3684244171595,3.0,3.0,2.9688112862144767,target,3,1,Ensemble REGIME-ROUTER,467.59346059771053,537.003297756839
2025,V1 Legacy M15,2025-06-27 12:15:00+00:00,2025-06-30 05:30:00+00:00,-1,3275.94,3288.478753886678,3.0,-1.0,-1.0261265196654077,stop,3,1,Ensemble REGIME-ROUTER,537.003297756839,509.4516315080354
2025,Structural Frequency M15,2025-06-30 08:45:00+00:00,2025-06-30 17:00:00+00:00,-1,3289.62,3297.21056378876,2.0,-1.0,-1.0433382827883122,stop,4,2,Ensemble REGIME-ROUTER,509.4516315080354,482.8751119889705
2025,Structural Portfolio MTF,2025-07-01 22:45:00+00:00,2025-07-02 00:15:00+00:00,1,3342.96,3336.406449050744,3.0,-1.0,-1.0510099032705236,stop,1,0,Ensemble REGIME-ROUTER,482.8751119889705,457.49978575180694
2025,Structural Frequency M15,2025-07-02 08:15:00+00:00,2025-07-02 18:30:00+00:00,1,3335.65,3327.2314104367506,2.0,2.0,1.960377567109799,target,4,2,Ensemble REGIME-ROUTER,457.49978575180694,502.34340159907595
2025,Structural Frequency M15,2025-07-03 10:45:00+00:00,2025-07-03 12:00:00+00:00,1,3353.31,3343.522833761882,3.0,-1.0,-1.034262317798791,stop,4,2,Ensemble REGIME-ROUTER,502.34340159907595,476.3656590556365
2025,Structural Portfolio MTF,2025-07-03 12:30:00+00:00,2025-07-03 12:45:00+00:00,1,3349.66,3342.6069679853786,3.0,-1.0,-1.0474924825671568,stop,1,0,Ensemble REGIME-ROUTER,476.3656590556365,451.4161867149401
2025,Structural Portfolio MTF,2025-07-04 00:30:00+00:00,2025-07-04 07:30:00+00:00,-1,3328.37,3332.2932196131223,2.0,-1.0,-1.0848377182064244,stop,1,0,Ensemble REGIME-ROUTER,451.4161867149401,426.9305214170761
2025,Structural Frequency M15,2025-07-04 13:45:00+00:00,2025-07-04 14:45:00+00:00,1,3337.6,3331.0944921630926,2.0,-1.0,-1.0513042191889308,stop,4,2,Ensemble REGIME-ROUTER,426.9305214170761,404.48882849376093
2025,Structural Frequency M15,2025-07-04 16:45:00+00:00,2025-07-06 23:30:00+00:00,1,3335.22,3330.621302930258,2.0,-1.0,-1.0725253250957727,stop,4,2,Ensemble REGIME-ROUTER,404.48882849376093,382.797602879867
2025,Outcome First M15,2025-07-07 10:45:00+00:00,2025-07-07 13:00:00+00:00,-1,3298.24,3311.154546064258,3.0,-1.0,-1.0255389541652427,stop,2,1,Ensemble REGIME-ROUTER,382.797602879867,363.16891021414796
2025,Structural Portfolio MTF,2025-07-07 20:15:00+00:00,2025-07-07 22:15:00+00:00,-1,3336.89,3340.7308533260266,2.0,-1.0,-1.0868788708329027,stop,1,0,Ensemble REGIME-ROUTER,363.16891021414796,343.4328794613895
2025,Structural Portfolio MTF,2025-07-07 23:00:00+00:00,2025-07-08 08:15:00+00:00,-1,3339.75,3346.111329181968,2.0,2.0,1.9474991797395582,target,1,0,Ensemble REGIME-ROUTER,343.4328794613895,376.87464201372205
2025,Structural Portfolio MTF,2025-07-08 11:00:00+00:00,2025-07-08 11:45:00+00:00,1,3324.7,3320.1140784451213,3.0,-1.0,-1.0724979692786762,stop,1,0,Ensemble REGIME-ROUTER,376.87464201372205,356.6647776021048
2025,V1 Legacy M15,2025-07-09 06:00:00+00:00,2025-07-09 13:15:00+00:00,-1,3289.52,3298.203704696789,3.0,-1.0,-1.037881527698845,stop,3,1,Ensemble REGIME-ROUTER,356.6647776021048,338.1559883894027
2025,Outcome First M15,2025-07-10 09:45:00+00:00,2025-07-10 14:00:00+00:00,-1,3325.03,3330.5437569631617,2.0,2.0,1.939695746072684,target,2,1,Ensemble REGIME-ROUTER,338.1559883894027,370.95197499879913
2025,Structural Frequency M15,2025-07-10 15:45:00+00:00,2025-07-10 16:45:00+00:00,1,3319.58,3312.4686674053282,2.0,-1.0,-1.0466801398444965,stop,4,2,Ensemble REGIME-ROUTER,370.95197499879913,351.53857174543236
2025,M15-0591 MTF,2025-07-11 00:30:00+00:00,2025-07-11 05:30:00+00:00,1,3327.63,3323.315928580444,3.0,3.0,2.922865671974841,target,0,3,Ensemble REGIME-ROUTER,351.53857174543236,402.9135729319218
2025,Outcome First M15,2025-07-11 08:45:00+00:00,2025-07-11 10:30:00+00:00,-1,3338.23,3344.2025773339956,2.0,-1.0,-1.0558926207786208,stop,2,1,Ensemble REGIME-ROUTER,402.9135729319218,381.6418995084036
2025,M15-0591 MTF,2025-07-13 23:15:00+00:00,2025-07-14 01:15:00+00:00,1,3372.3,3362.773987987508,4.0,-1.0,-1.0354009631268326,stop,0,0,Ensemble REGIME-ROUTER,381.6418995084036,361.8842799923758
2025,Structural Portfolio MTF,2025-07-14 05:00:00+00:00,2025-07-14 12:45:00+00:00,1,3359.68,3353.3607796760016,4.0,-1.0,-1.0531660525783708,stop,1,3,Ensemble REGIME-ROUTER,361.8842799923758,342.828068059889
2025,Structural Portfolio MTF,2025-07-14 13:45:00+00:00,2025-07-14 14:30:00+00:00,1,3357.27,3346.7790265858134,3.0,-1.0,-1.0320015108937373,stop,1,0,Ensemble REGIME-ROUTER,342.828068059889,325.1381138491597
2025,Structural Portfolio MTF,2025-07-14 15:30:00+00:00,2025-07-15 08:45:00+00:00,1,3347.07,3340.5473895764,3.0,2.3426203632694573,2.29130547885003,time_exit,1,0,Ensemble REGIME-ROUTER,325.1381138491597,362.38765093143695
2025,Structural Frequency M15,2025-07-15 14:15:00+00:00,2025-07-15 15:30:00+00:00,1,3347.09,3333.9408775593847,3.0,-1.0,-1.0254548546119047,stop,4,2,Ensemble REGIME-ROUTER,362.38765093143695,343.80704213648465
2025,Structural Portfolio MTF,2025-07-15 17:00:00+00:00,2025-07-16 10:15:00+00:00,1,3329.39,3319.676302596857,3.0,0.8977014249156037,0.8634262168066624,time_exit,1,0,Ensemble REGIME-ROUTER,343.80704213648465,358.6496428216543
2025,Structural Frequency M15,2025-07-16 10:30:00+00:00,2025-07-16 13:45:00+00:00,-1,3338.69,3343.2444888737045,2.0,2.0,1.9266945184721813,target,4,2,Ensemble REGIME-ROUTER,358.6496428216543,393.2000578654787
2025,Outcome First M15,2025-07-16 16:15:00+00:00,2025-07-17 09:30:00+00:00,-1,3354.25,3378.5209146681095,2.0,0.9937820774299896,0.9799620379058621,time_exit,2,1,Ensemble REGIME-ROUTER,393.2000578654787,412.4661143660066
2025,Structural Portfolio MTF,2025-07-17 18:00:00+00:00,2025-07-17 22:15:00+00:00,-1,3337.42,3341.3640548916655,2.0,-1.0,-1.0846190048483502,stop,1,0,Ensemble REGIME-ROUTER,412.4661143660066,390.0976850411404
2025,Structural Portfolio MTF,2025-07-18 05:15:00+00:00,2025-07-18 06:00:00+00:00,1,3339.52,3333.5954874840454,3.0,-1.0,-1.05636784445989,stop,1,0,Ensemble REGIME-ROUTER,390.0976850411404,369.4933525073552
2025,Outcome First M15,2025-07-21 11:15:00+00:00,2025-07-21 14:00:00+00:00,1,3369.45,3362.5833571895896,3.0,3.0,2.9509301693268255,target,2,1,Ensemble REGIME-ROUTER,369.4933525073552,424.0108065713385
2025,Outcome First M15,2025-07-22 11:45:00+00:00,2025-07-22 12:30:00+00:00,1,3389.37,3385.8483647433836,3.0,3.0,2.9037557909033245,target,2,2,Ensemble REGIME-ROUTER,424.0108065713385,485.5719983206942
2025,M15-0591 MTF,2025-07-22 13:15:00+00:00,2025-07-23 00:30:00+00:00,1,3409.99,3400.5626349593886,4.0,2.3760615934044487,2.3398904046861753,time_exit,0,0,Ensemble REGIME-ROUTER,485.5719983206942,542.3812613034385
2025,Structural Portfolio MTF,2025-07-23 00:30:00+00:00,2025-07-23 01:15:00+00:00,1,3432.38,3425.911832450132,4.0,-1.0,-1.0530657249296198,stop,1,3,Ensemble REGIME-ROUTER,542.3812613034385,513.8231054973011
2025,Structural Portfolio MTF,2025-07-23 03:15:00+00:00,2025-07-23 05:45:00+00:00,1,3424.62,3418.8865541813348,4.0,-1.0,-1.0597305723000157,stop,1,3,Ensemble REGIME-ROUTER,513.8231054973011,486.59740281481976
2025,Structural Portfolio MTF,2025-07-23 06:30:00+00:00,2025-07-23 13:15:00+00:00,1,3423.77,3416.06395889855,4.0,-1.0,-1.0444296877595916,stop,1,3,Ensemble REGIME-ROUTER,486.59740281481976,461.1865641404942
2025,Structural Portfolio MTF,2025-07-23 14:15:00+00:00,2025-07-23 16:00:00+00:00,1,3416.68,3405.0859316370234,3.0,-1.0,-1.0294692069516387,stop,1,0,Ensemble REGIME-ROUTER,461.1865641404942,437.44769581837096
2025,Outcome First M15,2025-07-24 08:45:00+00:00,2025-07-24 09:30:00+00:00,1,3373.52,3365.4335895312965,2.0,-1.0,-1.041718386830058,stop,2,1,Ensemble REGIME-ROUTER,437.44769581837096,414.662830417849
2025,Structural Portfolio MTF,2025-07-25 01:30:00+00:00,2025-07-25 08:30:00+00:00,-1,3367.76,3373.8244420646533,3.0,3.0,2.9444671090250965,target,1,0,Ensemble REGIME-ROUTER,414.662830417849,475.7108836928794
2025,Structural Portfolio MTF,2025-07-28 05:30:00+00:00,2025-07-28 06:15:00+00:00,-1,3338.66,3344.3157114877295,4.0,-1.0,-1.059031653351544,stop,1,3,Ensemble REGIME-ROUTER,475.7108836928794,450.5212395091497
2025,Structural Portfolio MTF,2025-07-28 06:45:00+00:00,2025-07-28 14:00:00+00:00,-1,3338.62,3345.5525788704363,3.0,3.0,2.951841586480359,target,1,0,Ensemble REGIME-ROUTER,450.5212395091497,517.0146060279391
2025,V1 Legacy M15,2025-07-28 22:15:00+00:00,2025-07-29 01:45:00+00:00,-1,3312.55,3319.1308084143534,3.0,-1.0,-1.0503365208562385,stop,3,1,Ensemble REGIME-ROUTER,517.0146060279391,489.86263990157687
2025,V1 Legacy M15,2025-07-29 04:30:00+00:00,2025-07-29 06:00:00+00:00,-1,3310.64,3319.188367755724,2.0,-1.0,-1.0387283291337481,stop,3,1,Ensemble REGIME-ROUTER,489.86263990157687,464.4209298290763
2025,V1 Legacy M15,2025-07-30 15:30:00+00:00,2025-07-31 08:00:00+00:00,-1,3292.52,3308.9471067697586,3.0,-1.0,-1.0200432130024342,stop,3,1,Ensemble REGIME-ROUTER,464.4209298290763,440.7344589566548
2025,Structural Frequency M15,2025-07-31 09:45:00+00:00,2025-08-01 01:45:00+00:00,-1,3305.58,3315.258535777585,2.0,2.0,1.9658462800989436,target,4,2,Ensemble REGIME-ROUTER,440.7344589566548,484.05526878922285
2025,V1 Legacy M15,2025-08-01 07:45:00+00:00,2025-08-01 10:00:00+00:00,-1,3287.53,3296.3388474919993,2.0,-1.0,-1.0373207732678535,stop,3,1,Ensemble REGIME-ROUTER,484.05526878922285,458.9492395029821
2025,Structural Frequency M15,2025-08-04 08:30:00+00:00,2025-08-04 13:30:00+00:00,1,3358.8,3351.326255368388,2.0,2.0,1.9550586731878277,target,4,2,Ensemble REGIME-ROUTER,458.9492395029821,503.81287406514525
2025,V1 Legacy M15,2025-08-04 23:15:00+00:00,2025-08-05 03:30:00+00:00,1,3378.72,3373.1802344819594,3.0,-1.0,-1.0609903070625837,stop,3,1,Ensemble REGIME-ROUTER,503.81287406514525,477.0858452673222
2025,M15-0591 MTF,2025-08-05 07:00:00+00:00,2025-08-05 07:15:00+00:00,-1,3366.28,3370.7382242052036,3.0,-1.0,-1.075507194009469,stop,0,3,Ensemble REGIME-ROUTER,477.0858452673222,451.4303823300676
2025,M15-0591 MTF,2025-08-05 14:30:00+00:00,2025-08-06 01:45:00+00:00,1,3379.98,3368.775669098617,4.0,-0.07229347357993215,-0.10246020133681062,time_exit,0,0,Ensemble REGIME-ROUTER,451.4303823300676,449.11769993691297
2025,Structural Portfolio MTF,2025-08-06 06:30:00+00:00,2025-08-06 07:30:00+00:00,1,3377.19,3370.3782797493222,3.0,-1.0,-1.049579105948515,stop,1,0,Ensemble REGIME-ROUTER,449.11769993691297,425.54847223864107
2025,Outcome First M15,2025-08-06 14:00:00+00:00,2025-08-07 07:15:00+00:00,1,3371.62,3360.535153175286,3.0,1.4704758899923387,1.4400594119542043,time_exit,2,2,Ensemble REGIME-ROUTER,425.54847223864107,456.1892263731404
2025,Structural Portfolio MTF,2025-08-07 11:30:00+00:00,2025-08-08 04:45:00+00:00,1,3381.93,3371.24541213726,3.0,1.4694062327617037,1.437753818616712,time_exit,1,0,Ensemble REGIME-ROUTER,456.1892263731404,488.98361648462975
2025,Structural Portfolio MTF,2025-08-12 01:45:00+00:00,2025-08-12 07:45:00+00:00,-1,3349.88,3357.793691197007,3.0,-1.0,-1.0423301834328214,stop,1,0,Ensemble REGIME-ROUTER,488.98361648462975,463.4994973513263
2025,Structural Frequency M15,2025-08-12 08:45:00+00:00,2025-08-12 15:30:00+00:00,-1,3347.07,3358.5644064111734,3.0,-1.0,-1.0291191200334315,stop,4,2,Ensemble REGIME-ROUTER,463.4994973513263,439.64968760881953
2025,Structural Portfolio MTF,2025-08-13 08:15:00+00:00,2025-08-13 09:00:00+00:00,-1,3353.85,3361.317939890923,3.0,-1.0,-1.0449099758298337,stop,1,0,Ensemble REGIME-ROUTER,439.64968760881953,416.6799703861733
2025,Structural Frequency M15,2025-08-13 11:15:00+00:00,2025-08-13 14:15:00+00:00,-1,3362.76,3367.345946901363,2.0,-1.0,-1.0733274953314622,stop,4,2,Ensemble REGIME-ROUTER,416.6799703861733,394.3182669377043
2025,Structural Frequency M15,2025-08-13 15:15:00+00:00,2025-08-14 00:30:00+00:00,-1,3358.32,3371.195514129867,2.0,-1.0,-1.0260829972778314,stop,4,2,Ensemble REGIME-ROUTER,394.3182669377043,374.08810347666235
2025,Structural Portfolio MTF,2025-08-14 04:15:00+00:00,2025-08-14 07:45:00+00:00,1,3360.42,3355.06281364047,3.0,-1.0,-1.062727330626121,stop,1,0,Ensemble REGIME-ROUTER,374.08810347666235,354.2104208953253
2025,V1 Legacy M15,2025-08-14 16:15:00+00:00,2025-08-15 03:45:00+00:00,-1,3334.37,3343.396352382982,3.0,-1.0,-1.036940392514328,stop,3,1,Ensemble REGIME-ROUTER,354.2104208953253,335.8456662515321
2025,V1 Legacy M15,2025-08-15 10:30:00+00:00,2025-08-15 13:15:00+00:00,-1,3338.06,3345.2636932536657,2.0,-1.0,-1.0463381751895302,stop,3,1,Ensemble REGIME-ROUTER,335.8456662515321,318.2752591729851
2025,V1 Legacy M15,2025-08-15 17:15:00+00:00,2025-08-18 01:15:00+00:00,-1,3335.75,3344.0604819611613,2.0,-1.0,-1.040139067933599,stop,3,1,Ensemble REGIME-ROUTER,318.2752591729851,301.72273260185943
2025,Structural Portfolio MTF,2025-08-19 04:00:00+00:00,2025-08-19 10:15:00+00:00,-1,3337.83,3341.8794000250005,3.0,-1.0,-1.0824277665677045,stop,1,0,Ensemble REGIME-ROUTER,301.72273260185943,285.39307942321267
2025,Structural Frequency M15,2025-08-20 08:30:00+00:00,2025-08-20 10:45:00+00:00,-1,3321.65,3327.8175749002116,2.0,-1.0,-1.053856662525267,stop,4,2,Ensemble REGIME-ROUTER,285.39307942321267,270.3549095137749
2025,Structural Portfolio MTF,2025-08-20 15:30:00+00:00,2025-08-20 22:15:00+00:00,-1,3341.24,3350.576894622108,3.0,-1.0,-1.0357853455054378,stop,1,0,Ensemble REGIME-ROUTER,270.3549095137749,256.35342684578404
2025,Structural Portfolio MTF,2025-08-21 11:45:00+00:00,2025-08-22 05:00:00+00:00,1,3333.72,3324.844616953126,3.0,-0.5937771893525621,-0.6313386104472192,time_exit,1,0,Ensemble REGIME-ROUTER,256.35342684578404,248.26113603137404
2025,Outcome First M15,2025-08-22 07:30:00+00:00,2025-08-22 08:30:00+00:00,1,3332.39,3325.564079920768,3.0,-1.0,-1.0488196457227645,stop,2,1,Ensemble REGIME-ROUTER,248.26113603137404,235.2420781944162
2025,Outcome First M15,2025-08-22 16:00:00+00:00,2025-08-25 09:15:00+00:00,-1,3368.03,3379.3435383660512,2.0,0.4746525645870711,0.44488265626107315,time_exit,2,1,Ensemble REGIME-ROUTER,235.2420781944162,240.47483422499153
2025,Outcome First M15,2025-08-25 09:45:00+00:00,2025-08-25 23:15:00+00:00,1,3366.21,3361.7570165576703,3.0,-1.0,-1.075594487237502,stop,2,1,Ensemble REGIME-ROUTER,240.47483422499153,227.5421639244039
2025,Outcome First M15,2025-08-26 08:00:00+00:00,2025-08-27 01:15:00+00:00,1,3376.73,3366.92530512313,3.0,0.9811626084044737,0.9467226789379698,time_exit,2,2,Ensemble REGIME-ROUTER,227.5421639244039,238.31313027449661
2025,Outcome First M15,2025-08-27 08:00:00+00:00,2025-08-28 01:15:00+00:00,1,3381.44,3373.5209999706294,3.0,1.171865130140336,1.1291647893465662,time_exit,2,2,Ensemble REGIME-ROUTER,238.31313027449661,251.76787005174276
2025,Structural Portfolio MTF,2025-08-28 03:00:00+00:00,2025-08-28 19:00:00+00:00,1,3391.31,3384.313989401396,4.0,4.0,3.951525087731045,target,1,3,Ensemble REGIME-ROUTER,251.76787005174276,301.5112227914463
2025,Structural Portfolio MTF,2025-08-29 02:30:00+00:00,2025-08-29 04:30:00+00:00,1,3412.14,3407.7761815256517,4.0,-1.0,-1.0781916117743577,stop,1,3,Ensemble REGIME-ROUTER,301.5112227914463,285.25687922796794
2025,Structural Portfolio MTF,2025-08-29 06:00:00+00:00,2025-08-29 07:45:00+00:00,1,3410.32,3406.772548851237,4.0,-1.0,-1.096134375273609,stop,1,3,Ensemble REGIME-ROUTER,285.25687922796794,269.62288567271554
2025,Structural Portfolio MTF,2025-08-29 11:45:00+00:00,2025-08-29 13:45:00+00:00,1,3408.16,3404.1366044246674,3.0,3.0,2.9152914513080557,target,1,0,Ensemble REGIME-ROUTER,269.62288567271554,308.9243503566494
2025,V1 Legacy M15,2025-08-29 17:00:00+00:00,2025-08-29 18:00:00+00:00,1,3449.05,3441.920887837824,3.0,-1.0,-1.0483797971127329,stop,3,1,Ensemble REGIME-ROUTER,308.9243503566494,292.7308479691451
2025,M15-0591 MTF,2025-09-01 02:15:00+00:00,2025-09-01 12:30:00+00:00,1,3458.57,3445.9671597149427,4.0,0.8878950892734429,0.8604523071562986,time_exit,0,0,Ensemble REGIME-ROUTER,292.7308479691451,305.32489464468864
2025,V1 Legacy M15,2025-09-01 13:15:00+00:00,2025-09-02 01:45:00+00:00,1,3477.42,3466.727963642824,2.0,2.0,1.9674765415695015,target,3,1,Ensemble REGIME-ROUTER,305.32489464468864,335.36087303321887
2025,Outcome First M15,2025-09-02 12:00:00+00:00,2025-09-02 12:45:00+00:00,1,3489.7,3478.17233095549,3.0,-1.0,-1.0302723819232302,stop,2,2,Ensemble REGIME-ROUTER,335.36087303321887,318.0852207600295
2025,M15-0591 MTF,2025-09-02 15:00:00+00:00,2025-09-03 02:15:00+00:00,1,3511.37,3494.928639582997,4.0,1.7413400882808139,1.7199831572791144,time_exit,0,0,Ensemble REGIME-ROUTER,318.0852207600295,345.4402818743625
2025,Outcome First M15,2025-09-03 08:30:00+00:00,2025-09-03 18:15:00+00:00,1,3540.9,3529.0228259186974,3.0,3.0,2.970187352852105,target,2,2,Ensemble REGIME-ROUTER,345.4402818743625,396.74139969380735
2025,Structural Portfolio MTF,2025-09-03 22:45:00+00:00,2025-09-03 23:15:00+00:00,1,3562.45,3559.224644818623,4.0,-1.0,-1.1104514014633007,stop,1,3,Ensemble REGIME-ROUTER,396.74139969380735,374.7132975283823
2025,Structural Frequency M15,2025-09-04 15:45:00+00:00,2025-09-05 09:00:00+00:00,1,3550.0,3534.7482135255405,2.0,-0.2596417151939153,-0.2829176770357939,time_exit,4,4,Ensemble REGIME-ROUTER,374.7132975283823,369.4126467438247
2025,Structural Frequency M15,2025-09-05 09:45:00+00:00,2025-09-05 12:45:00+00:00,1,3551.58,3544.5064130980572,2.0,2.0,1.9497909610889972,target,4,2,Ensemble REGIME-ROUTER,369.4126467438247,405.42651872047827
2025,V1 Legacy M15,2025-09-05 16:30:00+00:00,2025-09-08 04:15:00+00:00,1,3599.45,3581.0672630384997,3.0,-1.0,-1.0195805989474718,stop,3,1,Ensemble REGIME-ROUTER,405.42651872047827,384.7582680811676
2025,V1 Legacy M15,2025-09-08 06:00:00+00:00,2025-09-08 07:45:00+00:00,1,3591.2,3580.487230125121,2.0,2.0,1.9664773906100481,target,3,1,Ensemble REGIME-ROUTER,384.7582680811676,422.58918983276243
2025,M15-0591 MTF,2025-09-08 08:30:00+00:00,2025-09-08 18:45:00+00:00,1,3612.7,3604.0180255025552,4.0,2.5432002831267644,2.501588781030515,time_exit,0,0,Ensemble REGIME-ROUTER,422.58918983276243,475.4464086462831
2025,Structural Portfolio MTF,2025-09-09 00:15:00+00:00,2025-09-09 14:15:00+00:00,1,3637.1,3627.847191334145,4.0,4.0,3.960691935483095,target,1,3,Ensemble REGIME-ROUTER,475.4464086462831,569.6012464702698
2025,Outcome First M15,2025-09-09 16:00:00+00:00,2025-09-09 21:00:00+00:00,1,3645.38,3626.0555921124105,3.0,-1.0,-1.0188641226225674,stop,2,2,Ensemble REGIME-ROUTER,569.6012464702698,540.5839327587871
2025,V1 Legacy M15,2025-09-10 06:15:00+00:00,2025-09-10 15:30:00+00:00,1,3646.27,3639.569779096467,2.0,-1.0,-1.0544201460294729,stop,3,1,Ensemble REGIME-ROUTER,540.5839327587871,512.0838032927518
2025,V1 Legacy M15,2025-09-10 18:30:00+00:00,2025-09-10 19:30:00+00:00,1,3648.55,3641.226641066087,2.0,-1.0,-1.0498207179645958,stop,3,1,Ensemble REGIME-ROUTER,512.0838032927518,485.2039939912099
2025,Structural Portfolio MTF,2025-09-11 06:30:00+00:00,2025-09-11 09:15:00+00:00,1,3633.42,3622.399038256619,3.0,-1.0,-1.032968266151383,stop,1,0,Ensemble REGIME-ROUTER,485.2039939912099,460.1439775710686
2025,Outcome First M15,2025-09-11 13:00:00+00:00,2025-09-12 06:15:00+00:00,1,3629.38,3612.8594003387516,2.0,1.4563636001928055,1.434394785050379,time_exit,2,1,Ensemble REGIME-ROUTER,460.1439775710686,493.14538366108263
2025,Structural Portfolio MTF,2025-09-12 10:45:00+00:00,2025-09-12 12:45:00+00:00,1,3649.74,3639.200943795016,4.0,-1.0,-1.0346306151994338,stop,1,3,Ensemble REGIME-ROUTER,493.14538366108263,467.6342180770813
2025,Structural Portfolio MTF,2025-09-12 17:00:00+00:00,2025-09-12 20:15:00+00:00,1,3649.12,3642.3993370202006,4.0,-1.0,-1.0542970241324165,stop,1,3,Ensemble REGIME-ROUTER,467.6342180770813,442.9829498520235
2025,V1 Legacy M15,2025-10-15 06:45:00+00:00,2025-10-15 09:30:00+00:00,1,4193.9,4181.5498727257145,3.0,-1.0,-1.0339583544918791,stop,3,1,Ensemble REGIME-ROUTER,442.9829498520235,420.0816537571757
2025,V1 Legacy M15,2025-10-15 14:15:00+00:00,2025-10-15 16:00:00+00:00,1,4208.34,4179.8194917145265,3.0,-1.0,-1.014755487377283,stop,3,1,Ensemble REGIME-ROUTER,420.0816537571757,398.76764559234476
2025,V1 Legacy M15,2025-10-15 19:15:00+00:00,2025-10-16 02:15:00+00:00,1,4205.52,4191.126441480226,2.0,2.0,1.970781930026391,target,3,1,Ensemble REGIME-ROUTER,398.76764559234476,438.0618491029728
2025,V1 Legacy M15,2025-10-16 03:00:00+00:00,2025-10-16 05:30:00+00:00,1,4239.21,4221.944752293943,2.0,-1.0,-1.0245534270470542,stop,3,1,Ensemble REGIME-ROUTER,438.0618491029728,415.6209606651218
2025,Structural Portfolio MTF,2025-10-16 06:30:00+00:00,2025-10-16 20:00:00+00:00,1,4224.58,4202.5753558929655,4.0,4.0,3.980801416376239,target,1,3,Ensemble REGIME-ROUTER,415.6209606651218,498.34618610969034
2025,V1 Legacy M15,2025-10-17 04:00:00+00:00,2025-10-17 07:30:00+00:00,1,4366.53,4329.407215811435,3.0,-1.0,-1.0117623990103228,stop,3,1,Ensemble REGIME-ROUTER,498.34618610969034,473.13578946989105
2025,Structural Frequency M15,2025-10-20 07:30:00+00:00,2025-10-20 12:45:00+00:00,1,4253.92,4220.19547302379,2.0,2.0,1.9873862723026454,target,4,2,Ensemble REGIME-ROUTER,473.13578946989105,520.1509681162679
2025,V1 Legacy M15,2025-10-20 18:30:00+00:00,2025-10-21 01:45:00+00:00,1,4357.77,4336.2888010735105,3.0,-1.0,-1.0202864375257292,stop,3,1,Ensemble REGIME-ROUTER,520.1509681162679,493.6158192045226
2025,Structural Portfolio MTF,2025-10-22 07:30:00+00:00,2025-10-22 08:30:00+00:00,-1,4141.84,4162.771403566652,3.0,3.0,2.9802123159738856,target,1,0,Ensemble REGIME-ROUTER,493.6158192045226,567.1698163921654
2025,Structural Frequency M15,2025-10-22 08:30:00+00:00,2025-10-23 01:45:00+00:00,-1,4102.54,4159.129543920948,3.0,0.36826591196975,0.36101626880999776,time_exit,4,2,Ensemble REGIME-ROUTER,567.1698163921654,577.407692936943
2025,Structural Portfolio MTF,2025-10-24 00:15:00+00:00,2025-10-24 04:45:00+00:00,1,4128.19,4104.699266352933,2.0,-1.0,-1.0175736954921177,stop,1,0,Ensemble REGIME-ROUTER,577.407692936943,548.0299489415719
2025,M15-0591 MTF,2025-10-24 08:30:00+00:00,2025-10-24 12:45:00+00:00,-1,4053.67,4079.4110966656854,3.0,-1.0,-1.0157478527533126,stop,0,3,Ensemble REGIME-ROUTER,548.0299489415719,520.1969367474765
2025,Structural Portfolio MTF,2025-10-27 08:45:00+00:00,2025-10-27 14:15:00+00:00,-1,4058.82,4075.2320096062776,3.0,3.0,2.9752692077486507,target,1,0,Ensemble REGIME-ROUTER,520.1969367474765,597.5832331409734
2025,V1 Legacy M15,2025-10-28 08:30:00+00:00,2025-10-28 14:30:00+00:00,-1,3914.56,3949.7134907233353,3.0,-1.0,-1.0111356224359291,stop,3,1,Ensemble REGIME-ROUTER,597.5832331409734,567.3713484210098
2025,Structural Frequency M15,2025-10-28 17:00:00+00:00,2025-10-28 22:15:00+00:00,-1,3958.28,3970.6545680572494,3.0,3.0,2.9680127824931946,target,4,4,Ensemble REGIME-ROUTER,567.3713484210098,651.5696191477076
2025,Structural Frequency M15,2025-10-29 11:45:00+00:00,2025-10-29 16:00:00+00:00,-1,4017.97,4030.568316922952,2.0,2.0,1.9681070890296473,target,4,2,Ensemble REGIME-ROUTER,651.5696191477076,715.6875584697552
2025,M15-0591 MTF,2025-10-29 20:15:00+00:00,2025-10-30 00:15:00+00:00,-1,3940.99,3957.06153693903,4.0,-1.0,-1.0245215502098572,stop,0,0,Ensemble REGIME-ROUTER,715.6875584697552,679.0256921262882
2025,V1 Legacy M15,2025-10-30 02:15:00+00:00,2025-10-30 04:45:00+00:00,-1,3936.1,3967.7615304517835,3.0,-1.0,-1.0124318058660942,stop,3,1,Ensemble REGIME-ROUTER,679.0256921262882,644.6523317408436
2025,Structural Portfolio MTF,2025-10-30 05:30:00+00:00,2025-10-30 09:15:00+00:00,-1,3950.32,3983.3100728683016,3.0,-1.0,-1.011974268792221,stop,1,0,Ensemble REGIME-ROUTER,644.6523317408436,612.0337531389115
2025,Structural Frequency M15,2025-10-30 10:45:00+00:00,2025-10-30 14:15:00+00:00,-1,3982.27,4013.1899808411486,3.0,-1.0,-1.012879277061842,stop,4,2,Ensemble REGIME-ROUTER,612.0337531389115,581.0379378680722
2025,Outcome First M15,2025-11-03 08:45:00+00:00,2025-11-03 10:00:00+00:00,-1,4016.63,4028.4131608899997,2.0,2.0,1.965912117830718,target,2,1,Ensemble REGIME-ROUTER,581.0379378680722,638.1514140167828
2025,Structural Frequency M15,2025-11-03 11:30:00+00:00,2025-11-03 23:15:00+00:00,1,4006.54,3993.25536390256,2.0,-1.0,-1.0301592002265842,stop,4,2,Ensemble REGIME-ROUTER,638.1514140167828,605.2815365024333
2025,V1 Legacy M15,2025-11-04 18:45:00+00:00,2025-11-05 04:45:00+00:00,-1,3938.3,3966.4241785099653,3.0,-1.0,-1.0140032534589574,stop,3,1,Ensemble REGIME-ROUTER,605.2815365024333,574.5936641388281
2025,M15-0591 MTF,2025-11-07 07:15:00+00:00,2025-11-07 11:30:00+00:00,1,4007.74,4000.6059167859944,3.0,-1.0,-1.0561773654690787,stop,0,3,Ensemble REGIME-ROUTER,574.5936641388281,544.2500230185594
2025,Structural Portfolio MTF,2025-11-07 12:15:00+00:00,2025-11-07 13:00:00+00:00,1,4005.68,3992.9016196465004,3.0,-1.0,-1.031347321719869,stop,1,0,Ensemble REGIME-ROUTER,544.2500230185594,516.184482839251
2025,Structural Frequency M15,2025-11-07 14:15:00+00:00,2025-11-07 14:45:00+00:00,1,4002.8,3990.58133558681,2.0,-1.0,-1.0327597179580357,stop,4,2,Ensemble REGIME-ROUTER,516.184482839251,489.52975579368206
2025,Structural Frequency M15,2025-11-07 16:15:00+00:00,2025-11-10 01:30:00+00:00,1,3999.27,3983.3091462544653,2.0,2.0,1.9749432576492416,target,4,2,Ensemble REGIME-ROUTER,489.52975579368206,537.8694303248527
2025,V1 Legacy M15,2025-11-10 18:00:00+00:00,2025-11-11 03:30:00+00:00,1,4102.36,4088.055624098788,3.0,3.0,2.9713209438263397,target,3,1,Ensemble REGIME-ROUTER,537.8694303248527,617.7785654932616
2025,M15-0591 MTF,2025-11-11 03:30:00+00:00,2025-11-11 05:15:00+00:00,1,4144.2,4136.200952158331,4.0,-1.0,-1.0518086662566528,stop,0,0,Ensemble REGIME-ROUTER,617.7785654932616,585.2893230425908
2025,Outcome First M15,2025-11-11 08:15:00+00:00,2025-11-11 14:45:00+00:00,1,4136.69,4124.120105358304,3.0,-1.0,-1.0329095041598682,stop,2,2,Ensemble REGIME-ROUTER,585.2893230425908,555.0617778198914
2025,V1 Legacy M15,2025-11-11 23:30:00+00:00,2025-11-12 02:45:00+00:00,1,4138.34,4124.969074325497,3.0,-1.0,-1.03095028796616,stop,3,1,Ensemble REGIME-ROUTER,555.0617778198914,526.4497228357701
2025,V1 Legacy M15,2025-11-12 12:30:00+00:00,2025-11-12 15:30:00+00:00,1,4136.48,4122.342408748332,2.0,2.0,1.9707412675443419,target,3,1,Ensemble REGIME-ROUTER,526.4497228357701,578.3245325397568
2025,M15-0591 MTF,2025-11-12 16:00:00+00:00,2025-11-13 03:15:00+00:00,1,4181.38,4164.859122446173,4.0,1.1222164161434363,1.0969067436615925,time_exit,0,0,Ensemble REGIME-ROUTER,578.3245325397568,610.0429365281467
2025,V1 Legacy M15,2025-11-13 08:00:00+00:00,2025-11-13 14:45:00+00:00,1,4219.77,4204.281654480248,2.0,-1.0,-1.0272448080049512,stop,3,1,Ensemble REGIME-ROUTER,610.0429365281467,578.7097645677151
2025,V1 Legacy M15,2025-11-14 03:30:00+00:00,2025-11-14 05:30:00+00:00,1,4210.73,4187.605462389504,3.0,-1.0,-1.0182089262536818,stop,3,1,Ensemble REGIME-ROUTER,578.7097645677151,549.2473921680644
2025,Outcome First M15,2025-11-17 16:45:00+00:00,2025-11-17 19:45:00+00:00,1,4068.79,4051.0602617219147,2.0,-1.0,-1.0229489569230088,stop,2,1,Ensemble REGIME-ROUTER,549.2473921680644,521.1547898225142
2025,Structural Portfolio MTF,2025-11-18 15:15:00+00:00,2025-11-19 05:30:00+00:00,-1,4059.42,4083.1195599929074,3.0,-1.0,-1.0171286724361754,stop,1,0,Ensemble REGIME-ROUTER,521.1547898225142,494.6507158472178
2025,M15-0591 MTF,2025-11-20 08:30:00+00:00,2025-11-20 09:00:00+00:00,-1,4046.15,4064.4374921410704,4.0,-1.0,-1.0221252316544438,stop,0,0,Ensemble REGIME-ROUTER,494.6507158472178,469.3709669710491
2025,Structural Frequency M15,2025-11-20 16:00:00+00:00,2025-11-21 09:15:00+00:00,-1,4070.34,4108.733169511468,3.0,0.31359744853583005,0.30299571897874256,time_exit,4,4,Ensemble REGIME-ROUTER,469.3709669710491,476.48183665130614
2025,Structural Portfolio MTF,2025-11-21 10:30:00+00:00,2025-11-21 13:00:00+00:00,-1,4032.55,4064.5503668581678,4.0,-1.0,-1.0126015742815484,stop,1,3,Ensemble REGIME-ROUTER,476.48183665130614,452.35752375582234
2025,Structural Portfolio MTF,2025-11-21 14:45:00+00:00,2025-11-21 17:00:00+00:00,-1,4062.58,4084.950396372992,3.0,-1.0,-1.018160518625878,stop,1,0,Ensemble REGIME-ROUTER,452.35752375582234,429.328895206245
2025,Structural Frequency M15,2025-11-24 11:00:00+00:00,2025-11-24 12:45:00+00:00,-1,4063.94,4077.830727262517,2.0,-1.0,-1.0292564955253727,stop,4,2,Ensemble REGIME-ROUTER,429.328895206245,407.23441750085703
2025,Structural Portfolio MTF,2025-11-24 13:00:00+00:00,2025-11-24 20:45:00+00:00,1,4080.55,4064.9560989681186,3.0,3.0,2.9738323977325662,target,1,0,Ensemble REGIME-ROUTER,407.23441750085703,467.786762712647
2025,Structural Frequency M15,2025-11-25 16:30:00+00:00,2025-11-26 09:45:00+00:00,1,4140.43,4116.767477979322,2.0,0.8249331995525093,0.8074353605800539,time_exit,4,2,Ensemble REGIME-ROUTER,467.786762712647,486.6721413839201
2025,V1 Legacy M15,2025-11-26 11:45:00+00:00,2025-11-26 13:00:00+00:00,1,4171.11,4155.420052448606,2.0,-1.0,-1.0265846012954294,stop,3,1,Ensemble REGIME-ROUTER,486.6721413839201,461.6916350727099
2025,Structural Portfolio MTF,2025-11-26 15:45:00+00:00,2025-11-27 09:00:00+00:00,1,4162.07,4135.345815037287,3.0,0.13807717635351843,0.12250300634306832,time_exit,1,0,Ensemble REGIME-ROUTER,461.6916350727099,464.5195657377026
2025,Outcome First M15,2025-11-27 09:30:00+00:00,2025-11-28 00:15:00+00:00,-1,4154.78,4167.669661324582,3.0,-1.0,-1.032233430308027,stop,2,1,Ensemble REGIME-ROUTER,464.5195657377026,440.5449344983714
2025,Outcome First M15,2025-11-28 14:00:00+00:00,2025-11-30 23:15:00+00:00,1,4182.48,4167.414913630533,3.0,3.0,2.9722372650416595,target,2,1,Ensemble REGIME-ROUTER,440.5449344983714,506.0151380604412
2025,V1 Legacy M15,2025-12-01 01:30:00+00:00,2025-12-01 05:30:00+00:00,1,4238.36,4217.192212381013,3.0,-1.0,-1.0200226876624476,stop,3,1,Ensemble REGIME-ROUTER,506.0151380604412,480.2077920043264
2025,Structural Portfolio MTF,2025-12-01 06:15:00+00:00,2025-12-01 23:30:00+00:00,1,4233.09,4214.500708165435,4.0,0.13287219448604745,0.1101005362772667,time_exit,1,3,Ensemble REGIME-ROUTER,480.2077920043264,482.8513487755364
2025,M15-0591 MTF,2025-12-02 15:00:00+00:00,2025-12-02 15:15:00+00:00,1,4218.77,4211.19431519657,4.0,-1.0,-1.0556882989388563,stop,0,0,Ensemble REGIME-ROUTER,482.8513487755364,457.3643228240775
2025,Structural Frequency M15,2025-12-03 12:00:00+00:00,2025-12-03 14:00:00+00:00,1,4208.52,4196.258684666419,2.0,2.0,1.9656764393908568,target,4,2,Ensemble REGIME-ROUTER,457.3643228240775,502.3158365037396
2025,M15-0591 MTF,2025-12-05 04:45:00+00:00,2025-12-05 13:45:00+00:00,1,4214.03,4206.936470054587,3.0,3.0,2.940593328957117,target,0,3,Ensemble REGIME-ROUTER,502.3158365037396,576.1711663963601
2025,Structural Frequency M15,2025-12-08 08:00:00+00:00,2025-12-08 15:15:00+00:00,-1,4206.86,4219.28854159462,2.0,2.0,1.9661516198986626,target,4,2,Ensemble REGIME-ROUTER,576.1711663963601,632.8131600038155
2025,Structural Frequency M15,2025-12-09 15:00:00+00:00,2025-12-10 08:15:00+00:00,1,4204.56,4188.673454868073,3.0,-0.13659357537964895,-0.16305974511689492,time_exit,4,2,Ensemble REGIME-ROUTER,632.8131600038155,627.6538423749735
2025,M15-0591 MTF,2025-12-10 09:00:00+00:00,2025-12-10 14:00:00+00:00,-1,4197.76,4204.535052349134,3.0,-1.0,-1.0619590784495787,stop,0,3,Ensemble REGIME-ROUTER,627.6538423749735,594.3267075732803
2025,M15-0591 MTF,2025-12-11 00:45:00+00:00,2025-12-11 02:30:00+00:00,1,4242.07,4230.153687241868,4.0,-1.0,-1.035598847446374,stop,0,3,Ensemble REGIME-ROUTER,594.3267075732803,563.5525049048059
2025,Structural Frequency M15,2025-12-11 07:45:00+00:00,2025-12-11 13:30:00+00:00,1,4217.74,4206.974582841068,2.0,-1.0,-1.0391786025356256,stop,4,2,Ensemble REGIME-ROUTER,563.5525049048059,534.2709196796845
2025,Structural Portfolio MTF,2025-12-11 14:00:00+00:00,2025-12-12 07:15:00+00:00,1,4220.95,4204.671074111714,4.0,4.0,3.9740710779754984,target,1,0,Ensemble REGIME-ROUTER,534.2709196796845,640.4324501648048
2025,M15-0591 MTF,2025-12-12 08:30:00+00:00,2025-12-12 10:45:00+00:00,1,4294.48,4286.353477367316,4.0,4.0,3.9471547647855125,target,0,0,Ensemble REGIME-ROUTER,640.4324501648048,766.8267500243683
2025,M15-0591 MTF,2025-12-12 11:00:00+00:00,2025-12-12 15:30:00+00:00,1,4329.81,4315.614402723316,4.0,-1.0,-1.0305010766057126,stop,0,0,Ensemble REGIME-ROUTER,766.8267500243683,727.3159604508597
2025,V1 Legacy M15,2025-12-15 01:15:00+00:00,2025-12-15 06:00:00+00:00,1,4312.99,4299.193667832545,2.0,2.0,1.9687381403430244,target,3,1,Ensemble REGIME-ROUTER,727.3159604508597,798.910694021851
2025,Structural Portfolio MTF,2025-12-16 01:45:00+00:00,2025-12-16 03:00:00+00:00,1,4314.64,4298.469388755184,3.0,-1.0,-1.0266819845872126,stop,1,0,Ensemble REGIME-ROUTER,798.910694021851,757.8993331795359
2025,Structural Portfolio MTF,2025-12-16 06:15:00+00:00,2025-12-16 15:15:00+00:00,1,4286.5,4271.13873558357,3.0,3.0,2.9720953960312317,target,1,0,Ensemble REGIME-ROUTER,757.8993331795359,870.5267891194378
2025,V1 Legacy M15,2025-12-17 00:15:00+00:00,2025-12-17 05:30:00+00:00,1,4312.53,4300.824657261062,2.0,2.0,1.9631575931078504,target,3,1,Ensemble REGIME-ROUTER,870.5267891194378,955.9758529226189
2025,M15-0591 MTF,2025-12-17 14:00:00+00:00,2025-12-17 14:15:00+00:00,1,4341.9,4327.1765224106375,4.0,-1.0,-1.029489636355592,stop,0,0,Ensemble REGIME-ROUTER,955.9758529226189,906.7674912631172
2025,Structural Portfolio MTF,2025-12-17 15:00:00+00:00,2025-12-17 16:30:00+00:00,1,4338.33,4322.094877054905,4.0,-1.0,-1.0267218795611934,stop,1,3,Ensemble REGIME-ROUTER,906.7674912631172,860.2175901153844
2025,Structural Portfolio MTF,2025-12-18 02:15:00+00:00,2025-12-18 09:00:00+00:00,1,4330.89,4323.69167907696,4.0,-1.0,-1.0601652808523414,stop,1,3,Ensemble REGIME-ROUTER,860.2175901153844,814.6189489644444
2025,Outcome First M15,2025-12-19 08:15:00+00:00,2025-12-19 08:45:00+00:00,-1,4322.45,4330.0248684139415,2.0,-1.0,-1.0570630374521683,stop,2,1,Ensemble REGIME-ROUTER,814.6189489644444,771.5637699365219
2025,Structural Frequency M15,2025-12-19 13:30:00+00:00,2025-12-19 15:00:00+00:00,1,4334.73,4320.101033171071,3.0,-1.0,-1.0296311424497062,stop,4,2,Ensemble REGIME-ROUTER,771.5637699365219,731.8424656408947
2025,M15-0591 MTF,2025-12-19 16:30:00+00:00,2025-12-19 20:45:00+00:00,1,4346.86,4338.9670546747175,4.0,-1.0,-1.055072724070144,stop,0,0,Ensemble REGIME-ROUTER,731.8424656408947,693.2351144501972
2025,Structural Portfolio MTF,2025-12-21 23:30:00+00:00,2025-12-22 05:00:00+00:00,1,4348.34,4336.055041221427,4.0,4.0,3.964604358236967,target,1,3,Ensemble REGIME-ROUTER,693.2351144501972,830.6552622518049
2025,Outcome First M15,2025-12-22 13:00:00+00:00,2025-12-22 21:30:00+00:00,1,4415.55,4405.670661447539,3.0,3.0,2.9553052061476333,target,2,2,Ensemble REGIME-ROUTER,830.6552622518049,953.3972533041391
2025,M15-0591 MTF,2025-12-23 01:45:00+00:00,2025-12-23 12:00:00+00:00,1,4484.82,4469.040982419012,4.0,0.5469288538215737,0.5185061717567298,time_exit,0,0,Ensemble REGIME-ROUTER,953.3972533041391,978.1143713028447
2025,V1 Legacy M15,2025-12-23 12:00:00+00:00,2025-12-23 14:00:00+00:00,1,4493.56,4480.917502410843,2.0,-1.0,-1.035543293311392,stop,3,1,Ensemble REGIME-ROUTER,978.1143713028447,927.4703824381372
2025,V1 Legacy M15,2025-12-23 19:00:00+00:00,2025-12-24 12:15:00+00:00,1,4484.37,4468.836134972714,3.0,0.699117700644591,0.6702493540217579,time_exit,3,1,Ensemble REGIME-ROUTER,927.4703824381372,958.5522036733109
2025,Structural Portfolio MTF,2025-12-24 16:30:00+00:00,2025-12-26 13:00:00+00:00,1,4468.53,4447.31934694042,3.0,1.900931568997087,1.8798641837192833,time_exit,1,0,Ensemble REGIME-ROUTER,958.5522036733109,1048.6496014688432
2025,Structural Frequency M15,2025-12-30 08:45:00+00:00,2025-12-30 10:45:00+00:00,-1,4358.95,4384.3399423080145,3.0,-1.0,-1.017168018529227,stop,4,2,Ensemble REGIME-ROUTER,1048.6496014688432,995.3169596059669
2025,Structural Frequency M15,2025-12-30 12:00:00+00:00,2025-12-30 12:15:00+00:00,-1,4384.2,4392.571405518012,2.0,-1.0,-1.0523711339818218,stop,4,2,Ensemble REGIME-ROUTER,995.3169596059669,942.9448177333734
2025,M15-0591 MTF,2025-12-30 12:45:00+00:00,2025-12-30 13:45:00+00:00,1,4399.69,4382.355119565644,3.0,-1.0,-1.025380561560034,stop,0,3,Ensemble REGIME-ROUTER,942.9448177333734,894.6009533969949
2025,Structural Portfolio MTF,2025-12-30 13:45:00+00:00,2025-12-31 06:00:00+00:00,-1,4379.38,4405.130641072578,3.0,3.0,2.982993122432732,target,1,0,Ensemble REGIME-ROUTER,894.6009533969949,1028.030377962245
2025,Structural Frequency M15,2025-12-31 15:15:00+00:00,2026-01-02 01:00:00+00:00,-1,4331.55,4354.845498589494,2.0,-1.0,-1.0185939355766933,stop,4,2,Ensemble REGIME-ROUTER,1028.030377962245,975.673102533197
2024-2025 continuous,M15-0591 MTF,2024-01-02 05:45:00+00:00,2024-01-02 11:45:00+00:00,1,2072.14,2069.1753647567275,3.0,-1.0,-1.0698952764830783,stop,0,3,Ensemble REGIME-ROUTER,100.0,94.65052361758461
2024-2025 continuous,Structural Frequency M15,2024-01-03 07:15:00+00:00,2024-01-03 09:45:00+00:00,-1,2062.13,2065.6169144271953,2.0,2.0,1.9408608945514405,target,4,2,Ensemble REGIME-ROUTER,94.65052361758461,103.83569861449399
2024-2025 continuous,Structural Portfolio MTF,2024-01-04 04:15:00+00:00,2024-01-04 06:30:00+00:00,-1,2043.53,2047.110519073261,3.0,-1.0,-1.0570735683342922,stop,1,0,Ensemble REGIME-ROUTER,103.83569861449399,98.34759999174862
2024-2025 continuous,Outcome First M15,2024-01-04 12:00:00+00:00,2024-01-05 05:15:00+00:00,-1,2045.16,2049.9541904188013,3.0,0.29410596510112036,0.25144683349926417,time_exit,2,2,Ensemble REGIME-ROUTER,98.34759999174862,99.5840596217575
2024-2025 continuous,V1 Legacy M15,2024-01-05 06:45:00+00:00,2024-01-05 07:15:00+00:00,-1,2041.38,2045.4080773564162,2.0,-1.0,-1.0506787685382553,stop,3,1,Ensemble REGIME-ROUTER,99.5840596217575,94.35251676528608
2024-2025 continuous,V1 Legacy M15,2024-01-05 09:45:00+00:00,2024-01-05 13:45:00+00:00,-1,2041.33,2044.0256133144899,2.0,2.0,1.924272150273666,target,3,1,Ensemble REGIME-ROUTER,94.35251676528608,103.43051278126954
2024-2025 continuous,Structural Frequency M15,2024-01-05 16:15:00+00:00,2024-01-08 03:45:00+00:00,-1,2055.75,2064.607950566378,2.0,2.0,1.9767920357582147,target,4,2,Ensemble REGIME-ROUTER,103.43051278126954,113.65354347728963
2024-2025 continuous,V1 Legacy M15,2024-01-08 11:15:00+00:00,2024-01-08 15:45:00+00:00,-1,2025.67,2032.061340654103,3.0,-1.0,-1.0316939764226083,stop,3,1,Ensemble REGIME-ROUTER,113.65354347728963,107.7907596670594
2024-2025 continuous,Structural Portfolio MTF,2024-01-09 01:45:00+00:00,2024-01-09 07:30:00+00:00,-1,2031.87,2035.8981645848098,3.0,-1.0,-1.05044158343634,stop,1,0,Ensemble REGIME-ROUTER,107.7907596670594,102.12936485383581
2024-2025 continuous,M15-0591 MTF,2024-01-09 08:00:00+00:00,2024-01-09 08:15:00+00:00,1,2036.03,2032.9177116653543,3.0,-1.0,-1.0654190672931918,stop,0,3,Ensemble REGIME-ROUTER,102.12936485383581,96.68883622154482
2024-2025 continuous,Structural Portfolio MTF,2024-01-09 08:30:00+00:00,2024-01-09 10:45:00+00:00,-1,2031.8,2038.5836880710688,3.0,-1.0,-1.0299512592370699,stop,1,0,Ensemble REGIME-ROUTER,96.68883622154482,91.70959679051748
2024-2025 continuous,Structural Portfolio MTF,2024-01-09 11:15:00+00:00,2024-01-09 13:45:00+00:00,-1,2034.0,2038.83121788702,3.0,-1.0,-1.042101185406369,stop,1,0,Ensemble REGIME-ROUTER,91.70959679051748,86.93106281409055
2024-2025 continuous,Outcome First M15,2024-01-10 07:30:00+00:00,2024-01-10 18:00:00+00:00,1,2028.54,2023.523932216165,3.0,-1.0,-1.0404408410615429,stop,2,1,Ensemble REGIME-ROUTER,86.93106281409055,82.40873140865725
2024-2025 continuous,Structural Frequency M15,2024-01-11 08:30:00+00:00,2024-01-11 13:30:00+00:00,-1,2033.37,2035.9250068207855,3.0,-1.0,-1.0795837405778352,stop,4,2,Ensemble REGIME-ROUTER,82.40873140865725,77.96037508313563
2024-2025 continuous,Structural Portfolio MTF,2024-01-12 00:30:00+00:00,2024-01-12 06:00:00+00:00,-1,2031.23,2035.969449557694,2.0,-1.0,-1.0428579305523478,stop,1,0,Ensemble REGIME-ROUTER,77.96037508313563,73.89529531192144
2024-2025 continuous,Structural Portfolio MTF,2024-01-12 18:30:00+00:00,2024-01-15 11:45:00+00:00,1,2046.82,2040.9162517205466,3.0,1.1077708077021478,1.0731009690993825,time_exit,1,0,Ensemble REGIME-ROUTER,73.89529531192144,77.86015096247685
2024-2025 continuous,Structural Portfolio MTF,2024-01-15 16:15:00+00:00,2024-01-16 03:45:00+00:00,1,2053.77,2048.9692430358195,4.0,-1.0,-1.0427801285364715,stop,1,3,Ensemble REGIME-ROUTER,77.86015096247685,73.80060005105082
2024-2025 continuous,Outcome First M15,2024-01-16 14:00:00+00:00,2024-01-16 17:15:00+00:00,1,2037.63,2030.8498234588374,2.0,-1.0,-1.0300527572936997,stop,2,1,Ensemble REGIME-ROUTER,73.80060005105082,69.9996744724251
2024-2025 continuous,V1 Legacy M15,2024-01-17 05:15:00+00:00,2024-01-17 08:00:00+00:00,-1,2021.45,2026.054966705913,2.0,-1.0,-1.0438971686245708,stop,3,1,Ensemble REGIME-ROUTER,69.9996744724251,66.34605137310479
2024-2025 continuous,M15-0591 MTF,2024-01-17 15:15:00+00:00,2024-01-18 02:30:00+00:00,-1,2011.89,2020.060395119611,4.0,0.2472340652353176,0.22260991951718734,time_exit,0,0,Ensemble REGIME-ROUTER,66.34605137310479,67.08451583092729
2024-2025 continuous,Structural Frequency M15,2024-01-18 13:30:00+00:00,2024-01-18 16:30:00+00:00,-1,2011.45,2017.561151009433,3.0,-1.0,-1.0329144214714252,stop,4,2,Ensemble REGIME-ROUTER,67.08451583092729,63.61988763796764
2024-2025 continuous,Structural Frequency M15,2024-01-19 16:15:00+00:00,2024-01-22 05:30:00+00:00,1,2027.04,2022.6330616109826,3.0,-1.0,-1.045996558632443,stop,4,2,Ensemble REGIME-ROUTER,63.61988763796764,60.2925784614728
2024-2025 continuous,Outcome First M15,2024-01-22 13:30:00+00:00,2024-01-23 05:45:00+00:00,-1,2025.12,2030.5113254691091,2.0,-1.0,-1.0375625625201699,stop,2,1,Ensemble REGIME-ROUTER,60.2925784614728,57.1647123510011
2024-2025 continuous,Outcome First M15,2024-01-25 07:45:00+00:00,2024-01-25 08:30:00+00:00,1,2016.49,2013.288229648509,3.0,-1.0,-1.0629804695099694,stop,2,1,Ensemble REGIME-ROUTER,57.1647123510011,54.126463712287624
2024-2025 continuous,Structural Portfolio MTF,2024-01-25 12:30:00+00:00,2024-01-25 13:45:00+00:00,-1,2014.63,2019.7985635982607,4.0,-1.0,-1.0389785278191799,stop,1,0,Ensemble REGIME-ROUTER,54.126463712287624,51.314652033095086
2024-2025 continuous,Structural Frequency M15,2024-01-25 15:45:00+00:00,2024-01-26 09:00:00+00:00,-1,2020.39,2025.7832484642324,3.0,-0.04450008220308658,-0.0819615493207077,time_exit,4,2,Ensemble REGIME-ROUTER,51.314652033095086,51.10436061392081
2024-2025 continuous,Structural Portfolio MTF,2024-01-29 12:00:00+00:00,2024-01-29 14:00:00+00:00,1,2028.02,2025.190963429483,3.0,3.0,2.9283141115553213,target,1,0,Ensemble REGIME-ROUTER,51.10436061392081,58.58684163130863
2024-2025 continuous,Structural Portfolio MTF,2024-01-29 16:00:00+00:00,2024-01-30 09:15:00+00:00,1,2025.32,2020.1478313292555,3.0,2.468983672599751,2.4298256302208183,time_exit,1,0,Ensemble REGIME-ROUTER,58.58684163130863,65.70463210078071
2024-2025 continuous,V1 Legacy M15,2024-01-30 14:00:00+00:00,2024-01-30 14:30:00+00:00,1,2037.7,2032.935002418466,2.0,2.0,1.9572360748325088,target,3,1,Ensemble REGIME-ROUTER,65.70463210078071,72.13460591234302
2024-2025 continuous,Structural Frequency M15,2024-01-30 17:00:00+00:00,2024-01-31 10:15:00+00:00,1,2035.78,2029.7499535676093,3.0,0.3051386122196784,0.2713780098292108,time_exit,4,4,Ensemble REGIME-ROUTER,72.13460591234302,73.11339320195832
2024-2025 continuous,Outcome First M15,2024-01-31 13:45:00+00:00,2024-01-31 20:15:00+00:00,1,2040.89,2035.7331028088738,3.0,-1.0,-1.0395759295630684,stop,2,2,Ensemble REGIME-ROUTER,73.11339320195832,69.31304701688651
2024-2025 continuous,M15-0591 MTF,2024-02-01 10:30:00+00:00,2024-02-01 13:45:00+00:00,-1,2037.49,2041.5237701926737,3.0,-1.0,-1.0505108100531002,stop,0,3,Ensemble REGIME-ROUTER,69.31304701688651,65.6723417584386
2024-2025 continuous,Structural Portfolio MTF,2024-02-02 03:15:00+00:00,2024-02-02 13:30:00+00:00,1,2054.23,2051.61534836848,4.0,-1.0,-1.0785661070574806,stop,1,3,Ensemble REGIME-ROUTER,65.6723417584386,62.13074365885122
2024-2025 continuous,M15-0591 MTF,2024-02-05 03:15:00+00:00,2024-02-05 08:45:00+00:00,-1,2032.65,2036.0616981462485,3.0,3.0,2.9404211652711676,target,0,3,Ensemble REGIME-ROUTER,62.13074365885122,71.2652713422774
2024-2025 continuous,Structural Portfolio MTF,2024-02-06 06:30:00+00:00,2024-02-06 13:15:00+00:00,-1,2027.28,2030.0056626080511,3.0,-1.0,-1.0743775107752425,stop,1,0,Ensemble REGIME-ROUTER,71.2652713422774,67.4369811008055
2024-2025 continuous,Structural Portfolio MTF,2024-02-07 07:15:00+00:00,2024-02-07 08:45:00+00:00,1,2034.36,2032.2254654745302,3.0,-1.0,-1.0953069615752573,stop,1,0,Ensemble REGIME-ROUTER,67.4369811008055,63.74377135743893
2024-2025 continuous,Structural Frequency M15,2024-02-07 09:45:00+00:00,2024-02-07 12:45:00+00:00,1,2034.57,2030.980455450914,2.0,-1.0,-1.0566804499060491,stop,4,2,Ensemble REGIME-ROUTER,63.74377135743893,60.375931507604584
2024-2025 continuous,Structural Frequency M15,2024-02-07 13:30:00+00:00,2024-02-07 15:00:00+00:00,1,2034.75,2030.3411104554532,2.0,2.0,1.953848923193898,target,4,2,Ensemble REGIME-ROUTER,60.375931507604584,66.27420394575267
2024-2025 continuous,V1 Legacy M15,2024-02-08 02:15:00+00:00,2024-02-08 02:30:00+00:00,1,2038.42,2036.437769040652,2.0,-1.0,-1.1028346364174655,stop,3,1,Ensemble REGIME-ROUTER,66.27420394575267,62.61972956513412
2024-2025 continuous,Outcome First M15,2024-02-08 11:15:00+00:00,2024-02-08 13:45:00+00:00,-1,2033.18,2038.7261875859954,2.0,2.0,1.963340944234667,target,2,1,Ensemble REGIME-ROUTER,62.61972956513412,68.76692351374062
2024-2025 continuous,M15-0591 MTF,2024-02-08 13:45:00+00:00,2024-02-08 14:30:00+00:00,-1,2022.76,2027.2308419763085,4.0,-1.0,-1.0452433794510927,stop,0,3,Ensemble REGIME-ROUTER,68.76692351374062,65.17301493734277
2024-2025 continuous,Outcome First M15,2024-02-12 09:00:00+00:00,2024-02-12 13:30:00+00:00,-1,2023.54,2027.468155711065,3.0,-1.0,-1.0515137420418434,stop,2,1,Ensemble REGIME-ROUTER,65.17301493734277,61.74649889649706
2024-2025 continuous,M15-0591 MTF,2024-02-12 14:15:00+00:00,2024-02-13 01:30:00+00:00,-1,2018.9,2022.6566684376744,4.0,-0.2315881783111245,-0.2853299453447323,time_exit,0,0,Ensemble REGIME-ROUTER,61.74649889649706,60.86559263872876
2024-2025 continuous,V1 Legacy M15,2024-02-13 03:15:00+00:00,2024-02-13 05:45:00+00:00,-1,2017.57,2020.7755289339063,2.0,-1.0,-1.0629403147374277,stop,3,1,Ensemble REGIME-ROUTER,60.86559263872876,57.63076802892424
2024-2025 continuous,Structural Portfolio MTF,2024-02-13 11:45:00+00:00,2024-02-13 13:45:00+00:00,1,2028.2,2025.8088359211833,3.0,-1.0,-1.0848206117667878,stop,1,0,Ensemble REGIME-ROUTER,57.63076802892424,54.50481577743786
2024-2025 continuous,V1 Legacy M15,2024-02-13 19:30:00+00:00,2024-02-14 12:45:00+00:00,-1,1991.72,1996.0870943595366,3.0,0.29081121117216646,0.2452037697929668,time_exit,3,1,Ensemble REGIME-ROUTER,54.50481577743786,55.1730550924628
2024-2025 continuous,V1 Legacy M15,2024-02-14 15:00:00+00:00,2024-02-14 16:45:00+00:00,-1,1987.5,1993.4359201278203,2.0,-1.0,-1.0334825933840492,stop,3,1,Ensemble REGIME-ROUTER,55.1730550924628,52.32203548936883
2024-2025 continuous,V1 Legacy M15,2024-02-14 19:45:00+00:00,2024-02-15 07:45:00+00:00,-1,1989.81,1994.4984454969242,2.0,-1.0,-1.0424407194517962,stop,3,1,Ensemble REGIME-ROUTER,52.32203548936883,49.59490447343283
2024-2025 continuous,Structural Frequency M15,2024-02-15 15:45:00+00:00,2024-02-16 09:00:00+00:00,-1,2001.58,2008.6714554531522,2.0,-0.48368068059644187,-0.5119059160678182,time_exit,4,2,Ensemble REGIME-ROUTER,49.59490447343283,48.325508223094396
2024-2025 continuous,Structural Frequency M15,2024-02-16 14:00:00+00:00,2024-02-16 15:45:00+00:00,-1,2001.53,2008.066987079955,3.0,-1.0,-1.0306185399407854,stop,4,2,Ensemble REGIME-ROUTER,48.325508223094396,45.835249986755294
2024-2025 continuous,Outcome First M15,2024-02-19 08:00:00+00:00,2024-02-19 13:00:00+00:00,-1,2020.87,2023.1974093410922,2.0,2.0,1.9131708391678304,target,2,1,Ensemble REGIME-ROUTER,45.835249986755294,50.21978317078669
2024-2025 continuous,Structural Frequency M15,2024-02-19 13:30:00+00:00,2024-02-19 15:45:00+00:00,1,2018.11,2015.723457258448,3.0,-1.0,-1.0845620723594358,stop,4,2,Ensemble REGIME-ROUTER,50.21978317078669,47.4964595653292
2024-2025 continuous,Structural Portfolio MTF,2024-02-19 16:45:00+00:00,2024-02-20 10:30:00+00:00,1,2016.42,2013.007097660852,3.0,3.0,2.940917735123258,target,1,0,Ensemble REGIME-ROUTER,47.4964595653292,54.48061857989126
2024-2025 continuous,M15-0591 MTF,2024-02-21 02:30:00+00:00,2024-02-21 12:45:00+00:00,1,2027.56,2025.0874155519166,4.0,0.5662091748111229,0.4842075266339825,time_exit,0,0,Ensemble REGIME-ROUTER,54.48061857989126,55.79961485849419
2024-2025 continuous,V1 Legacy M15,2024-02-21 13:15:00+00:00,2024-02-21 14:45:00+00:00,1,2030.82,2027.1763872509857,2.0,-1.0,-1.05573643907546,stop,3,1,Ensemble REGIME-ROUTER,55.79961485849419,52.85413052386975
2024-2025 continuous,Structural Portfolio MTF,2024-02-21 19:30:00+00:00,2024-02-22 12:45:00+00:00,1,2024.79,2019.822493364188,3.0,0.716657321468884,0.6758966310773951,time_exit,1,0,Ensemble REGIME-ROUTER,52.85413052386975,54.640326961850164
2024-2025 continuous,Structural Portfolio MTF,2024-02-22 16:00:00+00:00,2024-02-22 17:00:00+00:00,1,2023.23,2020.0445402104162,3.0,-1.0,-1.063514535848665,stop,1,0,Ensemble REGIME-ROUTER,54.640326961850164,51.7347878634776
2024-2025 continuous,Structural Portfolio MTF,2024-02-22 19:00:00+00:00,2024-02-23 06:30:00+00:00,1,2022.64,2019.256834235995,2.0,-1.0,-1.0597854240995142,stop,1,0,Ensemble REGIME-ROUTER,51.7347878634776,48.9933991586479
2024-2025 continuous,Structural Portfolio MTF,2024-02-23 09:00:00+00:00,2024-02-23 11:00:00+00:00,-1,2019.55,2022.8330048316514,3.0,-1.0,-1.0615152917391273,stop,1,0,Ensemble REGIME-ROUTER,48.9933991586479,46.393037038588716
2024-2025 continuous,Structural Portfolio MTF,2024-02-26 12:45:00+00:00,2024-02-26 14:15:00+00:00,1,2033.0,2030.4787093222637,3.0,-1.0,-1.0806333049160888,stop,1,0,Ensemble REGIME-ROUTER,46.393037038588716,43.88634399158349
2024-2025 continuous,Structural Portfolio MTF,2024-02-26 16:00:00+00:00,2024-02-27 09:15:00+00:00,1,2029.24,2024.7149966735835,3.0,1.739225240798317,1.694380190891867,time_exit,1,0,Ensemble REGIME-ROUTER,43.88634399158349,47.604351587083755
2024-2025 continuous,Outcome First M15,2024-02-27 11:45:00+00:00,2024-02-27 14:15:00+00:00,1,2037.89,2034.3612607605353,3.0,-1.0,-1.0577512210936015,stop,2,1,Ensemble REGIME-ROUTER,47.604351587083755,45.08667353605341
2024-2025 continuous,Structural Portfolio MTF,2024-02-27 18:15:00+00:00,2024-02-27 20:00:00+00:00,1,2034.89,2029.4151596326092,3.0,-1.0,-1.037168024334009,stop,1,0,Ensemble REGIME-ROUTER,45.08667353605341,42.74855073029436
2024-2025 continuous,Structural Portfolio MTF,2024-02-28 14:45:00+00:00,2024-02-29 08:00:00+00:00,-1,2032.8,2038.1229734078177,3.0,-0.8453921624690025,-0.8835813444216023,time_exit,1,0,Ensemble REGIME-ROUTER,42.74855073029436,40.859959633976935
2024-2025 continuous,Structural Frequency M15,2024-02-29 13:30:00+00:00,2024-02-29 14:00:00+00:00,1,2032.16,2027.8159177218104,3.0,3.0,2.953220038897448,target,4,2,Ensemble REGIME-ROUTER,40.859959633976935,46.89338221295701
2024-2025 continuous,V1 Legacy M15,2024-03-01 02:15:00+00:00,2024-03-01 08:30:00+00:00,1,2045.03,2042.903965807722,2.0,-1.0,-1.0961898923087785,stop,3,1,Ensemble REGIME-ROUTER,46.89338221295701,44.32317963305622
2024-2025 continuous,M15-0591 MTF,2024-03-01 10:45:00+00:00,2024-03-01 15:00:00+00:00,1,2053.28,2048.2062339413505,4.0,-1.0,-1.0404685587838567,stop,0,0,Ensemble REGIME-ROUTER,44.32317963305622,42.01733589138002
2024-2025 continuous,M15-0591 MTF,2024-03-01 17:15:00+00:00,2024-03-04 04:30:00+00:00,1,2084.71,2076.0454462415746,4.0,-0.4812711786738189,-0.5053313906376817,time_exit,0,0,Ensemble REGIME-ROUTER,42.01733589138002,40.95570195253594
2024-2025 continuous,V1 Legacy M15,2024-03-04 06:15:00+00:00,2024-03-04 08:00:00+00:00,1,2082.54,2080.2384874282793,2.0,2.0,1.9095142896202797,target,3,1,Ensemble REGIME-ROUTER,40.95570195253594,44.86597685852576
2024-2025 continuous,V1 Legacy M15,2024-03-04 13:45:00+00:00,2024-03-04 14:00:00+00:00,1,2084.88,2080.8838444372655,2.0,2.0,1.9478278568671819,target,3,1,Ensemble REGIME-ROUTER,44.86597685852576,49.23553683605551
2024-2025 continuous,M15-0591 MTF,2024-03-04 14:45:00+00:00,2024-03-05 02:00:00+00:00,1,2098.3,2091.74226569767,4.0,2.1882557814062418,2.1562584496562436,time_exit,0,0,Ensemble REGIME-ROUTER,49.23553683605551,54.543763952360806
2024-2025 continuous,V1 Legacy M15,2024-03-05 05:00:00+00:00,2024-03-05 09:30:00+00:00,1,2115.96,2112.1174228070836,2.0,2.0,1.944933832327412,target,3,1,Ensemble REGIME-ROUTER,54.543763952360806,59.84796454503215
2024-2025 continuous,V1 Legacy M15,2024-03-05 13:15:00+00:00,2024-03-06 06:30:00+00:00,1,2127.28,2120.839010369176,3.0,-0.22512068534640667,-0.2581479082101042,time_exit,3,1,Ensemble REGIME-ROUTER,59.84796454503215,59.07548320213552
2024-2025 continuous,M15-0591 MTF,2024-03-06 07:30:00+00:00,2024-03-06 08:15:00+00:00,1,2129.56,2126.7705512810044,4.0,-1.0,-1.0763434002388406,stop,0,0,Ensemble REGIME-ROUTER,59.07548320213552,55.896207879108566
2024-2025 continuous,Outcome First M15,2024-03-06 10:00:00+00:00,2024-03-06 14:45:00+00:00,1,2128.71,2124.043986684383,3.0,3.0,2.954378398516882,target,2,2,Ensemble REGIME-ROUTER,55.896207879108566,64.15313533496095
2024-2025 continuous,V1 Legacy M15,2024-03-06 18:30:00+00:00,2024-03-06 19:15:00+00:00,1,2150.73,2141.407847294199,3.0,-1.0,-1.0230711732351443,stop,3,1,Ensemble REGIME-ROUTER,64.15313533496095,60.871474163268374
2024-2025 continuous,V1 Legacy M15,2024-03-06 21:45:00+00:00,2024-03-07 04:15:00+00:00,1,2147.67,2143.3201282231307,2.0,2.0,1.950626820509507,target,3,1,Ensemble REGIME-ROUTER,60.871474163268374,66.80835066860952
2024-2025 continuous,Outcome First M15,2024-03-07 13:00:00+00:00,2024-03-07 14:45:00+00:00,1,2158.52,2153.6928971274833,3.0,-1.0,-1.044716677000808,stop,2,2,Ensemble REGIME-ROUTER,66.80835066860952,63.3185607632888
2024-2025 continuous,V1 Legacy M15,2024-03-07 19:45:00+00:00,2024-03-08 03:00:00+00:00,1,2159.68,2155.692824463465,2.0,-1.0,-1.05416566138638,stop,3,1,Ensemble REGIME-ROUTER,63.3185607632888,59.981148139035504
2024-2025 continuous,Structural Portfolio MTF,2024-03-08 03:45:00+00:00,2024-03-08 10:00:00+00:00,1,2157.76,2153.7702007326757,3.0,3.0,2.9459180812009387,target,1,0,Ensemble REGIME-ROUTER,59.981148139035504,68.81612558073435
2024-2025 continuous,V1 Legacy M15,2024-03-08 16:45:00+00:00,2024-03-11 09:00:00+00:00,1,2177.8,2167.2737361152867,3.0,-0.04465022016812658,-0.06533942218559326,time_exit,3,1,Ensemble REGIME-ROUTER,68.81612558073435,68.59130528660953
2024-2025 continuous,Structural Portfolio MTF,2024-03-11 10:00:00+00:00,2024-03-11 13:15:00+00:00,1,2180.57,2175.6766616685486,4.0,-1.0,-1.0445620117044545,stop,1,3,Ensemble REGIME-ROUTER,68.59130528660953,65.00891169482877
2024-2025 continuous,Structural Portfolio MTF,2024-03-11 14:00:00+00:00,2024-03-12 05:45:00+00:00,1,2181.85,2174.4252515037538,4.0,-1.0,-1.0293861805703333,stop,1,3,Ensemble REGIME-ROUTER,65.00891169482877,61.66294792920008
2024-2025 continuous,M15-0591 MTF,2024-03-12 06:15:00+00:00,2024-03-12 09:15:00+00:00,-1,2176.23,2178.86571996189,3.0,-1.0,-1.082566814057112,stop,0,3,Ensemble REGIME-ROUTER,61.66294792920008,58.32523487494589
2024-2025 continuous,V1 Legacy M15,2024-03-13 23:30:00+00:00,2024-03-14 03:00:00+00:00,1,2175.91,2172.8677355218438,3.0,-1.0,-1.0715227099952473,stop,3,1,Ensemble REGIME-ROUTER,58.32523487494589,55.20039418823033
2024-2025 continuous,Structural Frequency M15,2024-03-14 08:30:00+00:00,2024-03-14 12:00:00+00:00,1,2169.7,2167.3694750794084,2.0,-1.0,-1.093099197559724,stop,4,2,Ensemble REGIME-ROUTER,55.20039418823033,52.183418858623575
2024-2025 continuous,Structural Portfolio MTF,2024-03-18 11:00:00+00:00,2024-03-19 04:15:00+00:00,1,2158.22,2153.5735358379707,3.0,0.6628696343275639,0.6164209816587892,time_exit,1,0,Ensemble REGIME-ROUTER,52.183418858623575,53.791766572580805
2024-2025 continuous,Structural Portfolio MTF,2024-03-19 13:45:00+00:00,2024-03-19 22:30:00+00:00,-1,2151.74,2158.942182595743,3.0,-1.0,-1.0298762211509578,stop,1,0,Ensemble REGIME-ROUTER,53.791766572580805,51.02182350824061
2024-2025 continuous,Structural Portfolio MTF,2024-03-20 01:15:00+00:00,2024-03-20 08:15:00+00:00,1,2157.95,2154.99038996935,2.0,-1.0,-1.0729133222840905,stop,1,0,Ensemble REGIME-ROUTER,51.02182350824061,48.28472379977966
2024-2025 continuous,Outcome First M15,2024-03-20 12:00:00+00:00,2024-03-20 12:45:00+00:00,1,2153.98,2152.1925398662493,2.0,-1.0,-1.1205050652223583,stop,2,1,Ensemble REGIME-ROUTER,48.28472379977966,45.57955992025388
2024-2025 continuous,M15-0591 MTF,2024-03-20 20:30:00+00:00,2024-03-20 22:30:00+00:00,1,2185.99,2179.8974742992095,4.0,4.0,3.964120134943108,target,0,0,Ensemble REGIME-ROUTER,45.57955992025388,54.61370248134009
2024-2025 continuous,Structural Frequency M15,2024-03-22 14:30:00+00:00,2024-03-22 17:00:00+00:00,-1,2174.8,2180.3910721900415,2.0,2.0,1.9611022729437533,target,4,2,Ensemble REGIME-ROUTER,54.61370248134009,59.96885528484159
2024-2025 continuous,Structural Portfolio MTF,2024-03-25 00:30:00+00:00,2024-03-25 01:30:00+00:00,-1,2164.82,2169.6081745862302,3.0,-1.0,-1.0452118017213832,stop,1,0,Ensemble REGIME-ROUTER,59.96885528484159,56.83484752086968
2024-2025 continuous,Structural Portfolio MTF,2024-03-25 03:15:00+00:00,2024-03-25 06:45:00+00:00,-1,2173.8,2178.54528927097,2.0,2.0,1.9541903585667868,target,1,0,Ensemble REGIME-ROUTER,56.83484752086968,62.38815307366453
2024-2025 continuous,M15-0591 MTF,2024-03-25 12:15:00+00:00,2024-03-25 23:30:00+00:00,1,2173.91,2167.6257297175825,3.0,-0.28802071181822403,-0.3226135905822447,time_exit,0,3,Ensemble REGIME-ROUTER,62.38815307366453,61.38178977002005
2024-2025 continuous,V1 Legacy M15,2024-03-27 08:00:00+00:00,2024-03-27 09:00:00+00:00,1,2180.57,2176.8383493657925,2.0,-1.0,-1.0584344627551932,stop,3,1,Ensemble REGIME-ROUTER,61.38178977002005,58.13335968611088
2024-2025 continuous,V1 Legacy M15,2024-03-28 05:45:00+00:00,2024-03-28 07:30:00+00:00,1,2197.84,2194.214665589729,3.0,-1.0,-1.060624476290331,stop,3,1,Ensemble REGIME-ROUTER,58.13335968611088,55.05047647750694
2024-2025 continuous,Outcome First M15,2024-03-28 08:45:00+00:00,2024-03-28 11:00:00+00:00,1,2196.25,2190.6269658740453,3.0,3.0,2.9609419051920285,target,2,2,Ensemble REGIME-ROUTER,55.05047647750694,63.20053961265885
2024-2025 continuous,V1 Legacy M15,2024-03-28 12:15:00+00:00,2024-03-28 12:45:00+00:00,1,2213.86,2206.890737588885,3.0,-1.0,-1.0317660588654132,stop,3,1,Ensemble REGIME-ROUTER,63.20053961265885,59.94013102894283
2024-2025 continuous,V1 Legacy M15,2024-03-28 16:30:00+00:00,2024-03-31 22:15:00+00:00,1,2219.02,2211.7345224580076,3.0,3.0,2.9695418730315217,target,3,1,Ensemble REGIME-ROUTER,59.94013102894283,68.83986747721491
2024-2025 continuous,M15-0591 MTF,2024-04-01 01:45:00+00:00,2024-04-01 09:45:00+00:00,1,2258.97,2249.4658196168507,4.0,-1.0,-1.023768172624387,stop,0,0,Ensemble REGIME-ROUTER,68.83986747721491,65.31606421067225
2024-2025 continuous,Outcome First M15,2024-04-01 12:45:00+00:00,2024-04-01 14:00:00+00:00,1,2252.18,2243.266028191719,3.0,-1.0,-1.0252657294463041,stop,2,2,Ensemble REGIME-ROUTER,65.31606421067225,61.967748099796424
2024-2025 continuous,V1 Legacy M15,2024-04-02 03:00:00+00:00,2024-04-02 14:15:00+00:00,1,2254.23,2247.4938726505293,2.0,2.0,1.9665352229396744,target,3,1,Ensemble REGIME-ROUTER,61.967748099796424,68.06083606602157
2024-2025 continuous,Structural Portfolio MTF,2024-04-02 17:00:00+00:00,2024-04-03 10:15:00+00:00,1,2260.28,2250.372105118924,4.0,1.0516865716754435,1.0288736530168383,time_exit,1,3,Ensemble REGIME-ROUTER,68.06083606602157,71.56213611755295
2024-2025 continuous,Outcome First M15,2024-04-03 13:00:00+00:00,2024-04-04 01:15:00+00:00,1,2274.93,2265.0754767422072,3.0,3.0,2.976914864976334,target,2,2,Ensemble REGIME-ROUTER,71.56213611755295,82.2138554564431
2024-2025 continuous,Structural Frequency M15,2024-04-04 13:30:00+00:00,2024-04-04 19:00:00+00:00,1,2289.87,2282.5554080833826,2.0,2.0,1.968694494154925,target,4,2,Ensemble REGIME-ROUTER,82.2138554564431,90.30655368546051
2024-2025 continuous,Structural Portfolio MTF,2024-04-04 20:30:00+00:00,2024-04-05 01:15:00+00:00,1,2291.37,2279.440616656739,3.0,-1.0,-1.019207782448323,stop,1,0,Ensemble REGIME-ROUTER,90.30655368546051,85.70449656934508
2024-2025 continuous,V1 Legacy M15,2024-04-05 09:45:00+00:00,2024-04-05 12:45:00+00:00,1,2292.3,2284.527268097073,3.0,-1.0,-1.029491561379297,stop,3,1,Ensemble REGIME-ROUTER,85.70449656934508,81.292893769825
2024-2025 continuous,M15-0591 MTF,2024-04-05 15:15:00+00:00,2024-04-07 22:30:00+00:00,1,2324.01,2309.5001754998666,4.0,-1.0,-1.0160168029598056,stop,0,0,Ensemble REGIME-ROUTER,81.292893769825,77.16314646825657
2024-2025 continuous,Outcome First M15,2024-04-08 08:15:00+00:00,2024-04-08 12:15:00+00:00,1,2340.47,2333.2593820179154,3.0,-1.0,-1.032458660350821,stop,2,2,Ensemble REGIME-ROUTER,77.16314646825657,73.17975852670305
2024-2025 continuous,M15-0591 MTF,2024-04-08 18:00:00+00:00,2024-04-09 05:15:00+00:00,1,2338.01,2331.8013393151837,4.0,1.2434243699094834,1.2057671340145073,time_exit,0,0,Ensemble REGIME-ROUTER,73.17975852670305,77.59164591203387
2024-2025 continuous,V1 Legacy M15,2024-04-09 09:15:00+00:00,2024-04-09 11:45:00+00:00,1,2359.48,2351.0849005514733,3.0,-1.0,-1.0281054443067268,stop,3,1,Ensemble REGIME-ROUTER,77.59164591203387,73.60302623228978
2024-2025 continuous,V1 Legacy M15,2024-04-09 14:15:00+00:00,2024-04-09 14:45:00+00:00,1,2361.43,2347.605804072018,3.0,-1.0,-1.0170818614862092,stop,3,1,Ensemble REGIME-ROUTER,73.60302623228978,69.86001108572201
2024-2025 continuous,V1 Legacy M15,2024-04-10 00:00:00+00:00,2024-04-10 01:00:00+00:00,1,2354.8,2351.1704925578715,2.0,-1.0,-1.064879326948533,stop,3,1,Ensemble REGIME-ROUTER,69.86001108572201,66.14038700644296
2024-2025 continuous,Structural Portfolio MTF,2024-04-10 02:15:00+00:00,2024-04-10 12:45:00+00:00,1,2349.45,2344.4226083063445,4.0,-1.0,-1.0467329809007135,stop,1,3,Ensemble REGIME-ROUTER,66.14038700644296,62.67882078398392
2024-2025 continuous,M15-0591 MTF,2024-04-11 08:30:00+00:00,2024-04-11 11:00:00+00:00,-1,2332.27,2338.384090825269,3.0,-1.0,-1.038145818677748,stop,0,3,Ensemble REGIME-ROUTER,62.67882078398392,59.425332998156684
2024-2025 continuous,M15-0591 MTF,2024-04-11 17:30:00+00:00,2024-04-12 01:15:00+00:00,1,2355.01,2347.5927631050704,4.0,4.0,3.968249497307956,target,0,0,Ensemble REGIME-ROUTER,59.425332998156684,71.21606038802135
2024-2025 continuous,M15-0591 MTF,2024-04-12 01:45:00+00:00,2024-04-12 12:00:00+00:00,1,2387.78,2378.228351551934,4.0,0.7946272354209444,0.7696286185540998,time_exit,0,0,Ensemble REGIME-ROUTER,71.21606038802135,73.95655629678626
2024-2025 continuous,Outcome First M15,2024-04-12 13:45:00+00:00,2024-04-12 15:45:00+00:00,1,2402.59,2391.749325800613,3.0,-1.0,-1.0221627359683572,stop,2,2,Ensemble REGIME-ROUTER,73.95655629678626,70.17677450043021
2024-2025 continuous,Outcome First M15,2024-04-16 12:45:00+00:00,2024-04-16 14:00:00+00:00,1,2376.21,2368.1746473015282,3.0,-1.0,-1.0295719439975786,stop,2,2,Ensemble REGIME-ROUTER,70.17677450043021,66.56417259313584
2024-2025 continuous,M15-0591 MTF,2024-04-16 15:45:00+00:00,2024-04-17 03:00:00+00:00,1,2383.67,2372.3324951153313,4.0,-0.1217199034565556,-0.14274454709947335,time_exit,0,0,Ensemble REGIME-ROUTER,66.56417259313584,66.08908895964292
2024-2025 continuous,Structural Frequency M15,2024-04-17 07:15:00+00:00,2024-04-17 09:00:00+00:00,1,2379.02,2372.349674564223,2.0,2.0,1.9643342738985445,target,4,2,Ensemble REGIME-ROUTER,66.08908895964292,72.58014208835074
2024-2025 continuous,Outcome First M15,2024-04-18 07:45:00+00:00,2024-04-18 10:30:00+00:00,-1,2375.58,2381.191231929025,3.0,-1.0,-1.042336157728785,stop,2,1,Ensemble REGIME-ROUTER,72.58014208835074,68.7974967667617
2024-2025 continuous,Outcome First M15,2024-04-18 11:30:00+00:00,2024-04-18 11:45:00+00:00,-1,2381.48,2384.240256793883,3.0,-1.0,-1.086277479880772,stop,2,1,Ensemble REGIME-ROUTER,68.7974967667617,65.06083819626652
2024-2025 continuous,Outcome First M15,2024-04-18 13:30:00+00:00,2024-04-18 13:45:00+00:00,1,2390.86,2380.3169710729876,3.0,-1.0,-1.0226771643761152,stop,2,1,Ensemble REGIME-ROUTER,65.06083819626652,61.73402652034196
2024-2025 continuous,Structural Portfolio MTF,2024-04-18 22:30:00+00:00,2024-04-19 00:15:00+00:00,1,2380.25,2376.592173466603,3.0,-1.0,-1.0650727960516357,stop,1,0,Ensemble REGIME-ROUTER,61.73402652034196,58.44646490846464
2024-2025 continuous,Structural Portfolio MTF,2024-04-19 07:15:00+00:00,2024-04-19 11:15:00+00:00,1,2391.97,2377.9303120315026,4.0,-1.0,-1.0170372020045402,stop,1,0,Ensemble REGIME-ROUTER,58.44646490846464,55.474353451586566
2024-2025 continuous,V1 Legacy M15,2024-04-23 06:45:00+00:00,2024-04-23 13:30:00+00:00,-1,2299.74,2315.094761777114,3.0,-1.0,-1.014977373360671,stop,3,1,Ensemble REGIME-ROUTER,55.474353451586566,52.65909277382793
2024-2025 continuous,Structural Portfolio MTF,2024-04-23 14:45:00+00:00,2024-04-24 08:00:00+00:00,-1,2318.53,2332.638885607456,3.0,-0.15451255759333937,-0.17094567686659223,time_exit,1,0,Ensemble REGIME-ROUTER,52.65909277382793,52.2090005609578
2024-2025 continuous,M15-0591 MTF,2024-04-24 08:45:00+00:00,2024-04-24 12:45:00+00:00,-1,2316.58,2322.268787565093,4.0,-1.0,-1.0407218581023256,stop,0,0,Ensemble REGIME-ROUTER,52.2090005609578,49.49224815728453
2024-2025 continuous,V1 Legacy M15,2024-04-24 20:30:00+00:00,2024-04-25 07:00:00+00:00,-1,2316.07,2322.7367526681337,2.0,-1.0,-1.0347406018385923,stop,3,1,Ensemble REGIME-ROUTER,49.49224815728453,46.93166622505385
2024-2025 continuous,V1 Legacy M15,2024-04-25 08:00:00+00:00,2024-04-25 13:30:00+00:00,1,2325.63,2317.538064958755,2.0,-1.0,-1.0287400972467788,stop,3,4,Ensemble REGIME-ROUTER,46.93166622505385,44.51764188123809
2024-2025 continuous,Structural Portfolio MTF,2024-04-26 07:45:00+00:00,2024-04-26 14:00:00+00:00,1,2345.55,2337.5134645981034,3.0,-1.0,-1.029186084334879,stop,1,0,Ensemble REGIME-ROUTER,44.51764188123809,42.2267950046594
2024-2025 continuous,Structural Frequency M15,2024-04-26 16:00:00+00:00,2024-04-29 01:15:00+00:00,1,2336.74,2328.284373084072,2.0,-1.0,-1.0276353252483061,stop,4,2,Ensemble REGIME-ROUTER,42.2267950046594,40.05710769371907
2024-2025 continuous,M15-0591 MTF,2024-04-29 10:30:00+00:00,2024-04-29 11:45:00+00:00,1,2342.76,2339.3703964352385,3.0,-1.0,-1.0691160472084493,stop,0,3,Ensemble REGIME-ROUTER,40.05710769371907,37.915822861713465
2024-2025 continuous,M15-0591 MTF,2024-04-29 16:30:00+00:00,2024-04-29 19:15:00+00:00,1,2343.82,2336.952249380938,3.0,-1.0,-1.034127913635864,stop,0,3,Ensemble REGIME-ROUTER,37.915822861713465,35.955332322224926
2024-2025 continuous,M15-0591 MTF,2024-04-30 02:45:00+00:00,2024-04-30 08:30:00+00:00,-1,2329.49,2334.7049865128165,3.0,3.0,2.955330852835863,target,0,3,Ensemble REGIME-ROUTER,35.955332322224926,41.26832746901682
2024-2025 continuous,Outcome First M15,2024-04-30 09:30:00+00:00,2024-04-30 12:00:00+00:00,1,2314.88,2310.431245914048,3.0,-1.0,-1.0520343438921393,stop,2,1,Ensemble REGIME-ROUTER,41.26832746901682,39.09754257839717
2024-2025 continuous,Outcome First M15,2024-04-30 14:00:00+00:00,2024-04-30 14:15:00+00:00,1,2306.74,2302.52358965,3.0,-1.0,-1.054708621991691,stop,2,1,Ensemble REGIME-ROUTER,39.09754257839717,37.03571681559103
2024-2025 continuous,Outcome First M15,2024-05-01 07:45:00+00:00,2024-05-01 10:00:00+00:00,-1,2283.93,2289.891889059037,3.0,-1.0,-1.0383088309323356,stop,2,2,Ensemble REGIME-ROUTER,37.03571681559103,35.11299122411416
2024-2025 continuous,V1 Legacy M15,2024-05-02 13:00:00+00:00,2024-05-02 15:00:00+00:00,-1,2294.61,2304.8462891582717,3.0,-1.0,-1.0224164241994456,stop,3,1,Ensemble REGIME-ROUTER,35.11299122411416,33.3179862775989
2024-2025 continuous,V1 Legacy M15,2024-05-03 00:30:00+00:00,2024-05-03 01:15:00+00:00,-1,2301.3,2304.9567657906728,2.0,-1.0,-1.0629326604911367,stop,3,1,Ensemble REGIME-ROUTER,33.3179862775989,31.54724748778613
2024-2025 continuous,M15-0591 MTF,2024-05-03 08:00:00+00:00,2024-05-03 08:15:00+00:00,-1,2299.1,2302.1192023603226,4.0,-1.0,-1.076149251544514,stop,0,0,Ensemble REGIME-ROUTER,31.54724748778613,29.849770149172603
2024-2025 continuous,V1 Legacy M15,2024-05-03 11:15:00+00:00,2024-05-03 12:45:00+00:00,-1,2297.06,2302.7959559114083,2.0,-1.0,-1.0400466815902702,stop,3,1,Ensemble REGIME-ROUTER,29.849770149172603,28.29751242967864
2024-2025 continuous,M15-0591 MTF,2024-05-06 00:00:00+00:00,2024-05-06 01:15:00+00:00,-1,2293.83,2301.282190067202,4.0,-1.0,-1.0307806158902924,stop,0,0,Ensemble REGIME-ROUTER,28.29751242967864,26.83908606515727
2024-2025 continuous,Structural Frequency M15,2024-05-07 15:00:00+00:00,2024-05-08 08:15:00+00:00,-1,2314.15,2322.79496136404,2.0,0.8814382944146647,0.8546695223802852,time_exit,4,2,Ensemble REGIME-ROUTER,26.83908606515727,27.98601350857884
2024-2025 continuous,Structural Frequency M15,2024-05-08 13:45:00+00:00,2024-05-08 15:45:00+00:00,-1,2311.71,2318.8023344836397,3.0,-1.0,-1.0325944864181542,stop,4,2,Ensemble REGIME-ROUTER,27.98601350857884,26.541103346289713
2024-2025 continuous,Outcome First M15,2024-05-09 08:30:00+00:00,2024-05-09 10:00:00+00:00,1,2311.69,2307.265659939353,3.0,-1.0,-1.0522493743318178,stop,2,1,Ensemble REGIME-ROUTER,26.541103346289713,25.14471037677924
2024-2025 continuous,M15-0591 MTF,2024-05-09 12:30:00+00:00,2024-05-09 13:15:00+00:00,1,2317.79,2313.053030016273,3.0,-1.0,-1.0489298012856836,stop,0,3,Ensemble REGIME-ROUTER,25.14471037677924,23.825958573834185
2024-2025 continuous,Structural Portfolio MTF,2024-05-09 13:30:00+00:00,2024-05-09 14:15:00+00:00,-1,2317.59,2329.748288347846,3.0,-1.0,-1.0190618114465975,stop,1,0,Ensemble REGIME-ROUTER,23.825958573834185,22.611952348649034
2024-2025 continuous,V1 Legacy M15,2024-05-10 01:15:00+00:00,2024-05-10 06:45:00+00:00,1,2350.65,2345.6134316031857,3.0,3.0,2.953328341545271,target,3,1,Ensemble REGIME-ROUTER,22.611952348649034,25.95097833509585
2024-2025 continuous,M15-0591 MTF,2024-05-10 07:00:00+00:00,2024-05-10 13:15:00+00:00,1,2368.33,2360.727691629034,4.0,-1.0,-1.0311527747157019,stop,0,0,Ensemble REGIME-ROUTER,25.95097833509585,24.613007169254793
2024-2025 continuous,Outcome First M15,2024-05-10 15:45:00+00:00,2024-05-13 01:30:00+00:00,1,2365.9,2356.133988052923,3.0,-1.0,-1.0242258560896818,stop,2,2,Ensemble REGIME-ROUTER,24.613007169254793,23.352543252311218
2024-2025 continuous,Structural Frequency M15,2024-05-13 12:00:00+00:00,2024-05-13 15:15:00+00:00,1,2344.55,2338.1722739611378,3.0,-1.0,-1.0367615351571011,stop,4,2,Ensemble REGIME-ROUTER,23.352543252311218,22.14199232270678
2024-2025 continuous,Structural Portfolio MTF,2024-05-13 16:15:00+00:00,2024-05-14 09:30:00+00:00,1,2337.14,2331.730588871452,3.0,1.800565674995113,1.7573606024934911,time_exit,1,0,Ensemble REGIME-ROUTER,22.14199232270678,24.087565571138693
2024-2025 continuous,V1 Legacy M15,2024-05-14 18:00:00+00:00,2024-05-15 09:00:00+00:00,1,2355.88,2347.4620352305374,2.0,2.0,1.9720136628684137,target,3,1,Ensemble REGIME-ROUTER,24.087565571138693,26.46261599171491
2024-2025 continuous,M15-0591 MTF,2024-05-15 09:00:00+00:00,2024-05-15 10:00:00+00:00,1,2373.25,2368.231856308408,4.0,-1.0,-1.0472933846827963,stop,0,0,Ensemble REGIME-ROUTER,26.46261599171491,25.076909858238697
2024-2025 continuous,M15-0591 MTF,2024-05-15 16:15:00+00:00,2024-05-16 03:30:00+00:00,1,2381.5,2372.359170326706,4.0,0.842374300277838,0.8163208665621013,time_exit,0,0,Ensemble REGIME-ROUTER,25.076909858238697,26.10045009754755
2024-2025 continuous,Structural Portfolio MTF,2024-05-16 07:45:00+00:00,2024-05-16 09:30:00+00:00,1,2390.23,2384.2726465264095,4.0,-1.0,-1.0401223464512575,stop,1,3,Ensemble REGIME-ROUTER,26.10045009754755,24.743067027602795
2024-2025 continuous,Structural Frequency M15,2024-05-16 11:15:00+00:00,2024-05-16 12:45:00+00:00,1,2386.3,2380.7029066355,3.0,-1.0,-1.042634629165473,stop,4,4,Ensemble REGIME-ROUTER,24.743067027602795,23.45316810186574
2024-2025 continuous,Structural Portfolio MTF,2024-05-16 15:30:00+00:00,2024-05-17 08:45:00+00:00,1,2380.41,2370.601036212804,3.0,0.17534981648576045,0.15108211551710887,time_exit,1,0,Ensemble REGIME-ROUTER,23.45316810186574,23.630335814486152
2024-2025 continuous,Outcome First M15,2024-05-17 10:45:00+00:00,2024-05-17 13:15:00+00:00,1,2385.62,2381.4393877143443,3.0,3.0,2.9429361099046307,target,2,2,Ensemble REGIME-ROUTER,23.630335814486152,27.107464242367353
2024-2025 continuous,V1 Legacy M15,2024-05-17 18:00:00+00:00,2024-05-20 05:45:00+00:00,1,2414.36,2405.3701795259185,3.0,3.0,2.9731434013953804,target,3,1,Ensemble REGIME-ROUTER,27.107464242367353,31.137183164405137
2024-2025 continuous,M15-0591 MTF,2024-05-20 06:00:00+00:00,2024-05-20 06:30:00+00:00,1,2449.68,2439.481741588084,4.0,-1.0,-1.0240205719550872,stop,0,0,Ensemble REGIME-ROUTER,31.137183164405137,29.542927358750916
2024-2025 continuous,V1 Legacy M15,2024-05-20 09:15:00+00:00,2024-05-20 10:45:00+00:00,1,2446.47,2436.497032397315,3.0,-1.0,-1.024531013209562,stop,3,1,Ensemble REGIME-ROUTER,29.542927358750916,28.02954509374904
2024-2025 continuous,V1 Legacy M15,2024-05-21 12:30:00+00:00,2024-05-22 03:00:00+00:00,1,2427.4,2417.040071989748,2.0,-1.0,-1.023430664745912,stop,3,1,Ensemble REGIME-ROUTER,28.02954509374904,26.595230295357982
2024-2025 continuous,Structural Frequency M15,2024-05-22 10:15:00+00:00,2024-05-22 11:15:00+00:00,1,2417.46,2414.175837277072,2.0,-1.0,-1.0736096291186386,stop,4,2,Ensemble REGIME-ROUTER,26.595230295357982,25.16758552867178
2024-2025 continuous,Structural Frequency M15,2024-05-23 13:00:00+00:00,2024-05-23 13:30:00+00:00,-1,2362.86,2369.72904077161,3.0,-1.0,-1.0343986894031234,stop,4,2,Ensemble REGIME-ROUTER,25.16758552867178,23.865919654356823
2024-2025 continuous,Structural Portfolio MTF,2024-05-24 02:45:00+00:00,2024-05-24 05:45:00+00:00,-1,2329.85,2335.516573173212,4.0,-1.0,-1.0411156783612028,stop,1,3,Ensemble REGIME-ROUTER,23.865919654356823,22.623560497823842
2024-2025 continuous,Structural Portfolio MTF,2024-05-24 10:00:00+00:00,2024-05-24 10:30:00+00:00,-1,2337.63,2343.5940921600345,4.0,-1.0,-1.0391950683737676,stop,1,3,Ensemble REGIME-ROUTER,22.623560497823842,21.448045872904135
2024-2025 continuous,Outcome First M15,2024-05-24 12:00:00+00:00,2024-05-24 13:30:00+00:00,-1,2338.25,2344.1951171776677,3.0,-1.0,-1.039330595682511,stop,2,2,Ensemble REGIME-ROUTER,21.448045872904135,20.333465358238573
2024-2025 continuous,Outcome First M15,2024-05-24 15:30:00+00:00,2024-05-27 03:00:00+00:00,-1,2334.94,2343.6297816311735,3.0,-1.0,-1.026869950236997,stop,2,2,Ensemble REGIME-ROUTER,20.333465358238573,19.289474130210564
2024-2025 continuous,Structural Frequency M15,2024-05-27 15:15:00+00:00,2024-05-28 06:30:00+00:00,-1,2354.39,2358.786321790616,2.0,2.0,1.9464463678471995,target,4,2,Ensemble REGIME-ROUTER,19.289474130210564,21.166770473132107
2024-2025 continuous,M15-0591 MTF,2024-05-28 07:00:00+00:00,2024-05-28 12:00:00+00:00,-1,2341.81,2347.8517502632085,4.0,-1.0,-1.0387604567878375,stop,0,0,Ensemble REGIME-ROUTER,21.166770473132107,20.067410264862406
2024-2025 continuous,V1 Legacy M15,2024-05-29 13:00:00+00:00,2024-05-29 13:30:00+00:00,-1,2337.79,2345.3449165833013,3.0,-1.0,-1.0309439551611628,stop,3,1,Ensemble REGIME-ROUTER,20.067410264862406,19.03299149944746
2024-2025 continuous,V1 Legacy M15,2024-05-29 20:00:00+00:00,2024-05-30 12:45:00+00:00,-1,2336.87,2342.084337776238,3.0,-1.0,-1.0448162374644996,stop,3,1,Ensemble REGIME-ROUTER,19.03299149944746,18.038692571140135
2024-2025 continuous,Structural Portfolio MTF,2024-05-30 15:00:00+00:00,2024-05-31 08:15:00+00:00,-1,2343.88,2352.1666170873723,3.0,0.3053115611985523,0.2770264362158643,time_exit,1,0,Ensemble REGIME-ROUTER,18.038692571140135,18.28855230698896
2024-2025 continuous,V1 Legacy M15,2024-05-31 17:30:00+00:00,2024-06-03 10:45:00+00:00,-1,2325.17,2337.2175700612147,3.0,-0.44158282317250536,-0.46088273168671723,time_exit,3,1,Ensemble REGIME-ROUTER,18.28855230698896,17.867108409696936
2024-2025 continuous,Structural Frequency M15,2024-06-03 12:00:00+00:00,2024-06-03 12:45:00+00:00,-1,2329.95,2333.6016548730017,2.0,-1.0,-1.0638053178909708,stop,4,2,Ensemble REGIME-ROUTER,17.867108409696936,16.91675216261843
2024-2025 continuous,Structural Frequency M15,2024-06-05 14:15:00+00:00,2024-06-05 14:30:00+00:00,-1,2336.35,2346.312276148902,2.0,-1.0,-1.023451969861902,stop,4,2,Ensemble REGIME-ROUTER,16.91675216261843,16.05107799639356
2024-2025 continuous,Structural Portfolio MTF,2024-06-06 07:15:00+00:00,2024-06-06 08:00:00+00:00,1,2367.47,2362.98950352839,3.0,-1.0,-1.052839456854863,stop,1,0,Ensemble REGIME-ROUTER,16.05107799639356,15.206117584410656
2024-2025 continuous,Structural Portfolio MTF,2024-06-06 09:15:00+00:00,2024-06-06 09:45:00+00:00,1,2363.04,2359.584016920214,3.0,-1.0,-1.0683753347584737,stop,1,0,Ensemble REGIME-ROUTER,15.206117584410656,14.393825536179584
2024-2025 continuous,M15-0591 MTF,2024-06-06 15:45:00+00:00,2024-06-06 18:15:00+00:00,1,2377.31,2369.1653087695126,3.0,-1.0,-1.0291884607129271,stop,0,3,Ensemble REGIME-ROUTER,14.393825536179584,13.65312757881203
2024-2025 continuous,Structural Portfolio MTF,2024-06-07 03:00:00+00:00,2024-06-07 08:15:00+00:00,1,2376.63,2369.2035290315484,4.0,-1.0,-1.032002144896225,stop,1,3,Ensemble REGIME-ROUTER,13.65312757881203,12.94862473151824
2024-2025 continuous,V1 Legacy M15,2024-06-07 10:15:00+00:00,2024-06-07 14:00:00+00:00,-1,2336.93,2348.7657597391362,2.0,2.0,1.9802553443842505,target,3,4,Ensemble REGIME-ROUTER,12.94862473151824,14.230703897868993
2024-2025 continuous,Structural Portfolio MTF,2024-06-10 03:00:00+00:00,2024-06-10 12:00:00+00:00,-1,2296.29,2301.5489678428517,4.0,-1.0,-1.0436642715570368,stop,1,3,Ensemble REGIME-ROUTER,14.230703897868993,13.488100037003328
2024-2025 continuous,M15-0591 MTF,2024-06-11 02:45:00+00:00,2024-06-11 08:30:00+00:00,-1,2302.49,2307.2718537092255,4.0,-1.0,-1.0481505738152916,stop,0,0,Ensemble REGIME-ROUTER,13.488100037003328,12.781222047330173
2024-2025 continuous,Structural Portfolio MTF,2024-06-11 23:30:00+00:00,2024-06-12 02:45:00+00:00,-1,2316.04,2317.789518441152,3.0,3.0,2.8676184288474738,target,1,0,Ensemble REGIME-ROUTER,12.781222047330173,14.613805441635954
2024-2025 continuous,Structural Portfolio MTF,2024-06-12 07:15:00+00:00,2024-06-12 12:45:00+00:00,-1,2314.48,2317.941782165909,3.0,-1.0,-1.0668580485159522,stop,1,0,Ensemble REGIME-ROUTER,14.613805441635954,13.834262643893176
2024-2025 continuous,Structural Portfolio MTF,2024-06-12 20:15:00+00:00,2024-06-13 01:15:00+00:00,1,2322.83,2315.302059791654,2.0,-1.0,-1.0308561164902017,stop,1,0,Ensemble REGIME-ROUTER,13.834262643893176,13.121205930713716
2024-2025 continuous,M15-0591 MTF,2024-06-13 01:45:00+00:00,2024-06-13 07:30:00+00:00,-1,2311.32,2316.433264979863,3.0,-1.0,-1.0452024295455544,stop,0,3,Ensemble REGIME-ROUTER,13.121205930713716,12.435490114846239
2024-2025 continuous,Structural Portfolio MTF,2024-06-13 08:30:00+00:00,2024-06-13 10:30:00+00:00,-1,2315.11,2318.856028530092,3.0,-1.0,-1.0618017183105466,stop,1,0,Ensemble REGIME-ROUTER,12.435490114846239,11.77528887624736
2024-2025 continuous,Structural Portfolio MTF,2024-06-13 11:15:00+00:00,2024-06-13 12:45:00+00:00,-1,2313.72,2320.2298557373088,3.0,-1.0,-1.0355418014371613,stop,1,0,Ensemble REGIME-ROUTER,11.77528887624736,11.165598683479754
2024-2025 continuous,Structural Portfolio MTF,2024-06-13 15:30:00+00:00,2024-06-14 08:15:00+00:00,-1,2308.82,2317.667008932564,4.0,-1.0,-1.0260971817435582,stop,1,0,Ensemble REGIME-ROUTER,11.165598683479754,10.592749216399847
2024-2025 continuous,Structural Portfolio MTF,2024-06-14 16:30:00+00:00,2024-06-17 01:15:00+00:00,1,2329.39,2323.677309078851,3.0,-1.0,-1.040775705042547,stop,1,0,Ensemble REGIME-ROUTER,10.592749216399847,10.041515414697974
2024-2025 continuous,Structural Portfolio MTF,2024-06-17 14:00:00+00:00,2024-06-17 14:30:00+00:00,-1,2320.81,2326.602902621128,3.0,-1.0,-1.040062990037765,stop,1,0,Ensemble REGIME-ROUTER,10.041515414697974,9.51932498736192
2024-2025 continuous,Outcome First M15,2024-06-17 16:30:00+00:00,2024-06-18 00:45:00+00:00,1,2314.63,2309.6858975643945,2.0,2.0,1.9531840201503332,target,2,1,Ensemble REGIME-ROUTER,9.51932498736192,10.448974659758573
2024-2025 continuous,M15-0591 MTF,2024-06-18 08:00:00+00:00,2024-06-18 12:45:00+00:00,-1,2315.49,2319.117671221935,3.0,-1.0,-1.0638285516614392,stop,0,3,Ensemble REGIME-ROUTER,10.448974659758573,9.893178780826672
2024-2025 continuous,Outcome First M15,2024-06-19 09:00:00+00:00,2024-06-19 11:15:00+00:00,-1,2332.62,2335.2215890544003,2.0,2.0,1.9103386449118647,target,2,1,Ensemble REGIME-ROUTER,9.893178780826672,10.838144868128435
2024-2025 continuous,Outcome First M15,2024-06-19 12:00:00+00:00,2024-06-19 12:45:00+00:00,1,2330.5,2325.6702947844465,3.0,-1.0,-1.048253462602539,stop,2,1,Ensemble REGIME-ROUTER,10.838144868128435,10.270088723818256
2024-2025 continuous,Outcome First M15,2024-06-19 16:00:00+00:00,2024-06-20 11:45:00+00:00,1,2329.85,2324.455522685451,3.0,2.0335612442773514,1.9903717031198356,time_exit,2,1,Ensemble REGIME-ROUTER,10.270088723818256,11.292153423039155
2024-2025 continuous,Outcome First M15,2024-06-20 13:45:00+00:00,2024-06-21 07:00:00+00:00,1,2345.19,2335.0329891480155,3.0,1.3114094485187677,1.288320076712674,time_exit,2,2,Ensemble REGIME-ROUTER,11.292153423039155,12.019548821250208
2024-2025 continuous,M15-0591 MTF,2024-06-21 09:15:00+00:00,2024-06-21 09:45:00+00:00,1,2366.58,2363.0117640688577,4.0,-1.0,-1.066323529207959,stop,0,0,Ensemble REGIME-ROUTER,12.019548821250208,11.378712435322063
2024-2025 continuous,Outcome First M15,2024-06-21 11:15:00+00:00,2024-06-21 13:00:00+00:00,1,2365.44,2361.1062385248374,3.0,-1.0,-1.0545816841456699,stop,2,2,Ensemble REGIME-ROUTER,11.378712435322063,10.778723349149502
2024-2025 continuous,Structural Portfolio MTF,2024-06-24 02:15:00+00:00,2024-06-24 03:30:00+00:00,-1,2320.69,2326.5671814681073,3.0,-1.0,-1.039486444524358,stop,1,0,Ensemble REGIME-ROUTER,10.778723349149502,10.218506508613547
2024-2025 continuous,Structural Portfolio MTF,2024-06-24 19:30:00+00:00,2024-06-25 01:45:00+00:00,-1,2332.04,2334.8951632661624,2.0,2.0,1.9183220088448936,target,1,0,Ensemble REGIME-ROUTER,10.218506508613547,11.198625805263456
2024-2025 continuous,Structural Portfolio MTF,2024-06-25 10:30:00+00:00,2024-06-25 11:45:00+00:00,1,2335.72,2329.116869294622,3.0,-1.0,-1.035372917850888,stop,1,0,Ensemble REGIME-ROUTER,11.198625805263456,10.618888111467662
2024-2025 continuous,Outcome First M15,2024-06-25 16:15:00+00:00,2024-06-26 01:45:00+00:00,1,2323.27,2315.2858189684566,2.0,-1.0,-1.0290984133603858,stop,2,1,Ensemble REGIME-ROUTER,10.618888111467662,10.07249406610952
2024-2025 continuous,Outcome First M15,2024-06-26 10:15:00+00:00,2024-06-26 13:30:00+00:00,-1,2313.53,2318.66375968969,3.0,3.0,2.954934976706324,target,2,1,Ensemble REGIME-ROUTER,10.07249406610952,11.560672317040217
2024-2025 continuous,V1 Legacy M15,2024-06-26 19:15:00+00:00,2024-06-27 06:45:00+00:00,-1,2297.63,2302.8254688633906,2.0,-1.0,-1.0442237276444883,stop,3,1,Ensemble REGIME-ROUTER,11.560672317040217,10.957075899991407
2024-2025 continuous,Structural Frequency M15,2024-06-27 16:45:00+00:00,2024-06-28 08:30:00+00:00,-1,2325.72,2331.253596815996,2.0,-1.0,-1.0420290830238474,stop,4,2,Ensemble REGIME-ROUTER,10.957075899991407,10.38619631235687
2024-2025 continuous,Structural Portfolio MTF,2024-06-28 10:15:00+00:00,2024-06-28 13:45:00+00:00,1,2331.1,2327.1302662461,3.0,-1.0,-1.0587218222811494,stop,1,0,Ensemble REGIME-ROUTER,10.38619631235687,9.836391678037458
2024-2025 continuous,Outcome First M15,2024-06-28 13:45:00+00:00,2024-07-01 07:00:00+00:00,-1,2330.91,2340.0589833114323,2.0,0.4765556840126155,0.45107842691578226,time_exit,2,1,Ensemble REGIME-ROUTER,9.836391678037458,10.058240882270288
2024-2025 continuous,Structural Frequency M15,2024-07-01 08:00:00+00:00,2024-07-01 09:30:00+00:00,-1,2323.58,2329.23844174758,2.0,-1.0,-1.0410639554784442,stop,4,2,Ensemble REGIME-ROUTER,10.058240882270288,9.534677280367722
2024-2025 continuous,Structural Portfolio MTF,2024-07-01 09:30:00+00:00,2024-07-01 14:30:00+00:00,1,2327.6,2321.645560606232,3.0,-1.0,-1.0390901619124053,stop,1,0,Ensemble REGIME-ROUTER,9.534677280367722,9.03930781241573
2024-2025 continuous,Structural Portfolio MTF,2024-07-01 14:45:00+00:00,2024-07-02 08:00:00+00:00,-1,2322.62,2334.6319599096173,3.0,-0.6801554501908331,-0.6994913455607501,time_exit,1,0,Ensemble REGIME-ROUTER,9.03930781241573,8.723161933183507
2024-2025 continuous,Structural Frequency M15,2024-07-02 12:45:00+00:00,2024-07-03 06:00:00+00:00,1,2325.81,2318.847329770824,2.0,1.075736715005521,1.0423327202241204,time_exit,4,2,Ensemble REGIME-ROUTER,8.723161933183507,9.177783788522039
2024-2025 continuous,Outcome First M15,2024-07-03 11:30:00+00:00,2024-07-03 12:45:00+00:00,-1,2344.67,2349.7223505331363,3.0,-1.0,-1.0464075084383462,stop,2,1,Ensemble REGIME-ROUTER,9.177783788522039,8.697598695165379
2024-2025 continuous,Structural Portfolio MTF,2024-07-03 22:00:00+00:00,2024-07-04 06:45:00+00:00,1,2356.17,2353.443973818057,4.0,-1.0,-1.0864324053674617,stop,1,3,Ensemble REGIME-ROUTER,8.697598695165379,8.225131041599909
2024-2025 continuous,Outcome First M15,2024-07-04 11:15:00+00:00,2024-07-04 15:30:00+00:00,1,2359.15,2356.2213440150804,3.0,-1.0,-1.0805540156354239,stop,2,2,Ensemble REGIME-ROUTER,8.225131041599909,7.780746122793491
2024-2025 continuous,Structural Portfolio MTF,2024-07-04 23:15:00+00:00,2024-07-05 12:45:00+00:00,1,2357.15,2354.0562904888075,4.0,-1.0,-1.0761917042137326,stop_same_bar,1,3,Ensemble REGIME-ROUTER,7.780746122793491,7.362067401296315
2024-2025 continuous,M15-0591 MTF,2024-07-05 14:45:00+00:00,2024-07-08 02:00:00+00:00,1,2383.42,2373.794968017653,4.0,0.31999893669432394,0.295236213782116,time_exit,0,0,Ensemble REGIME-ROUTER,7.362067401296315,7.470744846554688
2024-2025 continuous,Structural Portfolio MTF,2024-07-08 04:30:00+00:00,2024-07-08 06:45:00+00:00,1,2383.38,2380.5677808117266,4.0,-1.0,-1.0847508618794122,stop,1,3,Ensemble REGIME-ROUTER,7.470744846554688,7.0655500009956205
2024-2025 continuous,Structural Frequency M15,2024-07-08 10:30:00+00:00,2024-07-08 15:45:00+00:00,1,2373.02,2368.082186638991,2.0,-1.0,-1.0480581145236953,stop,4,2,Ensemble REGIME-ROUTER,7.0655500009956205,6.695294650389802
2024-2025 continuous,Structural Frequency M15,2024-07-08 17:00:00+00:00,2024-07-09 10:15:00+00:00,1,2358.67,2350.747042308919,2.0,0.66641779571074,0.6366477263507186,time_exit,4,2,Ensemble REGIME-ROUTER,6.695294650389802,6.908421856210741
2024-2025 continuous,Outcome First M15,2024-07-09 13:15:00+00:00,2024-07-09 15:00:00+00:00,1,2362.37,2355.8787747198057,2.0,-1.0,-1.0363932832096892,stop,2,1,Ensemble REGIME-ROUTER,6.908421856210741,6.55042975574295
2024-2025 continuous,V1 Legacy M15,2024-07-10 11:45:00+00:00,2024-07-10 17:45:00+00:00,1,2377.06,2371.5644869065586,3.0,-1.0,-1.0432545598487777,stop,3,1,Ensemble REGIME-ROUTER,6.55042975574295,6.208741470160553
2024-2025 continuous,V1 Legacy M15,2024-07-11 02:00:00+00:00,2024-07-11 06:15:00+00:00,1,2375.89,2372.3249172220408,2.0,2.0,1.9333566666477202,target,3,1,Ensemble REGIME-ROUTER,6.208741470160553,6.808927055801907
2024-2025 continuous,V1 Legacy M15,2024-07-11 08:15:00+00:00,2024-07-11 12:45:00+00:00,1,2383.31,2378.2848349740984,3.0,3.0,2.9525725028389007,target,3,1,Ensemble REGIME-ROUTER,6.808927055801907,7.814119595741734
2024-2025 continuous,M15-0591 MTF,2024-07-11 15:15:00+00:00,2024-07-12 01:30:00+00:00,1,2418.52,2408.876904344061,4.0,-1.0,-1.0250803277940161,stop,0,0,Ensemble REGIME-ROUTER,7.814119595741734,7.413614581910505
2024-2025 continuous,Structural Portfolio MTF,2024-07-12 03:00:00+00:00,2024-07-12 05:45:00+00:00,1,2409.42,2406.41134847763,4.0,-1.0,-1.080083053224518,stop,1,3,Ensemble REGIME-ROUTER,7.413614581910505,7.013248608257519
2024-2025 continuous,V1 Legacy M15,2024-07-12 16:30:00+00:00,2024-07-14 22:45:00+00:00,1,2415.07,2407.7067348416667,3.0,-1.0,-1.0327989003257165,stop,3,1,Ensemble REGIME-ROUTER,7.013248608257519,6.651084835741557
2024-2025 continuous,V1 Legacy M15,2024-07-15 03:45:00+00:00,2024-07-15 06:00:00+00:00,1,2411.37,2408.418435295025,2.0,-1.0,-1.081698022609354,stop,3,1,Ensemble REGIME-ROUTER,6.651084835741557,6.291361569990122
2024-2025 continuous,Structural Frequency M15,2024-07-15 08:15:00+00:00,2024-07-15 11:45:00+00:00,1,2407.4,2401.1040692850656,2.0,2.0,1.9617626033544262,target,4,2,Ensemble REGIME-ROUTER,6.291361569990122,6.908469462599512
2024-2025 continuous,V1 Legacy M15,2024-07-16 01:15:00+00:00,2024-07-16 07:15:00+00:00,1,2424.8,2419.8078640934127,2.0,2.0,1.9514276044287915,target,3,1,Ensemble REGIME-ROUTER,6.908469462599512,7.582538363283013
2024-2025 continuous,M15-0591 MTF,2024-07-16 14:30:00+00:00,2024-07-17 01:45:00+00:00,1,2447.08,2436.1656289649814,4.0,2.808224120442679,2.7858034056607774,time_exit,0,0,Ensemble REGIME-ROUTER,7.582538363283013,8.638711423082379
2024-2025 continuous,M15-0591 MTF,2024-07-17 02:00:00+00:00,2024-07-17 02:45:00+00:00,1,2479.51,2474.128031486535,4.0,-1.0,-1.0460706894474838,stop,0,0,Ensemble REGIME-ROUTER,8.638711423082379,8.186876282368296
2024-2025 continuous,Outcome First M15,2024-07-17 07:45:00+00:00,2024-07-17 15:00:00+00:00,1,2470.87,2461.546341938448,3.0,-1.0,-1.0265010791224662,stop,2,2,Ensemble REGIME-ROUTER,8.186876282368296,7.7666844154436365
2024-2025 continuous,Structural Portfolio MTF,2024-07-17 18:45:00+00:00,2024-07-18 07:15:00+00:00,1,2456.75,2450.895083031656,3.0,3.0,2.9580395415804683,target,1,0,Ensemble REGIME-ROUTER,7.7666844154436365,8.91539239583659
2024-2025 continuous,Structural Portfolio MTF,2024-07-22 00:30:00+00:00,2024-07-22 12:00:00+00:00,-1,2408.77,2412.128349993543,3.0,3.0,2.9282751945261434,target,1,0,Ensemble REGIME-ROUTER,8.91539239583659,10.220728515946355
2024-2025 continuous,M15-0591 MTF,2024-07-23 07:00:00+00:00,2024-07-23 07:30:00+00:00,-1,2390.28,2393.956557254245,4.0,-1.0,-1.0650140834129593,stop,0,0,Ensemble REGIME-ROUTER,10.220728515946355,9.676467525335191
2024-2025 continuous,V1 Legacy M15,2024-07-25 07:15:00+00:00,2024-07-25 11:00:00+00:00,-1,2366.88,2379.0891489554806,3.0,-1.0,-1.0193861178091168,stop,3,1,Ensemble REGIME-ROUTER,9.676467525335191,9.18326469209732
2024-2025 continuous,V1 Legacy M15,2024-07-25 14:15:00+00:00,2024-07-26 03:00:00+00:00,-1,2360.98,2376.8151440731904,2.0,-1.0,-1.014909747515321,stop,3,1,Ensemble REGIME-ROUTER,9.18326469209732,8.717255449596177
2024-2025 continuous,Structural Portfolio MTF,2024-07-26 11:15:00+00:00,2024-07-26 12:00:00+00:00,-1,2371.81,2375.471936018272,3.0,-1.0,-1.0647692911117301,stop,1,0,Ensemble REGIME-ROUTER,8.717255449596177,8.253162154320856
2024-2025 continuous,Outcome First M15,2024-07-29 12:45:00+00:00,2024-07-29 14:45:00+00:00,1,2390.86,2385.051267734774,2.0,-1.0,-1.041159755534142,stop,2,1,Ensemble REGIME-ROUTER,8.253162154320856,7.823519139772039
2024-2025 continuous,Structural Frequency M15,2024-07-30 13:15:00+00:00,2024-07-30 15:30:00+00:00,1,2390.74,2385.4295920790337,2.0,-1.0,-1.0450198936801274,stop,4,2,Ensemble REGIME-ROUTER,7.823519139772039,7.414732482789589
2024-2025 continuous,Outcome First M15,2024-07-30 16:30:00+00:00,2024-07-30 17:15:00+00:00,1,2390.22,2382.956196866777,2.0,2.0,1.9670940971807482,target,2,1,Ensemble REGIME-ROUTER,7.414732482789589,8.144006307743076
2024-2025 continuous,M15-0591 MTF,2024-07-31 14:00:00+00:00,2024-07-31 15:00:00+00:00,1,2426.09,2419.404207103853,3.0,-1.0,-1.0362872442758149,stop,0,3,Ensemble REGIME-ROUTER,8.144006307743076,7.72202981504228
2024-2025 continuous,M15-0591 MTF,2024-07-31 19:00:00+00:00,2024-08-01 06:15:00+00:00,1,2433.68,2424.217477359812,4.0,1.2977511882345836,1.272032042373161,time_exit,0,0,Ensemble REGIME-ROUTER,7.72202981504228,8.213163282887013
2024-2025 continuous,Structural Portfolio MTF,2024-08-01 10:30:00+00:00,2024-08-01 12:45:00+00:00,1,2435.65,2429.813759529765,3.0,3.0,2.9582667984223443,target,1,0,Ensemble REGIME-ROUTER,8.213163282887013,9.427999695376318
2024-2025 continuous,M15-0591 MTF,2024-08-01 13:15:00+00:00,2024-08-01 14:30:00+00:00,1,2451.58,2443.267756501153,4.0,-1.0,-1.0294936018216998,stop,0,0,Ensemble REGIME-ROUTER,9.427999695376318,8.942696427157975
2024-2025 continuous,V1 Legacy M15,2024-08-01 22:00:00+00:00,2024-08-02 01:15:00+00:00,1,2446.24,2441.342067662204,2.0,-1.0,-1.0499443404132631,stop,3,1,Ensemble REGIME-ROUTER,8.942696427157975,8.473229752071553
2024-2025 continuous,V1 Legacy M15,2024-08-02 04:45:00+00:00,2024-08-02 14:45:00+00:00,1,2459.4,2451.2417247948774,3.0,-1.0,-1.0301460779167602,stop,3,1,Ensemble REGIME-ROUTER,8.473229752071553,8.036796532252348
2024-2025 continuous,Structural Frequency M15,2024-08-02 16:15:00+00:00,2024-08-05 09:30:00+00:00,1,2437.4,2409.711895185181,2.0,-0.559084852630109,-0.5678879108975549,time_exit,4,2,Ensemble REGIME-ROUTER,8.036796532252348,7.808596552601872
2024-2025 continuous,Structural Portfolio MTF,2024-08-05 20:30:00+00:00,2024-08-06 00:45:00+00:00,-1,2407.14,2413.39884385882,3.0,-1.0,-1.0384598186869265,stop,1,0,Ensemble REGIME-ROUTER,7.808596552601872,7.403150864591157
2024-2025 continuous,Structural Frequency M15,2024-08-06 11:15:00+00:00,2024-08-06 12:45:00+00:00,-1,2411.38,2416.58651868386,2.0,2.0,1.9536853673938555,target,4,2,Ensemble REGIME-ROUTER,7.403150864591157,8.126322240429204
2024-2025 continuous,Structural Portfolio MTF,2024-08-07 06:00:00+00:00,2024-08-07 06:30:00+00:00,-1,2391.37,2396.376992727355,4.0,-1.0,-1.04776060462271,stop,1,3,Ensemble REGIME-ROUTER,8.126322240429204,7.70060022522965
2024-2025 continuous,V1 Legacy M15,2024-08-07 18:45:00+00:00,2024-08-08 04:15:00+00:00,-1,2385.49,2395.88183123376,2.0,-1.0,-1.022955434382443,stop,3,1,Ensemble REGIME-ROUTER,7.70060022522965,7.306731682809383
2024-2025 continuous,M15-0591 MTF,2024-08-08 07:00:00+00:00,2024-08-08 12:00:00+00:00,1,2397.7,2392.7221614847012,3.0,3.0,2.9518325073697937,target,0,3,Ensemble REGIME-ROUTER,7.306731682809383,8.38514408800666
2024-2025 continuous,Structural Portfolio MTF,2024-08-08 13:00:00+00:00,2024-08-08 14:15:00+00:00,-1,2407.98,2415.7457084431435,3.0,-1.0,-1.0310078599734975,stop,1,0,Ensemble REGIME-ROUTER,8.38514408800666,7.952886614919401
2024-2025 continuous,Outcome First M15,2024-08-08 15:15:00+00:00,2024-08-08 17:45:00+00:00,-1,2412.79,2424.7657323898234,2.0,-1.0,-1.0201473272903987,stop,2,1,Ensemble REGIME-ROUTER,7.952886614919401,7.5472308136967206
2024-2025 continuous,Structural Frequency M15,2024-08-09 07:30:00+00:00,2024-08-12 00:45:00+00:00,1,2424.4,2416.5147972090813,2.0,0.5148884699168099,0.4841422727132057,time_exit,4,2,Ensemble REGIME-ROUTER,7.5472308136967206,7.729927487638434
2024-2025 continuous,V1 Legacy M15,2024-08-12 04:45:00+00:00,2024-08-12 09:00:00+00:00,1,2431.82,2425.909083594136,2.0,2.0,1.9588588328268788,target,3,1,Ensemble REGIME-ROUTER,7.729927487638434,8.487019324452026
2024-2025 continuous,V1 Legacy M15,2024-08-12 13:30:00+00:00,2024-08-12 16:15:00+00:00,1,2445.95,2441.089133241398,3.0,3.0,2.949680784899696,target,3,1,Ensemble REGIME-ROUTER,8.487019324452026,9.738719215572454
2024-2025 continuous,V1 Legacy M15,2024-08-12 17:45:00+00:00,2024-08-13 01:30:00+00:00,1,2467.73,2461.0487812388874,3.0,-1.0,-1.0369353270448676,stop,3,1,Ensemble REGIME-ROUTER,9.738719215572454,9.233798115832565
2024-2025 continuous,V1 Legacy M15,2024-08-13 12:45:00+00:00,2024-08-13 13:30:00+00:00,1,2470.92,2462.954926604558,3.0,-1.0,-1.0310219363629958,stop,3,1,Ensemble REGIME-ROUTER,9.233798115832565,8.757785695164031
2024-2025 continuous,M15-0591 MTF,2024-08-14 07:45:00+00:00,2024-08-14 12:45:00+00:00,1,2470.62,2465.956257837778,4.0,-1.0,-1.052975055525433,stop,0,0,Ensemble REGIME-ROUTER,8.757785695164031,8.296699201231771
2024-2025 continuous,M15-0591 MTF,2024-08-16 08:30:00+00:00,2024-08-16 13:00:00+00:00,1,2462.22,2455.012832560428,4.0,4.0,3.965836508994077,target,0,0,Ensemble REGIME-ROUTER,8.296699201231771,9.941866831051119
2024-2025 continuous,Outcome First M15,2024-08-19 08:15:00+00:00,2024-08-19 10:15:00+00:00,1,2504.76,2499.3247799860806,3.0,-1.0,-1.046083875051705,stop,2,2,Ensemble REGIME-ROUTER,9.941866831051119,9.42186550205742
2024-2025 continuous,Structural Frequency M15,2024-08-19 14:00:00+00:00,2024-08-20 07:15:00+00:00,1,2494.66,2485.1342133577277,2.0,1.0056912210785012,0.9795027277426378,time_exit,4,2,Ensemble REGIME-ROUTER,9.42186550205742,9.883302650041895
2024-2025 continuous,M15-0591 MTF,2024-08-20 09:30:00+00:00,2024-08-20 15:15:00+00:00,1,2524.56,2519.2858519566375,4.0,-1.0,-1.0478666882166343,stop,0,3,Ensemble REGIME-ROUTER,9.883302650041895,9.36548346921479
2024-2025 continuous,Structural Portfolio MTF,2024-08-21 02:30:00+00:00,2024-08-21 07:45:00+00:00,1,2517.41,2510.5141849111255,4.0,-1.0,-1.0365063443197828,stop,1,0,Ensemble REGIME-ROUTER,9.36548346921479,8.880114317541631
2024-2025 continuous,V1 Legacy M15,2024-08-21 09:00:00+00:00,2024-08-21 18:15:00+00:00,-1,2507.2,2514.3323959264835,2.0,-1.0,-1.0351522829893722,stop,3,4,Ensemble REGIME-ROUTER,8.880114317541631,8.42050078709114
2024-2025 continuous,Structural Portfolio MTF,2024-08-22 13:30:00+00:00,2024-08-23 06:45:00+00:00,-1,2492.94,2504.4679028569494,3.0,0.013879367477789046,-0.007745901497280263,time_exit,1,0,Ensemble REGIME-ROUTER,8.42050078709114,8.41723956860841
2024-2025 continuous,Structural Portfolio MTF,2024-08-23 10:15:00+00:00,2024-08-23 12:00:00+00:00,-1,2497.47,2501.9792260561744,3.0,-1.0,-1.0553857794860415,stop,1,0,Ensemble REGIME-ROUTER,8.41723956860841,7.973067821446583
2024-2025 continuous,Outcome First M15,2024-08-23 14:00:00+00:00,2024-08-23 14:15:00+00:00,-1,2498.17,2504.046400464676,2.0,-1.0,-1.0425119086933732,stop,2,1,Ensemble REGIME-ROUTER,7.973067821446583,7.557466913812683
2024-2025 continuous,Structural Portfolio MTF,2024-08-26 17:00:00+00:00,2024-08-27 01:15:00+00:00,1,2520.06,2511.226605175906,4.0,-1.0,-1.0285287825369962,stop,1,0,Ensemble REGIME-ROUTER,7.557466913812683,7.168813301616313
2024-2025 continuous,Structural Portfolio MTF,2024-08-27 08:45:00+00:00,2024-08-28 02:00:00+00:00,1,2510.82,2503.135329194995,3.0,0.8081022801855484,0.7754291824861045,time_exit,1,0,Ensemble REGIME-ROUTER,7.168813301616313,7.446758653509705
2024-2025 continuous,Structural Portfolio MTF,2024-08-28 16:30:00+00:00,2024-08-29 00:30:00+00:00,-1,2498.89,2510.532156299557,3.0,-1.0,-1.0214641509330629,stop,1,0,Ensemble REGIME-ROUTER,7.446758653509705,7.066428803249169
2024-2025 continuous,Outcome First M15,2024-08-29 10:00:00+00:00,2024-08-29 12:30:00+00:00,1,2522.89,2515.209563578007,3.0,-1.0,-1.032848263580123,stop,2,1,Ensemble REGIME-ROUTER,7.066428803249169,6.701501367291745
2024-2025 continuous,Structural Portfolio MTF,2024-08-29 13:30:00+00:00,2024-08-30 06:45:00+00:00,1,2510.41,2503.171161405538,3.0,1.3786741988742917,1.343994464449482,time_exit,1,0,Ensemble REGIME-ROUTER,6.701501367291745,7.151840404348782
2024-2025 continuous,M15-0591 MTF,2024-08-30 15:00:00+00:00,2024-09-02 02:15:00+00:00,-1,2508.97,2517.6064897453302,3.0,1.734500988448389,1.7054501810719715,time_exit,0,3,Ensemble REGIME-ROUTER,7.151840404348782,7.761695779978506
2024-2025 continuous,Structural Portfolio MTF,2024-09-02 09:30:00+00:00,2024-09-03 05:15:00+00:00,-1,2500.95,2507.485023060645,3.0,1.0619702387575984,1.0237002896420224,time_exit,1,0,Ensemble REGIME-ROUTER,7.761695779978506,8.15897829088237
2024-2025 continuous,Outcome First M15,2024-09-03 11:15:00+00:00,2024-09-03 11:45:00+00:00,1,2499.33,2492.3376555630066,2.0,-1.0,-1.0357438055650858,stop,2,1,Ensemble REGIME-ROUTER,8.15897829088237,7.736447729656299
2024-2025 continuous,M15-0591 MTF,2024-09-04 07:30:00+00:00,2024-09-04 10:45:00+00:00,-1,2483.73,2488.400047042273,4.0,-1.0,-1.0531842608332949,stop,0,0,Ensemble REGIME-ROUTER,7.736447729656299,7.329052480474624
2024-2025 continuous,Structural Portfolio MTF,2024-09-06 03:00:00+00:00,2024-09-06 12:15:00+00:00,1,2517.65,2512.7337140308214,4.0,-1.0,-1.0512104058995695,stop,1,3,Ensemble REGIME-ROUTER,7.329052480474624,6.943833668831676
2024-2025 continuous,Structural Portfolio MTF,2024-09-06 17:30:00+00:00,2024-09-09 10:45:00+00:00,1,2495.06,2484.337818563909,2.0,-0.06062199225730167,-0.08389207041137582,time_exit,1,0,Ensemble REGIME-ROUTER,6.943833668831676,6.9147070396781505
2024-2025 continuous,Outcome First M15,2024-09-09 10:45:00+00:00,2024-09-09 12:30:00+00:00,-1,2494.4,2499.304624550944,2.0,-1.0,-1.0508581232689855,stop,2,1,Ensemble REGIME-ROUTER,6.9147070396781505,6.551388236544599
2024-2025 continuous,Structural Portfolio MTF,2024-09-09 18:15:00+00:00,2024-09-09 20:45:00+00:00,-1,2500.44,2506.7258998486245,3.0,-1.0,-1.039778552955265,stop,1,0,Ensemble REGIME-ROUTER,6.551388236544599,6.210788587522475
2024-2025 continuous,Structural Frequency M15,2024-09-10 09:45:00+00:00,2024-09-10 13:00:00+00:00,1,2503.35,2499.8140164870188,2.0,2.0,1.9292035726182033,target,4,2,Ensemble REGIME-ROUTER,6.210788587522475,6.809882364113711
2024-2025 continuous,M15-0591 MTF,2024-09-10 13:30:00+00:00,2024-09-10 13:45:00+00:00,1,2514.77,2508.8854990833615,4.0,-1.0,-1.0427354848886077,stop,0,0,Ensemble REGIME-ROUTER,6.809882364113711,6.454837064664786
2024-2025 continuous,Structural Frequency M15,2024-09-10 15:15:00+00:00,2024-09-11 08:30:00+00:00,1,2509.64,2500.424068725274,3.0,1.5060876200395812,1.4788560801638166,time_exit,4,4,Ensemble REGIME-ROUTER,6.454837064664786,6.9321258166421
2024-2025 continuous,Structural Frequency M15,2024-09-11 15:15:00+00:00,2024-09-12 08:30:00+00:00,1,2513.53,2500.365368256387,3.0,0.4117091997373211,0.39261614761894803,time_exit,4,2,Ensemble REGIME-ROUTER,6.9321258166421,7.068209043289094
2024-2025 continuous,Outcome First M15,2024-09-12 08:30:00+00:00,2024-09-12 11:00:00+00:00,1,2518.96,2514.222945669466,3.0,-1.0,-1.0531756620092627,stop,2,1,Ensemble REGIME-ROUTER,7.068209043289094,6.696005756369801
2024-2025 continuous,Structural Frequency M15,2024-09-12 12:00:00+00:00,2024-09-12 13:15:00+00:00,1,2519.41,2512.6690883271785,3.0,3.0,2.9626250851178186,target,4,2,Ensemble REGIME-ROUTER,6.696005756369801,7.687893487565526
2024-2025 continuous,V1 Legacy M15,2024-09-12 15:00:00+00:00,2024-09-13 08:15:00+00:00,1,2553.24,2536.702336772488,3.0,0.9983272589886977,0.9828883184027482,time_exit,3,4,Ensemble REGIME-ROUTER,7.687893487565526,8.065710522668162
2024-2025 continuous,V1 Legacy M15,2024-09-13 12:45:00+00:00,2024-09-16 03:15:00+00:00,1,2571.27,2563.314866576615,2.0,2.0,1.967677851983709,target,3,1,Ensemble REGIME-ROUTER,8.065710522668162,8.859246520466465
2024-2025 continuous,V1 Legacy M15,2024-09-16 05:45:00+00:00,2024-09-16 07:15:00+00:00,1,2588.92,2584.6529931018154,3.0,-1.0,-1.0606729743301184,stop,3,1,Ensemble REGIME-ROUTER,8.859246520466465,8.389408352607118
2024-2025 continuous,Outcome First M15,2024-09-16 08:30:00+00:00,2024-09-16 10:45:00+00:00,1,2586.86,2579.222508101102,3.0,-1.0,-1.0338705432914856,stop,2,2,Ensemble REGIME-ROUTER,8.389408352607118,7.955730244036915
2024-2025 continuous,Outcome First M15,2024-09-16 12:00:00+00:00,2024-09-17 04:45:00+00:00,1,2582.9,2574.8996695989545,3.0,-1.0,-1.0322849166287236,stop,2,2,Ensemble REGIME-ROUTER,7.955730244036915,7.545101227452602
2024-2025 continuous,Structural Portfolio MTF,2024-09-17 06:00:00+00:00,2024-09-17 09:30:00+00:00,1,2579.27,2574.2727209325267,3.0,-1.0,-1.0516134873633167,stop,1,0,Ensemble REGIME-ROUTER,7.545101227452602,7.148374716737068
2024-2025 continuous,Structural Frequency M15,2024-09-17 11:30:00+00:00,2024-09-17 12:45:00+00:00,1,2575.85,2569.353317269549,2.0,-1.0,-1.0396486962173255,stop,4,2,Ensemble REGIME-ROUTER,7.148374716737068,6.776784794020639
2024-2025 continuous,Structural Frequency M15,2024-09-17 14:15:00+00:00,2024-09-17 14:45:00+00:00,1,2580.66,2572.450900373508,2.0,-1.0,-1.031436577912538,stop,4,2,Ensemble REGIME-ROUTER,6.776784794020639,6.4272936081609195
2024-2025 continuous,Outcome First M15,2024-09-17 15:00:00+00:00,2024-09-17 15:45:00+00:00,-1,2576.36,2582.551720072669,2.0,2.0,1.9583902377729832,target,2,1,Ensemble REGIME-ROUTER,6.4272936081609195,7.056651061037071
2024-2025 continuous,Structural Frequency M15,2024-09-19 14:45:00+00:00,2024-09-20 08:00:00+00:00,1,2583.08,2569.1552365354055,2.0,1.7213936926790299,1.7028434314371221,time_exit,4,2,Ensemble REGIME-ROUTER,7.056651061037071,7.65746965639861
2024-2025 continuous,M15-0591 MTF,2024-09-20 11:45:00+00:00,2024-09-20 13:15:00+00:00,1,2614.57,2609.8282337839246,4.0,-1.0,-1.0551391587197205,stop,0,0,Ensemble REGIME-ROUTER,7.65746965639861,7.253484851839899
2024-2025 continuous,M15-0591 MTF,2024-09-20 16:00:00+00:00,2024-09-23 03:15:00+00:00,1,2622.7,2610.6711338128057,4.0,0.42896811051848105,0.4071647255677688,time_exit,0,0,Ensemble REGIME-ROUTER,7.253484851839899,7.401153010295368
2024-2025 continuous,M15-0591 MTF,2024-09-23 04:15:00+00:00,2024-09-23 05:15:00+00:00,1,2630.74,2627.319751636371,4.0,-1.0,-1.07691663646347,stop,0,0,Ensemble REGIME-ROUTER,7.401153010295368,7.002631770005429
2024-2025 continuous,Outcome First M15,2024-09-23 10:00:00+00:00,2024-09-24 03:15:00+00:00,1,2621.5,2615.0274282693817,3.0,1.2885141095537174,1.2480124340357917,time_exit,2,2,Ensemble REGIME-ROUTER,7.002631770005429,7.4396003460024716
2024-2025 continuous,Outcome First M15,2024-09-24 08:15:00+00:00,2024-09-24 15:00:00+00:00,1,2627.99,2622.2455068169515,3.0,3.0,2.954252012905941,target,2,2,Ensemble REGIME-ROUTER,7.4396003460024716,8.53852306087215
2024-2025 continuous,V1 Legacy M15,2024-09-24 16:15:00+00:00,2024-09-25 09:30:00+00:00,1,2649.81,2638.6374211208813,3.0,0.46721531854712106,0.4434982338107363,time_exit,3,1,Ensemble REGIME-ROUTER,8.53852306087215,8.727864055714601
2024-2025 continuous,Outcome First M15,2024-09-25 10:30:00+00:00,2024-09-25 16:45:00+00:00,1,2657.75,2652.3625553678553,3.0,-1.0,-1.0493322935356455,stop,2,2,Ensemble REGIME-ROUTER,8.727864055714601,8.269942575352085
2024-2025 continuous,Structural Portfolio MTF,2024-09-25 17:30:00+00:00,2024-09-26 10:45:00+00:00,1,2660.53,2649.2189905297055,3.0,1.187338763641748,1.1638171672096422,time_exit,1,0,Ensemble REGIME-ROUTER,8.269942575352085,8.751177632403719
2024-2025 continuous,V1 Legacy M15,2024-09-26 10:45:00+00:00,2024-09-26 13:15:00+00:00,1,2674.01,2666.573454365949,3.0,-1.0,-1.0359576896530565,stop,3,1,Ensemble REGIME-ROUTER,8.751177632403719,8.297885144313296
2024-2025 continuous,Structural Portfolio MTF,2024-09-26 15:45:00+00:00,2024-09-27 07:30:00+00:00,1,2672.03,2661.7453234560953,4.0,-1.0,-1.0259806906769815,stop,1,3,Ensemble REGIME-ROUTER,8.297885144313296,7.872211647737255
2024-2025 continuous,Structural Portfolio MTF,2024-09-27 10:00:00+00:00,2024-09-27 14:30:00+00:00,1,2663.59,2657.9452652071463,3.0,-1.0,-1.0471871593218531,stop,1,0,Ensemble REGIME-ROUTER,7.872211647737255,7.460027700088536
2024-2025 continuous,Structural Frequency M15,2024-09-30 08:15:00+00:00,2024-09-30 14:00:00+00:00,-1,2653.25,2660.817216314899,3.0,3.0,2.9649375689872097,target,4,2,Ensemble REGIME-ROUTER,7.460027700088536,8.565953519772423
2024-2025 continuous,Structural Portfolio MTF,2024-10-01 07:30:00+00:00,2024-10-01 08:00:00+00:00,-1,2642.52,2646.0507810879644,3.0,-1.0,-1.074842363039943,stop,1,0,Ensemble REGIME-ROUTER,8.565953519772423,8.105601033628297
2024-2025 continuous,Structural Frequency M15,2024-10-01 11:30:00+00:00,2024-10-01 12:00:00+00:00,-1,2648.02,2651.8513115162555,2.0,-1.0,-1.069115236095133,stop,4,2,Ensemble REGIME-ROUTER,8.105601033628297,7.672309955490273
2024-2025 continuous,Structural Frequency M15,2024-10-02 07:30:00+00:00,2024-10-02 12:30:00+00:00,1,2652.65,2646.8245823236157,2.0,-1.0,-1.0455357906910872,stop,4,2,Ensemble REGIME-ROUTER,7.672309955490273,7.271226222703241
2024-2025 continuous,Outcome First M15,2024-10-02 14:45:00+00:00,2024-10-03 08:00:00+00:00,-1,2656.06,2663.692843302776,2.0,1.4280392728664688,1.393241493131701,time_exit,2,1,Ensemble REGIME-ROUTER,7.271226222703241,7.777754926674113
2024-2025 continuous,Structural Frequency M15,2024-10-03 09:45:00+00:00,2024-10-03 14:15:00+00:00,1,2646.85,2640.5958227034935,2.0,-1.0,-1.0423213138117866,stop,4,2,Ensemble REGIME-ROUTER,7.777754926674113,7.37240893999026
2024-2025 continuous,M15-0591 MTF,2024-10-03 17:00:00+00:00,2024-10-04 04:15:00+00:00,1,2659.96,2651.6001501581195,3.0,0.22608061577033312,0.1942623409171852,time_exit,0,3,Ensemble REGIME-ROUTER,7.37240893999026,7.444018010934325
2024-2025 continuous,Outcome First M15,2024-10-04 11:45:00+00:00,2024-10-04 12:15:00+00:00,1,2661.14,2657.1471414894763,3.0,-1.0,-1.0666474905881669,stop,2,1,Ensemble REGIME-ROUTER,7.444018010934325,7.047010854371515
2024-2025 continuous,Structural Portfolio MTF,2024-10-04 16:00:00+00:00,2024-10-07 09:15:00+00:00,-1,2653.41,2670.7979890401452,3.0,0.07879001975655926,0.06353000323668564,time_exit,1,0,Ensemble REGIME-ROUTER,7.047010854371515,7.069395685490874
2024-2025 continuous,M15-0591 MTF,2024-10-07 10:15:00+00:00,2024-10-07 12:30:00+00:00,1,2656.99,2653.3229945152298,3.0,-1.0,-1.0724566682824757,stop,0,3,Ensemble REGIME-ROUTER,7.069395685490874,6.690314658309272
2024-2025 continuous,Structural Portfolio MTF,2024-10-08 07:15:00+00:00,2024-10-08 11:00:00+00:00,-1,2636.86,2646.763592410471,3.0,-1.0,-1.0266252879835005,stop,1,0,Ensemble REGIME-ROUTER,6.690314658309272,6.346892347669923
2024-2025 continuous,Outcome First M15,2024-10-08 16:15:00+00:00,2024-10-09 09:30:00+00:00,1,2615.41,2604.2092481434247,2.0,0.1258844065162108,0.1025340990235519,time_exit,2,1,Ensemble REGIME-ROUTER,6.346892347669923,6.379430992093313
2024-2025 continuous,Outcome First M15,2024-10-09 12:00:00+00:00,2024-10-09 13:45:00+00:00,-1,2619.03,2622.7208150119914,3.0,3.0,2.9290392503690654,target,2,2,Ensemble REGIME-ROUTER,6.379430992093313,7.313711180636423
2024-2025 continuous,M15-0591 MTF,2024-10-09 13:45:00+00:00,2024-10-09 15:30:00+00:00,-1,2609.57,2616.4979482513477,4.0,-1.0,-1.0376672848197506,stop,0,0,Ensemble REGIME-ROUTER,7.313711180636423,6.934251239498081
2024-2025 continuous,Structural Portfolio MTF,2024-10-10 03:45:00+00:00,2024-10-10 08:30:00+00:00,-1,2612.02,2617.1318369709425,3.0,-1.0,-1.0510974824676074,stop,1,0,Ensemble REGIME-ROUTER,6.934251239498081,6.569822538466365
2024-2025 continuous,Structural Frequency M15,2024-10-10 11:30:00+00:00,2024-10-10 12:45:00+00:00,-1,2614.22,2619.1221361304083,2.0,-1.0,-1.0533281804188117,stop,4,2,Ensemble REGIME-ROUTER,6.569822538466365,6.2238135774605015
2024-2025 continuous,Structural Frequency M15,2024-10-10 15:45:00+00:00,2024-10-10 19:15:00+00:00,-1,2620.57,2630.186905785409,2.0,-1.0,-1.0272496170647318,stop,4,2,Ensemble REGIME-ROUTER,6.2238135774605015,5.904143071754072
2024-2025 continuous,Outcome First M15,2024-10-11 13:00:00+00:00,2024-10-11 13:45:00+00:00,-1,2643.0,2650.3690085324865,2.0,-1.0,-1.0358664261053334,stop,2,1,Ensemble REGIME-ROUTER,5.904143071754072,5.59834789260645
2024-2025 continuous,Structural Portfolio MTF,2024-10-13 22:00:00+00:00,2024-10-13 22:15:00+00:00,1,2655.69,2654.574187982314,3.0,-1.0,-1.2380051440481297,stop,1,0,Ensemble REGIME-ROUTER,5.59834789260645,5.25180871814556
2024-2025 continuous,V1 Legacy M15,2024-10-14 04:45:00+00:00,2024-10-14 11:15:00+00:00,1,2658.24,2654.5527245615144,3.0,-1.0,-1.0720922546836356,stop,3,1,Ensemble REGIME-ROUTER,5.25180871814556,4.970287545655368
2024-2025 continuous,Outcome First M15,2024-10-14 14:00:00+00:00,2024-10-14 14:30:00+00:00,1,2655.29,2647.318481318864,3.0,-1.0,-1.033309713069902,stop,2,2,Ensemble REGIME-ROUTER,4.970287545655368,4.713495225771565
2024-2025 continuous,M15-0591 MTF,2024-10-15 08:30:00+00:00,2024-10-15 12:00:00+00:00,1,2654.73,2649.4032226499357,4.0,-1.0,-1.0498374500291057,stop,0,0,Ensemble REGIME-ROUTER,4.713495225771565,4.466075035344146
2024-2025 continuous,Structural Frequency M15,2024-10-15 12:45:00+00:00,2024-10-16 06:00:00+00:00,1,2653.83,2645.5255510114343,3.0,1.8761028000114242,1.8441460741208315,time_exit,4,2,Ensemble REGIME-ROUTER,4.466075035344146,4.877879772502094
2024-2025 continuous,V1 Legacy M15,2024-10-16 13:00:00+00:00,2024-10-16 14:00:00+00:00,1,2681.69,2676.2532363274267,3.0,-1.0,-1.0493251162180959,stop,3,1,Ensemble REGIME-ROUTER,4.877879772502094,4.6219556845431615
2024-2025 continuous,Structural Portfolio MTF,2024-10-16 17:15:00+00:00,2024-10-17 10:30:00+00:00,1,2675.01,2665.726784163373,4.0,1.276497305302898,1.2476817520821526,time_exit,1,3,Ensemble REGIME-ROUTER,4.6219556845431615,4.9102921728700055
2024-2025 continuous,M15-0591 MTF,2024-10-17 11:30:00+00:00,2024-10-17 12:00:00+00:00,1,2687.42,2682.175713374208,4.0,-1.0,-1.051244720049872,stop,0,0,Ensemble REGIME-ROUTER,4.9102921728700055,4.6521962368384155
2024-2025 continuous,M15-0591 MTF,2024-10-17 15:00:00+00:00,2024-10-17 15:30:00+00:00,1,2695.69,2688.093405462758,4.0,-1.0,-1.0354855058642976,stop,0,0,Ensemble REGIME-ROUTER,4.6521962368384155,4.411332148154285
2024-2025 continuous,V1 Legacy M15,2024-10-17 22:00:00+00:00,2024-10-18 01:15:00+00:00,1,2692.69,2690.76891603902,2.0,2.0,1.8598348612193731,target,3,1,Ensemble REGIME-ROUTER,4.411332148154285,4.821549613832039
2024-2025 continuous,M15-0591 MTF,2024-10-18 02:30:00+00:00,2024-10-18 06:30:00+00:00,1,2708.54,2703.7055965515797,4.0,-1.0,-1.0560263542109845,stop,0,0,Ensemble REGIME-ROUTER,4.821549613832039,4.566965440814918
2024-2025 continuous,Outcome First M15,2024-10-18 09:00:00+00:00,2024-10-18 19:00:00+00:00,1,2706.36,2701.4898742440623,3.0,3.0,2.944429361054993,target,2,2,Ensemble REGIME-ROUTER,4.566965440814918,5.239320797557863
2024-2025 continuous,M15-0591 MTF,2024-10-21 01:45:00+00:00,2024-10-21 12:00:00+00:00,1,2727.94,2720.720533560477,4.0,0.8934178244377419,0.8556319295540711,time_exit,0,0,Ensemble REGIME-ROUTER,5.239320797557863,5.4634673057362235
2024-2025 continuous,M15-0591 MTF,2024-10-21 13:00:00+00:00,2024-10-21 13:45:00+00:00,1,2738.7,2734.2440942057924,4.0,-1.0,-1.0614622509201217,stop,0,0,Ensemble REGIME-ROUTER,5.4634673057362235,5.1735040905274605
2024-2025 continuous,Structural Portfolio MTF,2024-10-21 19:45:00+00:00,2024-10-22 03:45:00+00:00,1,2718.57,2713.932574073117,3.0,3.0,2.941377608120048,target,1,0,Ensemble REGIME-ROUTER,5.1735040905274605,5.934365544897207
2024-2025 continuous,Structural Portfolio MTF,2024-10-22 12:30:00+00:00,2024-10-23 05:45:00+00:00,1,2736.14,2729.199150573413,4.0,2.338330512952988,2.2989096894797214,time_exit,1,3,Ensemble REGIME-ROUTER,5.934365544897207,6.616494067501147
2024-2025 continuous,M15-0591 MTF,2024-10-23 06:15:00+00:00,2024-10-23 06:45:00+00:00,1,2752.32,2748.8888691911748,4.0,-1.0,-1.0802161197970246,stop,0,0,Ensemble REGIME-ROUTER,6.616494067501147,6.259131890088342
2024-2025 continuous,M15-0591 MTF,2024-10-23 08:00:00+00:00,2024-10-23 09:30:00+00:00,1,2754.92,2751.7754903580876,4.0,-1.0,-1.087610480288573,stop,0,0,Ensemble REGIME-ROUTER,6.259131890088342,5.9187570180299165
2024-2025 continuous,Structural Portfolio MTF,2024-10-23 16:00:00+00:00,2024-10-24 09:15:00+00:00,1,2721.77,2708.223216646837,3.0,1.1914267453189518,1.1713351122792566,time_exit,1,0,Ensemble REGIME-ROUTER,5.9187570180299165,6.265399413843302
2024-2025 continuous,Structural Portfolio MTF,2024-10-24 15:15:00+00:00,2024-10-25 08:30:00+00:00,1,2734.03,2722.0751650045663,4.0,-1.0,-1.0228696590211763,stop,1,3,Ensemble REGIME-ROUTER,6.265399413843302,5.944965065739833
2024-2025 continuous,V1 Legacy M15,2024-10-25 18:00:00+00:00,2024-10-27 22:15:00+00:00,1,2744.28,2735.7962491303297,3.0,-1.0,-1.0323474845284628,stop,3,1,Ensemble REGIME-ROUTER,5.944965065739833,5.638101579178528
2024-2025 continuous,Outcome First M15,2024-10-29 13:15:00+00:00,2024-10-30 00:15:00+00:00,1,2755.48,2747.8856983187775,3.0,3.0,2.963716479596628,target,2,1,Ensemble REGIME-ROUTER,5.638101579178528,6.473588307371087
2024-2025 continuous,M15-0591 MTF,2024-10-30 00:45:00+00:00,2024-10-30 07:00:00+00:00,1,2777.47,2774.574272768706,4.0,4.0,3.9040838525816826,target,0,0,Ensemble REGIME-ROUTER,6.473588307371087,7.73725988632454
2024-2025 continuous,Outcome First M15,2024-10-30 15:45:00+00:00,2024-10-31 09:00:00+00:00,1,2784.05,2771.50405689445,3.0,-0.40252055644713897,-0.42471139516350764,time_exit,2,2,Ensemble REGIME-ROUTER,7.73725988632454,7.572954764271363
2024-2025 continuous,Structural Frequency M15,2024-10-31 10:45:00+00:00,2024-10-31 13:00:00+00:00,1,2780.11,2773.074641088551,2.0,-1.0,-1.0395162497747723,stop,4,2,Ensemble REGIME-ROUTER,7.572954764271363,7.179344287457894
2024-2025 continuous,Outcome First M15,2024-11-01 11:15:00+00:00,2024-11-01 14:45:00+00:00,1,2751.56,2744.5446217445815,2.0,-1.0,-1.0392218338031136,stop,2,1,Ensemble REGIME-ROUTER,7.179344287457894,6.806297720662099
2024-2025 continuous,Structural Frequency M15,2024-11-01 15:00:00+00:00,2024-11-04 09:15:00+00:00,-1,2747.3,2760.047940211659,3.0,1.0589946121376914,1.0374436795604627,time_exit,4,2,Ensemble REGIME-ROUTER,6.806297720662099,7.159355248237483
2024-2025 continuous,Structural Portfolio MTF,2024-11-04 10:45:00+00:00,2024-11-04 14:00:00+00:00,-1,2740.97,2745.5055566044944,3.0,-1.0,-1.0604329355582027,stop,1,0,Ensemble REGIME-ROUTER,7.159355248237483,6.779754443107858
2024-2025 continuous,Structural Portfolio MTF,2024-11-05 06:15:00+00:00,2024-11-05 06:45:00+00:00,-1,2733.93,2737.462611390612,3.0,-1.0,-1.0773911901905024,stop,1,0,Ensemble REGIME-ROUTER,6.779754443107858,6.414532057674892
2024-2025 continuous,Structural Portfolio MTF,2024-11-05 08:00:00+00:00,2024-11-05 09:00:00+00:00,-1,2736.3,2741.5818198994148,3.0,-1.0,-1.051806007249571,stop,1,0,Ensemble REGIME-ROUTER,6.414532057674892,6.077189890077022
2024-2025 continuous,Structural Portfolio MTF,2024-11-05 10:00:00+00:00,2024-11-05 14:00:00+00:00,-1,2739.92,2745.194124948814,3.0,-1.0,-1.0519502292151066,stop,1,0,Ensemble REGIME-ROUTER,6.077189890077022,5.757544825184509
2024-2025 continuous,Structural Portfolio MTF,2024-11-05 16:15:00+00:00,2024-11-06 03:30:00+00:00,1,2742.03,2732.584832190379,3.0,-1.0,-1.0290310352898853,stop,1,0,Ensemble REGIME-ROUTER,5.757544825184509,5.4613102095751325
2024-2025 continuous,M15-0591 MTF,2024-11-06 12:30:00+00:00,2024-11-06 13:45:00+00:00,-1,2700.44,2708.955870321501,4.0,4.0,3.968289324542885,target,0,0,Ensemble REGIME-ROUTER,5.4613102095751325,6.544913159708836
2024-2025 continuous,M15-0591 MTF,2024-11-06 14:30:00+00:00,2024-11-06 16:15:00+00:00,-1,2659.47,2677.5510309706556,4.0,-1.0,-1.0147086192392245,stop,0,0,Ensemble REGIME-ROUTER,6.544913159708836,6.212854169942397
2024-2025 continuous,V1 Legacy M15,2024-11-06 20:45:00+00:00,2024-11-07 12:30:00+00:00,-1,2660.01,2668.6686502375433,3.0,-1.0,-1.0307208390109865,stop,3,1,Ensemble REGIME-ROUTER,6.212854169942397,5.8926682568076005
2024-2025 continuous,Structural Portfolio MTF,2024-11-08 12:30:00+00:00,2024-11-08 13:30:00+00:00,-1,2688.55,2695.280304580769,3.0,-1.0,-1.0399469291134642,stop,1,0,Ensemble REGIME-ROUTER,5.8926682568076005,5.586265143910028
2024-2025 continuous,V1 Legacy M15,2024-11-08 17:00:00+00:00,2024-11-11 10:15:00+00:00,-1,2683.43,2693.3502038748807,2.0,1.1703388505348784,1.1432887008217785,time_exit,3,1,Ensemble REGIME-ROUTER,5.586265143910028,5.905600834851372
2024-2025 continuous,M15-0591 MTF,2024-11-11 12:00:00+00:00,2024-11-11 14:00:00+00:00,-1,2662.62,2669.6501410278347,4.0,4.0,3.9621256531062783,target,0,0,Ensemble REGIME-ROUTER,5.905600834851372,7.075537463089896
2024-2025 continuous,M15-0591 MTF,2024-11-11 15:15:00+00:00,2024-11-12 02:30:00+00:00,-1,2620.93,2629.038891371581,4.0,-0.4525896120476011,-0.4849112930259089,time_exit,0,0,Ensemble REGIME-ROUTER,7.075537463089896,6.9039870620858865
2024-2025 continuous,V1 Legacy M15,2024-11-12 04:00:00+00:00,2024-11-12 06:15:00+00:00,-1,2618.83,2625.7058603760984,2.0,2.0,1.961912693732068,target,3,1,Ensemble REGIME-ROUTER,6.9039870620858865,7.581238054809299
2024-2025 continuous,V1 Legacy M15,2024-11-12 09:15:00+00:00,2024-11-12 13:00:00+00:00,-1,2594.31,2606.9972927313906,3.0,-1.0,-1.0204480975959607,stop,3,1,Ensemble REGIME-ROUTER,7.581238054809299,7.194425057286686
2024-2025 continuous,Outcome First M15,2024-11-12 15:30:00+00:00,2024-11-13 08:45:00+00:00,-1,2603.24,2617.533830125266,3.0,-0.3966746456555151,-0.4148869790692056,time_exit,2,2,Ensemble REGIME-ROUTER,7.194425057286686,7.045181393378813
2024-2025 continuous,Outcome First M15,2024-11-13 09:00:00+00:00,2024-11-13 15:15:00+00:00,1,2607.65,2600.740324564002,2.0,-1.0,-1.0377391098055733,stop,2,1,Ensemble REGIME-ROUTER,7.045181393378813,6.679628379999627
2024-2025 continuous,M15-0591 MTF,2024-11-13 17:15:00+00:00,2024-11-14 04:30:00+00:00,-1,2582.04,2593.5401613056442,4.0,1.667802693392336,1.6453504865808304,time_exit,0,0,Ensemble REGIME-ROUTER,6.679628379999627,7.229144870260203
2024-2025 continuous,M15-0591 MTF,2024-11-14 06:15:00+00:00,2024-11-14 09:45:00+00:00,-1,2558.09,2560.933231160587,4.0,4.0,3.910028771650356,target,0,0,Ensemble REGIME-ROUTER,7.229144870260203,8.642453092117503
2024-2025 continuous,M15-0591 MTF,2024-11-14 10:45:00+00:00,2024-11-14 12:00:00+00:00,-1,2544.84,2552.77942091945,4.0,-1.0,-1.0320532193193805,stop,0,0,Ensemble REGIME-ROUTER,8.642453092117503,8.196479515290672
2024-2025 continuous,Structural Portfolio MTF,2024-11-15 12:30:00+00:00,2024-11-15 13:15:00+00:00,-1,2568.05,2573.6739221291173,3.0,-1.0,-1.045662972229012,stop,1,0,Ensemble REGIME-ROUTER,8.196479515290672,7.76794175870202
2024-2025 continuous,Structural Portfolio MTF,2024-11-15 15:45:00+00:00,2024-11-18 01:00:00+00:00,-1,2565.11,2576.552210338163,3.0,-1.0,-1.0224179588050801,stop,1,0,Ensemble REGIME-ROUTER,7.76794175870202,7.370837600849577
2024-2025 continuous,Outcome First M15,2024-11-18 16:45:00+00:00,2024-11-19 01:15:00+00:00,-1,2610.26,2615.385919596267,2.0,-1.0,-1.050922765193218,stop,2,1,Ensemble REGIME-ROUTER,7.370837600849577,6.983528549185828
2024-2025 continuous,Outcome First M15,2024-11-19 13:45:00+00:00,2024-11-19 14:30:00+00:00,-1,2634.72,2639.802333524259,2.0,2.0,1.9481592463890114,target,2,1,Ensemble REGIME-ROUTER,6.983528549185828,7.663779834961729
2024-2025 continuous,M15-0591 MTF,2024-11-21 07:45:00+00:00,2024-11-21 18:00:00+00:00,1,2664.11,2659.772275814242,4.0,1.7705136774753125,1.7090964483959004,time_exit,0,0,Ensemble REGIME-ROUTER,7.663779834961729,8.31868677982279
2024-2025 continuous,V1 Legacy M15,2024-11-21 18:00:00+00:00,2024-11-22 07:45:00+00:00,1,2671.85,2660.898606723904,2.0,2.0,1.9756026476938606,target,3,1,Ensemble REGIME-ROUTER,8.31868677982279,9.140407761200482
2024-2025 continuous,V1 Legacy M15,2024-11-22 08:00:00+00:00,2024-11-22 14:30:00+00:00,1,2696.27,2686.9675743534153,3.0,-1.0,-1.0289845907125301,stop,3,1,Ensemble REGIME-ROUTER,9.140407761200482,8.670140824245257
2024-2025 continuous,Structural Portfolio MTF,2024-11-22 15:15:00+00:00,2024-11-25 03:30:00+00:00,1,2695.93,2684.061826256473,4.0,-1.0,-1.0227156263318982,stop,1,3,Ensemble REGIME-ROUTER,8.670140824245257,8.22678639907257
2024-2025 continuous,Structural Portfolio MTF,2024-11-25 10:30:00+00:00,2024-11-25 11:00:00+00:00,-1,2669.77,2675.6031985637837,3.0,-1.0,-1.0457685431210186,stop,1,0,Ensemble REGIME-ROUTER,8.22678639907257,7.796620677716272
2024-2025 continuous,Structural Portfolio MTF,2024-11-26 14:00:00+00:00,2024-11-27 05:45:00+00:00,-1,2629.84,2642.3833181184705,3.0,-1.0,-1.0209660631673487,stop,1,0,Ensemble REGIME-ROUTER,7.796620677716272,7.398616421749416
2024-2025 continuous,M15-0591 MTF,2024-11-29 06:45:00+00:00,2024-11-29 07:15:00+00:00,1,2664.42,2661.3265262047717,3.0,-1.0,-1.0861303562393119,stop,0,3,Ensemble REGIME-ROUTER,7.398616421749416,6.996823327257781
2024-2025 continuous,Outcome First M15,2024-11-29 10:00:00+00:00,2024-11-29 15:00:00+00:00,1,2664.17,2654.189037300217,3.0,-1.0,-1.0266925153428126,stop,2,1,Ensemble REGIME-ROUTER,6.996823327257781,6.637644020194203
2024-2025 continuous,Structural Portfolio MTF,2024-11-29 16:15:00+00:00,2024-11-29 19:15:00+00:00,1,2659.45,2650.268715017787,4.0,-1.0,-1.028965989021714,stop,1,0,Ensemble REGIME-ROUTER,6.637644020194203,6.296148522993543
2024-2025 continuous,M15-0591 MTF,2024-12-01 23:30:00+00:00,2024-12-02 01:30:00+00:00,-1,2645.57,2653.095430939297,3.0,3.0,2.9648449368369696,target,0,3,Ensemble REGIME-ROUTER,6.296148522993543,7.229503726492092
2024-2025 continuous,Structural Frequency M15,2024-12-02 15:00:00+00:00,2024-12-03 08:15:00+00:00,-1,2644.34,2651.9396349218346,2.0,0.49607646140585504,0.4612808425741849,time_exit,4,2,Ensemble REGIME-ROUTER,7.229503726492092,7.396245305009565
2024-2025 continuous,Outcome First M15,2024-12-03 13:30:00+00:00,2024-12-03 15:30:00+00:00,1,2646.31,2637.481032907652,3.0,-1.0,-1.0299730418328732,stop,2,1,Ensemble REGIME-ROUTER,7.396245305009565,7.015348641262425
2024-2025 continuous,Outcome First M15,2024-12-04 07:30:00+00:00,2024-12-04 14:30:00+00:00,-1,2644.88,2651.6079601617366,3.0,-1.0,-1.039311766663573,stop,2,1,Ensemble REGIME-ROUTER,7.015348641262425,6.650791921756857
2024-2025 continuous,Structural Portfolio MTF,2024-12-04 15:45:00+00:00,2024-12-05 08:30:00+00:00,1,2655.61,2644.577630494881,3.0,-1.0,-1.0240710755633025,stop,1,0,Ensemble REGIME-ROUTER,6.650791921756857,6.310247739923794
2024-2025 continuous,M15-0591 MTF,2024-12-05 09:30:00+00:00,2024-12-05 10:15:00+00:00,-1,2642.22,2646.7689601785537,3.0,-1.0,-1.0580840433041547,stop,0,3,Ensemble REGIME-ROUTER,6.310247739923794,5.97640911777832
2024-2025 continuous,M15-0591 MTF,2024-12-05 15:30:00+00:00,2024-12-05 16:15:00+00:00,-1,2633.78,2642.026301170534,3.0,-1.0,-1.0319389256532507,stop,0,3,Ensemble REGIME-ROUTER,5.97640911777832,5.668044657565098
2024-2025 continuous,Structural Portfolio MTF,2024-12-05 16:15:00+00:00,2024-12-05 17:15:00+00:00,1,2640.81,2631.401502036226,3.0,-1.0,-1.0280683485309556,stop,1,0,Ensemble REGIME-ROUTER,5.668044657565098,5.376687792039965
2024-2025 continuous,Structural Portfolio MTF,2024-12-06 00:30:00+00:00,2024-12-06 01:15:00+00:00,-1,2631.65,2634.0407594549665,4.0,4.0,3.8899240994516133,target,1,0,Ensemble REGIME-ROUTER,5.376687792039965,6.422433162914142
2024-2025 continuous,Structural Portfolio MTF,2024-12-06 09:45:00+00:00,2024-12-06 11:15:00+00:00,-1,2642.56,2645.9250765038087,3.0,3.0,2.921471027567752,target,1,0,Ensemble REGIME-ROUTER,6.422433162914142,7.36058078351134
2024-2025 continuous,Outcome First M15,2024-12-06 11:45:00+00:00,2024-12-06 13:45:00+00:00,1,2637.42,2632.1473162204343,3.0,-1.0,-1.0500204470865726,stop,2,1,Ensemble REGIME-ROUTER,7.36058078351134,6.974142767255369
2024-2025 continuous,V1 Legacy M15,2024-12-06 19:30:00+00:00,2024-12-08 23:15:00+00:00,-1,2633.83,2639.358601130654,2.0,-1.0,-1.0476400799724266,stop,3,1,Ensemble REGIME-ROUTER,6.974142767255369,6.608823192934042
2024-2025 continuous,Structural Portfolio MTF,2024-12-09 08:00:00+00:00,2024-12-10 01:15:00+00:00,1,2650.76,2640.93105810963,3.0,1.3592510922349819,1.3322821668962626,time_exit,1,0,Ensemble REGIME-ROUTER,6.608823192934042,7.049064057139864
2024-2025 continuous,M15-0591 MTF,2024-12-10 01:30:00+00:00,2024-12-10 11:45:00+00:00,1,2664.34,2660.059010052739,4.0,1.8570471077806787,1.7948105682694273,time_exit,0,0,Ensemble REGIME-ROUTER,7.049064057139864,7.681650790448003
2024-2025 continuous,M15-0591 MTF,2024-12-10 11:45:00+00:00,2024-12-10 15:00:00+00:00,1,2672.39,2667.9135457028574,4.0,4.0,3.9403011887844825,target,0,0,Ensemble REGIME-ROUTER,7.681650790448003,9.19505167751948
2024-2025 continuous,V1 Legacy M15,2024-12-10 17:00:00+00:00,2024-12-11 04:45:00+00:00,1,2692.22,2683.90466887875,3.0,-1.0,-1.0323765820115085,stop,3,1,Ensemble REGIME-ROUTER,9.19505167751948,8.720413876406642
2024-2025 continuous,V1 Legacy M15,2024-12-11 10:15:00+00:00,2024-12-12 01:15:00+00:00,1,2698.51,2685.470748234262,2.0,2.0,1.9793047174141498,target,3,1,Ensemble REGIME-ROUTER,8.720413876406642,9.583431692575417
2024-2025 continuous,V1 Legacy M15,2024-12-12 04:30:00+00:00,2024-12-12 13:15:00+00:00,1,2712.75,2704.595394408231,3.0,-1.0,-1.0332664770781586,stop,3,1,Ensemble REGIME-ROUTER,9.583431692575417,9.088319757410089
2024-2025 continuous,M15-0591 MTF,2024-12-13 07:45:00+00:00,2024-12-13 12:15:00+00:00,-1,2682.12,2688.422504213118,3.0,3.0,2.9574435825934486,target,0,3,Ensemble REGIME-ROUTER,9.088319757410089,10.432229404565575
2024-2025 continuous,V1 Legacy M15,2024-12-13 15:30:00+00:00,2024-12-13 16:45:00+00:00,-1,2654.9,2664.42674541893,2.0,-1.0,-1.0278678592032562,stop,3,4,Ensemble REGIME-ROUTER,10.432229404565575,9.896081739326172
2024-2025 continuous,Structural Portfolio MTF,2024-12-16 12:45:00+00:00,2024-12-17 06:00:00+00:00,-1,2660.07,2664.492640212757,3.0,1.4290106578804063,1.368864006286928,time_exit,1,0,Ensemble REGIME-ROUTER,9.896081739326172,10.57340124413802
2024-2025 continuous,V1 Legacy M15,2024-12-17 06:30:00+00:00,2024-12-17 07:30:00+00:00,-1,2647.79,2655.0442382590945,3.0,-1.0,-1.0364999039930967,stop,3,1,Ensemble REGIME-ROUTER,10.57340124413802,10.025434775416544
2024-2025 continuous,M15-0591 MTF,2024-12-17 10:45:00+00:00,2024-12-17 12:15:00+00:00,-1,2640.53,2643.5901541843828,4.0,-1.0,-1.0862874822934054,stop,0,0,Ensemble REGIME-ROUTER,10.025434775416544,9.480909560362344
2024-2025 continuous,V1 Legacy M15,2024-12-17 14:00:00+00:00,2024-12-17 18:15:00+00:00,-1,2637.06,2647.2325049659776,3.0,-1.0,-1.0259234083327535,stop,3,1,Ensemble REGIME-ROUTER,9.480909560362344,8.994575207849268
2024-2025 continuous,V1 Legacy M15,2024-12-18 08:15:00+00:00,2024-12-18 08:30:00+00:00,-1,2642.88,2647.5544654192863,2.0,-1.0,-1.0565386576419165,stop,3,1,Ensemble REGIME-ROUTER,8.994575207849268,8.519419387041252
2024-2025 continuous,M15-0591 MTF,2024-12-18 15:00:00+00:00,2024-12-18 19:15:00+00:00,-1,2637.7,2642.2317527803157,4.0,4.0,3.9417951479732714,target,0,0,Ensemble REGIME-ROUTER,8.519419387041252,10.198509687210683
2024-2025 continuous,M15-0591 MTF,2024-12-18 21:30:00+00:00,2024-12-19 01:15:00+00:00,-1,2589.91,2597.565915632858,4.0,-1.0,-1.0338288733079095,stop,0,0,Ensemble REGIME-ROUTER,10.198509687210683,9.671333998243242
2024-2025 continuous,Structural Frequency M15,2024-12-19 11:45:00+00:00,2024-12-19 14:00:00+00:00,-1,2616.78,2626.819542998364,2.0,2.0,1.9739352677664064,target,4,2,Ensemble REGIME-ROUTER,9.671333998243242,10.625863361517272
2024-2025 continuous,M15-0591 MTF,2024-12-19 14:30:00+00:00,2024-12-20 01:45:00+00:00,-1,2596.2,2604.670125963271,4.0,-0.57260069342904,-0.6032519495172949,time_exit,0,0,Ensemble REGIME-ROUTER,10.625863361517272,10.305359722110287
2024-2025 continuous,Structural Portfolio MTF,2024-12-20 16:45:00+00:00,2024-12-23 06:45:00+00:00,-1,2625.48,2632.2445662430787,3.0,-1.0,-1.0388122446533261,stop,1,0,Ensemble REGIME-ROUTER,10.305359722110287,9.770093028866018
2024-2025 continuous,Structural Portfolio MTF,2024-12-24 00:45:00+00:00,2024-12-24 01:00:00+00:00,-1,2614.26,2617.18960382252,4.0,-1.0,-1.0892359567496557,stop,1,3,Ensemble REGIME-ROUTER,9.770093028866018,9.237996197474518
2024-2025 continuous,V1 Legacy M15,2024-12-24 11:30:00+00:00,2024-12-24 17:30:00+00:00,-1,2613.13,2618.069561184729,2.0,-1.0,-1.052902067658939,stop,3,1,Ensemble REGIME-ROUTER,9.237996197474518,8.751660932607201
2024-2025 continuous,Outcome First M15,2024-12-26 07:45:00+00:00,2024-12-26 11:15:00+00:00,-1,2624.53,2629.8161970917604,2.0,-1.0,-1.0496487352711643,stop,2,1,Ensemble REGIME-ROUTER,8.751660932607201,8.292352441135542
2024-2025 continuous,Outcome First M15,2024-12-26 16:30:00+00:00,2024-12-27 09:45:00+00:00,-1,2633.52,2639.415147057675,2.0,1.4808790882721838,1.4362064113357973,time_exit,2,1,Ensemble REGIME-ROUTER,8.292352441135542,8.887828928186288
2024-2025 continuous,Structural Portfolio MTF,2024-12-27 10:30:00+00:00,2024-12-27 10:45:00+00:00,1,2627.18,2623.490992584885,3.0,-1.0,-1.0712164467123553,stop,1,0,Ensemble REGIME-ROUTER,8.887828928186288,8.411789502014338
2024-2025 continuous,Structural Portfolio MTF,2024-12-30 02:15:00+00:00,2024-12-30 03:30:00+00:00,-1,2623.58,2627.0817891745182,3.0,-1.0,-1.0749211294355232,stop,1,0,Ensemble REGIME-ROUTER,8.411789502014338,7.959688988410381
2024-2025 continuous,Structural Portfolio MTF,2024-12-30 06:15:00+00:00,2024-12-30 06:45:00+00:00,1,2622.87,2620.27411761344,2.0,-1.0,-1.1010396315942452,stop,1,0,Ensemble REGIME-ROUTER,7.959688988410381,7.521492336840174
2024-2025 continuous,Outcome First M15,2024-12-30 11:30:00+00:00,2024-12-30 14:00:00+00:00,1,2616.03,2608.861199120658,3.0,-1.0,-1.0364918770102605,stop,2,1,Ensemble REGIME-ROUTER,7.521492336840174,7.131694051333685
2024-2025 continuous,Structural Portfolio MTF,2024-12-30 14:15:00+00:00,2024-12-31 07:30:00+00:00,-1,2611.92,2622.9081591551408,4.0,0.3394563135950736,0.3156859989943969,time_exit,1,0,Ensemble REGIME-ROUTER,7.131694051333685,7.244262849389568
2024-2025 continuous,Structural Frequency M15,2024-12-31 10:30:00+00:00,2024-12-31 14:45:00+00:00,-1,2612.88,2617.097788006708,2.0,-1.0,-1.0619490594559167,stop,4,2,Ensemble REGIME-ROUTER,7.244262849389568,6.859610943421534
2024-2025 continuous,Structural Portfolio MTF,2025-01-02 00:30:00+00:00,2025-01-02 10:30:00+00:00,1,2626.38,2621.275670279756,3.0,3.0,2.9485460355434405,target,1,0,Ensemble REGIME-ROUTER,6.859610943421534,7.870904876051332
2024-2025 continuous,Outcome First M15,2025-01-02 13:30:00+00:00,2025-01-02 14:00:00+00:00,-1,2640.12,2646.774160202834,2.0,-1.0,-1.0396762314029575,stop,2,1,Ensemble REGIME-ROUTER,7.870904876051332,7.4617452400881215
2024-2025 continuous,V1 Legacy M15,2025-01-02 16:00:00+00:00,2025-01-03 09:15:00+00:00,1,2653.91,2644.8096621171494,2.0,0.07472250028009927,0.04555973693917672,time_exit,3,1,Ensemble REGIME-ROUTER,7.4617452400881215,7.4787429976004
2024-2025 continuous,Structural Frequency M15,2025-01-03 10:15:00+00:00,2025-01-03 13:30:00+00:00,1,2656.66,2649.647149314708,2.0,-1.0,-1.0378827401183912,stop,4,2,Ensemble REGIME-ROUTER,7.4787429976004,7.090640083850863
2024-2025 continuous,Structural Portfolio MTF,2025-01-05 23:00:00+00:00,2025-01-06 04:30:00+00:00,1,2641.45,2636.289738671736,3.0,-1.0,-1.0511882990408292,stop,1,0,Ensemble REGIME-ROUTER,7.090640083850863,6.717960189408167
2024-2025 continuous,Outcome First M15,2025-01-07 16:45:00+00:00,2025-01-08 10:00:00+00:00,1,2654.24,2644.3030823366457,3.0,-0.07748881756760781,-0.1041997161573029,time_exit,2,1,Ensemble REGIME-ROUTER,6.717960189408167,6.682959712163547
2024-2025 continuous,Structural Portfolio MTF,2025-01-08 13:00:00+00:00,2025-01-09 06:15:00+00:00,1,2652.02,2645.6374336949434,4.0,1.0983042971988501,1.0567532991637973,time_exit,1,3,Ensemble REGIME-ROUTER,6.682959712163547,7.0360716983639255
2024-2025 continuous,V1 Legacy M15,2025-01-09 06:45:00+00:00,2025-01-09 13:45:00+00:00,1,2664.11,2657.4113537623507,2.0,2.0,1.9602291283121283,target,3,1,Ensemble REGIME-ROUTER,7.0360716983639255,7.725687332965204
2024-2025 continuous,V1 Legacy M15,2025-01-10 02:30:00+00:00,2025-01-10 09:30:00+00:00,1,2673.38,2668.962235383652,2.0,2.0,1.939485684907088,target,3,1,Ensemble REGIME-ROUTER,7.725687332965204,8.474880332382906
2024-2025 continuous,M15-0591 MTF,2025-01-10 15:00:00+00:00,2025-01-13 01:30:00+00:00,1,2685.99,2681.3969682952893,4.0,-1.0,-1.0584796747047343,stop,0,0,Ensemble REGIME-ROUTER,8.474880332382906,8.026355903513796
2024-2025 continuous,Structural Portfolio MTF,2025-01-14 05:45:00+00:00,2025-01-14 19:45:00+00:00,-1,2669.28,2675.6037920554386,2.0,-1.0,-1.0422101165977533,stop,1,0,Ensemble REGIME-ROUTER,8.026355903513796,7.6080984374109875
2024-2025 continuous,M15-0591 MTF,2025-01-15 06:30:00+00:00,2025-01-15 14:00:00+00:00,1,2681.82,2678.8842235969514,4.0,4.0,3.908650400036768,target,0,0,Ensemble REGIME-ROUTER,7.6080984374109875,9.094968287456265
2024-2025 continuous,Structural Frequency M15,2025-01-15 16:30:00+00:00,2025-01-15 21:00:00+00:00,1,2682.94,2676.3536903996974,2.0,2.0,1.9592648969936564,target,4,2,Ensemble REGIME-ROUTER,9.094968287456265,9.985940892700443
2024-2025 continuous,M15-0591 MTF,2025-01-16 01:30:00+00:00,2025-01-16 05:45:00+00:00,1,2699.89,2694.2716308175095,4.0,-1.0,-1.0480546918919853,stop,0,0,Ensemble REGIME-ROUTER,9.985940892700443,9.462650282422906
2024-2025 continuous,Structural Portfolio MTF,2025-01-16 07:30:00+00:00,2025-01-17 00:45:00+00:00,1,2697.12,2689.7828062972185,4.0,2.502319107786423,2.465559549442235,time_exit,1,3,Ensemble REGIME-ROUTER,9.462650282422906,10.62918667076591
2024-2025 continuous,Structural Frequency M15,2025-01-17 11:30:00+00:00,2025-01-17 12:45:00+00:00,1,2705.58,2702.5891536172803,2.0,2.0,1.9095379817689002,target,4,2,Ensemble REGIME-ROUTER,10.62918667076591,11.64402845392287
2024-2025 continuous,Outcome First M15,2025-01-17 15:00:00+00:00,2025-01-17 20:15:00+00:00,1,2711.44,2702.3475508606693,3.0,-1.0,-1.0298207881996422,stop,2,2,Ensemble REGIME-ROUTER,11.64402845392287,11.044465325910974
2024-2025 continuous,V1 Legacy M15,2025-01-20 06:30:00+00:00,2025-01-20 08:00:00+00:00,1,2709.09,2703.4264790970988,3.0,-1.0,-1.0478340249192362,stop,3,1,Ensemble REGIME-ROUTER,11.044465325910974,10.465826998134462
2024-2025 continuous,V1 Legacy M15,2025-01-20 10:30:00+00:00,2025-01-20 13:45:00+00:00,1,2708.98,2702.762224786603,2.0,-1.0,-1.0435683167536052,stop,3,1,Ensemble REGIME-ROUTER,10.465826998134462,9.91973672494058
2024-2025 continuous,M15-0591 MTF,2025-01-21 02:00:00+00:00,2025-01-21 12:15:00+00:00,1,2718.08,2710.802950274006,4.0,0.7901553811650815,0.7528039804966088,time_exit,0,0,Ensemble REGIME-ROUTER,9.91973672494058,10.293117589541264
2024-2025 continuous,V1 Legacy M15,2025-01-21 12:30:00+00:00,2025-01-21 16:30:00+00:00,1,2725.74,2716.099035532012,2.0,2.0,1.971727517417468,target,3,1,Ensemble REGIME-ROUTER,10.293117589541264,11.307878749106878
2024-2025 continuous,V1 Legacy M15,2025-01-22 00:45:00+00:00,2025-01-22 06:00:00+00:00,1,2745.97,2741.739940637932,3.0,3.0,2.9350843625358123,target,3,1,Ensemble REGIME-ROUTER,11.307878749106878,12.96735765360461
2024-2025 continuous,Structural Portfolio MTF,2025-01-22 07:30:00+00:00,2025-01-23 00:45:00+00:00,1,2750.98,2745.3048656192386,4.0,0.8158397122182216,0.7673654415590849,time_exit,1,3,Ensemble REGIME-ROUTER,12.96735765360461,13.464892760190256
2024-2025 continuous,Structural Portfolio MTF,2025-01-23 04:30:00+00:00,2025-01-23 09:30:00+00:00,1,2753.07,2749.324864131493,3.0,-1.0,-1.073510550662544,stop,1,0,Ensemble REGIME-ROUTER,13.464892760190256,12.742157538110058
2024-2025 continuous,Structural Portfolio MTF,2025-01-23 10:15:00+00:00,2025-01-23 13:15:00+00:00,1,2746.4,2740.6077175231408,3.0,-1.0,-1.0474148146429685,stop,1,0,Ensemble REGIME-ROUTER,12.742157538110058,12.074841309313506
2024-2025 continuous,V1 Legacy M15,2025-01-24 00:15:00+00:00,2025-01-24 02:15:00+00:00,1,2756.81,2753.041523965625,2.0,2.0,1.926845494707857,target,3,1,Ensemble REGIME-ROUTER,12.074841309313506,13.238158988121658
2024-2025 continuous,V1 Legacy M15,2025-01-24 06:15:00+00:00,2025-01-24 08:15:00+00:00,1,2777.82,2771.3232775014467,3.0,-1.0,-1.0427572518391925,stop,3,1,Ensemble REGIME-ROUTER,13.238158988121658,12.547949673828455
2024-2025 continuous,Outcome First M15,2025-01-24 09:15:00+00:00,2025-01-26 23:15:00+00:00,1,2774.49,2769.7712883762165,3.0,-1.0,-1.0587976172567104,stop,2,2,Ensemble REGIME-ROUTER,12.547949673828455,11.88366271302312
2024-2025 continuous,Structural Frequency M15,2025-01-27 08:30:00+00:00,2025-01-27 14:45:00+00:00,1,2755.87,2746.9872555848337,3.0,-1.0,-1.0310249836221193,stop,4,2,Ensemble REGIME-ROUTER,11.88366271302312,11.271045055319847
2024-2025 continuous,Structural Portfolio MTF,2025-01-27 23:00:00+00:00,2025-01-27 23:30:00+00:00,-1,2739.91,2744.23819417868,3.0,-1.0,-1.0633037679662432,stop,1,0,Ensemble REGIME-ROUTER,11.271045055319847,10.671817821507902
2024-2025 continuous,Structural Portfolio MTF,2025-01-29 08:15:00+00:00,2025-01-29 11:00:00+00:00,1,2761.4,2757.188026601483,4.0,-1.0,-1.0655607179516458,stop,1,3,Ensemble REGIME-ROUTER,10.671817821507902,10.103244328521146
2024-2025 continuous,Structural Frequency M15,2025-01-29 14:15:00+00:00,2025-01-29 15:30:00+00:00,1,2758.95,2751.9856452167087,2.0,-1.0,-1.039615299418968,stop,4,2,Ensemble REGIME-ROUTER,10.103244328521146,9.578069959636222
2024-2025 continuous,Structural Portfolio MTF,2025-01-29 20:00:00+00:00,2025-01-30 13:15:00+00:00,1,2755.1,2744.344472675511,3.0,2.4870933049552955,2.4614776385460155,time_exit,1,0,Ensemble REGIME-ROUTER,9.578069959636222,10.756880210939917
2024-2025 continuous,Structural Portfolio MTF,2025-01-31 07:45:00+00:00,2025-01-31 09:00:00+00:00,1,2797.95,2791.9345998706995,4.0,-1.0,-1.0465131153349465,stop,1,3,Ensemble REGIME-ROUTER,10.756880210939917,10.194019399898139
2024-2025 continuous,V1 Legacy M15,2025-01-31 11:30:00+00:00,2025-01-31 13:45:00+00:00,1,2796.55,2790.754284998632,2.0,2.0,1.9517479724358449,target,3,1,Ensemble REGIME-ROUTER,10.194019399898139,11.188827234634282
2024-2025 continuous,V1 Legacy M15,2025-01-31 14:45:00+00:00,2025-01-31 17:15:00+00:00,1,2808.81,2803.297302375447,3.0,-1.0,-1.0509516427581647,stop,3,1,Ensemble REGIME-ROUTER,11.188827234634282,10.600881416495472
2024-2025 continuous,M15-0591 MTF,2025-02-03 09:15:00+00:00,2025-02-03 15:00:00+00:00,1,2797.8,2792.092568259731,4.0,4.0,3.9509797028274587,target,0,0,Ensemble REGIME-ROUTER,10.600881416495472,12.695074781928193
2024-2025 continuous,Structural Portfolio MTF,2025-02-04 01:00:00+00:00,2025-02-04 07:30:00+00:00,1,2817.27,2810.017339753145,4.0,-1.0,-1.038844643263437,stop,1,3,Ensemble REGIME-ROUTER,12.695074781928193,12.035664260276452
2024-2025 continuous,Structural Frequency M15,2025-02-04 08:30:00+00:00,2025-02-05 00:45:00+00:00,1,2817.06,2806.8292690033654,3.0,3.0,2.972464724163633,target,4,2,Ensemble REGIME-ROUTER,12.035664260276452,13.824443632553889
2024-2025 continuous,V1 Legacy M15,2025-02-05 00:45:00+00:00,2025-02-05 01:45:00+00:00,1,2847.38,2840.1355475593073,2.0,-1.0,-1.039304281770227,stop,3,1,Ensemble REGIME-ROUTER,13.824443632553889,13.106053459533667
2024-2025 continuous,M15-0591 MTF,2025-02-05 03:00:00+00:00,2025-02-05 13:15:00+00:00,1,2851.21,2843.5733495633503,4.0,2.443479658365281,2.4061437867858184,time_exit,0,0,Ensemble REGIME-ROUTER,13.106053459533667,14.682805914580651
2024-2025 continuous,Structural Portfolio MTF,2025-02-05 23:00:00+00:00,2025-02-06 07:00:00+00:00,1,2864.94,2859.6160901183816,4.0,-1.0,-1.0538127065202894,stop,1,3,Ensemble REGIME-ROUTER,14.682805914580651,13.909159542572834
2024-2025 continuous,Structural Frequency M15,2025-02-06 09:15:00+00:00,2025-02-06 15:00:00+00:00,1,2859.32,2848.5572071957736,2.0,-1.0,-1.026566710444125,stop,4,2,Ensemble REGIME-ROUTER,13.909159542572834,13.195225534739757
2024-2025 continuous,Structural Portfolio MTF,2025-02-06 15:45:00+00:00,2025-02-07 09:00:00+00:00,1,2849.04,2833.575009711701,3.0,1.115422620927976,1.0970001069341868,time_exit,1,0,Ensemble REGIME-ROUTER,13.195225534739757,13.918983725871268
2024-2025 continuous,M15-0591 MTF,2025-02-10 00:30:00+00:00,2025-02-10 07:00:00+00:00,1,2867.18,2861.9545530329287,4.0,4.0,3.9451304353853756,target,0,0,Ensemble REGIME-ROUTER,13.918983725871268,16.664594042199692
2024-2025 continuous,V1 Legacy M15,2025-02-10 08:45:00+00:00,2025-02-11 01:00:00+00:00,1,2897.47,2888.5379290163814,3.0,3.0,2.967561050451636,target,3,1,Ensemble REGIME-ROUTER,16.664594042199692,19.1372540522607
2024-2025 continuous,V1 Legacy M15,2025-02-11 06:15:00+00:00,2025-02-11 07:15:00+00:00,1,2926.19,2914.0996412395507,3.0,-1.0,-1.0242026730387217,stop,3,1,Ensemble REGIME-ROUTER,19.1372540522607,18.157232714513377
2024-2025 continuous,Structural Frequency M15,2025-02-11 11:30:00+00:00,2025-02-11 12:15:00+00:00,1,2904.93,2901.3585410766273,2.0,-1.0,-1.0813373487509368,stop,4,2,Ensemble REGIME-ROUTER,18.157232714513377,17.175528020305094
2024-2025 continuous,Structural Portfolio MTF,2025-02-11 14:00:00+00:00,2025-02-12 07:15:00+00:00,1,2896.47,2881.237898193833,3.0,-0.18316579258093268,-0.20218135613781085,time_exit,1,0,Ensemble REGIME-ROUTER,17.175528020305094,17.001899442928682
2024-2025 continuous,Outcome First M15,2025-02-13 15:15:00+00:00,2025-02-14 08:30:00+00:00,1,2918.89,2905.428786211159,3.0,1.3186032313605076,1.2969195255239674,time_exit,2,2,Ensemble REGIME-ROUTER,17.001899442928682,18.104404210855147
2024-2025 continuous,V1 Legacy M15,2025-02-14 10:30:00+00:00,2025-02-14 11:15:00+00:00,1,2938.9,2933.7967110214245,2.0,-1.0,-1.0575883515971356,stop,3,1,Ensemble REGIME-ROUTER,18.104404210855147,17.14705386055482
2024-2025 continuous,M15-0591 MTF,2025-02-14 18:00:00+00:00,2025-02-17 01:45:00+00:00,-1,2887.26,2894.844456436987,3.0,-1.0,-1.0380681202929696,stop,0,3,Ensemble REGIME-ROUTER,17.14705386055482,16.257063362075396
2024-2025 continuous,Structural Frequency M15,2025-02-17 10:30:00+00:00,2025-02-18 03:15:00+00:00,-1,2898.31,2906.7664546943256,2.0,-1.0,-1.0342733462752989,stop,4,2,Ensemble REGIME-ROUTER,16.257063362075396,15.416350995870232
2024-2025 continuous,Outcome First M15,2025-02-18 12:00:00+00:00,2025-02-18 20:00:00+00:00,1,2914.18,2906.67939810346,3.0,3.0,2.9611473847006295,target,2,1,Ensemble REGIME-ROUTER,15.416350995870232,17.698855367522636
2024-2025 continuous,M15-0591 MTF,2025-02-19 08:30:00+00:00,2025-02-19 12:15:00+00:00,1,2939.23,2933.4981581302723,4.0,-1.0,-1.051278979197303,stop,0,0,Ensemble REGIME-ROUTER,17.698855367522636,16.76853363733614
2024-2025 continuous,Structural Portfolio MTF,2025-02-19 13:30:00+00:00,2025-02-19 14:30:00+00:00,1,2939.87,2930.688231975374,4.0,-1.0,-1.032018561045271,stop,1,3,Ensemble REGIME-ROUTER,16.76853363733614,15.903261739573997
2024-2025 continuous,V1 Legacy M15,2025-02-20 00:15:00+00:00,2025-02-20 07:45:00+00:00,1,2939.05,2931.9943468366323,2.0,2.0,1.9583447494945019,target,3,1,Ensemble REGIME-ROUTER,15.903261739573997,17.460465195950572
2024-2025 continuous,Structural Portfolio MTF,2025-02-21 02:30:00+00:00,2025-02-21 05:15:00+00:00,1,2938.13,2925.7394939999695,3.0,-1.0,-1.023712752328216,stop,1,0,Ensemble REGIME-ROUTER,17.460465195950572,16.566740151816692
2024-2025 continuous,Structural Portfolio MTF,2025-02-21 06:00:00+00:00,2025-02-21 08:15:00+00:00,1,2930.05,2923.807293342217,3.0,-1.0,-1.0469355707487362,stop,1,0,Ensemble REGIME-ROUTER,16.566740151816692,15.69952467400228
2024-2025 continuous,Structural Frequency M15,2025-02-21 15:15:00+00:00,2025-02-21 17:30:00+00:00,-1,2928.1,2939.433726110264,2.0,-1.0,-1.0258352811027276,stop,4,2,Ensemble REGIME-ROUTER,15.69952467400228,14.894268358645563
2024-2025 continuous,Outcome First M15,2025-02-24 07:45:00+00:00,2025-02-24 11:00:00+00:00,1,2943.91,2936.503607339909,3.0,-1.0,-1.0397482301453345,stop,2,1,Ensemble REGIME-ROUTER,14.894268358645563,14.119953900384994
2024-2025 continuous,Structural Portfolio MTF,2025-02-24 11:45:00+00:00,2025-02-24 15:15:00+00:00,1,2944.65,2934.566744551153,4.0,-1.0,-1.029203366065041,stop,1,0,Ensemble REGIME-ROUTER,14.119953900384994,13.393338696237022
2024-2025 continuous,Structural Portfolio MTF,2025-02-24 16:30:00+00:00,2025-02-25 08:15:00+00:00,1,2940.91,2930.305315481599,3.0,-1.0,-1.0277321781227626,stop,1,0,Ensemble REGIME-ROUTER,13.393338696237022,12.705100438706044
2024-2025 continuous,Structural Portfolio MTF,2025-02-25 23:00:00+00:00,2025-02-26 00:00:00+00:00,-1,2915.14,2917.762830422517,3.0,-1.0,-1.1111448142042888,stop,1,0,Ensemble REGIME-ROUTER,12.705100438706044,11.999240115385401
2024-2025 continuous,M15-0591 MTF,2025-02-26 06:45:00+00:00,2025-02-26 08:00:00+00:00,-1,2908.72,2916.7039646858325,3.0,-1.0,-1.036432024870569,stop,0,3,Ensemble REGIME-ROUTER,11.999240115385401,11.37742027890055
2024-2025 continuous,Outcome First M15,2025-02-27 09:30:00+00:00,2025-02-27 15:00:00+00:00,1,2890.89,2876.5711983468964,2.0,-1.0,-1.0201894688538649,stop,2,1,Ensemble REGIME-ROUTER,11.37742027890055,10.797064061337613
2024-2025 continuous,M15-0591 MTF,2025-02-28 03:45:00+00:00,2025-02-28 14:00:00+00:00,-1,2863.88,2874.5139503940113,4.0,1.4387879793587135,1.4118565014611593,time_exit,0,0,Ensemble REGIME-ROUTER,10.797064061337613,11.559259315922219
2024-2025 continuous,M15-0591 MTF,2025-02-28 14:15:00+00:00,2025-02-28 21:30:00+00:00,-1,2846.45,2857.1642254271324,4.0,-1.0,-1.0265670161539788,stop,0,0,Ensemble REGIME-ROUTER,11.559259315922219,10.965941598677402
2024-2025 continuous,Outcome First M15,2025-03-03 09:00:00+00:00,2025-03-04 02:15:00+00:00,1,2868.72,2858.4751675501525,3.0,1.7950513188016477,1.7670496895505734,time_exit,2,1,Ensemble REGIME-ROUTER,10.965941598677402,11.934809783556034
2024-2025 continuous,M15-0591 MTF,2025-03-05 06:15:00+00:00,2025-03-05 11:00:00+00:00,1,2919.38,2912.4816165673637,3.0,-1.0,-1.042319769965067,stop,0,3,Ensemble REGIME-ROUTER,11.934809783556034,11.312815374147386
2024-2025 continuous,Structural Frequency M15,2025-03-05 15:00:00+00:00,2025-03-06 08:15:00+00:00,1,2908.76,2893.7039697468945,3.0,-0.09365018376669744,-0.11296975174777256,time_exit,4,2,Ensemble REGIME-ROUTER,11.312815374147386,11.248915076928094
2024-2025 continuous,Structural Frequency M15,2025-03-06 10:45:00+00:00,2025-03-07 04:00:00+00:00,1,2901.98,2890.6647461487637,3.0,0.2960605253795418,0.27041390676936433,time_exit,4,2,Ensemble REGIME-ROUTER,11.248915076928094,11.40100823057154
2024-2025 continuous,Structural Portfolio MTF,2025-03-10 08:15:00+00:00,2025-03-10 18:15:00+00:00,-1,2906.9,2915.711218639475,3.0,3.0,2.9670091037467077,target,1,0,Ensemble REGIME-ROUTER,11.40100823057154,13.092352991171385
2024-2025 continuous,Structural Frequency M15,2025-03-11 13:15:00+00:00,2025-03-11 13:45:00+00:00,-1,2907.82,2916.224549756687,2.0,-1.0,-1.0345981650913127,stop,4,2,Ensemble REGIME-ROUTER,13.092352991171385,12.4150867721017
2024-2025 continuous,Outcome First M15,2025-03-12 08:15:00+00:00,2025-03-12 13:30:00+00:00,1,2916.16,2908.723321167196,3.0,-1.0,-1.0392132034415222,stop,2,1,Ensemble REGIME-ROUTER,12.4150867721017,11.769990667329687
2024-2025 continuous,Outcome First M15,2025-03-13 10:30:00+00:00,2025-03-13 12:15:00+00:00,-1,2943.86,2949.1246415669552,3.0,-1.0,-1.0559175769624642,stop,2,1,Ensemble REGIME-ROUTER,11.769990667329687,11.148583666013808
2024-2025 continuous,Structural Portfolio MTF,2025-03-14 07:00:00+00:00,2025-03-14 07:30:00+00:00,1,2985.16,2980.897403407627,4.0,-1.0,-1.0700314921975325,stop,1,3,Ensemble REGIME-ROUTER,11.148583666013808,10.552116885212119
2024-2025 continuous,Outcome First M15,2025-03-14 08:15:00+00:00,2025-03-14 15:15:00+00:00,1,2989.86,2980.5070996597924,3.0,-1.0,-1.0319671961770696,stop,2,2,Ensemble REGIME-ROUTER,10.552116885212119,10.007644961423866
2024-2025 continuous,Outcome First M15,2025-03-14 16:15:00+00:00,2025-03-17 09:30:00+00:00,1,2988.37,2977.9275795934363,3.0,0.4156124567894485,0.386994857768807,time_exit,2,2,Ensemble REGIME-ROUTER,10.007644961423866,10.201290318346214
2024-2025 continuous,M15-0591 MTF,2025-03-17 10:00:00+00:00,2025-03-17 12:15:00+00:00,1,2995.66,2991.323606158927,4.0,-1.0,-1.0690818248939018,stop,0,0,Ensemble REGIME-ROUTER,10.201290318346214,9.65598961485571
2024-2025 continuous,Structural Portfolio MTF,2025-03-17 14:30:00+00:00,2025-03-18 07:45:00+00:00,1,2997.99,2985.622590720057,3.0,1.611493526968677,1.5872524758953366,time_exit,1,0,Ensemble REGIME-ROUTER,9.65598961485571,10.42231428602568
2024-2025 continuous,M15-0591 MTF,2025-03-18 12:45:00+00:00,2025-03-18 13:45:00+00:00,1,3033.63,3026.334826713315,4.0,-1.0,-1.0415840704639179,stop,0,0,Ensemble REGIME-ROUTER,10.42231428602568,9.879528459141037
2024-2025 continuous,Structural Portfolio MTF,2025-03-19 02:30:00+00:00,2025-03-19 05:45:00+00:00,1,3029.82,3027.180793619881,4.0,4.0,3.8851995803426584,target,1,3,Ensemble REGIME-ROUTER,9.879528459141037,11.798725450312942
2024-2025 continuous,V1 Legacy M15,2025-03-19 05:45:00+00:00,2025-03-19 08:15:00+00:00,1,3041.53,3034.5091164171113,3.0,-1.0,-1.043321185490281,stop,3,1,Ensemble REGIME-ROUTER,11.798725450312942,11.183232439108199
2024-2025 continuous,Structural Portfolio MTF,2025-03-19 09:45:00+00:00,2025-03-20 00:15:00+00:00,1,3030.0,3022.521495829142,3.0,3.0,2.9594838763103555,target,1,0,Ensemble REGIME-ROUTER,11.183232439108199,12.83806224353678
2024-2025 continuous,V1 Legacy M15,2025-03-20 00:15:00+00:00,2025-03-20 02:15:00+00:00,1,3052.14,3048.4603098997713,3.0,-1.0,-1.0829455719602705,stop,3,1,Ensemble REGIME-ROUTER,12.83806224353678,12.142916110577357
2024-2025 continuous,Structural Portfolio MTF,2025-03-20 06:30:00+00:00,2025-03-20 07:30:00+00:00,1,3049.61,3044.570423193736,4.0,-1.0,-1.060513216034518,stop,1,3,Ensemble REGIME-ROUTER,12.142916110577357,11.499029959754068
2024-2025 continuous,V1 Legacy M15,2025-03-21 00:00:00+00:00,2025-03-21 00:30:00+00:00,1,3046.34,3043.267303832352,2.0,-1.0,-1.099142246216019,stop,3,1,Ensemble REGIME-ROUTER,11.499029959754068,10.8670764787906
2024-2025 continuous,Structural Portfolio MTF,2025-03-24 08:00:00+00:00,2025-03-24 09:15:00+00:00,-1,3022.23,3029.1922054987485,3.0,-1.0,-1.0434090892683827,stop,1,0,Ensemble REGIME-ROUTER,10.8670764787906,10.30013616020336
2024-2025 continuous,Structural Frequency M15,2025-03-24 10:00:00+00:00,2025-03-24 10:30:00+00:00,-1,3023.72,3031.3371898734054,2.0,-1.0,-1.0396960040415553,stop,4,2,Ensemble REGIME-ROUTER,10.30013616020336,9.764685639860993
2024-2025 continuous,Structural Frequency M15,2025-03-24 11:45:00+00:00,2025-03-24 15:00:00+00:00,-1,3025.3,3033.536077066697,2.0,2.0,1.9632677065124489,target,4,2,Ensemble REGIME-ROUTER,9.764685639860993,10.72322023891024
2024-2025 continuous,M15-0591 MTF,2025-03-25 05:30:00+00:00,2025-03-25 07:30:00+00:00,1,3020.03,3014.0457028700316,3.0,-1.0,-1.050465909937461,stop,0,3,Ensemble REGIME-ROUTER,10.72322023891024,10.160001373623908
2024-2025 continuous,Structural Frequency M15,2025-03-26 16:30:00+00:00,2025-03-27 02:45:00+00:00,1,3018.95,3012.0946494604527,2.0,2.0,1.9559621352316807,target,4,2,Ensemble REGIME-ROUTER,10.160001373623908,11.15363027265942
2024-2025 continuous,M15-0591 MTF,2025-03-27 03:00:00+00:00,2025-03-27 10:30:00+00:00,1,3031.7,3026.7752582098747,4.0,4.0,3.93843941207072,target,0,0,Ensemble REGIME-ROUTER,11.15363027265942,13.350025125334767
2024-2025 continuous,M15-0591 MTF,2025-03-27 10:45:00+00:00,2025-03-27 13:15:00+00:00,1,3052.48,3045.5695951479574,4.0,-1.0,-1.0441722310827817,stop,0,0,Ensemble REGIME-ROUTER,13.350025125334767,12.653038849328167
2024-2025 continuous,M15-0591 MTF,2025-03-28 01:00:00+00:00,2025-03-28 06:00:00+00:00,1,3062.11,3057.7287771894075,4.0,4.0,3.930108325178152,target,0,0,Ensemble REGIME-ROUTER,12.653038849328167,15.139429515355527
2024-2025 continuous,V1 Legacy M15,2025-03-28 11:15:00+00:00,2025-03-31 03:15:00+00:00,1,3076.79,3066.632650690455,3.0,3.0,2.969708731025832,target,3,1,Ensemble REGIME-ROUTER,15.139429515355527,17.3874143160806
2024-2025 continuous,M15-0591 MTF,2025-03-31 07:15:00+00:00,2025-03-31 10:00:00+00:00,1,3121.73,3112.8994833766187,4.0,-1.0,-1.0353516122911126,stop,0,0,Ensemble REGIME-ROUTER,17.3874143160806,16.48730994379422
2024-2025 continuous,V1 Legacy M15,2025-03-31 18:30:00+00:00,2025-04-01 01:45:00+00:00,1,3121.89,3115.5127090097476,2.0,2.0,1.9510467688431996,target,3,1,Ensemble REGIME-ROUTER,16.48730994379422,18.095685583432022
2024-2025 continuous,V1 Legacy M15,2025-04-01 04:00:00+00:00,2025-04-01 06:00:00+00:00,1,3145.95,3140.6017085693697,3.0,-1.0,-1.0588215889280623,stop,3,1,Ensemble REGIME-ROUTER,18.095685583432022,17.137680455322414
2024-2025 continuous,Structural Portfolio MTF,2025-04-01 06:45:00+00:00,2025-04-01 07:45:00+00:00,1,3133.52,3126.0830453149674,4.0,-1.0,-1.0421344506281105,stop,1,3,Ensemble REGIME-ROUTER,17.137680455322414,16.244692095005036
2024-2025 continuous,Outcome First M15,2025-04-01 08:30:00+00:00,2025-04-01 15:45:00+00:00,1,3132.22,3123.6705920281047,3.0,-1.0,-1.0366366888829812,stop,2,2,Ensemble REGIME-ROUTER,16.244692095005036,15.402699903740558
2024-2025 continuous,M15-0591 MTF,2025-04-02 09:30:00+00:00,2025-04-02 09:45:00+00:00,1,3130.69,3127.2620684008093,4.0,-1.0,-1.0913288351710135,stop,0,0,Ensemble REGIME-ROUTER,15.402699903740558,14.562229376518665
2024-2025 continuous,Structural Portfolio MTF,2025-04-02 11:30:00+00:00,2025-04-02 20:15:00+00:00,1,3122.96,3109.641664405378,3.0,-1.0,-1.0234485756708296,stop,1,0,Ensemble REGIME-ROUTER,14.562229376518665,13.81704473081917
2024-2025 continuous,Structural Frequency M15,2025-04-03 08:15:00+00:00,2025-04-03 10:15:00+00:00,1,3129.44,3119.1596995115783,2.0,-1.0,-1.030441133540061,stop,4,2,Ensemble REGIME-ROUTER,13.81704473081917,13.105162169089217
2024-2025 continuous,Structural Portfolio MTF,2025-04-04 14:30:00+00:00,2025-04-07 07:45:00+00:00,-1,3047.8,3088.849392144807,3.0,0.6942855548131541,0.6868608407290856,time_exit,1,0,Ensemble REGIME-ROUTER,13.105162169089217,13.555233304356799
2024-2025 continuous,Structural Portfolio MTF,2025-04-07 12:15:00+00:00,2025-04-08 05:30:00+00:00,-1,3025.75,3046.8854958002653,4.0,1.216910180061968,1.2025942159199674,time_exit,1,3,Ensemble REGIME-ROUTER,13.555233304356799,14.370305562720059
2024-2025 continuous,Outcome First M15,2025-04-08 13:00:00+00:00,2025-04-08 13:15:00+00:00,-1,3002.55,3020.199052747358,3.0,-1.0,-1.0170125277712112,stop,2,2,Ensemble REGIME-ROUTER,14.370305562720059,13.639566523460728
2024-2025 continuous,Structural Portfolio MTF,2025-04-08 14:00:00+00:00,2025-04-08 23:45:00+00:00,-1,3010.55,3023.477038799388,3.0,3.0,2.976711217110739,target,1,0,Ensemble REGIME-ROUTER,13.639566523460728,15.669619056806411
2024-2025 continuous,V1 Legacy M15,2025-04-08 23:45:00+00:00,2025-04-09 01:45:00+00:00,-1,2974.12,2991.5264738597602,2.0,-1.0,-1.017086286538915,stop,3,1,Ensemble REGIME-ROUTER,15.669619056806411,14.872751323908078
2024-2025 continuous,Structural Frequency M15,2025-04-10 10:00:00+00:00,2025-04-10 14:15:00+00:00,1,3116.43,3102.6981349152807,2.0,2.0,1.9773051222046454,target,4,2,Ensemble REGIME-ROUTER,14.872751323908078,16.343149692610048
2024-2025 continuous,Outcome First M15,2025-04-10 14:15:00+00:00,2025-04-11 07:30:00+00:00,1,3142.94,3115.157024351837,3.0,2.2607369633624277,2.2494244961889995,time_exit,2,2,Ensemble REGIME-ROUTER,16.343149692610048,18.181283755782086
2024-2025 continuous,V1 Legacy M15,2025-04-11 10:15:00+00:00,2025-04-11 11:00:00+00:00,1,3234.92,3211.12595981625,3.0,-1.0,-1.013595505324099,stop,3,1,Ensemble REGIME-ROUTER,18.181283755782086,17.25986038098795
2024-2025 continuous,V1 Legacy M15,2025-04-11 13:45:00+00:00,2025-04-13 22:15:00+00:00,1,3240.46,3214.4548171708316,3.0,-1.0,-1.012460823756891,stop,3,1,Ensemble REGIME-ROUTER,17.25986038098795,16.38611375802475
2024-2025 continuous,V1 Legacy M15,2025-04-14 01:30:00+00:00,2025-04-14 10:30:00+00:00,1,3228.82,3214.724750977635,3.0,-1.0,-1.0229071511604848,stop,3,1,Ensemble REGIME-ROUTER,16.38611375802475,15.548040110884111
2024-2025 continuous,Structural Portfolio MTF,2025-04-14 11:15:00+00:00,2025-04-14 12:45:00+00:00,1,3222.79,3205.657104538379,3.0,-1.0,-1.0188105391013405,stop,1,0,Ensemble REGIME-ROUTER,15.548040110884111,14.756014754517157
2024-2025 continuous,Structural Frequency M15,2025-04-14 15:00:00+00:00,2025-04-15 08:15:00+00:00,1,3210.89,3193.9901648535856,2.0,1.1970530969523887,1.1780535625061532,time_exit,4,2,Ensemble REGIME-ROUTER,14.756014754517157,15.625183542014772
2024-2025 continuous,Outcome First M15,2025-04-15 08:30:00+00:00,2025-04-15 12:00:00+00:00,1,3229.51,3216.999054738812,3.0,-1.0,-1.0258134771800071,stop,2,2,Ensemble REGIME-ROUTER,15.625183542014772,14.823757348974274
2024-2025 continuous,V1 Legacy M15,2025-04-15 17:45:00+00:00,2025-04-15 23:45:00+00:00,1,3228.72,3218.994013708273,2.0,2.0,1.9668031611072034,target,3,1,Ensemble REGIME-ROUTER,14.823757348974274,16.28152798964671
2024-2025 continuous,V1 Legacy M15,2025-04-16 04:00:00+00:00,2025-04-16 16:30:00+00:00,1,3281.39,3265.6156083313626,3.0,3.0,2.979197993374768,target,3,1,Ensemble REGIME-ROUTER,16.28152798964671,18.706822765438243
2024-2025 continuous,V1 Legacy M15,2025-04-16 18:30:00+00:00,2025-04-17 02:00:00+00:00,1,3338.23,3323.781710107654,3.0,-1.0,-1.023104672074502,stop,3,1,Ensemble REGIME-ROUTER,18.706822765438243,17.749870876888767
2024-2025 continuous,Structural Frequency M15,2025-04-17 15:30:00+00:00,2025-04-17 20:45:00+00:00,1,3297.71,3282.8922155496057,2.0,2.0,1.9777449185400167,target,4,2,Ensemble REGIME-ROUTER,17.749870876888767,19.505106723464177
2024-2025 continuous,V1 Legacy M15,2025-04-21 00:15:00+00:00,2025-04-21 06:45:00+00:00,1,3354.25,3341.8355786105913,3.0,3.0,2.972981020260343,target,3,1,Ensemble REGIME-ROUTER,19.505106723464177,22.404522327814746
2024-2025 continuous,M15-0591 MTF,2025-04-21 13:45:00+00:00,2025-04-22 01:00:00+00:00,1,3416.98,3404.7687025739065,4.0,0.6944389039185664,0.6664567830941365,time_exit,0,0,Ensemble REGIME-ROUTER,22.404522327814746,23.151104621682556
2024-2025 continuous,M15-0591 MTF,2025-04-22 02:00:00+00:00,2025-04-22 12:15:00+00:00,1,3453.06,3436.640424432309,4.0,0.1820997130939055,0.1610695714452101,time_exit,0,0,Ensemble REGIME-ROUTER,23.151104621682556,23.33755154667744
2024-2025 continuous,Structural Portfolio MTF,2025-04-23 02:30:00+00:00,2025-04-23 03:15:00+00:00,-1,3373.18,3387.862886453816,2.0,2.0,1.9770264517769711,target,1,0,Ensemble REGIME-ROUTER,23.33755154667744,25.644499383051933
2024-2025 continuous,Structural Portfolio MTF,2025-04-23 13:15:00+00:00,2025-04-24 00:45:00+00:00,-1,3305.74,3335.716604683215,3.0,-1.0,-1.0110277332437552,stop,1,0,Ensemble REGIME-ROUTER,25.644499383051933,24.34813437898104
2024-2025 continuous,Structural Frequency M15,2025-04-24 07:15:00+00:00,2025-04-24 14:00:00+00:00,1,3337.87,3313.8969083443953,3.0,-1.0,-1.0139234023210337,stop,4,2,Ensemble REGIME-ROUTER,24.34813437898104,23.11377721649573
2024-2025 continuous,Structural Frequency M15,2025-04-24 15:00:00+00:00,2025-04-24 22:45:00+00:00,1,3327.5,3306.1427634150823,2.0,2.0,1.9844198008166007,target,4,2,Ensemble REGIME-ROUTER,23.11377721649573,25.407149075499618
2024-2025 continuous,Outcome First M15,2025-04-28 10:45:00+00:00,2025-04-28 16:45:00+00:00,1,3289.25,3272.6464370431977,3.0,3.0,2.9801894930108817,target,2,1,Ensemble REGIME-ROUTER,25.407149075499618,29.193055011607875
2024-2025 continuous,Structural Portfolio MTF,2025-04-29 06:00:00+00:00,2025-04-29 06:45:00+00:00,1,3310.33,3304.4396255128154,2.0,2.0,1.9438010264508283,target,1,0,Ensemble REGIME-ROUTER,29.193055011607875,32.03032952644782
2024-2025 continuous,Structural Portfolio MTF,2025-04-29 14:15:00+00:00,2025-04-29 16:45:00+00:00,-1,3309.03,3321.9110425150725,3.0,-1.0,-1.0256891474127816,stop,1,0,Ensemble REGIME-ROUTER,32.03032952644782,30.38767145728119
2024-2025 continuous,Structural Portfolio MTF,2025-04-30 01:45:00+00:00,2025-04-30 02:00:00+00:00,1,3317.3,3307.864370400543,2.0,-1.0,-1.0351571664088093,stop,1,0,Ensemble REGIME-ROUTER,30.38767145728119,28.81487066330714
2024-2025 continuous,Outcome First M15,2025-04-30 11:45:00+00:00,2025-04-30 12:15:00+00:00,1,3279.77,3267.6512508199585,2.0,-1.0,-1.02706360162484,stop,2,1,Ensemble REGIME-ROUTER,28.81487066330714,27.335135421116632
2024-2025 continuous,Structural Frequency M15,2025-04-30 14:45:00+00:00,2025-05-01 01:00:00+00:00,-1,3294.39,3320.6495097075053,2.0,2.0,1.9874544877772093,target,4,2,Ensemble REGIME-ROUTER,27.335135421116632,30.051502299451432
2024-2025 continuous,Structural Portfolio MTF,2025-05-02 01:15:00+00:00,2025-05-02 02:30:00+00:00,-1,3235.91,3244.8535302170144,4.0,-1.0,-1.0361815739588365,stop,1,3,Ensemble REGIME-ROUTER,30.051502299451432,28.494561651827773
2024-2025 continuous,Structural Portfolio MTF,2025-05-02 10:30:00+00:00,2025-05-02 11:45:00+00:00,-1,3262.92,3267.650415041521,3.0,-1.0,-1.0689774569749182,stop,1,0,Ensemble REGIME-ROUTER,28.494561651827773,26.97155944921848
2024-2025 continuous,Structural Portfolio MTF,2025-05-05 00:30:00+00:00,2025-05-05 01:15:00+00:00,-1,3245.38,3252.7197744173495,3.0,-1.0,-1.0442163452916036,stop,1,0,Ensemble REGIME-ROUTER,26.97155944921848,25.563352287474572
2024-2025 continuous,Structural Portfolio MTF,2025-05-05 03:30:00+00:00,2025-05-05 08:30:00+00:00,-1,3259.55,3272.9298574766344,3.0,-1.0,-1.0243616197384187,stop,1,0,Ensemble REGIME-ROUTER,25.563352287474572,24.25404643971751
2024-2025 continuous,V1 Legacy M15,2025-05-06 07:30:00+00:00,2025-05-06 20:00:00+00:00,1,3374.34,3358.0089872621693,3.0,3.0,2.979337839886786,target,3,1,Ensemble REGIME-ROUTER,24.25404643971751,27.867096356128595
2024-2025 continuous,V1 Legacy M15,2025-05-06 20:45:00+00:00,2025-05-06 22:15:00+00:00,1,3427.81,3412.6922054095194,3.0,-1.0,-1.0226740082985282,stop,3,1,Ensemble REGIME-ROUTER,27.867096356128595,26.442148599620428
2024-2025 continuous,M15-0591 MTF,2025-05-07 10:00:00+00:00,2025-05-07 10:15:00+00:00,-1,3369.86,3384.5532450147084,3.0,-1.0,-1.0229347567309106,stop,0,3,Ensemble REGIME-ROUTER,26.442148599620428,25.089718957360663
2024-2025 continuous,Structural Portfolio MTF,2025-05-07 10:30:00+00:00,2025-05-07 19:30:00+00:00,1,3390.4,3368.4931641142343,3.0,-1.0,-1.0154764477064575,stop,1,0,Ensemble REGIME-ROUTER,25.089718957360663,23.815818023321963
2024-2025 continuous,Structural Portfolio MTF,2025-05-08 07:30:00+00:00,2025-05-08 16:15:00+00:00,1,3338.27,3319.35087711381,3.0,-1.0,-1.0176449511961083,stop,1,0,Ensemble REGIME-ROUTER,23.815818023321963,22.60401567482002
2024-2025 continuous,Structural Frequency M15,2025-05-09 08:30:00+00:00,2025-05-09 11:30:00+00:00,-1,3321.83,3332.8733536341333,2.0,-1.0,-1.0300799024467777,stop,4,2,Ensemble REGIME-ROUTER,22.60401567482002,21.43981856175882
2024-2025 continuous,Structural Portfolio MTF,2025-05-09 14:45:00+00:00,2025-05-11 22:15:00+00:00,1,3337.46,3319.642809724693,3.0,-1.0,-1.0187316852344863,stop,1,0,Ensemble REGIME-ROUTER,21.43981856175882,20.34774743703171
2024-2025 continuous,Outcome First M15,2025-05-12 16:15:00+00:00,2025-05-13 04:45:00+00:00,-1,3231.49,3244.7883594360555,3.0,-1.0,-1.0242999147040535,stop,2,2,Ensemble REGIME-ROUTER,20.34774743703171,19.30563763882315
2024-2025 continuous,M15-0591 MTF,2025-05-13 13:00:00+00:00,2025-05-13 15:45:00+00:00,-1,3241.67,3250.56940654826,4.0,-1.0,-1.0364256872907316,stop,0,0,Ensemble REGIME-ROUTER,19.30563763882315,18.305194700902994
2024-2025 continuous,V1 Legacy M15,2025-05-14 04:15:00+00:00,2025-05-14 07:45:00+00:00,-1,3224.56,3236.8090893442595,3.0,-1.0,-1.0263248957483615,stop,3,1,Ensemble REGIME-ROUTER,18.305194700902994,17.36584084875011
2024-2025 continuous,M15-0591 MTF,2025-05-14 12:30:00+00:00,2025-05-14 19:15:00+00:00,-1,3212.79,3223.2159223109256,4.0,4.0,3.9691845967753547,target,0,0,Ensemble REGIME-ROUTER,17.36584084875011,20.81225224909567
2024-2025 continuous,V1 Legacy M15,2025-05-15 01:45:00+00:00,2025-05-15 04:15:00+00:00,-1,3177.97,3193.2066587000577,2.0,2.0,1.9791426055898467,target,3,1,Ensemble REGIME-ROUTER,20.81225224909567,22.87177300631909
2024-2025 continuous,V1 Legacy M15,2025-05-15 05:00:00+00:00,2025-05-15 08:45:00+00:00,-1,3138.78,3156.9200946630963,3.0,-1.0,-1.017302996805113,stop,3,1,Ensemble REGIME-ROUTER,22.87177300631909,21.70839684524035
2024-2025 continuous,M15-0591 MTF,2025-05-15 13:15:00+00:00,2025-05-15 22:15:00+00:00,1,3195.26,3179.276145855049,3.0,3.0,2.9800094522195746,target,0,3,Ensemble REGIME-ROUTER,21.70839684524035,24.942958234807843
2024-2025 continuous,Structural Portfolio MTF,2025-05-19 00:00:00+00:00,2025-05-19 00:15:00+00:00,-1,3234.94,3246.0159184929034,2.0,-1.0,-1.0292069682715046,stop,1,0,Ensemble REGIME-ROUTER,24.942958234807843,23.659384913579377
2024-2025 continuous,Structural Portfolio MTF,2025-05-19 04:45:00+00:00,2025-05-19 21:00:00+00:00,1,3216.76,3205.9267954768025,3.0,1.2332454327240971,1.203551910432408,time_exit,1,0,Ensemble REGIME-ROUTER,23.659384913579377,25.083149809199085
2024-2025 continuous,Outcome First M15,2025-05-21 07:30:00+00:00,2025-05-21 12:30:00+00:00,-1,3312.64,3321.2818432567715,2.0,2.0,1.961667437124548,target,2,1,Ensemble REGIME-ROUTER,25.083149809199085,27.543389719260222
2024-2025 continuous,Structural Portfolio MTF,2025-05-21 13:15:00+00:00,2025-05-22 06:30:00+00:00,1,3305.64,3290.280555534232,4.0,1.7005823393036714,1.679060467159354,time_exit,1,3,Ensemble REGIME-ROUTER,27.543389719260222,29.855740559718885
2024-2025 continuous,Structural Portfolio MTF,2025-05-22 14:45:00+00:00,2025-05-23 08:00:00+00:00,1,3302.71,3278.450269319766,3.0,1.0939940080053652,1.0803800481327976,time_exit,1,0,Ensemble REGIME-ROUTER,29.855740559718885,31.468517880866354
2024-2025 continuous,V1 Legacy M15,2025-05-23 16:00:00+00:00,2025-05-25 22:15:00+00:00,1,3361.9,3347.7487861827244,3.0,-1.0,-1.0237569726767595,stop,3,1,Ensemble REGIME-ROUTER,31.468517880866354,29.857712150849345
2024-2025 continuous,Structural Portfolio MTF,2025-05-27 02:30:00+00:00,2025-05-27 05:00:00+00:00,1,3341.13,3331.3553577466764,3.0,-1.0,-1.0341816090390819,stop,1,0,Ensemble REGIME-ROUTER,29.857712150849345,28.31379731112979
2024-2025 continuous,Structural Portfolio MTF,2025-05-29 16:30:00+00:00,2025-05-30 02:00:00+00:00,1,3326.29,3309.128333124672,3.0,-1.0,-1.01938209163576,stop,1,0,Ensemble REGIME-ROUTER,28.31379731112979,26.870668414871265
2024-2025 continuous,Structural Portfolio MTF,2025-05-30 05:45:00+00:00,2025-05-30 07:15:00+00:00,1,3299.24,3289.7774149243833,2.0,-1.0,-1.0348661594441204,stop,1,0,Ensemble REGIME-ROUTER,26.870668414871265,25.48029114366155
2024-2025 continuous,Structural Portfolio MTF,2025-05-30 13:45:00+00:00,2025-06-01 22:15:00+00:00,-1,3289.57,3308.9231287041016,3.0,-1.0,-1.0169976134107084,stop,1,0,Ensemble REGIME-ROUTER,25.48029114366155,24.18462137955586
2024-2025 continuous,V1 Legacy M15,2025-06-02 04:30:00+00:00,2025-06-02 06:30:00+00:00,1,3313.58,3302.947132772534,2.0,2.0,1.9688364396064244,target,3,1,Ensemble REGIME-ROUTER,24.18462137955586,26.565399572063566
2024-2025 continuous,V1 Legacy M15,2025-06-02 11:45:00+00:00,2025-06-03 05:00:00+00:00,1,3356.66,3344.1158185238833,3.0,0.48468686550620316,0.4579281646185375,time_exit,3,1,Ensemble REGIME-ROUTER,26.565399572063566,27.173651805483225
2024-2025 continuous,M15-0591 MTF,2025-06-03 07:15:00+00:00,2025-06-03 17:30:00+00:00,-1,3354.19,3365.508225974491,3.0,0.0600800868910402,0.030444788854406865,time_exit,0,3,Ensemble REGIME-ROUTER,27.173651805483225,27.21501661006428
2024-2025 continuous,Structural Portfolio MTF,2025-06-05 03:45:00+00:00,2025-06-05 04:30:00+00:00,1,3374.76,3367.9008979471723,4.0,-1.0,-1.0492011924302633,stop,1,0,Ensemble REGIME-ROUTER,27.21501661006428,25.787315216099838
2024-2025 continuous,Structural Frequency M15,2025-06-05 07:15:00+00:00,2025-06-05 10:15:00+00:00,1,3371.11,3360.7652482995163,2.0,2.0,1.9674123642828243,target,4,2,Ensemble REGIME-ROUTER,25.787315216099838,28.32402935599051
2024-2025 continuous,Outcome First M15,2025-06-05 11:45:00+00:00,2025-06-05 14:15:00+00:00,-1,3394.84,3403.834394492131,3.0,3.0,2.9622560473307007,target,2,1,Ensemble REGIME-ROUTER,28.32402935599051,32.51918071821827
2024-2025 continuous,Structural Frequency M15,2025-06-06 08:30:00+00:00,2025-06-06 12:45:00+00:00,1,3364.21,3352.3800020942517,2.0,-1.0,-1.0284379593876791,stop,4,2,Ensemble REGIME-ROUTER,32.51918071821827,30.846982725278096
2024-2025 continuous,Structural Portfolio MTF,2025-06-09 07:15:00+00:00,2025-06-09 13:30:00+00:00,1,3323.7,3312.033148606663,3.0,-1.0,-1.0284884060655664,stop,1,0,Ensemble REGIME-ROUTER,30.846982725278096,29.26069452052543
2024-2025 continuous,Structural Portfolio MTF,2025-06-10 12:00:00+00:00,2025-06-10 13:30:00+00:00,-1,3333.68,3342.9004902931333,3.0,-1.0,-1.0361551272656575,stop,1,0,Ensemble REGIME-ROUTER,29.26069452052543,27.744763587785602
2024-2025 continuous,Structural Portfolio MTF,2025-06-10 14:30:00+00:00,2025-06-11 07:45:00+00:00,-1,3333.11,3349.635714776468,3.0,-0.4302385764350802,-0.45040780993018,time_exit,1,0,Ensemble REGIME-ROUTER,27.744763587785602,27.119940677555345
2024-2025 continuous,Structural Portfolio MTF,2025-06-12 07:00:00+00:00,2025-06-12 07:45:00+00:00,1,3374.62,3364.827367392447,4.0,-1.0,-1.0344608047216757,stop,1,0,Ensemble REGIME-ROUTER,27.119940677555345,25.717214894689945
2024-2025 continuous,Outcome First M15,2025-06-12 13:45:00+00:00,2025-06-12 15:30:00+00:00,1,3398.41,3378.177504931684,3.0,-1.0,-1.016796791441318,stop,2,1,Ensemble REGIME-ROUTER,25.717214894689945,24.409755815203564
2024-2025 continuous,Outcome First M15,2025-06-13 08:15:00+00:00,2025-06-16 01:30:00+00:00,1,3422.55,3407.223371989349,3.0,0.8756002945118323,0.8532695509352186,time_exit,2,2,Ensemble REGIME-ROUTER,24.409755815203564,25.451160884347416
2024-2025 continuous,Outcome First M15,2025-06-16 12:00:00+00:00,2025-06-16 14:00:00+00:00,-1,3415.06,3423.046472225029,2.0,2.0,1.9572394431010798,target,2,1,Ensemble REGIME-ROUTER,25.451160884347416,27.94186168212522
2024-2025 continuous,Structural Frequency M15,2025-06-16 15:15:00+00:00,2025-06-17 03:15:00+00:00,1,3400.68,3382.0254061490973,2.0,-1.0,-1.0182297187876619,stop,4,2,Ensemble REGIME-ROUTER,27.94186168212522,26.519299983975515
2024-2025 continuous,Structural Portfolio MTF,2025-06-17 09:00:00+00:00,2025-06-17 10:30:00+00:00,-1,3378.69,3392.1938767285583,3.0,-1.0,-1.0250201484204509,stop,1,0,Ensemble REGIME-ROUTER,26.519299983975515,25.160159143696465
2024-2025 continuous,Structural Portfolio MTF,2025-06-17 11:45:00+00:00,2025-06-17 14:30:00+00:00,-1,3396.18,3400.587844981529,3.0,3.0,2.922951464622022,target,1,0,Ensemble REGIME-ROUTER,25.160159143696465,28.837255344656
2024-2025 continuous,Structural Portfolio MTF,2025-06-17 15:45:00+00:00,2025-06-17 17:30:00+00:00,-1,3377.86,3388.979743196287,3.0,-1.0,-1.0303771403743203,stop,1,0,Ensemble REGIME-ROUTER,28.837255344656,27.35159290974246
2024-2025 continuous,Structural Frequency M15,2025-06-18 14:30:00+00:00,2025-06-19 07:45:00+00:00,-1,3382.67,3397.305048376417,3.0,1.0741337914080153,1.0510203044348467,time_exit,4,2,Ensemble REGIME-ROUTER,27.35159290974246,28.788946885081238
2024-2025 continuous,Structural Portfolio MTF,2025-06-19 11:15:00+00:00,2025-06-20 02:45:00+00:00,-1,3373.03,3379.499845587053,3.0,3.0,2.9478653709023614,target,1,0,Ensemble REGIME-ROUTER,28.788946885081238,33.03224386444516
2024-2025 continuous,Structural Frequency M15,2025-06-20 11:30:00+00:00,2025-06-20 13:45:00+00:00,-1,3351.99,3358.2235977518403,2.0,-1.0,-1.05377295958839,stop,4,2,Ensemble REGIME-ROUTER,33.03224386444516,31.291819595501064
2024-2025 continuous,Outcome First M15,2025-06-23 07:15:00+00:00,2025-06-23 08:15:00+00:00,-1,3352.42,3360.327780849126,3.0,-1.0,-1.0423939416627925,stop,2,1,Ensemble REGIME-ROUTER,31.291819595501064,29.660899437003295
2024-2025 continuous,Structural Portfolio MTF,2025-06-24 18:15:00+00:00,2025-06-24 19:45:00+00:00,-1,3315.77,3321.731058626893,4.0,-1.0,-1.0556238448157678,stop,1,3,Ensemble REGIME-ROUTER,29.660899437003295,28.095361801784133
2024-2025 continuous,Structural Portfolio MTF,2025-06-25 08:30:00+00:00,2025-06-25 23:30:00+00:00,-1,3329.62,3337.4376513843167,3.0,-1.0,-1.04259105243142,stop,1,0,Ensemble REGIME-ROUTER,28.095361801784133,26.63076316031595
2024-2025 continuous,Structural Frequency M15,2025-06-26 09:15:00+00:00,2025-06-26 13:00:00+00:00,-1,3341.09,3350.6343810022136,2.0,2.0,1.9649941677807583,target,4,2,Ensemble REGIME-ROUTER,26.63076316031595,29.247227874994525
2024-2025 continuous,V1 Legacy M15,2025-06-26 22:00:00+00:00,2025-06-27 00:00:00+00:00,-1,3327.61,3332.633998899933,2.0,2.0,1.9337657100194732,target,3,1,Ensemble REGIME-ROUTER,29.247227874994525,32.07509219388403
2024-2025 continuous,V1 Legacy M15,2025-06-27 02:45:00+00:00,2025-06-27 11:00:00+00:00,-1,3311.75,3322.3684244171595,3.0,3.0,2.9688112862144767,target,3,1,Ensemble REGIME-ROUTER,32.07509219388403,36.83633697946267
2024-2025 continuous,V1 Legacy M15,2025-06-27 12:15:00+00:00,2025-06-30 05:30:00+00:00,-1,3275.94,3288.478753886678,3.0,-1.0,-1.0261265196654077,stop,3,1,Ensemble REGIME-ROUTER,36.83633697946267,34.946399866364764
2024-2025 continuous,Structural Frequency M15,2025-06-30 08:45:00+00:00,2025-06-30 17:00:00+00:00,-1,3289.62,3297.21056378876,2.0,-1.0,-1.0433382827883122,stop,4,2,Ensemble REGIME-ROUTER,34.946399866364764,33.123354025054425
2024-2025 continuous,Structural Portfolio MTF,2025-07-01 22:45:00+00:00,2025-07-02 00:15:00+00:00,1,3342.96,3336.406449050744,3.0,-1.0,-1.0510099032705236,stop,1,0,Ensemble REGIME-ROUTER,33.123354025054425,31.382705369561037
2024-2025 continuous,Structural Frequency M15,2025-07-02 08:15:00+00:00,2025-07-02 18:30:00+00:00,1,3335.65,3327.2314104367506,2.0,2.0,1.960377567109799,target,4,2,Ensemble REGIME-ROUTER,31.382705369561037,34.45880294964622
2024-2025 continuous,Structural Frequency M15,2025-07-03 10:45:00+00:00,2025-07-03 12:00:00+00:00,1,3353.31,3343.522833761882,3.0,-1.0,-1.034262317798791,stop,4,2,Ensemble REGIME-ROUTER,34.45880294964622,32.676830879282576
2024-2025 continuous,Structural Portfolio MTF,2025-07-03 12:30:00+00:00,2025-07-03 12:45:00+00:00,1,3349.66,3342.6069679853786,3.0,-1.0,-1.0474924825671568,stop,1,0,Ensemble REGIME-ROUTER,32.676830879282576,30.965394144274235
2024-2025 continuous,Structural Portfolio MTF,2025-07-04 00:30:00+00:00,2025-07-04 07:30:00+00:00,-1,3328.37,3332.2932196131223,2.0,-1.0,-1.0848377182064244,stop,1,0,Ensemble REGIME-ROUTER,30.965394144274235,29.285772767932382
2024-2025 continuous,Structural Frequency M15,2025-07-04 13:45:00+00:00,2025-07-04 14:45:00+00:00,1,3337.6,3331.0944921630926,2.0,-1.0,-1.0513042191889308,stop,4,2,Ensemble REGIME-ROUTER,29.285772767932382,27.7463599442756
2024-2025 continuous,Structural Frequency M15,2025-07-04 16:45:00+00:00,2025-07-06 23:30:00+00:00,1,3335.22,3330.621302930258,2.0,-1.0,-1.0725253250957727,stop,4,2,Ensemble REGIME-ROUTER,27.7463599442756,26.258426258302674
2024-2025 continuous,Outcome First M15,2025-07-07 10:45:00+00:00,2025-07-07 13:00:00+00:00,-1,3298.24,3311.154546064258,3.0,-1.0,-1.0255389541652427,stop,2,1,Ensemble REGIME-ROUTER,26.258426258302674,24.911974308154427
2024-2025 continuous,Structural Portfolio MTF,2025-07-07 20:15:00+00:00,2025-07-07 22:15:00+00:00,-1,3336.89,3340.7308533260266,2.0,-1.0,-1.0868788708329027,stop,1,0,Ensemble REGIME-ROUTER,24.911974308154427,23.55815938284117
2024-2025 continuous,Structural Portfolio MTF,2025-07-07 23:00:00+00:00,2025-07-08 08:15:00+00:00,-1,3339.75,3346.111329181968,2.0,2.0,1.9474991797395582,target,1,0,Ensemble REGIME-ROUTER,23.55815938284117,25.852134186554014
2024-2025 continuous,Structural Portfolio MTF,2025-07-08 11:00:00+00:00,2025-07-08 11:45:00+00:00,1,3324.7,3320.1140784451213,3.0,-1.0,-1.0724979692786762,stop,1,0,Ensemble REGIME-ROUTER,25.852134186554014,24.465816115724063
2024-2025 continuous,V1 Legacy M15,2025-07-09 06:00:00+00:00,2025-07-09 13:15:00+00:00,-1,3289.52,3298.203704696789,3.0,-1.0,-1.037881527698845,stop,3,1,Ensemble REGIME-ROUTER,24.465816115724063,23.19618518539473
2024-2025 continuous,Outcome First M15,2025-07-10 09:45:00+00:00,2025-07-10 14:00:00+00:00,-1,3325.03,3330.5437569631617,2.0,2.0,1.939695746072684,target,2,1,Ensemble REGIME-ROUTER,23.19618518539473,25.445862271855948
2024-2025 continuous,Structural Frequency M15,2025-07-10 15:45:00+00:00,2025-07-10 16:45:00+00:00,1,3319.58,3312.4686674053282,2.0,-1.0,-1.0466801398444965,stop,4,2,Ensemble REGIME-ROUTER,25.445862271855948,24.114178337797448
2024-2025 continuous,M15-0591 MTF,2025-07-11 00:30:00+00:00,2025-07-11 05:30:00+00:00,1,3327.63,3323.315928580444,3.0,3.0,2.922865671974841,target,0,3,Ensemble REGIME-ROUTER,24.114178337797448,27.63830354136882
2024-2025 continuous,Outcome First M15,2025-07-11 08:45:00+00:00,2025-07-11 10:30:00+00:00,-1,3338.23,3344.2025773339956,2.0,-1.0,-1.0558926207786208,stop,2,1,Ensemble REGIME-ROUTER,27.63830354136882,26.179149503360275
2024-2025 continuous,M15-0591 MTF,2025-07-13 23:15:00+00:00,2025-07-14 01:15:00+00:00,1,3372.3,3362.773987987508,4.0,-1.0,-1.0354009631268326,stop,0,0,Ensemble REGIME-ROUTER,26.179149503360275,24.823853672879245
2024-2025 continuous,Structural Portfolio MTF,2025-07-14 05:00:00+00:00,2025-07-14 12:45:00+00:00,1,3359.68,3353.3607796760016,4.0,-1.0,-1.0531660525783708,stop,1,3,Ensemble REGIME-ROUTER,24.823853672879245,23.51667167375678
2024-2025 continuous,Structural Portfolio MTF,2025-07-14 13:45:00+00:00,2025-07-14 14:30:00+00:00,1,3357.27,3346.7790265858134,3.0,-1.0,-1.0320015108937373,stop,1,0,Ensemble REGIME-ROUTER,23.51667167375678,22.303209638831333
2024-2025 continuous,Structural Portfolio MTF,2025-07-14 15:30:00+00:00,2025-07-15 08:45:00+00:00,1,3347.07,3340.5473895764,3.0,2.3426203632694573,2.29130547885003,time_exit,1,0,Ensemble REGIME-ROUTER,22.303209638831333,24.858382960901086
2024-2025 continuous,Structural Frequency M15,2025-07-15 14:15:00+00:00,2025-07-15 15:30:00+00:00,1,3347.09,3333.9408775593847,3.0,-1.0,-1.0254548546119047,stop,4,2,Ensemble REGIME-ROUTER,24.858382960901086,23.58382548664819
2024-2025 continuous,Structural Portfolio MTF,2025-07-15 17:00:00+00:00,2025-07-16 10:15:00+00:00,1,3329.39,3319.676302596857,3.0,0.8977014249156037,0.8634262168066624,time_exit,1,0,Ensemble REGIME-ROUTER,23.58382548664819,24.60197014753645
2024-2025 continuous,Structural Frequency M15,2025-07-16 10:30:00+00:00,2025-07-16 13:45:00+00:00,-1,3338.69,3343.2444888737045,2.0,2.0,1.9266945184721813,target,4,2,Ensemble REGIME-ROUTER,24.60197014753645,26.971994198880186
2024-2025 continuous,Outcome First M15,2025-07-16 16:15:00+00:00,2025-07-17 09:30:00+00:00,-1,3354.25,3378.5209146681095,2.0,0.9937820774299896,0.9799620379058621,time_exit,2,1,Ensemble REGIME-ROUTER,26.971994198880186,28.293570718956175
2024-2025 continuous,Structural Portfolio MTF,2025-07-17 18:00:00+00:00,2025-07-17 22:15:00+00:00,-1,3337.42,3341.3640548916655,2.0,-1.0,-1.0846190048483502,stop,1,0,Ensemble REGIME-ROUTER,28.293570718956175,26.75918349311614
2024-2025 continuous,Structural Portfolio MTF,2025-07-18 05:15:00+00:00,2025-07-18 06:00:00+00:00,1,3339.52,3333.5954874840454,3.0,-1.0,-1.05636784445989,stop,1,0,Ensemble REGIME-ROUTER,26.75918349311614,25.34580644380965
2024-2025 continuous,Outcome First M15,2025-07-21 11:15:00+00:00,2025-07-21 14:00:00+00:00,1,3369.45,3362.5833571895896,3.0,3.0,2.9509301693268255,target,2,1,Ensemble REGIME-ROUTER,25.34580644380965,29.085491688857456
2024-2025 continuous,Outcome First M15,2025-07-22 11:45:00+00:00,2025-07-22 12:30:00+00:00,1,3389.37,3385.8483647433836,3.0,3.0,2.9037557909033245,target,2,2,Ensemble REGIME-ROUTER,29.085491688857456,33.308349934996976
2024-2025 continuous,M15-0591 MTF,2025-07-22 13:15:00+00:00,2025-07-23 00:30:00+00:00,1,3409.99,3400.5626349593886,4.0,2.3760615934044487,2.3398904046861753,time_exit,0,0,Ensemble REGIME-ROUTER,33.308349934996976,37.20524435543842
2024-2025 continuous,Structural Portfolio MTF,2025-07-23 00:30:00+00:00,2025-07-23 01:15:00+00:00,1,3432.38,3425.911832450132,4.0,-1.0,-1.0530657249296198,stop,1,3,Ensemble REGIME-ROUTER,37.20524435543842,35.24626597452124
2024-2025 continuous,Structural Portfolio MTF,2025-07-23 03:15:00+00:00,2025-07-23 05:45:00+00:00,1,3424.62,3418.8865541813348,4.0,-1.0,-1.0597305723000157,stop,1,3,Ensemble REGIME-ROUTER,35.24626597452124,33.378688693890346
2024-2025 continuous,Structural Portfolio MTF,2025-07-23 06:30:00+00:00,2025-07-23 13:15:00+00:00,1,3423.77,3416.06395889855,4.0,-1.0,-1.0444296877595916,stop,1,3,Ensemble REGIME-ROUTER,33.378688693890346,31.635604023371123
2024-2025 continuous,Structural Portfolio MTF,2025-07-23 14:15:00+00:00,2025-07-23 16:00:00+00:00,1,3416.68,3405.0859316370234,3.0,-1.0,-1.0294692069516387,stop,1,0,Ensemble REGIME-ROUTER,31.635604023371123,30.007210014102327
2024-2025 continuous,Outcome First M15,2025-07-24 08:45:00+00:00,2025-07-24 09:30:00+00:00,1,3373.52,3365.4335895312965,2.0,-1.0,-1.041718386830058,stop,2,1,Ensemble REGIME-ROUTER,30.007210014102327,28.444256893644255
2024-2025 continuous,Structural Portfolio MTF,2025-07-25 01:30:00+00:00,2025-07-25 08:30:00+00:00,-1,3367.76,3373.8244420646533,3.0,3.0,2.9444671090250965,target,1,0,Ensemble REGIME-ROUTER,28.444256893644255,32.631915836844044
2024-2025 continuous,Structural Portfolio MTF,2025-07-28 05:30:00+00:00,2025-07-28 06:15:00+00:00,-1,3338.66,3344.3157114877295,4.0,-1.0,-1.059031653351544,stop,1,3,Ensemble REGIME-ROUTER,32.631915836844044,30.904004247807976
2024-2025 continuous,Structural Portfolio MTF,2025-07-28 06:45:00+00:00,2025-07-28 14:00:00+00:00,-1,3338.62,3345.5525788704363,3.0,3.0,2.951841586480359,target,1,0,Ensemble REGIME-ROUTER,30.904004247807976,35.46519049418024
2024-2025 continuous,V1 Legacy M15,2025-07-28 22:15:00+00:00,2025-07-29 01:45:00+00:00,-1,3312.55,3319.1308084143534,3.0,-1.0,-1.0503365208562385,stop,3,1,Ensemble REGIME-ROUTER,35.46519049418024,33.60267125442219
2024-2025 continuous,V1 Legacy M15,2025-07-29 04:30:00+00:00,2025-07-29 06:00:00+00:00,-1,3310.64,3319.188367755724,2.0,-1.0,-1.0387283291337481,stop,3,1,Ensemble REGIME-ROUTER,33.60267125442219,31.85746892609536
2024-2025 continuous,V1 Legacy M15,2025-07-30 15:30:00+00:00,2025-07-31 08:00:00+00:00,-1,3292.52,3308.9471067697586,3.0,-1.0,-1.0200432130024342,stop,3,1,Ensemble REGIME-ROUTER,31.85746892609536,30.232669178020384
2024-2025 continuous,Structural Frequency M15,2025-07-31 09:45:00+00:00,2025-08-01 01:45:00+00:00,-1,3305.58,3315.258535777585,2.0,2.0,1.9658462800989436,target,4,2,Ensemble REGIME-ROUTER,30.232669178020384,33.20430819007405
2024-2025 continuous,V1 Legacy M15,2025-08-01 07:45:00+00:00,2025-08-01 10:00:00+00:00,-1,3287.53,3296.3388474919993,2.0,-1.0,-1.0373207732678535,stop,3,1,Ensemble REGIME-ROUTER,33.20430819007405,31.482132257696463
2024-2025 continuous,Structural Frequency M15,2025-08-04 08:30:00+00:00,2025-08-04 13:30:00+00:00,1,3358.8,3351.326255368388,2.0,2.0,1.9550586731878277,target,4,2,Ensemble REGIME-ROUTER,31.482132257696463,34.55960304373925
2024-2025 continuous,V1 Legacy M15,2025-08-04 23:15:00+00:00,2025-08-05 03:30:00+00:00,1,3378.72,3373.1802344819594,3.0,-1.0,-1.0609903070625837,stop,3,1,Ensemble REGIME-ROUTER,34.55960304373925,32.72623285147235
2024-2025 continuous,M15-0591 MTF,2025-08-05 07:00:00+00:00,2025-08-05 07:15:00+00:00,-1,3366.28,3370.7382242052036,3.0,-1.0,-1.075507194009469,stop,0,3,Ensemble REGIME-ROUTER,32.72623285147235,30.966367908242976
2024-2025 continuous,M15-0591 MTF,2025-08-05 14:30:00+00:00,2025-08-06 01:45:00+00:00,1,3379.98,3368.775669098617,4.0,-0.07229347357993215,-0.10246020133681062,time_exit,0,0,Ensemble REGIME-ROUTER,30.966367908242976,30.807726893715557
2024-2025 continuous,Structural Portfolio MTF,2025-08-06 06:30:00+00:00,2025-08-06 07:30:00+00:00,1,3377.19,3370.3782797493222,3.0,-1.0,-1.049579105948515,stop,1,0,Ensemble REGIME-ROUTER,30.807726893715557,29.190969571244956
2024-2025 continuous,Outcome First M15,2025-08-06 14:00:00+00:00,2025-08-07 07:15:00+00:00,1,3371.62,3360.535153175286,3.0,1.4704758899923387,1.4400594119542043,time_exit,2,2,Ensemble REGIME-ROUTER,29.190969571244956,31.292806095001957
2024-2025 continuous,Structural Portfolio MTF,2025-08-07 11:30:00+00:00,2025-08-08 04:45:00+00:00,1,3381.93,3371.24541213726,3.0,1.4694062327617037,1.437753818616712,time_exit,1,0,Ensemble REGIME-ROUTER,31.292806095001957,33.54237366791803
2024-2025 continuous,Structural Portfolio MTF,2025-08-12 01:45:00+00:00,2025-08-12 07:45:00+00:00,-1,3349.88,3357.793691197007,3.0,-1.0,-1.0423301834328214,stop,1,0,Ensemble REGIME-ROUTER,33.54237366791803,31.794262243015364
2024-2025 continuous,Structural Frequency M15,2025-08-12 08:45:00+00:00,2025-08-12 15:30:00+00:00,-1,3347.07,3358.5644064111734,3.0,-1.0,-1.0291191200334315,stop,4,2,Ensemble REGIME-ROUTER,31.794262243015364,30.158258083933156
2024-2025 continuous,Structural Portfolio MTF,2025-08-13 08:15:00+00:00,2025-08-13 09:00:00+00:00,-1,3353.85,3361.317939890923,3.0,-1.0,-1.0449099758298337,stop,1,0,Ensemble REGIME-ROUTER,30.158258083933156,28.582624847655534
2024-2025 continuous,Structural Frequency M15,2025-08-13 11:15:00+00:00,2025-08-13 14:15:00+00:00,-1,3362.76,3367.345946901363,2.0,-1.0,-1.0733274953314622,stop,4,2,Ensemble REGIME-ROUTER,28.582624847655534,27.048698990768887
2024-2025 continuous,Structural Frequency M15,2025-08-13 15:15:00+00:00,2025-08-14 00:30:00+00:00,-1,3358.32,3371.195514129867,2.0,-1.0,-1.0260829972778314,stop,4,2,Ensemble REGIME-ROUTER,27.048698990768887,25.660988484123187
2024-2025 continuous,Structural Portfolio MTF,2025-08-14 04:15:00+00:00,2025-08-14 07:45:00+00:00,1,3360.42,3355.06281364047,3.0,-1.0,-1.062727330626121,stop,1,0,Ensemble REGIME-ROUTER,25.660988484123187,24.297456794475195
2024-2025 continuous,V1 Legacy M15,2025-08-14 16:15:00+00:00,2025-08-15 03:45:00+00:00,-1,3334.37,3343.396352382982,3.0,-1.0,-1.036940392514328,stop,3,1,Ensemble REGIME-ROUTER,24.297456794475195,23.037706075197043
2024-2025 continuous,V1 Legacy M15,2025-08-15 10:30:00+00:00,2025-08-15 13:15:00+00:00,-1,3338.06,3345.2636932536657,2.0,-1.0,-1.0463381751895302,stop,3,1,Ensemble REGIME-ROUTER,23.037706075197043,21.832444508433323
2024-2025 continuous,V1 Legacy M15,2025-08-15 17:15:00+00:00,2025-08-18 01:15:00+00:00,-1,3335.75,3344.0604819611613,2.0,-1.0,-1.040139067933599,stop,3,1,Ensemble REGIME-ROUTER,21.832444508433323,20.69700558434763
2024-2025 continuous,Structural Portfolio MTF,2025-08-19 04:00:00+00:00,2025-08-19 10:15:00+00:00,-1,3337.83,3341.8794000250005,3.0,-1.0,-1.0824277665677045,stop,1,0,Ensemble REGIME-ROUTER,20.69700558434763,19.576854907882392
2024-2025 continuous,Structural Frequency M15,2025-08-20 08:30:00+00:00,2025-08-20 10:45:00+00:00,-1,3321.65,3327.8175749002116,2.0,-1.0,-1.053856662525267,stop,4,2,Ensemble REGIME-ROUTER,19.576854907882392,18.545294959084274
2024-2025 continuous,Structural Portfolio MTF,2025-08-20 15:30:00+00:00,2025-08-20 22:15:00+00:00,-1,3341.24,3350.576894622108,3.0,-1.0,-1.0357853455054378,stop,1,0,Ensemble REGIME-ROUTER,18.545294959084274,17.584847721749505
2024-2025 continuous,Structural Portfolio MTF,2025-08-21 11:45:00+00:00,2025-08-22 05:00:00+00:00,1,3333.72,3324.844616953126,3.0,-0.5937771893525621,-0.6313386104472192,time_exit,1,0,Ensemble REGIME-ROUTER,17.584847721749505,17.02974805547074
2024-2025 continuous,Outcome First M15,2025-08-22 07:30:00+00:00,2025-08-22 08:30:00+00:00,1,3332.39,3325.564079920768,3.0,-1.0,-1.0488196457227645,stop,2,1,Ensemble REGIME-ROUTER,17.02974805547074,16.136691339356403
2024-2025 continuous,Outcome First M15,2025-08-22 16:00:00+00:00,2025-08-25 09:15:00+00:00,-1,3368.03,3379.3435383660512,2.0,0.4746525645870711,0.44488265626107315,time_exit,2,1,Ensemble REGIME-ROUTER,16.136691339356403,16.495638044672297
2024-2025 continuous,Outcome First M15,2025-08-25 09:45:00+00:00,2025-08-25 23:15:00+00:00,1,3366.21,3361.7570165576703,3.0,-1.0,-1.075594487237502,stop,2,1,Ensemble REGIME-ROUTER,16.495638044672297,15.608507177456561
2024-2025 continuous,Outcome First M15,2025-08-26 08:00:00+00:00,2025-08-27 01:15:00+00:00,1,3376.73,3366.92530512313,3.0,0.9811626084044737,0.9467226789379698,time_exit,2,2,Ensemble REGIME-ROUTER,15.608507177456561,16.34735356391977
2024-2025 continuous,Outcome First M15,2025-08-27 08:00:00+00:00,2025-08-28 01:15:00+00:00,1,3381.44,3373.5209999706294,3.0,1.171865130140336,1.1291647893465662,time_exit,2,2,Ensemble REGIME-ROUTER,16.34735356391977,17.270296366088637
2024-2025 continuous,Structural Portfolio MTF,2025-08-28 03:00:00+00:00,2025-08-28 19:00:00+00:00,1,3391.31,3384.313989401396,4.0,4.0,3.951525087731045,target,1,3,Ensemble REGIME-ROUTER,17.270296366088637,20.682496834246113
2024-2025 continuous,Structural Portfolio MTF,2025-08-29 02:30:00+00:00,2025-08-29 04:30:00+00:00,1,3412.14,3407.7761815256517,4.0,-1.0,-1.0781916117743577,stop,1,3,Ensemble REGIME-ROUTER,20.682496834246113,19.56751210438442
2024-2025 continuous,Structural Portfolio MTF,2025-08-29 06:00:00+00:00,2025-08-29 07:45:00+00:00,1,3410.32,3406.772548851237,4.0,-1.0,-1.096134375273609,stop,1,3,Ensemble REGIME-ROUTER,19.56751210438442,18.49508097157451
2024-2025 continuous,Structural Portfolio MTF,2025-08-29 11:45:00+00:00,2025-08-29 13:45:00+00:00,1,3408.16,3404.1366044246674,3.0,3.0,2.9152914513080557,target,1,0,Ensemble REGIME-ROUTER,18.49508097157451,21.191008543958585
2024-2025 continuous,V1 Legacy M15,2025-08-29 17:00:00+00:00,2025-08-29 18:00:00+00:00,1,3449.05,3441.920887837824,3.0,-1.0,-1.0483797971127329,stop,3,1,Ensemble REGIME-ROUTER,21.191008543958585,20.08019728206211
2024-2025 continuous,M15-0591 MTF,2025-09-01 02:15:00+00:00,2025-09-01 12:30:00+00:00,1,3458.57,3445.9671597149427,4.0,0.8878950892734429,0.8604523071562986,time_exit,0,0,Ensemble REGIME-ROUTER,20.08019728206211,20.94409988603731
2024-2025 continuous,V1 Legacy M15,2025-09-01 13:15:00+00:00,2025-09-02 01:45:00+00:00,1,3477.42,3466.727963642824,2.0,2.0,1.9674765415695015,target,3,1,Ensemble REGIME-ROUTER,20.94409988603731,23.004451146540656
2024-2025 continuous,Outcome First M15,2025-09-02 12:00:00+00:00,2025-09-02 12:45:00+00:00,1,3489.7,3478.17233095549,3.0,-1.0,-1.0302723819232302,stop,2,2,Ensemble REGIME-ROUTER,23.004451146540656,21.819408612661505
2024-2025 continuous,M15-0591 MTF,2025-09-02 15:00:00+00:00,2025-09-03 02:15:00+00:00,1,3511.37,3494.928639582997,4.0,1.7413400882808139,1.7199831572791144,time_exit,0,0,Ensemble REGIME-ROUTER,21.819408612661505,23.695859378439938
2024-2025 continuous,Outcome First M15,2025-09-03 08:30:00+00:00,2025-09-03 18:15:00+00:00,1,3540.9,3529.0228259186974,3.0,3.0,2.970187352852105,target,2,2,Ensemble REGIME-ROUTER,23.695859378439938,27.21491647048015
2024-2025 continuous,Structural Portfolio MTF,2025-09-03 22:45:00+00:00,2025-09-03 23:15:00+00:00,1,3562.45,3559.224644818623,4.0,-1.0,-1.1104514014633007,stop,1,3,Ensemble REGIME-ROUTER,27.21491647048015,25.703874363712583
2024-2025 continuous,Structural Frequency M15,2025-09-04 15:45:00+00:00,2025-09-05 09:00:00+00:00,1,3550.0,3534.7482135255405,2.0,-0.2596417151939153,-0.2829176770357939,time_exit,4,4,Ensemble REGIME-ROUTER,25.703874363712583,25.34027034242251
2024-2025 continuous,Structural Frequency M15,2025-09-05 09:45:00+00:00,2025-09-05 12:45:00+00:00,1,3551.58,3544.5064130980572,2.0,2.0,1.9497909610889972,target,4,2,Ensemble REGIME-ROUTER,25.34027034242251,27.810681845682858
2024-2025 continuous,V1 Legacy M15,2025-09-05 16:30:00+00:00,2025-09-08 04:15:00+00:00,1,3599.45,3581.0672630384997,3.0,-1.0,-1.0195805989474718,stop,3,1,Ensemble REGIME-ROUTER,27.810681845682858,26.39292026301491
2024-2025 continuous,V1 Legacy M15,2025-09-08 06:00:00+00:00,2025-09-08 07:45:00+00:00,1,3591.2,3580.487230125121,2.0,2.0,1.9664773906100481,target,3,1,Ensemble REGIME-ROUTER,26.39292026301491,28.987974311484543
2024-2025 continuous,M15-0591 MTF,2025-09-08 08:30:00+00:00,2025-09-08 18:45:00+00:00,1,3612.7,3604.0180255025552,4.0,2.5432002831267644,2.501588781030515,time_exit,0,0,Ensemble REGIME-ROUTER,28.987974311484543,32.61377387760507
2024-2025 continuous,Structural Portfolio MTF,2025-09-09 00:15:00+00:00,2025-09-09 14:15:00+00:00,1,3637.1,3627.847191334145,4.0,4.0,3.960691935483095,target,1,3,Ensemble REGIME-ROUTER,32.61377387760507,39.07242943674005
2024-2025 continuous,Outcome First M15,2025-09-09 16:00:00+00:00,2025-09-09 21:00:00+00:00,1,3645.38,3626.0555921124105,3.0,-1.0,-1.0188641226225674,stop,2,2,Ensemble REGIME-ROUTER,39.07242943674005,37.08195460990024
2024-2025 continuous,V1 Legacy M15,2025-09-10 06:15:00+00:00,2025-09-10 15:30:00+00:00,1,3646.27,3639.569779096467,2.0,-1.0,-1.0544201460294729,stop,3,1,Ensemble REGIME-ROUTER,37.08195460990024,35.12695661015877
2024-2025 continuous,V1 Legacy M15,2025-09-10 18:30:00+00:00,2025-09-10 19:30:00+00:00,1,3648.55,3641.226641066087,2.0,-1.0,-1.0498207179645958,stop,3,1,Ensemble REGIME-ROUTER,35.12695661015877,33.28310626973937
2024-2025 continuous,Structural Portfolio MTF,2025-09-11 06:30:00+00:00,2025-09-11 09:15:00+00:00,1,3633.42,3622.399038256619,3.0,-1.0,-1.032968266151383,stop,1,0,Ensemble REGIME-ROUTER,33.28310626973937,31.564086640960124
2024-2025 continuous,Outcome First M15,2025-09-11 13:00:00+00:00,2025-09-12 06:15:00+00:00,1,3629.38,3612.8594003387516,2.0,1.4563636001928055,1.434394785050379,time_exit,2,1,Ensemble REGIME-ROUTER,31.564086640960124,33.827854704593705
2024-2025 continuous,Structural Portfolio MTF,2025-09-12 10:45:00+00:00,2025-09-12 12:45:00+00:00,1,3649.74,3639.200943795016,4.0,-1.0,-1.0346306151994338,stop,1,3,Ensemble REGIME-ROUTER,33.827854704593705,32.07788799839916
2024-2025 continuous,Structural Portfolio MTF,2025-09-12 17:00:00+00:00,2025-09-12 20:15:00+00:00,1,3649.12,3642.3993370202006,4.0,-1.0,-1.0542970241324165,stop,1,3,Ensemble REGIME-ROUTER,32.07788799839916,30.386906905540904
2024-2025 continuous,V1 Legacy M15,2025-10-15 06:45:00+00:00,2025-10-15 09:30:00+00:00,1,4193.9,4181.5498727257145,3.0,-1.0,-1.0339583544918791,stop,3,1,Ensemble REGIME-ROUTER,30.386906905540904,28.815967092433354
2024-2025 continuous,V1 Legacy M15,2025-10-15 14:15:00+00:00,2025-10-15 16:00:00+00:00,1,4208.34,4179.8194917145265,3.0,-1.0,-1.014755487377283,stop,3,1,Ensemble REGIME-ROUTER,28.815967092433354,27.353909055876855
2024-2025 continuous,V1 Legacy M15,2025-10-15 19:15:00+00:00,2025-10-16 02:15:00+00:00,1,4205.52,4191.126441480226,2.0,2.0,1.970781930026391,target,3,1,Ensemble REGIME-ROUTER,27.353909055876855,30.049338540022223
2024-2025 continuous,V1 Legacy M15,2025-10-16 03:00:00+00:00,2025-10-16 05:30:00+00:00,1,4239.21,4221.944752293943,2.0,-1.0,-1.0245534270470542,stop,3,1,Ensemble REGIME-ROUTER,30.049338540022223,28.509980900938377
2024-2025 continuous,Structural Portfolio MTF,2025-10-16 06:30:00+00:00,2025-10-16 20:00:00+00:00,1,4224.58,4202.5753558929655,4.0,4.0,3.980801416376239,target,1,3,Ensemble REGIME-ROUTER,28.509980900938377,34.18460951850413
2024-2025 continuous,V1 Legacy M15,2025-10-17 04:00:00+00:00,2025-10-17 07:30:00+00:00,1,4366.53,4329.407215811435,3.0,-1.0,-1.0117623990103228,stop,3,1,Ensemble REGIME-ROUTER,34.18460951850413,32.45527439172049
2024-2025 continuous,Structural Frequency M15,2025-10-20 07:30:00+00:00,2025-10-20 12:45:00+00:00,1,4253.92,4220.19547302379,2.0,2.0,1.9873862723026454,target,4,2,Ensemble REGIME-ROUTER,32.45527439172049,35.68033273121653
2024-2025 continuous,V1 Legacy M15,2025-10-20 18:30:00+00:00,2025-10-21 01:45:00+00:00,1,4357.77,4336.2888010735105,3.0,-1.0,-1.0202864375257292,stop,3,1,Ensemble REGIME-ROUTER,35.68033273121653,33.86012475261325
2024-2025 continuous,Structural Portfolio MTF,2025-10-22 07:30:00+00:00,2025-10-22 08:30:00+00:00,-1,4141.84,4162.771403566652,3.0,3.0,2.9802123159738856,target,1,0,Ensemble REGIME-ROUTER,33.86012475261325,38.90564279302077
2024-2025 continuous,Structural Frequency M15,2025-10-22 08:30:00+00:00,2025-10-23 01:45:00+00:00,-1,4102.54,4159.129543920948,3.0,0.36826591196975,0.36101626880999776,time_exit,4,2,Ensemble REGIME-ROUTER,38.90564279302077,39.60792129286032
2024-2025 continuous,Structural Portfolio MTF,2025-10-24 00:15:00+00:00,2025-10-24 04:45:00+00:00,1,4128.19,4104.699266352933,2.0,-1.0,-1.0175736954921177,stop,1,0,Ensemble REGIME-ROUTER,39.60792129286032,37.59272235082348
2024-2025 continuous,M15-0591 MTF,2025-10-24 08:30:00+00:00,2025-10-24 12:45:00+00:00,-1,4053.67,4079.4110966656854,3.0,-1.0,-1.0157478527533126,stop,0,3,Ensemble REGIME-ROUTER,37.59272235082348,35.68348600047346
2024-2025 continuous,Structural Portfolio MTF,2025-10-27 08:45:00+00:00,2025-10-27 14:15:00+00:00,-1,4058.82,4075.2320096062776,3.0,3.0,2.9752692077486507,target,1,0,Ensemble REGIME-ROUTER,35.68348600047346,40.991884856590396
2024-2025 continuous,V1 Legacy M15,2025-10-28 08:30:00+00:00,2025-10-28 14:30:00+00:00,-1,3914.56,3949.7134907233353,3.0,-1.0,-1.0111356224359291,stop,3,1,Ensemble REGIME-ROUTER,40.991884856590396,38.91946710612587
2024-2025 continuous,Structural Frequency M15,2025-10-28 17:00:00+00:00,2025-10-28 22:15:00+00:00,-1,3958.28,3970.6545680572494,3.0,3.0,2.9680127824931946,target,4,4,Ensemble REGIME-ROUTER,38.91946710612587,44.695140899066125
2024-2025 continuous,Structural Frequency M15,2025-10-29 11:45:00+00:00,2025-10-29 16:00:00+00:00,-1,4017.97,4030.568316922952,2.0,2.0,1.9681070890296473,target,4,2,Ensemble REGIME-ROUTER,44.695140899066125,49.09338208149768
2024-2025 continuous,M15-0591 MTF,2025-10-29 20:15:00+00:00,2025-10-30 00:15:00+00:00,-1,3940.99,3957.06153693903,4.0,-1.0,-1.0245215502098572,stop,0,0,Ensemble REGIME-ROUTER,49.09338208149768,46.57852068573864
2024-2025 continuous,V1 Legacy M15,2025-10-30 02:15:00+00:00,2025-10-30 04:45:00+00:00,-1,3936.1,3967.7615304517835,3.0,-1.0,-1.0124318058660942,stop,3,1,Ensemble REGIME-ROUTER,46.57852068573864,44.220641895116955
2024-2025 continuous,Structural Portfolio MTF,2025-10-30 05:30:00+00:00,2025-10-30 09:15:00+00:00,-1,3950.32,3983.3100728683016,3.0,-1.0,-1.011974268792221,stop,1,0,Ensemble REGIME-ROUTER,44.220641895116955,41.98313430775027
2024-2025 continuous,Structural Frequency M15,2025-10-30 10:45:00+00:00,2025-10-30 14:15:00+00:00,-1,3982.27,4013.1899808411486,3.0,-1.0,-1.012879277061842,stop,4,2,Ensemble REGIME-ROUTER,41.98313430775027,39.85694197142905
2024-2025 continuous,Outcome First M15,2025-11-03 08:45:00+00:00,2025-11-03 10:00:00+00:00,-1,4016.63,4028.4131608899997,2.0,2.0,1.965912117830718,target,2,1,Ensemble REGIME-ROUTER,39.85694197142905,43.774704231494454
2024-2025 continuous,Structural Frequency M15,2025-11-03 11:30:00+00:00,2025-11-03 23:15:00+00:00,1,4006.54,3993.25536390256,2.0,-1.0,-1.0301592002265842,stop,4,2,Ensemble REGIME-ROUTER,43.774704231494454,41.519958516430876
2024-2025 continuous,V1 Legacy M15,2025-11-04 18:45:00+00:00,2025-11-05 04:45:00+00:00,-1,3938.3,3966.4241785099653,3.0,-1.0,-1.0140032534589574,stop,3,1,Ensemble REGIME-ROUTER,41.519958516430876,39.41488986547378
2024-2025 continuous,M15-0591 MTF,2025-11-07 07:15:00+00:00,2025-11-07 11:30:00+00:00,1,4007.74,4000.6059167859944,3.0,-1.0,-1.0561773654690787,stop,0,3,Ensemble REGIME-ROUTER,39.41488986547378,37.33343413855528
2024-2025 continuous,Structural Portfolio MTF,2025-11-07 12:15:00+00:00,2025-11-07 13:00:00+00:00,1,4005.68,3992.9016196465004,3.0,-1.0,-1.031347321719869,stop,1,0,Ensemble REGIME-ROUTER,37.33343413855528,35.40824727308508
2024-2025 continuous,Structural Frequency M15,2025-11-07 14:15:00+00:00,2025-11-07 14:45:00+00:00,1,4002.8,3990.58133558681,2.0,-1.0,-1.0327597179580357,stop,4,2,Ensemble REGIME-ROUTER,35.40824727308508,33.57983669972809
2024-2025 continuous,Structural Frequency M15,2025-11-07 16:15:00+00:00,2025-11-10 01:30:00+00:00,1,3999.27,3983.3091462544653,2.0,2.0,1.9749432576492416,target,4,2,Ensemble REGIME-ROUTER,33.57983669972809,36.89575030388262
2024-2025 continuous,V1 Legacy M15,2025-11-10 18:00:00+00:00,2025-11-11 03:30:00+00:00,1,4102.36,4088.055624098788,3.0,3.0,2.9713209438263397,target,3,1,Ensemble REGIME-ROUTER,36.89575030388262,42.3772060846883
2024-2025 continuous,M15-0591 MTF,2025-11-11 03:30:00+00:00,2025-11-11 05:15:00+00:00,1,4144.2,4136.200952158331,4.0,-1.0,-1.0518086662566528,stop,0,0,Ensemble REGIME-ROUTER,42.3772060846883,40.14857045410733
2024-2025 continuous,Outcome First M15,2025-11-11 08:15:00+00:00,2025-11-11 14:45:00+00:00,1,4136.69,4124.120105358304,3.0,-1.0,-1.0329095041598682,stop,2,2,Ensemble REGIME-ROUTER,40.14857045410733,38.075078454083354
2024-2025 continuous,V1 Legacy M15,2025-11-11 23:30:00+00:00,2025-11-12 02:45:00+00:00,1,4138.34,4124.969074325497,3.0,-1.0,-1.03095028796616,stop,3,1,Ensemble REGIME-ROUTER,38.075078454083354,36.11240279925479
2024-2025 continuous,V1 Legacy M15,2025-11-12 12:30:00+00:00,2025-11-12 15:30:00+00:00,1,4136.48,4122.342408748332,2.0,2.0,1.9707412675443419,target,3,1,Ensemble REGIME-ROUTER,36.11240279925479,39.67081292258855
2024-2025 continuous,M15-0591 MTF,2025-11-12 16:00:00+00:00,2025-11-13 03:15:00+00:00,1,4181.38,4164.859122446173,4.0,1.1222164161434363,1.0969067436615925,time_exit,0,0,Ensemble REGIME-ROUTER,39.67081292258855,41.846572033654795
2024-2025 continuous,V1 Legacy M15,2025-11-13 08:00:00+00:00,2025-11-13 14:45:00+00:00,1,4219.77,4204.281654480248,2.0,-1.0,-1.0272448080049512,stop,3,1,Ensemble REGIME-ROUTER,41.846572033654795,39.69723834093594
2024-2025 continuous,V1 Legacy M15,2025-11-14 03:30:00+00:00,2025-11-14 05:30:00+00:00,1,4210.73,4187.605462389504,3.0,-1.0,-1.0182089262536818,stop,3,1,Ensemble REGIME-ROUTER,39.69723834093594,37.676234219617896
2024-2025 continuous,Outcome First M15,2025-11-17 16:45:00+00:00,2025-11-17 19:45:00+00:00,1,4068.79,4051.0602617219147,2.0,-1.0,-1.0229489569230088,stop,2,1,Ensemble REGIME-ROUTER,37.676234219617896,35.74919099483064
2024-2025 continuous,Structural Portfolio MTF,2025-11-18 15:15:00+00:00,2025-11-19 05:30:00+00:00,-1,4059.42,4083.1195599929074,3.0,-1.0,-1.0171286724361754,stop,1,0,Ensemble REGIME-ROUTER,35.74919099483064,33.93111463596867
2024-2025 continuous,M15-0591 MTF,2025-11-20 08:30:00+00:00,2025-11-20 09:00:00+00:00,-1,4046.15,4064.4374921410704,4.0,-1.0,-1.0221252316544438,stop,0,0,Ensemble REGIME-ROUTER,33.93111463596867,32.19702221558952
2024-2025 continuous,Structural Frequency M15,2025-11-20 16:00:00+00:00,2025-11-21 09:15:00+00:00,-1,4070.34,4108.733169511468,3.0,0.31359744853583005,0.30299571897874256,time_exit,4,4,Ensemble REGIME-ROUTER,32.19702221558952,32.684800210348875
2024-2025 continuous,Structural Portfolio MTF,2025-11-21 10:30:00+00:00,2025-11-21 13:00:00+00:00,-1,4032.55,4064.5503668581678,4.0,-1.0,-1.0126015742815484,stop,1,3,Ensemble REGIME-ROUTER,32.684800210348875,31.029966202945015
2024-2025 continuous,Structural Portfolio MTF,2025-11-21 14:45:00+00:00,2025-11-21 17:00:00+00:00,-1,4062.58,4084.950396372992,3.0,-1.0,-1.018160518625878,stop,1,0,Ensemble REGIME-ROUTER,31.029966202945015,29.450291878838314
2024-2025 continuous,Structural Frequency M15,2025-11-24 11:00:00+00:00,2025-11-24 12:45:00+00:00,-1,4063.94,4077.830727262517,2.0,-1.0,-1.0292564955253727,stop,4,2,Ensemble REGIME-ROUTER,29.450291878838314,27.93469666826769
2024-2025 continuous,Structural Portfolio MTF,2025-11-24 13:00:00+00:00,2025-11-24 20:45:00+00:00,1,4080.55,4064.9560989681186,3.0,3.0,2.9738323977325662,target,1,0,Ensemble REGIME-ROUTER,27.93469666826769,32.08835196691401
2024-2025 continuous,Structural Frequency M15,2025-11-25 16:30:00+00:00,2025-11-26 09:45:00+00:00,1,4140.43,4116.767477979322,2.0,0.8249331995525093,0.8074353605800539,time_exit,4,2,Ensemble REGIME-ROUTER,32.08835196691401,33.383815468955255
2024-2025 continuous,V1 Legacy M15,2025-11-26 11:45:00+00:00,2025-11-26 13:00:00+00:00,1,4171.11,4155.420052448606,2.0,-1.0,-1.0265846012954294,stop,3,1,Ensemble REGIME-ROUTER,33.383815468955255,31.670249924309378
2024-2025 continuous,Structural Portfolio MTF,2025-11-26 15:45:00+00:00,2025-11-27 09:00:00+00:00,1,4162.07,4135.345815037287,3.0,0.13807717635351843,0.12250300634306832,time_exit,1,0,Ensemble REGIME-ROUTER,31.670249924309378,31.864234965677586
2024-2025 continuous,Outcome First M15,2025-11-27 09:30:00+00:00,2025-11-28 00:15:00+00:00,-1,4154.78,4167.669661324582,3.0,-1.0,-1.032233430308027,stop,2,1,Ensemble REGIME-ROUTER,31.864234965677586,30.21966853753947
2024-2025 continuous,Outcome First M15,2025-11-28 14:00:00+00:00,2025-11-30 23:15:00+00:00,1,4182.48,4167.414913630533,3.0,3.0,2.9722372650416595,target,2,1,Ensemble REGIME-ROUTER,30.21966853753947,34.71066978576356
2024-2025 continuous,V1 Legacy M15,2025-12-01 01:30:00+00:00,2025-12-01 05:30:00+00:00,1,4238.36,4217.192212381013,3.0,-1.0,-1.0200226876624476,stop,3,1,Ensemble REGIME-ROUTER,34.71066978576356,32.940386251491645
2024-2025 continuous,Structural Portfolio MTF,2025-12-01 06:15:00+00:00,2025-12-01 23:30:00+00:00,1,4233.09,4214.500708165435,4.0,0.13287219448604745,0.1101005362772667,time_exit,1,3,Ensemble REGIME-ROUTER,32.940386251491645,33.12172396106513
2024-2025 continuous,M15-0591 MTF,2025-12-02 15:00:00+00:00,2025-12-02 15:15:00+00:00,1,4218.77,4211.19431519657,4.0,-1.0,-1.0556882989388563,stop,0,0,Ensemble REGIME-ROUTER,33.12172396106513,31.373413139746166
2024-2025 continuous,Structural Frequency M15,2025-12-03 12:00:00+00:00,2025-12-03 14:00:00+00:00,1,4208.52,4196.258684666419,2.0,2.0,1.9656764393908568,target,4,2,Ensemble REGIME-ROUTER,31.373413139746166,34.45691209134989
2024-2025 continuous,M15-0591 MTF,2025-12-05 04:45:00+00:00,2025-12-05 13:45:00+00:00,1,4214.03,4206.936470054587,3.0,3.0,2.940593328957117,target,0,3,Ensemble REGIME-ROUTER,34.45691209134989,39.52310038296416
2024-2025 continuous,Structural Frequency M15,2025-12-08 08:00:00+00:00,2025-12-08 15:15:00+00:00,-1,4206.86,4219.28854159462,2.0,2.0,1.9661516198986626,target,4,2,Ensemble REGIME-ROUTER,39.52310038296416,43.40852077503328
2024-2025 continuous,Structural Frequency M15,2025-12-09 15:00:00+00:00,2025-12-10 08:15:00+00:00,1,4204.56,4188.673454868073,3.0,-0.13659357537964895,-0.16305974511689492,time_exit,4,2,Ensemble REGIME-ROUTER,43.40852077503328,43.05461165835936
2024-2025 continuous,M15-0591 MTF,2025-12-10 09:00:00+00:00,2025-12-10 14:00:00+00:00,-1,4197.76,4204.535052349134,3.0,-1.0,-1.0619590784495787,stop,0,3,Ensemble REGIME-ROUTER,43.05461165835936,40.768499872373575
2024-2025 continuous,M15-0591 MTF,2025-12-11 00:45:00+00:00,2025-12-11 02:30:00+00:00,1,4242.07,4230.153687241868,4.0,-1.0,-1.035598847446374,stop,0,3,Ensemble REGIME-ROUTER,40.768499872373575,38.65750929837619
2024-2025 continuous,Structural Frequency M15,2025-12-11 07:45:00+00:00,2025-12-11 13:30:00+00:00,1,4217.74,4206.974582841068,2.0,-1.0,-1.0391786025356256,stop,4,2,Ensemble REGIME-ROUTER,38.65750929837619,36.64890647386646
2024-2025 continuous,Structural Portfolio MTF,2025-12-11 14:00:00+00:00,2025-12-12 07:15:00+00:00,1,4220.95,4204.671074111714,4.0,4.0,3.9740710779754984,target,1,0,Ensemble REGIME-ROUTER,36.64890647386646,43.931174436727545
2024-2025 continuous,M15-0591 MTF,2025-12-12 08:30:00+00:00,2025-12-12 10:45:00+00:00,1,4294.48,4286.353477367316,4.0,4.0,3.9471547647855125,target,0,0,Ensemble REGIME-ROUTER,43.931174436727545,52.60133166175518
2024-2025 continuous,M15-0591 MTF,2025-12-12 11:00:00+00:00,2025-12-12 15:30:00+00:00,1,4329.81,4315.614402723316,4.0,-1.0,-1.0305010766057126,stop,0,0,Ensemble REGIME-ROUTER,52.60133166175518,49.89104521633854
2024-2025 continuous,V1 Legacy M15,2025-12-15 01:15:00+00:00,2025-12-15 06:00:00+00:00,1,4312.99,4299.193667832545,2.0,2.0,1.9687381403430244,target,3,1,Ensemble REGIME-ROUTER,49.89104521633854,54.80216539528774
2024-2025 continuous,Structural Portfolio MTF,2025-12-16 01:45:00+00:00,2025-12-16 03:00:00+00:00,1,4314.64,4298.469388755184,3.0,-1.0,-1.0266819845872126,stop,1,0,Ensemble REGIME-ROUTER,54.80216539528774,51.988945598902205
2024-2025 continuous,Structural Portfolio MTF,2025-12-16 06:15:00+00:00,2025-12-16 15:15:00+00:00,1,4286.5,4271.13873558357,3.0,3.0,2.9720953960312317,target,1,0,Ensemble REGIME-ROUTER,51.988945598902205,59.71475089185297
2024-2025 continuous,V1 Legacy M15,2025-12-17 00:15:00+00:00,2025-12-17 05:30:00+00:00,1,4312.53,4300.824657261062,2.0,2.0,1.9631575931078504,target,3,1,Ensemble REGIME-ROUTER,59.71475089185297,65.57622422354723
2024-2025 continuous,M15-0591 MTF,2025-12-17 14:00:00+00:00,2025-12-17 14:15:00+00:00,1,4341.9,4327.1765224106375,4.0,-1.0,-1.029489636355592,stop,0,0,Ensemble REGIME-ROUTER,65.57622422354723,62.20072206207361
2024-2025 continuous,Structural Portfolio MTF,2025-12-17 15:00:00+00:00,2025-12-17 16:30:00+00:00,1,4338.33,4322.094877054905,4.0,-1.0,-1.0267218795611934,stop,1,3,Ensemble REGIME-ROUTER,62.20072206207361,59.00757994879183
2024-2025 continuous,Structural Portfolio MTF,2025-12-18 02:15:00+00:00,2025-12-18 09:00:00+00:00,1,4330.89,4323.69167907696,4.0,-1.0,-1.0601652808523414,stop,1,3,Ensemble REGIME-ROUTER,59.00757994879183,55.879690570350434
2024-2025 continuous,Outcome First M15,2025-12-19 08:15:00+00:00,2025-12-19 08:45:00+00:00,-1,4322.45,4330.0248684139415,2.0,-1.0,-1.0570630374521683,stop,2,1,Ensemble REGIME-ROUTER,55.879690570350434,52.92627279804134
2024-2025 continuous,Structural Frequency M15,2025-12-19 13:30:00+00:00,2025-12-19 15:00:00+00:00,1,4334.73,4320.101033171071,3.0,-1.0,-1.0296311424497062,stop,4,2,Ensemble REGIME-ROUTER,52.92627279804134,50.20154586170873
2024-2025 continuous,M15-0591 MTF,2025-12-19 16:30:00+00:00,2025-12-19 20:45:00+00:00,1,4346.86,4338.9670546747175,4.0,-1.0,-1.055072724070144,stop,0,0,Ensemble REGIME-ROUTER,50.20154586170873,47.55323177446646
2024-2025 continuous,Structural Portfolio MTF,2025-12-21 23:30:00+00:00,2025-12-22 05:00:00+00:00,1,4348.34,4336.055041221427,4.0,4.0,3.964604358236967,target,1,3,Ensemble REGIME-ROUTER,47.55323177446646,56.97971927153157
2024-2025 continuous,Outcome First M15,2025-12-22 13:00:00+00:00,2025-12-22 21:30:00+00:00,1,4415.55,4405.670661447539,3.0,3.0,2.9553052061476333,target,2,2,Ensemble REGIME-ROUTER,56.97971927153157,65.39934232193096
2024-2025 continuous,M15-0591 MTF,2025-12-23 01:45:00+00:00,2025-12-23 12:00:00+00:00,1,4484.82,4469.040982419012,4.0,0.5469288538215737,0.5185061717567298,time_exit,0,0,Ensemble REGIME-ROUTER,65.39934232193096,67.09484045306858
2024-2025 continuous,V1 Legacy M15,2025-12-23 12:00:00+00:00,2025-12-23 14:00:00+00:00,1,4493.56,4480.917502410843,2.0,-1.0,-1.035543293311392,stop,3,1,Ensemble REGIME-ROUTER,67.09484045306858,63.62085985071993
2024-2025 continuous,V1 Legacy M15,2025-12-23 19:00:00+00:00,2025-12-24 12:15:00+00:00,1,4484.37,4468.836134972714,3.0,0.699117700644591,0.6702493540217579,time_exit,3,1,Ensemble REGIME-ROUTER,63.62085985071993,65.75295186158262
2024-2025 continuous,Structural Portfolio MTF,2025-12-24 16:30:00+00:00,2025-12-26 13:00:00+00:00,1,4468.53,4447.31934694042,3.0,1.900931568997087,1.8798641837192833,time_exit,1,0,Ensemble REGIME-ROUTER,65.75295186158262,71.93328282050298
2024-2025 continuous,Structural Frequency M15,2025-12-30 08:45:00+00:00,2025-12-30 10:45:00+00:00,-1,4358.95,4384.3399423080145,3.0,-1.0,-1.017168018529227,stop,4,2,Ensemble REGIME-ROUTER,71.93328282050298,68.27487108286131
2024-2025 continuous,Structural Frequency M15,2025-12-30 12:00:00+00:00,2025-12-30 12:15:00+00:00,-1,4384.2,4392.571405518012,2.0,-1.0,-1.0523711339818218,stop,4,2,Ensemble REGIME-ROUTER,68.27487108286131,64.68234590766464
2024-2025 continuous,M15-0591 MTF,2025-12-30 12:45:00+00:00,2025-12-30 13:45:00+00:00,1,4399.69,4382.355119565644,3.0,-1.0,-1.025380561560034,stop,0,3,Ensemble REGIME-ROUTER,64.68234590766464,61.36614489917356
2024-2025 continuous,Structural Portfolio MTF,2025-12-30 13:45:00+00:00,2025-12-31 06:00:00+00:00,-1,4379.38,4405.130641072578,3.0,3.0,2.982993122432732,target,1,0,Ensemble REGIME-ROUTER,61.36614489917356,70.51888430839583
2024-2025 continuous,Structural Frequency M15,2025-12-31 15:15:00+00:00,2026-01-02 01:00:00+00:00,-1,4331.55,4354.845498589494,2.0,-1.0,-1.0185939355766933,stop,4,2,Ensemble REGIME-ROUTER,70.51888430839583,66.92737891338751
