strategy_base,variant,strategy,family,signal_time,entry_time,exit_time,direction,entry,stop,target_r,gross_r,net_r,reason,balance_before_rm,balance_after_rm
Outcome First M15,M15,Outcome First M15,Outcome First,2026-01-05 11:15:00+00:00,2026-01-05 11:45:00+00:00,2026-01-05 15:00:00+00:00,-1,4416.945,4440.459698997234,3.0,-1.0,-1.0187837615974564,stop,100.0,94.90608119201272
Outcome First M15,M15,Outcome First M15,Outcome First,2026-01-06 11:30:00+00:00,2026-01-06 12:00:00+00:00,2026-01-07 05:00:00+00:00,1,4461.809,4447.384784487455,3.0,0.18760119034873718,0.1566684231828588,time_exit,94.90608119201272,95.64952049655356
Outcome First M15,M15,Outcome First M15,Outcome First,2026-01-08 12:45:00+00:00,2026-01-08 13:15:00+00:00,2026-01-08 20:30:00+00:00,1,4427.375,4406.747743719412,2.0,2.0,1.9785362874258436,target,95.64952049655356,105.11182285541923
Outcome First M15,M15,Outcome First M15,Outcome First,2026-01-09 11:45:00+00:00,2026-01-09 12:15:00+00:00,2026-01-09 12:45:00+00:00,1,4474.995,4466.298939202062,3.0,-1.0,-1.0514600243027399,stop,105.11182285541923,99.58577886471602
Outcome First M15,M15,Outcome First M15,Outcome First,2026-01-09 13:45:00+00:00,2026-01-09 14:15:00+00:00,2026-01-12 00:30:00+00:00,1,4482.178,4457.757192841831,3.0,3.0,2.981646069390869,target,99.58577886471602,114.43225617067645
Outcome First M15,M15,Outcome First M15,Outcome First,2026-01-12 12:45:00+00:00,2026-01-12 13:15:00+00:00,2026-01-12 16:15:00+00:00,1,4590.285,4577.452279810825,3.0,3.0,2.9642298364467417,target,114.43225617067645,131.39243157032826
Outcome First M15,M15,Outcome First M15,Outcome First,2026-01-12 16:45:00+00:00,2026-01-12 17:15:00+00:00,2026-01-13 06:45:00+00:00,-1,4616.675,4631.072955200949,3.0,3.0,2.9679352037454887,target,131.39243157032826,150.89064272849313
Outcome First M15,M15,Outcome First M15,Outcome First,2026-01-13 12:45:00+00:00,2026-01-13 13:15:00+00:00,2026-01-13 20:45:00+00:00,1,4592.995,4576.9553120003175,3.0,-1.0,-1.0286351891638474,stop,150.89064272849313,143.13007148718924
Outcome First M15,M15,Outcome First M15,Outcome First,2026-01-15 14:15:00+00:00,2026-01-15 14:45:00+00:00,2026-01-16 07:45:00+00:00,1,4602.495,4581.303088414037,2.0,0.00802192852261041,-0.013696239663069586,time_exit,143.13007148718924,143.0320542990852
Outcome First M15,M15,Outcome First M15,Outcome First,2026-01-19 15:45:00+00:00,2026-01-19 16:15:00+00:00,2026-01-20 00:30:00+00:00,1,4674.085,4663.135058037149,3.0,-1.0,-1.0426859340063848,stop,143.0320542990852,135.5751787426005
Outcome First M15,M15,Outcome First M15,Outcome First,2026-01-21 09:15:00+00:00,2026-01-21 09:45:00+00:00,2026-01-21 14:15:00+00:00,1,4875.485,4850.019502763962,3.0,-1.0,-1.0191454537675408,stop,135.5751787426005,128.66663738963837
Outcome First M15,M15,Outcome First M15,Outcome First,2026-01-21 14:15:00+00:00,2026-01-21 14:45:00+00:00,2026-01-21 19:45:00+00:00,-1,4860.085,4881.9389724615,3.0,3.0,2.9777610912223764,target,128.66663738963837,147.82356271750254
Outcome First M15,M15,Outcome First M15,Outcome First,2026-01-23 10:15:00+00:00,2026-01-23 10:45:00+00:00,2026-01-25 23:15:00+00:00,1,4929.048,4898.426853247447,3.0,3.0,2.983903124073598,target,147.82356271750254,169.8781222477248
Outcome First M15,M15,Outcome First M15,Outcome First,2026-01-27 09:45:00+00:00,2026-01-27 10:15:00+00:00,2026-01-27 12:00:00+00:00,1,5098.195,5071.948978458109,3.0,-1.0,-1.0194246392424198,stop,169.8781222477248,161.21922507334648
Outcome First M15,M15,Outcome First M15,Outcome First,2026-01-27 16:45:00+00:00,2026-01-27 17:15:00+00:00,2026-01-27 20:15:00+00:00,-1,5087.265,5104.49573675511,3.0,-1.0,-1.0295243614495562,stop,161.21922507334648,152.92026908599502
Outcome First M15,M15,Outcome First M15,Outcome First,2026-01-28 12:30:00+00:00,2026-01-28 13:00:00+00:00,2026-01-28 15:15:00+00:00,1,5269.395,5244.809985321155,3.0,-1.0,-1.0214333612114301,stop,152.92026908599502,145.11037586350182
Outcome First M15,M15,Outcome First M15,Outcome First,2026-01-29 11:30:00+00:00,2026-01-29 12:00:00+00:00,2026-01-29 15:15:00+00:00,1,5514.305,5468.287330678566,3.0,-1.0,-1.0119830167005688,stop,145.11037586350182,137.76791406745681
Outcome First M15,M15,Outcome First M15,Outcome First,2026-01-30 10:15:00+00:00,2026-01-30 10:45:00+00:00,2026-01-30 17:15:00+00:00,1,5058.978,4935.400580922801,2.0,-1.0,-1.0040937721776173,stop,137.76791406745681,130.8513188414051
Outcome First M15,M15,Outcome First M15,Outcome First,2026-02-02 10:30:00+00:00,2026-02-02 11:00:00+00:00,2026-02-02 11:15:00+00:00,-1,4672.418,4738.32452955156,2.0,-1.0,-1.0070894614415171,stop,130.8513188414051,124.26236963035994
Outcome First M15,M15,Outcome First M15,Outcome First,2026-02-03 09:00:00+00:00,2026-02-03 09:30:00+00:00,2026-02-03 16:30:00+00:00,-1,4915.975,4951.999579116093,2.0,-1.0,-1.0136461691451213,stop,124.26236963035994,117.96446588312448
Outcome First M15,M15,Outcome First M15,Outcome First,2026-02-05 09:00:00+00:00,2026-02-05 09:30:00+00:00,2026-02-06 02:30:00+00:00,-1,4862.245,4946.273119218704,3.0,0.5032839053547036,0.49749745547910323,time_exit,117.96446588312448,120.89881696381477
Outcome First M15,M15,Outcome First M15,Outcome First,2026-02-10 08:30:00+00:00,2026-02-10 09:00:00+00:00,2026-02-10 15:45:00+00:00,1,5048.485,5017.93539750195,3.0,-1.0,-1.0165255341712625,stop,120.89881696381477,114.753980239074
Outcome First M15,M15,Outcome First M15,Outcome First,2026-02-11 09:30:00+00:00,2026-02-11 10:00:00+00:00,2026-02-11 13:45:00+00:00,1,5064.355,5044.452009286778,3.0,-1.0,-1.0254451960158717,stop,114.753980239074,108.87028435108107
Outcome First M15,M15,Outcome First M15,Outcome First,2026-02-12 10:15:00+00:00,2026-02-12 10:45:00+00:00,2026-02-12 14:00:00+00:00,-1,5061.018,5081.515275319403,3.0,-1.0,-1.0246911744177485,stop,108.87028435108107,103.2923633745359
Outcome First M15,M15,Outcome First M15,Outcome First,2026-02-12 14:15:00+00:00,2026-02-12 14:45:00+00:00,2026-02-12 16:15:00+00:00,-1,5059.695,5084.521370262245,3.0,3.0,2.9796196747790615,target,103.2923633745359,118.68096128279566
Outcome First M15,M15,Outcome First M15,Outcome First,2026-02-13 16:00:00+00:00,2026-02-13 16:30:00+00:00,2026-02-13 16:30:00+00:00,-1,4997.275,5022.038199128185,2.0,-1.0,-1.020180248012916,stop,118.68096128279566,112.62716265700098
Outcome First M15,M15,Outcome First M15,Outcome First,2026-02-19 13:45:00+00:00,2026-02-19 14:15:00+00:00,2026-02-19 14:45:00+00:00,1,4996.795,4971.003308264412,2.0,-1.0,-1.0193736612984767,stop,112.62716265700098,106.88670449903466
Outcome First M15,M15,Outcome First M15,Outcome First,2026-02-19 15:00:00+00:00,2026-02-19 15:30:00+00:00,2026-02-20 08:30:00+00:00,1,4999.735,4961.343812083542,2.0,0.481881416127507,0.46885828433257587,time_exit,106.88670449903466,109.39244034350368
Outcome First M15,M15,Outcome First M15,Outcome First,2026-02-20 15:15:00+00:00,2026-02-20 15:45:00+00:00,2026-02-20 16:45:00+00:00,-1,5025.135,5065.418417284665,3.0,-1.0,-1.012474450626891,stop,109.39244034350368,103.8545877965275
Outcome First M15,M15,Outcome First M15,Outcome First,2026-02-23 08:45:00+00:00,2026-02-23 09:15:00+00:00,2026-02-23 15:00:00+00:00,1,5139.925,5120.691658539846,3.0,3.0,2.9732759644981694,target,103.8545877965275,119.2940052814415
Outcome First M15,M15,Outcome First M15,Outcome First,2026-02-25 11:45:00+00:00,2026-02-25 12:15:00+00:00,2026-02-25 21:00:00+00:00,1,5181.295,5153.948152530059,3.0,-1.0,-1.018946589751141,stop,119.2940052814415,113.21629428847753
Outcome First M15,M15,Outcome First M15,Outcome First,2026-02-27 11:45:00+00:00,2026-02-27 12:15:00+00:00,2026-02-27 13:30:00+00:00,1,5185.465,5168.322730098425,3.0,3.0,2.969750417944804,target,113.21629428847753,130.02750115254594
Outcome First M15,M15,Outcome First M15,Outcome First,2026-03-03 15:45:00+00:00,2026-03-03 16:15:00+00:00,2026-03-04 09:15:00+00:00,1,5094.998,4991.266439899736,2.0,0.663539620280191,0.6586279058558872,time_exit,130.02750115254594,134.3094881919347
Outcome First M15,M15,Outcome First M15,Outcome First,2026-03-04 12:30:00+00:00,2026-03-04 13:00:00+00:00,2026-03-05 06:00:00+00:00,-1,5166.205,5207.4773389730035,2.0,0.4332199348259739,0.42070258027677027,time_exit,134.3094881919347,137.13470560383465
Outcome First M15,M15,Outcome First M15,Outcome First,2026-03-12 10:30:00+00:00,2026-03-12 11:00:00+00:00,2026-03-12 13:30:00+00:00,-1,5181.735,5192.158511152113,2.0,2.0,1.9502880082883625,target,137.13470560383465,150.50731419680034
Outcome First M15,M15,Outcome First M15,Outcome First,2026-03-13 14:00:00+00:00,2026-03-13 14:30:00+00:00,2026-03-15 23:30:00+00:00,-1,5090.095,5122.808378265805,3.0,3.0,2.9844403260383516,target,150.50731419680034,172.9663190894331
Outcome First M15,M15,Outcome First M15,Outcome First,2026-03-16 10:30:00+00:00,2026-03-16 11:00:00+00:00,2026-03-16 14:15:00+00:00,1,4985.405,4968.975497551573,3.0,3.0,2.969655776152384,target,172.9663190894331,198.6488405176207
Outcome First M15,M15,Outcome First M15,Outcome First,2026-03-16 14:30:00+00:00,2026-03-16 15:00:00+00:00,2026-03-17 04:45:00+00:00,-1,5000.825,5038.997253162894,3.0,-1.0,-1.013100680692491,stop,198.6488405176207,188.58627674026192
Outcome First M15,M15,Outcome First M15,Outcome First,2026-03-17 15:15:00+00:00,2026-03-17 15:45:00+00:00,2026-03-18 08:45:00+00:00,-1,4994.485,5021.566994186069,3.0,0.38054804713387624,0.36210595987218874,time_exit,188.58627674026192,192.00068747814964
Outcome First M15,M15,Outcome First M15,Outcome First,2026-03-18 10:15:00+00:00,2026-03-18 10:45:00+00:00,2026-03-18 11:45:00+00:00,-1,4982.295,4996.348453120249,3.0,3.0,2.9645475389047187,target,192.00068747814964,220.4604457547178
Outcome First M15,M15,Outcome First M15,Outcome First,2026-03-23 07:45:00+00:00,2026-03-23 08:15:00+00:00,2026-03-24 01:15:00+00:00,1,4203.695,4093.642868469857,3.0,1.154725476309321,1.1509057456584444,time_exit,220.4604457547178,233.14690544019413
Outcome First M15,M15,Outcome First M15,Outcome First,2026-03-24 14:00:00+00:00,2026-03-24 14:30:00+00:00,2026-03-24 23:45:00+00:00,1,4395.185,4348.23970149738,3.0,3.0,2.9906376460685307,target,233.14690544019413,268.0098010638854
Outcome First M15,M15,Outcome First M15,Outcome First,2026-03-26 11:45:00+00:00,2026-03-26 12:15:00+00:00,2026-03-26 14:00:00+00:00,-1,4422.775,4458.2465135434795,3.0,-1.0,-1.0124685263135973,stop,268.0098010638854,254.44222664784778
Outcome First M15,M15,Outcome First M15,Outcome First,2026-03-26 15:30:00+00:00,2026-03-26 16:00:00+00:00,2026-03-27 09:00:00+00:00,-1,4439.925,4481.40060181662,3.0,0.38890333819186595,0.37819843023265015,time_exit,254.44222664784778,259.2537091830036
Outcome First M15,M15,Outcome First M15,Outcome First,2026-04-06 10:00:00+00:00,2026-04-06 10:30:00+00:00,2026-04-07 02:00:00+00:00,-1,4686.495,4707.476513565496,3.0,3.0,2.9776636943499306,target,259.2537091830036,297.85222705599284
Outcome First M15,M15,Outcome First M15,Outcome First,2026-04-07 09:45:00+00:00,2026-04-07 10:15:00+00:00,2026-04-07 14:15:00+00:00,-1,4670.438,4695.347573037925,2.0,2.0,1.9812504293313689,target,297.85222705599284,327.35821969259234
Outcome First M15,M15,Outcome First M15,Outcome First,2026-04-10 11:15:00+00:00,2026-04-10 11:45:00+00:00,2026-04-10 20:30:00+00:00,1,4761.405,4741.250411492884,3.0,-1.0,-1.0236244217951609,stop,327.35821969259234,310.6036262749562
Outcome First M15,M15,Outcome First M15,Outcome First,2026-04-15 08:45:00+00:00,2026-04-15 09:15:00+00:00,2026-04-15 09:15:00+00:00,1,4818.205,4803.332376840094,3.0,-1.0,-1.0323964706709514,stop,310.6036262749562,294.570321897763
Outcome First M15,M15,Outcome First M15,Outcome First,2026-04-15 11:45:00+00:00,2026-04-15 12:15:00+00:00,2026-04-15 15:45:00+00:00,1,4812.495,4791.844560727004,3.0,-1.0,-1.0233045647909933,stop,294.570321897763,279.49856414526636
Outcome First M15,M15,Outcome First M15,Outcome First,2026-04-16 10:45:00+00:00,2026-04-16 11:15:00+00:00,2026-04-16 14:00:00+00:00,1,4817.035,4804.094671369596,3.0,-1.0,-1.0372249819736576,stop,279.49856414526636,265.0034194874045
Outcome First M15,M15,Outcome First M15,Outcome First,2026-04-16 14:00:00+00:00,2026-04-16 14:30:00+00:00,2026-04-17 07:30:00+00:00,-1,4800.595,4824.590062660631,2.0,0.3792446858215971,0.3592380908487217,time_exit,265.0034194874045,269.7633856116565
Outcome First M15,M15,Outcome First M15,Outcome First,2026-04-20 15:00:00+00:00,2026-04-20 15:30:00+00:00,2026-04-20 22:15:00+00:00,-1,4798.005,4828.507177025809,2.0,-1.0,-1.0157300411571941,stop,269.7633856116565,256.06304687315486
Outcome First M15,M15,Outcome First M15,Outcome First,2026-04-21 13:45:00+00:00,2026-04-21 14:15:00+00:00,2026-04-21 14:45:00+00:00,1,4778.795,4758.437438303621,2.0,-1.0,-1.0234742994827815,stop,256.06304687315486,242.95934949705844
Outcome First M15,M15,Outcome First M15,Outcome First,2026-04-22 13:45:00+00:00,2026-04-22 14:15:00+00:00,2026-04-22 14:45:00+00:00,1,4752.685,4735.3505886271005,2.0,-1.0,-1.027417631310113,stop,242.95934949705844,230.47831352881278
Outcome First M15,M15,Outcome First M15,Outcome First,2026-04-23 07:15:00+00:00,2026-04-23 07:45:00+00:00,2026-04-23 08:15:00+00:00,-1,4705.785,4721.9545135973085,3.0,-1.0,-1.029102823481241,stop,230.47831352881278,218.619019368628
Outcome First M15,M15,Outcome First M15,Outcome First,2026-04-23 08:30:00+00:00,2026-04-23 09:00:00+00:00,2026-04-23 12:15:00+00:00,-1,4703.545,4725.607936596517,3.0,-1.0,-1.021318762257344,stop,218.619019368628,207.45503405525392
Outcome First M15,M15,Outcome First M15,Outcome First,2026-04-23 13:15:00+00:00,2026-04-23 13:45:00+00:00,2026-04-23 17:45:00+00:00,-1,4727.285,4744.0052511936765,2.0,2.0,1.9717271891119208,target,207.45503405525392,227.9072706134981
Outcome First M15,M15,Outcome First M15,Outcome First,2026-04-24 09:15:00+00:00,2026-04-24 09:45:00+00:00,2026-04-24 11:15:00+00:00,-1,4683.105,4698.174373310832,3.0,-1.0,-1.0310769725017928,stop,227.9072706134981,216.15777368373247
Outcome First M15,M15,Outcome First M15,Outcome First,2026-04-27 12:30:00+00:00,2026-04-27 13:00:00+00:00,2026-04-28 05:15:00+00:00,-1,4698.585,4713.148868309352,3.0,3.0,2.967738069994887,target,216.15777368373247,248.23275638806004
Outcome First M15,M15,Outcome First M15,Outcome First,2026-04-29 09:00:00+00:00,2026-04-29 09:30:00+00:00,2026-04-29 10:00:00+00:00,1,4573.665,4556.264103446176,3.0,-1.0,-1.0262840767189945,stop,248.23275638806004,235.49489012800348
Outcome First M15,M15,Outcome First M15,Outcome First,2026-05-01 14:45:00+00:00,2026-05-01 15:15:00+00:00,2026-05-04 08:15:00+00:00,-1,4631.965,4661.386331409556,2.0,1.7664054449663893,1.7506618848415216,time_exit,235.49489012800348,256.10848653910534
Outcome First M15,M15,Outcome First M15,Outcome First,2026-05-04 15:00:00+00:00,2026-05-04 15:30:00+00:00,2026-05-05 08:30:00+00:00,-1,4548.198,4584.300097195122,3.0,-0.0819065990548317,-0.0945047536036332,time_exit,256.10848653910534,254.89831306829646
Outcome First M15,M15,Outcome First M15,Outcome First,2026-05-07 08:30:00+00:00,2026-05-07 09:00:00+00:00,2026-05-07 13:45:00+00:00,-1,4735.045,4754.249205744635,3.0,-1.0,-1.024656291767353,stop,254.89831306829646,241.83915505598074
Outcome First M15,M15,Outcome First M15,Outcome First,2026-05-07 15:30:00+00:00,2026-05-07 16:00:00+00:00,2026-05-08 09:00:00+00:00,-1,4738.735,4765.7730803225695,3.0,0.8595284769755034,0.8420023251797178,time_exit,241.83915505598074,252.0206115998124
Outcome First M15,M15,Outcome First M15,Outcome First,2026-05-08 14:15:00+00:00,2026-05-08 14:45:00+00:00,2026-05-11 07:45:00+00:00,-1,4717.965,4750.518212491512,3.0,1.4207507173695935,1.4062576316219726,time_exit,252.0206115998124,269.7409070192261
Outcome First M15,M15,Outcome First M15,Outcome First,2026-05-11 14:15:00+00:00,2026-05-11 14:45:00+00:00,2026-05-11 23:00:00+00:00,-1,4724.865,4749.680189521355,2.0,-1.0,-1.0190402132368723,stop,269.7409070192261,255.9970654488471
Outcome First M15,M15,Outcome First M15,Outcome First,2026-05-12 13:15:00+00:00,2026-05-12 13:45:00+00:00,2026-05-12 15:30:00+00:00,-1,4690.475,4712.544664635261,2.0,2.0,1.97874695842679,target,255.9970654488471,281.32473618000165
Outcome First M15,M15,Outcome First M15,Outcome First,2026-05-14 08:00:00+00:00,2026-05-14 08:30:00+00:00,2026-05-14 19:45:00+00:00,-1,4698.715,4719.603643955884,2.0,2.0,1.977505887840668,target,281.32473618000165,309.14080228956044
Outcome First M15,M15,Outcome First M15,Outcome First,2026-05-15 10:15:00+00:00,2026-05-15 10:45:00+00:00,2026-05-15 13:45:00+00:00,1,4551.575,4530.369548496929,3.0,-1.0,-1.0214641739617802,stop,309.14080228956044,293.35198957713106
Outcome First M15,M15,Outcome First M15,Outcome First,2026-05-19 10:30:00+00:00,2026-05-19 11:00:00+00:00,2026-05-19 11:15:00+00:00,-1,4528.925,4547.609670644094,3.0,-1.0,-1.0242387199981584,stop,293.35198957713106,278.32886626146137
Outcome First M15,M15,Outcome First M15,Outcome First,2026-05-20 13:30:00+00:00,2026-05-20 14:00:00+00:00,2026-05-20 14:30:00+00:00,-1,4489.665,4506.907880562663,2.0,-1.0,-1.0260377898210447,stop,278.32886626146137,264.05006952234606
Outcome First M15,M15,Outcome First M15,Outcome First,2026-05-21 08:00:00+00:00,2026-05-21 08:30:00+00:00,2026-05-21 10:30:00+00:00,1,4534.085,4510.89020372813,3.0,-1.0,-1.0195478543844712,stop,264.05006952234606,250.58948543076716
Outcome First M15,M15,Outcome First M15,Outcome First,2026-05-22 10:30:00+00:00,2026-05-22 11:00:00+00:00,2026-05-24 22:15:00+00:00,-1,4512.188,4537.454094267749,3.0,-1.0,-1.0178586684280668,stop,250.58948543076716,237.8362514326354
Outcome First M15,M15,Outcome First M15,Outcome First,2026-05-26 11:15:00+00:00,2026-05-26 11:45:00+00:00,2026-05-27 04:45:00+00:00,-1,4523.375,4541.191696983941,3.0,0.8531323181676184,0.8277439142222796,time_exit,237.8362514326354,247.67962691787562
Outcome First M15,M15,Outcome First M15,Outcome First,2026-05-27 08:15:00+00:00,2026-05-27 08:45:00+00:00,2026-05-27 10:45:00+00:00,1,4488.915,4474.7945330013745,3.0,-1.0,-1.0317901313068254,stop,247.67962691787562,234.9019571788946
Outcome First M15,M15,Outcome First M15,Outcome First,2026-05-29 08:15:00+00:00,2026-05-29 08:45:00+00:00,2026-05-29 09:15:00+00:00,-1,4516.855,4527.02962862568,2.0,-1.0,-1.0443933156302105,stop,234.9019571788946,222.63545548359005
Outcome First M15,M15,Outcome First M15,Outcome First,2026-06-04 14:00:00+00:00,2026-06-04 14:30:00+00:00,2026-06-05 07:30:00+00:00,-1,4487.515,4516.275667433074,3.0,0.7148651903800118,0.6992622318935912,time_exit,222.63545548359005,230.41948375859513
Outcome First M15,M15,Outcome First M15,Outcome First,2026-06-08 14:00:00+00:00,2026-06-08 14:30:00+00:00,2026-06-09 05:45:00+00:00,-1,4319.415,4347.886050163807,3.0,-1.0,-1.0151712528169785,stop,230.41948375859513,218.72372195856244
Outcome First M15,M15,Outcome First M15,Outcome First,2026-06-09 08:15:00+00:00,2026-06-09 08:45:00+00:00,2026-06-09 14:15:00+00:00,1,4334.365,4320.061707199832,3.0,-1.0,-1.0303032669508745,stop,218.72372195856244,207.45613369388437
Outcome First M15,M15,Outcome First M15,Outcome First,2026-06-10 07:30:00+00:00,2026-06-10 08:00:00+00:00,2026-06-10 17:45:00+00:00,-1,4189.495,4217.601935558153,3.0,3.0,2.9850944440693934,target,207.45613369388437,238.41994129777095
Outcome First M15,M15,Outcome First M15,Outcome First,2026-06-11 08:30:00+00:00,2026-06-11 09:00:00+00:00,2026-06-11 17:45:00+00:00,-1,4090.395,4113.696955409787,3.0,-1.0,-1.0175538701712648,stop,238.41994129777095,226.28968459809332
Outcome First M15,M15,Outcome First M15,Outcome First,2026-06-12 15:00:00+00:00,2026-06-12 15:30:00+00:00,2026-06-15 02:30:00+00:00,1,4213.775,4175.542303374381,3.0,3.0,2.9889786089606445,target,226.28968459809332,260.1084359327009
Outcome First M15,M15,Outcome First M15,Outcome First,2026-06-16 11:15:00+00:00,2026-06-16 11:45:00+00:00,2026-06-16 13:00:00+00:00,-1,4341.925,4349.966009984204,2.0,-1.0,-1.053997259156866,stop,260.1084359327009,246.40075700486858
Outcome First M15,M15,Outcome First M15,Outcome First,2026-06-17 16:45:00+00:00,2026-06-17 17:15:00+00:00,2026-06-17 17:45:00+00:00,-1,4359.278,4367.187271023949,3.0,-1.0,-1.055116052880229,stop,246.40075700486858,233.4016872969847
Outcome First M15,M15,Outcome First M15,Outcome First,2026-06-19 10:00:00+00:00,2026-06-19 10:30:00+00:00,2026-06-19 13:00:00+00:00,-1,4155.005,4171.538358662238,3.0,-1.0,-1.0251310401285247,stop,233.4016872969847,221.43832157365918
Outcome First M15,M15,Outcome First M15,Outcome First,2026-06-23 14:30:00+00:00,2026-06-23 15:00:00+00:00,2026-06-24 02:45:00+00:00,-1,4125.975,4145.9299955501665,3.0,3.0,2.979323598496289,target,221.43832157365918,254.42514242744983
Outcome First M15,M15,Outcome First M15,Outcome First,2026-06-24 07:45:00+00:00,2026-06-24 08:15:00+00:00,2026-06-24 12:30:00+00:00,-1,4074.665,4095.3546731584806,3.0,3.0,2.980305802954022,target,254.42514242744983,292.33837884714643
Outcome First M15,M15,Outcome First M15,Outcome First,2026-06-25 16:45:00+00:00,2026-06-25 17:15:00+00:00,2026-06-26 02:45:00+00:00,-1,4028.485,4045.0880950187407,2.0,2.0,1.9757365419191246,target,292.33837884714643,321.2175597318316
Outcome First M15,M15,Outcome First M15,Outcome First,2026-07-08 10:30:00+00:00,2026-07-08 11:00:00+00:00,2026-07-08 14:45:00+00:00,1,4056.915,4039.27081047798,2.0,-1.0,-1.0229929235057067,stop,321.2175597318316,304.7873952062598
Outcome First M15,M15,Outcome First M15,Outcome First,2026-07-13 13:30:00+00:00,2026-07-13 14:00:00+00:00,2026-07-13 14:30:00+00:00,-1,4054.585,4068.1897622056013,3.0,3.0,2.9701973107745268,target,304.7873952062598,350.0513302862401
Outcome First M15,M15,Outcome First M15,Outcome First,2026-07-16 09:30:00+00:00,2026-07-16 10:00:00+00:00,2026-07-16 11:30:00+00:00,-1,4033.995,4038.081013408182,3.0,3.0,2.9012730846178347,target,350.0513302862401,400.8310554259469
Outcome First M15,M15,Outcome First M15,Outcome First,2026-07-17 10:45:00+00:00,2026-07-17 11:15:00+00:00,2026-07-17 13:15:00+00:00,-1,3990.635,4000.1590683344125,3.0,3.0,2.9580994711516184,target,400.8310554259469,460.11596207977874
Outcome First M15,M15,Outcome First M15,Outcome First,2026-07-21 07:15:00+00:00,2026-07-21 07:45:00+00:00,2026-07-21 18:30:00+00:00,-1,4069.375,4084.480374317168,2.0,-1.0,-1.026939914990223,stop,460.11596207977874,436.4903897305861
Outcome First M15,M15,Outcome First M15,Outcome First,2026-07-22 16:15:00+00:00,2026-07-22 16:45:00+00:00,2026-07-23 07:45:00+00:00,-1,4149.035,4166.623599049952,3.0,3.0,2.9764106567656885,target,436.4903897305861,501.44912210908234
Outcome First M15,M15,Outcome First M15,Outcome First,2026-07-23 14:30:00+00:00,2026-07-23 15:00:00+00:00,2026-07-24 03:00:00+00:00,1,4056.865,4038.617142680189,2.0,-1.0,-1.0222320074565447,stop,501.44912210908234,475.81925497253786
Outcome First M15,M15,Outcome First M15,Outcome First,2026-07-27 07:45:00+00:00,2026-07-27 08:15:00+00:00,2026-07-28 01:15:00+00:00,-1,4088.875,4106.547514894255,3.0,1.762058212219856,1.7389212958020959,time_exit,475.81925497253786,517.1898667437596
Outcome First M15,M15,Outcome First M15,Outcome First,2026-07-29 10:30:00+00:00,2026-07-29 11:00:00+00:00,2026-07-29 17:15:00+00:00,-1,4027.175,4038.0558869956076,3.0,-1.0,-1.0370114587314965,stop,517.1898667437596,490.3732758361049
Outcome First M15,M15,Outcome First M15,Outcome First,2026-07-31 14:30:00+00:00,2026-07-31 15:00:00+00:00,2026-08-03 08:00:00+00:00,1,4041.245,4019.705054949538,2.0,0.9113300871479768,0.8925684561849798,time_exit,490.3732758361049,512.2578617244751
Outcome First M15,M15,Outcome First M15,Outcome First,2026-08-03 11:45:00+00:00,2026-08-03 12:15:00+00:00,2026-08-03 12:45:00+00:00,1,4062.405,4044.644813788909,3.0,-1.0,-1.0228736621999097,stop,512.2578617244751,486.05910797383467
Outcome First M15,M15,Outcome First M15,Outcome First,2026-08-04 10:45:00+00:00,2026-08-04 11:15:00+00:00,2026-08-04 12:00:00+00:00,1,4053.635,4044.8216769123355,2.0,2.0,1.95400560084228,target,486.05910797383467,533.5472189398985
Outcome First M15,M15,Outcome First M15,Outcome First,2026-08-05 07:15:00+00:00,2026-08-05 07:45:00+00:00,2026-08-05 11:30:00+00:00,-1,4164.105,4180.273340036793,3.0,-1.0,-1.0257546847142247,stop,533.5472189398985,506.18279097270613
Outcome First M15,M15,Outcome First M15,Outcome First,2026-08-06 08:00:00+00:00,2026-08-06 08:30:00+00:00,2026-08-06 13:00:00+00:00,1,4268.605,4249.840359742634,3.0,-1.0,-1.0227481312801854,stop,506.18279097270613,480.29791579502995
Outcome First M15,M15,Outcome First M15,Outcome First,2026-08-07 10:15:00+00:00,2026-08-07 10:45:00+00:00,2026-08-07 11:15:00+00:00,-1,4313.605,4321.498215967961,3.0,-1.0,-1.0546495245728589,stop,480.29791579502995,454.9706173677018
Outcome First M15,M15,Outcome First M15,Outcome First,2026-08-12 09:00:00+00:00,2026-08-12 09:30:00+00:00,2026-08-12 12:45:00+00:00,1,4412.925,4400.880163761571,3.0,-1.0,-1.0366374844177655,stop,454.9706173677018,431.38863755409915
Outcome First M15,M15,Outcome First M15,Outcome First,2026-08-13 13:30:00+00:00,2026-08-13 14:00:00+00:00,2026-08-14 07:00:00+00:00,-1,4379.395,4402.846062536898,3.0,1.8741155088751502,1.8554408966135116,time_exit,431.38863755409915,471.40944357671214
Outcome First M15,M15,Outcome First M15,Outcome First,2026-08-14 10:30:00+00:00,2026-08-14 11:00:00+00:00,2026-08-14 11:45:00+00:00,-1,4351.695,4359.122747638161,2.0,-1.0,-1.0585870066134513,stop,471.40944357671214,446.4580479884529
Outcome First M15,M15,Outcome First M15,Outcome First,2026-08-17 07:15:00+00:00,2026-08-17 07:45:00+00:00,2026-08-17 12:15:00+00:00,1,4404.755,4391.675910458786,3.0,-1.0,-1.033677841153393,stop,446.4580479884529,423.3833584279398
Outcome First M15,M15,Outcome First M15,Outcome First,2026-08-19 11:45:00+00:00,2026-08-19 12:15:00+00:00,2026-08-19 12:45:00+00:00,-1,4364.345,4374.5887533893865,2.0,-1.0,-1.0426049401435413,stop,423.3833584279398,401.31227937436313
Outcome First M15,M15,Outcome First M15,Outcome First,2026-08-21 14:15:00+00:00,2026-08-21 14:45:00+00:00,2026-08-24 07:45:00+00:00,1,4603.025,4572.071421428516,3.0,1.020883576579818,1.006012840424482,time_exit,401.31227937436313,421.4985446778945
Outcome First M15,M15,Outcome First M15,Outcome First,2026-08-25 14:15:00+00:00,2026-08-25 14:45:00+00:00,2026-08-25 19:30:00+00:00,1,4623.605,4603.765811673815,2.0,2.0,1.9766945858672176,target,421.4985446778945,463.1572392386798
Outcome First M15,M15,Outcome First M15,Outcome First,2026-08-31 12:30:00+00:00,2026-08-31 13:00:00+00:00,2026-09-01 06:00:00+00:00,-1,4440.215,4464.699707747468,3.0,0.01592830937672354,-0.0022063363204839308,time_exit,463.1572392386798,463.1061452067284
Outcome First M15,M15,Outcome First M15,Outcome First,2026-09-01 07:15:00+00:00,2026-09-01 07:45:00+00:00,2026-09-01 08:45:00+00:00,-1,4425.835,4441.179960380312,3.0,3.0,2.971157729376229,target,463.1061452067284,531.9042153493585
Outcome First M15,M15,Outcome First M15,Outcome First,2026-09-01 10:15:00+00:00,2026-09-01 10:45:00+00:00,2026-09-01 12:45:00+00:00,1,4384.815,4362.947770896012,3.0,-1.0,-1.0200519918602784,stop,531.9042153493585,504.77571763205896
Outcome First M15,M15,Outcome First M15,Outcome First,2026-09-01 16:15:00+00:00,2026-09-01 16:45:00+00:00,2026-09-02 03:45:00+00:00,-1,4352.485,4375.638339176602,3.0,3.0,2.981201480413683,target,504.77571763205896,580.0176234661377
Outcome First M15,M15,Outcome First M15,Outcome First,2026-09-02 08:45:00+00:00,2026-09-02 09:15:00+00:00,2026-09-02 11:45:00+00:00,-1,4312.705,4332.447872766048,3.0,-1.0,-1.0218443640452193,stop,580.0176234661377,550.383236486849
Outcome First M15,M15,Outcome First M15,Outcome First,2026-09-03 13:30:00+00:00,2026-09-03 14:00:00+00:00,2026-09-03 15:15:00+00:00,-1,4469.565,4497.055281824974,2.0,-1.0,-1.016258709272087,stop,550.383236486849,522.4166486109931
Outcome First M15,M15,Outcome First M15,Outcome First,2026-09-07 08:45:00+00:00,2026-09-07 09:15:00+00:00,2026-09-07 23:45:00+00:00,-1,4410.775,4424.614178045192,3.0,-1.0,-1.0318716544118194,stop,522.4166486109931,495.4633020362679
Outcome First M15,M15,Outcome First M15,Outcome First,2026-09-09 08:15:00+00:00,2026-09-09 08:45:00+00:00,2026-09-09 12:00:00+00:00,-1,4399.425,4413.250767076119,2.0,-1.0,-1.0318204767647154,stop,495.4633020362679,469.90184300994383
Outcome First M15,M15,Outcome First M15,Outcome First,2026-09-09 15:45:00+00:00,2026-09-09 16:15:00+00:00,2026-09-10 09:15:00+00:00,1,4398.335,4373.123308270434,2.0,-0.1408076870873778,-0.1582533033799251,time_exit,469.90184300994383,466.1836670639119
Outcome First M15,M15,Outcome First M15,Outcome First,2026-09-11 10:45:00+00:00,2026-09-11 11:15:00+00:00,2026-09-11 12:45:00+00:00,-1,4337.298,4350.497940843847,3.0,-1.0,-1.03285846543791,stop_same_bar,466.1836670639119,442.10857971511945
Outcome First M15,M15,Outcome First M15,Outcome First,2026-09-15 14:30:00+00:00,2026-09-15 15:00:00+00:00,2026-09-15 18:15:00+00:00,-1,4278.015,4301.242537299636,3.0,-1.0,-1.0184178587028558,stop,442.10857971511945,419.5960160617378
Outcome First M15,MTF,Outcome First MTF,Outcome First,2026-01-05 11:15:00+00:00,2026-01-05 11:45:00+00:00,2026-01-05 15:00:00+00:00,-1,4416.945,4440.459698997234,3.0,-1.0,-1.0187837615974564,stop,100.0,94.90608119201272
Outcome First M15,MTF,Outcome First MTF,Outcome First,2026-01-06 11:30:00+00:00,2026-01-06 12:00:00+00:00,2026-01-07 05:00:00+00:00,1,4461.809,4447.384784487455,4.0,0.18760119034873718,0.1566684231828588,time_exit,94.90608119201272,95.64952049655356
Outcome First M15,MTF,Outcome First MTF,Outcome First,2026-01-08 12:45:00+00:00,2026-01-08 13:15:00+00:00,2026-01-08 20:30:00+00:00,1,4427.375,4406.747743719412,2.0,2.0,1.9785362874258436,target,95.64952049655356,105.11182285541923
Outcome First M15,MTF,Outcome First MTF,Outcome First,2026-01-09 11:45:00+00:00,2026-01-09 12:15:00+00:00,2026-01-09 12:45:00+00:00,1,4474.995,4466.298939202062,4.0,-1.0,-1.0514600243027399,stop,105.11182285541923,99.58577886471602
Outcome First M15,MTF,Outcome First MTF,Outcome First,2026-01-09 13:45:00+00:00,2026-01-09 14:15:00+00:00,2026-01-12 00:45:00+00:00,1,4482.178,4457.757192841831,4.0,4.0,3.981646069390869,target,99.58577886471602,119.41154511391227
Outcome First M15,MTF,Outcome First MTF,Outcome First,2026-01-12 12:45:00+00:00,2026-01-12 13:15:00+00:00,2026-01-12 23:15:00+00:00,1,4590.285,4577.452279810825,4.0,-1.0,-1.0357701635532583,stop,119.41154511391227,113.22739933327306
Outcome First M15,MTF,Outcome First MTF,Outcome First,2026-01-13 12:45:00+00:00,2026-01-13 13:15:00+00:00,2026-01-13 20:45:00+00:00,1,4592.995,4576.9553120003175,4.0,-1.0,-1.0286351891638474,stop,113.22739933327306,107.40391496668747
Outcome First M15,MTF,Outcome First MTF,Outcome First,2026-01-15 14:15:00+00:00,2026-01-15 14:45:00+00:00,2026-01-16 07:45:00+00:00,1,4602.495,4581.303088414037,3.0,0.00802192852261041,-0.013696239663069586,time_exit,107.40391496668747,107.33036347868068
Outcome First M15,MTF,Outcome First MTF,Outcome First,2026-01-19 15:45:00+00:00,2026-01-19 16:15:00+00:00,2026-01-20 00:30:00+00:00,1,4674.085,4663.135058037149,4.0,-1.0,-1.0426859340063848,stop,107.33036347868068,101.73477046413004
Outcome First M15,MTF,Outcome First MTF,Outcome First,2026-01-21 09:15:00+00:00,2026-01-21 09:45:00+00:00,2026-01-21 14:15:00+00:00,1,4875.485,4850.019502763962,4.0,-1.0,-1.0191454537675408,stop,101.73477046413004,96.55064402369992
Outcome First M15,MTF,Outcome First MTF,Outcome First,2026-01-23 10:15:00+00:00,2026-01-23 10:45:00+00:00,2026-01-26 00:45:00+00:00,1,4929.048,4898.426853247447,4.0,4.0,3.983903124073598,target,96.55064402369992,115.78306464156671
Outcome First M15,MTF,Outcome First MTF,Outcome First,2026-01-27 09:45:00+00:00,2026-01-27 10:15:00+00:00,2026-01-27 12:00:00+00:00,1,5098.195,5071.948978458109,4.0,-1.0,-1.0194246392424198,stop,115.78306464156671,109.88145919643617
Outcome First M15,MTF,Outcome First MTF,Outcome First,2026-01-28 12:30:00+00:00,2026-01-28 13:00:00+00:00,2026-01-28 15:15:00+00:00,1,5269.395,5244.809985321155,4.0,-1.0,-1.0214333612114301,stop,109.88145919643617,104.26962978634455
Outcome First M15,MTF,Outcome First MTF,Outcome First,2026-01-29 11:30:00+00:00,2026-01-29 12:00:00+00:00,2026-01-29 15:15:00+00:00,1,5514.305,5468.287330678566,4.0,-1.0,-1.0119830167005688,stop,104.26962978634455,98.99367506127274
Outcome First M15,MTF,Outcome First MTF,Outcome First,2026-01-30 10:15:00+00:00,2026-01-30 10:45:00+00:00,2026-01-30 17:15:00+00:00,1,5058.978,4935.400580922801,2.0,-1.0,-1.0040937721776173,stop,98.99367506127274,94.0237284305728
Outcome First M15,MTF,Outcome First MTF,Outcome First,2026-02-02 10:30:00+00:00,2026-02-02 11:00:00+00:00,2026-02-02 11:15:00+00:00,-1,4672.418,4738.32452955156,3.0,-1.0,-1.0070894614415171,stop,94.0237284305728,89.28921312917934
Outcome First M15,MTF,Outcome First MTF,Outcome First,2026-02-03 09:00:00+00:00,2026-02-03 09:30:00+00:00,2026-02-03 16:30:00+00:00,-1,4915.975,4951.999579116093,3.0,-1.0,-1.0136461691451213,stop,89.28921312917934,84.7638296874606
Outcome First M15,MTF,Outcome First MTF,Outcome First,2026-02-05 09:00:00+00:00,2026-02-05 09:30:00+00:00,2026-02-06 02:30:00+00:00,-1,4862.245,4946.273119218704,4.0,0.5032839053547036,0.49749745547910323,time_exit,84.7638296874606,86.87231916676939
Outcome First M15,MTF,Outcome First MTF,Outcome First,2026-02-10 08:30:00+00:00,2026-02-10 09:00:00+00:00,2026-02-10 15:45:00+00:00,1,5048.485,5017.93539750195,4.0,-1.0,-1.0165255341712625,stop,86.87231916676939,82.45692263448456
Outcome First M15,MTF,Outcome First MTF,Outcome First,2026-02-11 09:30:00+00:00,2026-02-11 10:00:00+00:00,2026-02-11 13:45:00+00:00,1,5064.355,5044.452009286778,4.0,-1.0,-1.0254451960158717,stop,82.45692263448456,78.22916987479533
Outcome First M15,MTF,Outcome First MTF,Outcome First,2026-02-12 13:15:00+00:00,2026-02-12 13:45:00+00:00,2026-02-12 15:00:00+00:00,1,5062.125,5047.55977721388,3.0,-1.0,-1.0347548751868316,stop,78.22916987479533,74.18176912930717
Outcome First M15,MTF,Outcome First MTF,Outcome First,2026-02-13 16:00:00+00:00,2026-02-13 16:30:00+00:00,2026-02-13 16:30:00+00:00,-1,4997.275,5022.038199128185,3.0,-1.0,-1.020180248012916,stop,74.18176912930717,70.3978303478885
Outcome First M15,MTF,Outcome First MTF,Outcome First,2026-02-19 13:45:00+00:00,2026-02-19 14:15:00+00:00,2026-02-19 14:45:00+00:00,1,4996.795,4971.003308264412,3.0,-1.0,-1.0193736612984767,stop,70.3978303478885,66.80974564442869
Outcome First M15,MTF,Outcome First MTF,Outcome First,2026-02-19 15:00:00+00:00,2026-02-19 15:30:00+00:00,2026-02-20 08:30:00+00:00,1,4999.735,4961.343812083542,3.0,0.481881416127507,0.46885828433257587,time_exit,66.80974564442869,68.37596078040582
Outcome First M15,MTF,Outcome First MTF,Outcome First,2026-02-23 08:45:00+00:00,2026-02-23 09:15:00+00:00,2026-02-23 16:30:00+00:00,1,5139.925,5120.691658539846,4.0,4.0,3.9732759644981694,target,68.37596078040582,81.95978885631861
Outcome First M15,MTF,Outcome First MTF,Outcome First,2026-02-25 11:45:00+00:00,2026-02-25 12:15:00+00:00,2026-02-25 21:00:00+00:00,1,5181.295,5153.948152530059,4.0,-1.0,-1.018946589751141,stop,81.95978885631861,77.78415648872513
Outcome First M15,MTF,Outcome First MTF,Outcome First,2026-02-27 11:45:00+00:00,2026-02-27 12:15:00+00:00,2026-02-27 16:15:00+00:00,1,5185.465,5168.322730098425,4.0,4.0,3.969750417944804,target,77.78415648872513,93.22334087525515
Outcome First M15,MTF,Outcome First MTF,Outcome First,2026-03-03 15:45:00+00:00,2026-03-03 16:15:00+00:00,2026-03-04 09:15:00+00:00,1,5094.998,4991.266439899736,2.0,0.663539620280191,0.6586279058558872,time_exit,93.22334087525515,96.29331556413308
Outcome First M15,MTF,Outcome First MTF,Outcome First,2026-03-04 12:30:00+00:00,2026-03-04 13:00:00+00:00,2026-03-05 06:00:00+00:00,-1,5166.205,5207.4773389730035,2.0,0.4332199348259739,0.42070258027677027,time_exit,96.29331556413308,98.31885788019487
Outcome First M15,MTF,Outcome First MTF,Outcome First,2026-03-12 10:30:00+00:00,2026-03-12 11:00:00+00:00,2026-03-12 13:30:00+00:00,-1,5181.735,5192.158511152113,2.0,2.0,1.9502880082883625,target,98.31885788019487,107.90636235581246
Outcome First M15,MTF,Outcome First MTF,Outcome First,2026-03-13 14:00:00+00:00,2026-03-13 14:30:00+00:00,2026-03-16 07:30:00+00:00,-1,5090.095,5122.808378265805,4.0,2.686057040212514,2.6704973662508658,time_exit,107.90636235581246,122.31454517945788
Outcome First M15,MTF,Outcome First MTF,Outcome First,2026-03-16 14:30:00+00:00,2026-03-16 15:00:00+00:00,2026-03-17 04:45:00+00:00,-1,5000.825,5038.997253162894,3.0,-1.0,-1.013100680692491,stop,122.31454517945788,116.11869773046281
Outcome First M15,MTF,Outcome First MTF,Outcome First,2026-03-17 15:15:00+00:00,2026-03-17 15:45:00+00:00,2026-03-18 08:45:00+00:00,-1,4994.485,5021.566994186069,4.0,0.38054804713387624,0.36210595987218874,time_exit,116.11869773046281,118.2210613555027
Outcome First M15,MTF,Outcome First MTF,Outcome First,2026-03-18 10:15:00+00:00,2026-03-18 10:45:00+00:00,2026-03-18 12:00:00+00:00,-1,4982.295,4996.348453120249,4.0,4.0,3.9645475389047187,target,118.2210613555027,141.6557122476858
Outcome First M15,MTF,Outcome First MTF,Outcome First,2026-03-23 15:45:00+00:00,2026-03-23 16:15:00+00:00,2026-03-24 09:15:00+00:00,-1,4363.158,4509.03406290404,4.0,-0.24374800972925825,-0.24673901312840413,time_exit,141.6557122476858,139.90811271548606
Outcome First M15,MTF,Outcome First MTF,Outcome First,2026-03-26 11:45:00+00:00,2026-03-26 12:15:00+00:00,2026-03-26 14:00:00+00:00,-1,4422.775,4458.2465135434795,4.0,-1.0,-1.0124685263135973,stop,139.90811271548606,132.8254846804678
Outcome First M15,MTF,Outcome First MTF,Outcome First,2026-03-26 15:30:00+00:00,2026-03-26 16:00:00+00:00,2026-03-27 09:00:00+00:00,-1,4439.925,4481.40060181662,4.0,0.38890333819186595,0.37819843023265015,time_exit,132.8254846804678,135.33720417052
Outcome First M15,MTF,Outcome First MTF,Outcome First,2026-04-07 09:45:00+00:00,2026-04-07 10:15:00+00:00,2026-04-07 14:15:00+00:00,-1,4670.438,4695.347573037925,2.0,2.0,1.9812504293313689,target,135.33720417052,148.74404886388749
Outcome First M15,MTF,Outcome First MTF,Outcome First,2026-04-10 11:15:00+00:00,2026-04-10 11:45:00+00:00,2026-04-10 20:30:00+00:00,1,4761.405,4741.250411492884,4.0,-1.0,-1.0236244217951609,stop,148.74404886388749,141.13114681319908
Outcome First M15,MTF,Outcome First MTF,Outcome First,2026-04-15 08:45:00+00:00,2026-04-15 09:15:00+00:00,2026-04-15 09:15:00+00:00,1,4818.205,4803.332376840094,4.0,-1.0,-1.0323964706709514,stop,141.13114681319908,133.84598191961456
Outcome First M15,MTF,Outcome First MTF,Outcome First,2026-04-15 11:45:00+00:00,2026-04-15 12:15:00+00:00,2026-04-15 15:45:00+00:00,1,4812.495,4791.844560727004,4.0,-1.0,-1.0233045647909933,stop,133.84598191961456,126.99772170575085
Outcome First M15,MTF,Outcome First MTF,Outcome First,2026-04-16 10:45:00+00:00,2026-04-16 11:15:00+00:00,2026-04-16 14:00:00+00:00,1,4817.035,4804.094671369596,4.0,-1.0,-1.0372249819736576,stop,126.99772170575085,120.4114612254037
Outcome First M15,MTF,Outcome First MTF,Outcome First,2026-04-16 14:00:00+00:00,2026-04-16 14:30:00+00:00,2026-04-17 07:30:00+00:00,-1,4800.595,4824.590062660631,2.0,0.3792446858215971,0.3592380908487217,time_exit,120.4114612254037,122.57428039774966
Outcome First M15,MTF,Outcome First MTF,Outcome First,2026-04-20 15:00:00+00:00,2026-04-20 15:30:00+00:00,2026-04-20 22:15:00+00:00,-1,4798.005,4828.507177025809,2.0,-1.0,-1.0157300411571941,stop,122.57428039774966,116.34916145408867
Outcome First M15,MTF,Outcome First MTF,Outcome First,2026-04-21 13:45:00+00:00,2026-04-21 14:15:00+00:00,2026-04-21 14:45:00+00:00,1,4778.795,4758.437438303621,2.0,-1.0,-1.0234742994827815,stop,116.34916145408867,110.39514262835705
Outcome First M15,MTF,Outcome First MTF,Outcome First,2026-04-22 13:45:00+00:00,2026-04-22 14:15:00+00:00,2026-04-22 14:45:00+00:00,1,4752.685,4735.3505886271005,2.0,-1.0,-1.027417631310113,stop,110.39514262835705,104.72404683098861
Outcome First M15,MTF,Outcome First MTF,Outcome First,2026-04-23 07:15:00+00:00,2026-04-23 07:45:00+00:00,2026-04-23 08:15:00+00:00,-1,4705.785,4721.9545135973085,4.0,-1.0,-1.029102823481241,stop,104.72404683098861,99.33545621698102
Outcome First M15,MTF,Outcome First MTF,Outcome First,2026-04-23 08:30:00+00:00,2026-04-23 09:00:00+00:00,2026-04-23 12:15:00+00:00,-1,4703.545,4725.607936596517,4.0,-1.0,-1.021318762257344,stop,99.33545621698102,94.26279795739123
Outcome First M15,MTF,Outcome First MTF,Outcome First,2026-04-23 13:15:00+00:00,2026-04-23 13:45:00+00:00,2026-04-23 17:45:00+00:00,-1,4727.285,4744.0052511936765,3.0,3.0,2.971727189111921,target,94.26279795739123,108.26896393797838
Outcome First M15,MTF,Outcome First MTF,Outcome First,2026-04-24 09:15:00+00:00,2026-04-24 09:45:00+00:00,2026-04-24 11:15:00+00:00,-1,4683.105,4698.174373310832,4.0,-1.0,-1.0310769725017928,stop,108.26896393797838,102.68728216032456
Outcome First M15,MTF,Outcome First MTF,Outcome First,2026-04-27 12:30:00+00:00,2026-04-27 13:00:00+00:00,2026-04-28 05:45:00+00:00,-1,4698.585,4713.148868309352,4.0,4.0,3.967738069994887,target,102.68728216032456,123.05909409691589
Outcome First M15,MTF,Outcome First MTF,Outcome First,2026-05-01 14:45:00+00:00,2026-05-01 15:15:00+00:00,2026-05-04 08:15:00+00:00,-1,4631.965,4661.386331409556,3.0,1.7664054449663893,1.7506618848415216,time_exit,123.05909409691589,133.8308373778457
Outcome First M15,MTF,Outcome First MTF,Outcome First,2026-05-04 15:00:00+00:00,2026-05-04 15:30:00+00:00,2026-05-05 08:30:00+00:00,-1,4548.198,4584.300097195122,4.0,-0.0819065990548317,-0.0945047536036332,time_exit,133.8308373778457,133.19845486229767
Outcome First M15,MTF,Outcome First MTF,Outcome First,2026-05-07 11:45:00+00:00,2026-05-07 12:15:00+00:00,2026-05-07 16:15:00+00:00,1,4742.785,4726.204525792646,4.0,-1.0,-1.0286046402574924,stop,133.19845486229767,126.34802742497328
Outcome First M15,MTF,Outcome First MTF,Outcome First,2026-05-11 14:15:00+00:00,2026-05-11 14:45:00+00:00,2026-05-11 23:00:00+00:00,-1,4724.865,4749.680189521355,2.0,-1.0,-1.0190402132368723,stop,126.34802742497328,119.91034138451313
Outcome First M15,MTF,Outcome First MTF,Outcome First,2026-05-12 13:15:00+00:00,2026-05-12 13:45:00+00:00,2026-05-12 15:30:00+00:00,-1,4690.475,4712.544664635261,2.0,2.0,1.97874695842679,target,119.91034138451313,131.77395254943931
Outcome First M15,MTF,Outcome First MTF,Outcome First,2026-05-14 08:00:00+00:00,2026-05-14 08:30:00+00:00,2026-05-14 19:45:00+00:00,-1,4698.715,4719.603643955884,2.0,2.0,1.977505887840668,target,131.77395254943931,144.80314090096698
Outcome First M15,MTF,Outcome First MTF,Outcome First,2026-05-15 13:30:00+00:00,2026-05-15 14:00:00+00:00,2026-05-15 14:30:00+00:00,-1,4519.785,4560.027336533821,4.0,-1.0,-1.0112314179277375,stop,144.80314090096698,137.48166662628324
Outcome First M15,MTF,Outcome First MTF,Outcome First,2026-05-19 10:30:00+00:00,2026-05-19 11:00:00+00:00,2026-05-19 11:15:00+00:00,-1,4528.925,4547.609670644094,4.0,-1.0,-1.0242387199981584,stop,137.48166662628324,130.44096431385734
Outcome First M15,MTF,Outcome First MTF,Outcome First,2026-05-20 13:30:00+00:00,2026-05-20 14:00:00+00:00,2026-05-20 14:30:00+00:00,-1,4489.665,4506.907880562663,3.0,-1.0,-1.0260377898210447,stop,130.44096431385734,123.74909637752154
Outcome First M15,MTF,Outcome First MTF,Outcome First,2026-05-21 08:00:00+00:00,2026-05-21 08:30:00+00:00,2026-05-21 10:30:00+00:00,1,4534.085,4510.89020372813,3.0,-1.0,-1.0195478543844712,stop,123.74909637752154,117.44069009283558
Outcome First M15,MTF,Outcome First MTF,Outcome First,2026-05-22 10:30:00+00:00,2026-05-22 11:00:00+00:00,2026-05-24 22:15:00+00:00,-1,4512.188,4537.454094267749,3.0,-1.0,-1.0178586684280668,stop,117.44069009283558,111.46378887097724
Outcome First M15,MTF,Outcome First MTF,Outcome First,2026-05-26 11:15:00+00:00,2026-05-26 11:45:00+00:00,2026-05-27 04:45:00+00:00,-1,4523.375,4541.191696983941,4.0,0.8531323181676184,0.8277439142222796,time_exit,111.46378887097724,116.07696251568267
Outcome First M15,MTF,Outcome First MTF,Outcome First,2026-05-27 10:00:00+00:00,2026-05-27 10:30:00+00:00,2026-05-27 12:00:00+00:00,-1,4485.295,4499.399638449108,4.0,4.0,3.9681998583928,target,116.07696251568267,139.10779182655259
Outcome First M15,MTF,Outcome First MTF,Outcome First,2026-05-29 08:15:00+00:00,2026-05-29 08:45:00+00:00,2026-05-29 09:15:00+00:00,-1,4516.855,4527.02962862568,2.0,-1.0,-1.0443933156302105,stop,139.10779182655259,131.84362942976608
Outcome First M15,MTF,Outcome First MTF,Outcome First,2026-06-04 14:00:00+00:00,2026-06-04 14:30:00+00:00,2026-06-05 07:30:00+00:00,-1,4487.515,4516.275667433074,3.0,0.7148651903800118,0.6992622318935912,time_exit,131.84362942976608,136.45329295856658
Outcome First M15,MTF,Outcome First MTF,Outcome First,2026-06-08 14:00:00+00:00,2026-06-08 14:30:00+00:00,2026-06-09 05:45:00+00:00,-1,4319.415,4347.886050163807,4.0,-1.0,-1.0151712528169785,stop,136.45329295856658,129.52711994037907
Outcome First M15,MTF,Outcome First MTF,Outcome First,2026-06-09 13:30:00+00:00,2026-06-09 14:00:00+00:00,2026-06-09 14:00:00+00:00,-1,4330.015,4346.27658069753,3.0,-1.0,-1.026627270008614,stop,129.52711994037907,122.87831626355559
Outcome First M15,MTF,Outcome First MTF,Outcome First,2026-06-10 07:30:00+00:00,2026-06-10 08:00:00+00:00,2026-06-10 20:15:00+00:00,-1,4189.495,4217.601935558153,4.0,4.0,3.9850944440693934,target,122.87831626355559,147.36240103548045
Outcome First M15,MTF,Outcome First MTF,Outcome First,2026-06-11 08:30:00+00:00,2026-06-11 09:00:00+00:00,2026-06-11 17:45:00+00:00,-1,4090.395,4113.696955409787,4.0,-1.0,-1.0175538701712648,stop,147.36240103548045,139.8649419609113
Outcome First M15,MTF,Outcome First MTF,Outcome First,2026-06-12 15:00:00+00:00,2026-06-12 15:30:00+00:00,2026-06-15 02:30:00+00:00,1,4213.775,4175.542303374381,3.0,3.0,2.9889786089606445,target,139.8649419609113,160.7676079441456
Outcome First M15,MTF,Outcome First MTF,Outcome First,2026-06-16 11:15:00+00:00,2026-06-16 11:45:00+00:00,2026-06-16 13:00:00+00:00,-1,4341.925,4349.966009984204,2.0,-1.0,-1.053997259156866,stop,160.7676079441456,152.29517703742883
Outcome First M15,MTF,Outcome First MTF,Outcome First,2026-06-19 10:00:00+00:00,2026-06-19 10:30:00+00:00,2026-06-19 13:00:00+00:00,-1,4155.005,4171.538358662238,4.0,-1.0,-1.0251310401285247,stop,152.29517703742883,144.48905137528197
Outcome First M15,MTF,Outcome First MTF,Outcome First,2026-06-23 14:30:00+00:00,2026-06-23 15:00:00+00:00,2026-06-24 08:00:00+00:00,-1,4125.975,4145.9299955501665,4.0,2.5687803272686502,2.548103925764939,time_exit,144.48905137528197,162.89770732725236
Outcome First M15,MTF,Outcome First MTF,Outcome First,2026-06-24 09:15:00+00:00,2026-06-24 09:45:00+00:00,2026-06-24 13:00:00+00:00,-1,4069.125,4088.4223568950883,4.0,4.0,3.978913563022531,target,162.89770732725236,195.3055021807363
Outcome First M15,MTF,Outcome First MTF,Outcome First,2026-06-25 16:45:00+00:00,2026-06-25 17:15:00+00:00,2026-06-26 09:30:00+00:00,-1,4028.485,4045.0880950187407,3.0,-1.0,-1.0242634580808754,stop,195.3055021807363,185.30328772844317
Outcome First M15,MTF,Outcome First MTF,Outcome First,2026-07-08 10:30:00+00:00,2026-07-08 11:00:00+00:00,2026-07-08 14:45:00+00:00,1,4056.915,4039.27081047798,2.0,-1.0,-1.0229929235057067,stop,185.30328772844317,175.8250901260162
Outcome First M15,MTF,Outcome First MTF,Outcome First,2026-07-13 13:30:00+00:00,2026-07-13 14:00:00+00:00,2026-07-13 14:45:00+00:00,-1,4054.585,4068.1897622056013,4.0,4.0,3.9701973107745268,target,175.8250901260162,210.7281051252661
Outcome First M15,MTF,Outcome First MTF,Outcome First,2026-07-16 09:30:00+00:00,2026-07-16 10:00:00+00:00,2026-07-16 12:00:00+00:00,-1,4033.995,4038.081013408182,4.0,-1.0,-1.0987269153821655,stop,210.7281051252661,199.15147307883547
Outcome First M15,MTF,Outcome First MTF,Outcome First,2026-07-17 10:45:00+00:00,2026-07-17 11:15:00+00:00,2026-07-17 13:45:00+00:00,-1,3990.635,4000.1590683344125,4.0,-1.0,-1.0419005288483816,stop,199.15147307883547,188.77667182274683
Outcome First M15,MTF,Outcome First MTF,Outcome First,2026-07-21 07:15:00+00:00,2026-07-21 07:45:00+00:00,2026-07-21 18:30:00+00:00,-1,4069.375,4084.480374317168,2.0,-1.0,-1.026939914990223,stop,188.77667182274683,179.08355685705737
Outcome First M15,MTF,Outcome First MTF,Outcome First,2026-07-23 14:30:00+00:00,2026-07-23 15:00:00+00:00,2026-07-24 03:00:00+00:00,1,4056.865,4038.617142680189,2.0,-1.0,-1.0222320074565447,stop,179.08355685705737,169.93030966563498
Outcome First M15,MTF,Outcome First MTF,Outcome First,2026-07-27 10:30:00+00:00,2026-07-27 11:00:00+00:00,2026-07-27 12:30:00+00:00,1,4100.185,4085.7040479451607,4.0,-1.0,-1.0283143330940707,stop,169.93030966563498,161.19322101282066
Outcome First M15,MTF,Outcome First MTF,Outcome First,2026-07-27 15:00:00+00:00,2026-07-27 15:30:00+00:00,2026-07-28 00:15:00+00:00,1,4075.695,4064.259385641956,3.0,-1.0,-1.0356403676478747,stop,161.19322101282066,152.84631067921754
Outcome First M15,MTF,Outcome First MTF,Outcome First,2026-07-29 10:30:00+00:00,2026-07-29 11:00:00+00:00,2026-07-29 17:15:00+00:00,-1,4027.175,4038.0558869956076,4.0,-1.0,-1.0370114587314965,stop,152.84631067921754,144.9211418992584
Outcome First M15,MTF,Outcome First MTF,Outcome First,2026-07-31 14:30:00+00:00,2026-07-31 15:00:00+00:00,2026-08-03 08:00:00+00:00,1,4041.245,4019.705054949538,2.0,0.9113300871479768,0.8925684561849798,time_exit,144.9211418992584,151.3887438939377
Outcome First M15,MTF,Outcome First MTF,Outcome First,2026-08-03 11:45:00+00:00,2026-08-03 12:15:00+00:00,2026-08-03 12:45:00+00:00,1,4062.405,4044.644813788909,3.0,-1.0,-1.0228736621999097,stop,151.3887438939377,143.64616594980586
Outcome First M15,MTF,Outcome First MTF,Outcome First,2026-08-04 10:45:00+00:00,2026-08-04 11:15:00+00:00,2026-08-04 12:00:00+00:00,1,4053.635,4044.8216769123355,2.0,2.0,1.95400560084228,target,143.64616594980586,157.68043659007787
Outcome First M15,MTF,Outcome First MTF,Outcome First,2026-08-05 10:45:00+00:00,2026-08-05 11:15:00+00:00,2026-08-05 12:30:00+00:00,1,4161.345,4149.387379836727,4.0,4.0,3.9651992207213516,target,157.68043659007787,188.94215380457683
Outcome First M15,MTF,Outcome First MTF,Outcome First,2026-08-06 08:00:00+00:00,2026-08-06 08:30:00+00:00,2026-08-06 13:00:00+00:00,1,4268.605,4249.840359742634,4.0,-1.0,-1.0227481312801854,stop,188.94215380457683,179.28014206839262
Outcome First M15,MTF,Outcome First MTF,Outcome First,2026-08-12 09:00:00+00:00,2026-08-12 09:30:00+00:00,2026-08-12 12:45:00+00:00,1,4412.925,4400.880163761571,4.0,-1.0,-1.0366374844177655,stop,179.28014206839262,169.9877162944007
Outcome First M15,MTF,Outcome First MTF,Outcome First,2026-08-13 16:45:00+00:00,2026-08-13 17:15:00+00:00,2026-08-13 19:15:00+00:00,1,4366.855,4349.903083850046,2.0,-1.0,-1.0257602442188336,stop,169.9877162944007,161.2693842253834
Outcome First M15,MTF,Outcome First MTF,Outcome First,2026-08-14 10:30:00+00:00,2026-08-14 11:00:00+00:00,2026-08-14 11:45:00+00:00,-1,4351.695,4359.122747638161,2.0,-1.0,-1.0585870066134513,stop,161.2693842253834,152.73350049010622
Outcome First M15,MTF,Outcome First MTF,Outcome First,2026-08-17 07:15:00+00:00,2026-08-17 07:45:00+00:00,2026-08-17 12:15:00+00:00,1,4404.755,4391.675910458786,4.0,-1.0,-1.033677841153393,stop,152.73350049010622,144.83963873718554
Outcome First M15,MTF,Outcome First MTF,Outcome First,2026-08-19 11:45:00+00:00,2026-08-19 12:15:00+00:00,2026-08-19 12:45:00+00:00,-1,4364.345,4374.5887533893865,2.0,-1.0,-1.0426049401435413,stop,144.83963873718554,137.28911259338577
Outcome First M15,MTF,Outcome First MTF,Outcome First,2026-08-21 14:15:00+00:00,2026-08-21 14:45:00+00:00,2026-08-24 07:45:00+00:00,1,4603.025,4572.071421428516,4.0,1.020883576579818,1.006012840424482,time_exit,137.28911259338577,144.1948430993572
Outcome First M15,MTF,Outcome First MTF,Outcome First,2026-08-25 14:15:00+00:00,2026-08-25 14:45:00+00:00,2026-08-26 07:45:00+00:00,1,4623.605,4603.765811673815,3.0,0.40173014485078784,0.3784247307180053,time_exit,144.1948430993572,146.92318783289716
Outcome First M15,MTF,Outcome First MTF,Outcome First,2026-08-31 12:30:00+00:00,2026-08-31 13:00:00+00:00,2026-09-01 06:00:00+00:00,-1,4440.215,4464.699707747468,4.0,0.01592830937672354,-0.0022063363204839308,time_exit,146.92318783289716,146.9069797346153
Outcome First M15,MTF,Outcome First MTF,Outcome First,2026-09-01 07:15:00+00:00,2026-09-01 07:45:00+00:00,2026-09-01 10:00:00+00:00,-1,4425.835,4441.179960380312,4.0,4.0,3.971157729376229,target,146.9069797346153,176.07651913823702
Outcome First M15,MTF,Outcome First MTF,Outcome First,2026-09-01 11:45:00+00:00,2026-09-01 12:15:00+00:00,2026-09-02 00:15:00+00:00,-1,4374.235,4388.117807386696,4.0,4.0,3.9684917115237672,target,176.07651913823702,211.0144294779395
Outcome First M15,MTF,Outcome First MTF,Outcome First,2026-09-02 08:45:00+00:00,2026-09-02 09:15:00+00:00,2026-09-02 11:45:00+00:00,-1,4312.705,4332.447872766048,4.0,-1.0,-1.0218443640452193,stop,211.0144294779395,200.233234203227
Outcome First M15,MTF,Outcome First MTF,Outcome First,2026-09-03 13:30:00+00:00,2026-09-03 14:00:00+00:00,2026-09-03 15:15:00+00:00,-1,4469.565,4497.055281824974,2.0,-1.0,-1.016258709272087,stop,200.233234203227,190.05879579598965
Outcome First M15,MTF,Outcome First MTF,Outcome First,2026-09-07 08:45:00+00:00,2026-09-07 09:15:00+00:00,2026-09-07 23:45:00+00:00,-1,4410.775,4424.614178045192,4.0,-1.0,-1.0318716544118194,stop,190.05879579598965,180.25298159331334
Outcome First M15,MTF,Outcome First MTF,Outcome First,2026-09-09 08:15:00+00:00,2026-09-09 08:45:00+00:00,2026-09-09 12:00:00+00:00,-1,4399.425,4413.250767076119,2.0,-1.0,-1.0318204767647154,stop,180.25298159331334,170.95354572301963
Outcome First M15,MTF,Outcome First MTF,Outcome First,2026-09-09 15:45:00+00:00,2026-09-09 16:15:00+00:00,2026-09-10 09:15:00+00:00,1,4398.335,4373.123308270434,2.0,-0.1408076870873778,-0.1582533033799251,time_exit,170.95354572301963,169.60084755626067
Outcome First M15,MTF,Outcome First MTF,Outcome First,2026-09-11 10:45:00+00:00,2026-09-11 11:15:00+00:00,2026-09-11 12:45:00+00:00,-1,4337.298,4350.497940843847,4.0,-1.0,-1.03285846543791,stop,169.60084755626067,160.84216399906427
Outcome First M15,MTF,Outcome First MTF,Outcome First,2026-09-15 14:30:00+00:00,2026-09-15 15:00:00+00:00,2026-09-15 18:15:00+00:00,-1,4278.015,4301.242537299636,3.0,-1.0,-1.0184178587028558,stop,160.84216399906427,152.65193738661125
Structural Frequency M15,M15,Structural Frequency M15,Structural Frequency,2026-01-02 14:45:00+00:00,2026-01-02 15:15:00+00:00,2026-01-05 00:15:00+00:00,-1,4352.955,4378.587032157783,3.0,-1.0,-1.0169824810346855,stop,100.0,94.91508759482657
Structural Frequency M15,M15,Structural Frequency M15,Structural Frequency,2026-01-05 14:15:00+00:00,2026-01-05 14:45:00+00:00,2026-01-06 07:45:00+00:00,1,4420.905,4395.119315815294,3.0,1.6811653974150524,1.6640205934675112,time_exit,94.91508759482657,102.81212061425478
Structural Frequency M15,M15,Structural Frequency M15,Structural Frequency,2026-01-06 11:30:00+00:00,2026-01-06 12:00:00+00:00,2026-01-07 05:00:00+00:00,1,4461.809,4447.384784487455,3.0,0.18760119034873718,0.1566684231828588,time_exit,102.81212061425478,103.61749125529083
Structural Frequency M15,M15,Structural Frequency M15,Structural Frequency,2026-01-07 07:30:00+00:00,2026-01-07 08:00:00+00:00,2026-01-07 12:30:00+00:00,1,4458.665,4440.452797990826,2.0,-1.0,-1.024481745797428,stop,103.61749125529083,98.30977983847232
Structural Frequency M15,M15,Structural Frequency M15,Structural Frequency,2026-01-07 16:45:00+00:00,2026-01-07 17:15:00+00:00,2026-01-08 02:45:00+00:00,1,4463.875,4439.0761888645275,3.0,-1.0,-1.0180003588704896,stop,98.30977983847232,93.30581028067014
Structural Frequency M15,M15,Structural Frequency M15,Structural Frequency,2026-01-09 13:45:00+00:00,2026-01-09 14:15:00+00:00,2026-01-12 00:30:00+00:00,1,4482.178,4457.757192841831,3.0,3.0,2.981646069390869,target,93.30581028067014,107.21605540440466
Structural Frequency M15,M15,Structural Frequency M15,Structural Frequency,2026-01-12 12:45:00+00:00,2026-01-12 13:15:00+00:00,2026-01-12 16:15:00+00:00,1,4590.285,4577.452279810825,3.0,3.0,2.9642298364467417,target,107.21605540440466,123.10670692319782
Structural Frequency M15,M15,Structural Frequency M15,Structural Frequency,2026-01-15 14:15:00+00:00,2026-01-15 14:45:00+00:00,2026-01-16 07:45:00+00:00,1,4602.495,4581.303088414037,3.0,0.00802192852261041,-0.013696239663069586,time_exit,123.10670692319782,123.02240197509025
Structural Frequency M15,M15,Structural Frequency M15,Structural Frequency,2026-01-19 12:30:00+00:00,2026-01-19 13:00:00+00:00,2026-01-20 06:00:00+00:00,1,4671.465,4658.80448262264,3.0,3.0,2.963102100326852,target,123.02240197509025,141.24879885907245
Structural Frequency M15,M15,Structural Frequency M15,Structural Frequency,2026-01-22 14:45:00+00:00,2026-01-22 15:15:00+00:00,2026-01-22 18:15:00+00:00,1,4834.498,4809.584054275333,3.0,3.0,2.9805952134060663,target,141.24879885907245,162.2990735480078
Structural Frequency M15,M15,Structural Frequency M15,Structural Frequency,2026-01-23 10:15:00+00:00,2026-01-23 10:45:00+00:00,2026-01-25 23:15:00+00:00,1,4929.048,4898.426853247447,2.0,2.0,1.9839031240735976,target,162.2990735480078,178.39835550031498
Structural Frequency M15,M15,Structural Frequency M15,Structural Frequency,2026-01-26 14:30:00+00:00,2026-01-26 15:00:00+00:00,2026-01-26 19:15:00+00:00,1,5081.845,5053.148077288922,3.0,-1.0,-1.0177086757739293,stop,178.39835550031498,169.32047779349136
Structural Frequency M15,M15,Structural Frequency M15,Structural Frequency,2026-01-27 12:45:00+00:00,2026-01-27 13:15:00+00:00,2026-01-27 14:15:00+00:00,1,5084.835,5065.817704871546,3.0,-1.0,-1.0267379507214567,stop,169.32047779349136,160.628089774248
Structural Frequency M15,M15,Structural Frequency M15,Structural Frequency,2026-01-27 15:45:00+00:00,2026-01-27 16:15:00+00:00,2026-01-28 02:00:00+00:00,1,5090.575,5045.9684976196795,3.0,3.0,2.9885878185278973,target,160.628089774248,184.63064739488414
Structural Frequency M15,M15,Structural Frequency M15,Structural Frequency,2026-01-28 12:30:00+00:00,2026-01-28 13:00:00+00:00,2026-01-28 15:15:00+00:00,1,5269.395,5244.809985321155,2.0,-1.0,-1.0214333612114301,stop,184.63064739488414,175.2012522573242
Structural Frequency M15,M15,Structural Frequency M15,Structural Frequency,2026-01-28 16:15:00+00:00,2026-01-28 16:45:00+00:00,2026-01-28 23:15:00+00:00,1,5287.265,5233.357980896434,3.0,3.0,2.9901918802265026,target,175.2012522573242,201.3955203525925
Structural Frequency M15,M15,Structural Frequency M15,Structural Frequency,2026-01-29 11:30:00+00:00,2026-01-29 12:00:00+00:00,2026-01-29 15:15:00+00:00,1,5514.305,5468.287330678566,3.0,-1.0,-1.0119830167005688,stop,201.3955203525925,191.20507804077266
Structural Frequency M15,M15,Structural Frequency M15,Structural Frequency,2026-02-02 10:30:00+00:00,2026-02-02 11:00:00+00:00,2026-02-02 11:15:00+00:00,-1,4672.418,4738.32452955156,2.0,-1.0,-1.0070894614415171,stop,191.20507804077266,181.57704708732442
Structural Frequency M15,M15,Structural Frequency M15,Structural Frequency,2026-02-02 13:30:00+00:00,2026-02-02 14:00:00+00:00,2026-02-03 00:30:00+00:00,-1,4684.959,4816.921213353567,2.0,-1.0,-1.003550227660586,stop,181.57704708732442,172.46596274020334
Structural Frequency M15,M15,Structural Frequency M15,Structural Frequency,2026-02-03 09:00:00+00:00,2026-02-03 09:30:00+00:00,2026-02-03 16:30:00+00:00,-1,4915.975,4951.999579116093,2.0,-1.0,-1.0136461691451213,stop,172.46596274020334,163.72498961822672
Structural Frequency M15,M15,Structural Frequency M15,Structural Frequency,2026-02-05 09:00:00+00:00,2026-02-05 09:30:00+00:00,2026-02-06 02:30:00+00:00,-1,4862.245,4946.273119218704,3.0,0.5032839053547036,0.49749745547910323,time_exit,163.72498961822672,167.79762790489724
Structural Frequency M15,M15,Structural Frequency M15,Structural Frequency,2026-02-09 11:30:00+00:00,2026-02-09 12:00:00+00:00,2026-02-09 16:15:00+00:00,1,5008.385,4980.554310417192,2.0,2.0,1.98200409305311,target,167.79762790489724,184.4264071705027
Structural Frequency M15,M15,Structural Frequency M15,Structural Frequency,2026-02-10 13:30:00+00:00,2026-02-10 14:00:00+00:00,2026-02-10 15:45:00+00:00,1,5052.705,5018.041197075269,2.0,-1.0,-1.0145763146962596,stop,184.4264071705027,175.07067394451667
Structural Frequency M15,M15,Structural Frequency M15,Structural Frequency,2026-02-12 13:15:00+00:00,2026-02-12 13:45:00+00:00,2026-02-12 15:00:00+00:00,1,5062.125,5047.55977721388,3.0,-1.0,-1.0347548751868316,stop,175.07067394451667,166.0129122762
Structural Frequency M15,M15,Structural Frequency M15,Structural Frequency,2026-02-13 16:00:00+00:00,2026-02-13 16:30:00+00:00,2026-02-13 16:30:00+00:00,-1,4997.275,5022.038199128185,3.0,-1.0,-1.020180248012916,stop,166.0129122762,157.544757575236
Structural Frequency M15,M15,Structural Frequency M15,Structural Frequency,2026-02-16 11:15:00+00:00,2026-02-16 11:45:00+00:00,2026-02-16 15:15:00+00:00,-1,5004.845,5017.821491810377,2.0,2.0,1.9614314479357362,target,157.544757575236,172.99541967350999
Structural Frequency M15,M15,Structural Frequency M15,Structural Frequency,2026-02-18 08:00:00+00:00,2026-02-18 08:30:00+00:00,2026-02-18 13:00:00+00:00,-1,4929.095,4942.926216534702,2.0,-1.0,-1.0356374653497273,stop,172.99541967350999,164.03739277612067
Structural Frequency M15,M15,Structural Frequency M15,Structural Frequency,2026-02-19 13:45:00+00:00,2026-02-19 14:15:00+00:00,2026-02-19 14:45:00+00:00,1,4996.795,4971.003308264412,2.0,-1.0,-1.0193736612984767,stop,164.03739277612067,155.67662289291815
Structural Frequency M15,M15,Structural Frequency M15,Structural Frequency,2026-02-19 15:00:00+00:00,2026-02-19 15:30:00+00:00,2026-02-20 08:30:00+00:00,1,4999.735,4961.343812083542,2.0,0.481881416127507,0.46885828433257587,time_exit,155.67662289291815,159.3261366089313
Structural Frequency M15,M15,Structural Frequency M15,Structural Frequency,2026-02-23 08:45:00+00:00,2026-02-23 09:15:00+00:00,2026-02-23 15:00:00+00:00,1,5139.925,5120.691658539846,3.0,3.0,2.9732759644981694,target,159.3261366089313,183.01216523371565
Structural Frequency M15,M15,Structural Frequency M15,Structural Frequency,2026-02-24 07:30:00+00:00,2026-02-24 08:00:00+00:00,2026-02-24 12:30:00+00:00,1,5179.515,5155.143262192281,2.0,-1.0,-1.0212521365561364,stop,183.01216523371565,173.66708699568082
Structural Frequency M15,M15,Structural Frequency M15,Structural Frequency,2026-02-24 14:45:00+00:00,2026-02-24 15:15:00+00:00,2026-02-25 05:45:00+00:00,1,5127.615,5091.688360212849,2.0,2.0,1.9857275408154538,target,173.66708699568082,190.90986287470665
Structural Frequency M15,M15,Structural Frequency M15,Structural Frequency,2026-02-25 11:45:00+00:00,2026-02-25 12:15:00+00:00,2026-02-25 21:00:00+00:00,1,5181.295,5153.948152530059,3.0,-1.0,-1.018946589751141,stop,190.90986287470665,181.1835151884046
Structural Frequency M15,M15,Structural Frequency M15,Structural Frequency,2026-02-26 10:00:00+00:00,2026-02-26 10:30:00+00:00,2026-02-26 11:00:00+00:00,1,5187.655,5166.398073653857,3.0,-1.0,-1.0244045395628956,stop,181.1835151884046,171.90325441575638
Structural Frequency M15,M15,Structural Frequency M15,Structural Frequency,2026-03-04 12:30:00+00:00,2026-03-04 13:00:00+00:00,2026-03-05 06:00:00+00:00,-1,5166.205,5207.4773389730035,3.0,0.4332199348259739,0.42070258027677027,time_exit,171.90325441575638,175.5192615502905
Structural Frequency M15,M15,Structural Frequency M15,Structural Frequency,2026-03-10 11:15:00+00:00,2026-03-10 11:45:00+00:00,2026-03-10 16:00:00+00:00,1,5182.858,5155.127090234181,2.0,2.0,1.9813101768251817,target,175.5192615502905,192.90716650721208
Structural Frequency M15,M15,Structural Frequency M15,Structural Frequency,2026-03-12 12:45:00+00:00,2026-03-12 13:15:00+00:00,2026-03-12 13:30:00+00:00,1,5181.015,5162.732050277156,3.0,-1.0,-1.0283379601133316,stop,192.90716650721208,182.98847840234862
Structural Frequency M15,M15,Structural Frequency M15,Structural Frequency,2026-03-13 14:00:00+00:00,2026-03-13 14:30:00+00:00,2026-03-15 23:30:00+00:00,-1,5090.095,5122.808378265805,3.0,3.0,2.9844403260383516,target,182.98847840234862,210.29438810956697
Structural Frequency M15,M15,Structural Frequency M15,Structural Frequency,2026-03-16 14:30:00+00:00,2026-03-16 15:00:00+00:00,2026-03-17 04:45:00+00:00,-1,5000.825,5038.997253162894,3.0,-1.0,-1.013100680692491,stop,210.29438810956697,199.6419187225863
Structural Frequency M15,M15,Structural Frequency M15,Structural Frequency,2026-03-23 15:30:00+00:00,2026-03-23 16:00:00+00:00,2026-03-24 09:00:00+00:00,-1,4407.418,4517.445013896659,2.0,-0.037418083561433516,-0.04142384345976139,time_exit,199.6419187225863,199.22842194312776
Structural Frequency M15,M15,Structural Frequency M15,Structural Frequency,2026-03-24 12:30:00+00:00,2026-03-24 13:00:00+00:00,2026-03-24 20:30:00+00:00,-1,4369.365,4434.112363370131,2.0,-1.0,-1.0067483288470334,stop,199.22842194312776,189.19977790062399
Structural Frequency M15,M15,Structural Frequency M15,Structural Frequency,2026-03-25 11:15:00+00:00,2026-03-25 11:45:00+00:00,2026-03-25 12:30:00+00:00,1,4579.705,4549.61508635188,3.0,-1.0,-1.0152200669418874,stop,189.19977790062399,179.5958073413409
Structural Frequency M15,M15,Structural Frequency M15,Structural Frequency,2026-03-26 15:30:00+00:00,2026-03-26 16:00:00+00:00,2026-03-26 20:15:00+00:00,-1,4439.925,4481.40060181662,2.0,2.0,1.9892950920407841,target,179.5958073413409,197.4592602461025
Structural Frequency M15,M15,Structural Frequency M15,Structural Frequency,2026-03-30 15:30:00+00:00,2026-03-30 16:00:00+00:00,2026-03-30 19:00:00+00:00,1,4551.795,4510.0584600020875,2.0,-1.0,-1.0109060190428523,stop,197.4592602461025,187.47862251117581
Structural Frequency M15,M15,Structural Frequency M15,Structural Frequency,2026-04-07 09:45:00+00:00,2026-04-07 10:15:00+00:00,2026-04-07 19:30:00+00:00,-1,4670.438,4695.347573037925,3.0,-1.0,-1.0187495706686311,stop,187.47862251117581,177.92893420153547
Structural Frequency M15,M15,Structural Frequency M15,Structural Frequency,2026-04-10 09:15:00+00:00,2026-04-10 09:45:00+00:00,2026-04-12 22:15:00+00:00,1,4748.365,4729.295465661392,3.0,-1.0,-1.024900267178452,stop,177.92893420153547,168.81096359143893
Structural Frequency M15,M15,Structural Frequency M15,Structural Frequency,2026-04-13 08:30:00+00:00,2026-04-13 09:00:00+00:00,2026-04-13 14:00:00+00:00,-1,4721.205,4740.743310963524,2.0,-1.0,-1.0241638338585868,stop,168.81096359143893,160.16645940798043
Structural Frequency M15,M15,Structural Frequency M15,Structural Frequency,2026-04-13 14:15:00+00:00,2026-04-13 14:45:00+00:00,2026-04-13 17:00:00+00:00,-1,4715.065,4745.471153244038,2.0,-1.0,-1.0155069434865933,stop,160.16645940798043,152.03395182585706
Structural Frequency M15,M15,Structural Frequency M15,Structural Frequency,2026-04-14 11:15:00+00:00,2026-04-14 11:45:00+00:00,2026-04-15 01:30:00+00:00,1,4778.245,4750.289245722507,3.0,3.0,2.982907830164157,target,152.03395182585706,174.70911509346453
Structural Frequency M15,M15,Structural Frequency M15,Structural Frequency,2026-04-16 10:45:00+00:00,2026-04-16 11:15:00+00:00,2026-04-16 14:00:00+00:00,1,4817.035,4804.094671369596,3.0,-1.0,-1.0372249819736576,stop,174.70911509346453,165.64848215579192
Structural Frequency M15,M15,Structural Frequency M15,Structural Frequency,2026-04-16 15:15:00+00:00,2026-04-16 15:45:00+00:00,2026-04-17 01:15:00+00:00,1,4801.385,4771.706898148737,2.0,-1.0,-1.0161782078384358,stop,165.64848215579192,157.23206326938043
Structural Frequency M15,M15,Structural Frequency M15,Structural Frequency,2026-04-17 08:45:00+00:00,2026-04-17 09:15:00+00:00,2026-04-17 13:00:00+00:00,1,4795.865,4777.846248229514,2.0,2.0,1.9733840331389916,target,157.23206326938043,172.74602542704517
Structural Frequency M15,M15,Structural Frequency M15,Structural Frequency,2026-04-21 12:30:00+00:00,2026-04-21 13:00:00+00:00,2026-04-21 17:00:00+00:00,-1,4778.615,4798.853295009045,3.0,3.0,2.9763882530723844,target,172.74602542704517,198.4539874693452
Structural Frequency M15,M15,Structural Frequency M15,Structural Frequency,2026-04-22 08:15:00+00:00,2026-04-22 08:45:00+00:00,2026-04-23 00:15:00+00:00,-1,4754.095,4772.8243381328075,2.0,2.0,1.974616855297879,target,198.4539874693452,218.04751690224734
Structural Frequency M15,M15,Structural Frequency M15,Structural Frequency,2026-04-23 08:30:00+00:00,2026-04-23 09:00:00+00:00,2026-04-23 12:15:00+00:00,-1,4703.545,4725.607936596517,3.0,-1.0,-1.021318762257344,stop,218.04751690224734,206.9127158984528
Structural Frequency M15,M15,Structural Frequency M15,Structural Frequency,2026-04-23 13:15:00+00:00,2026-04-23 13:45:00+00:00,2026-04-23 17:45:00+00:00,-1,4727.285,4744.0052511936765,2.0,2.0,1.9717271891119208,target,206.9127158984528,227.3114872839513
Structural Frequency M15,M15,Structural Frequency M15,Structural Frequency,2026-04-24 09:15:00+00:00,2026-04-24 09:45:00+00:00,2026-04-24 11:15:00+00:00,-1,4683.105,4698.174373310832,3.0,-1.0,-1.0310769725017928,stop,227.3114872839513,215.59270527777048
Structural Frequency M15,M15,Structural Frequency M15,Structural Frequency,2026-04-24 12:45:00+00:00,2026-04-24 13:15:00+00:00,2026-04-24 14:15:00+00:00,-1,4700.765,4718.200107449765,3.0,-1.0,-1.0269614914249554,stop,215.59270527777048,204.52243497015047
Structural Frequency M15,M15,Structural Frequency M15,Structural Frequency,2026-05-01 14:45:00+00:00,2026-05-01 15:15:00+00:00,2026-05-04 08:15:00+00:00,-1,4631.965,4661.386331409556,2.0,1.7664054449663893,1.7506618848415216,time_exit,204.52243497015047,222.4249165450115
Structural Frequency M15,M15,Structural Frequency M15,Structural Frequency,2026-05-05 10:15:00+00:00,2026-05-05 10:45:00+00:00,2026-05-05 11:45:00+00:00,-1,4547.645,4561.077068842603,2.0,-1.0,-1.0338566236764384,stop,222.4249165450115,210.92714288297455
Structural Frequency M15,M15,Structural Frequency M15,Structural Frequency,2026-05-05 15:45:00+00:00,2026-05-05 16:15:00+00:00,2026-05-05 23:15:00+00:00,-1,4568.305,4586.545596069952,2.0,-1.0,-1.025044713355204,stop,210.92714288297455,200.11665524720902
Structural Frequency M15,M15,Structural Frequency M15,Structural Frequency,2026-05-11 14:15:00+00:00,2026-05-11 14:45:00+00:00,2026-05-11 23:00:00+00:00,-1,4724.865,4749.680189521355,2.0,-1.0,-1.0190402132368723,stop,200.11665524720902,189.92030929544075
Structural Frequency M15,M15,Structural Frequency M15,Structural Frequency,2026-05-12 11:45:00+00:00,2026-05-12 12:15:00+00:00,2026-05-12 13:30:00+00:00,1,4706.495,4684.101056586012,2.0,-1.0,-1.0210168209903587,stop,189.92030929544075,180.2247177735239
Structural Frequency M15,M15,Structural Frequency M15,Structural Frequency,2026-05-13 07:00:00+00:00,2026-05-13 07:30:00+00:00,2026-05-14 00:30:00+00:00,-1,4702.115,4715.9698540600075,3.0,0.09671700576537143,0.06277861146952142,time_exit,180.2247177735239,180.79043065023933
Structural Frequency M15,M15,Structural Frequency M15,Structural Frequency,2026-05-14 08:00:00+00:00,2026-05-14 08:30:00+00:00,2026-05-14 19:45:00+00:00,-1,4698.715,4719.603643955884,2.0,2.0,1.977505887840668,target,180.79043065023933,198.66613770404425
Structural Frequency M15,M15,Structural Frequency M15,Structural Frequency,2026-05-18 14:45:00+00:00,2026-05-18 15:15:00+00:00,2026-05-18 23:15:00+00:00,-1,4546.365,4585.410780520659,3.0,-1.0,-1.0116436781116325,stop,198.66613770404425,188.61717059088667
Structural Frequency M15,M15,Structural Frequency M15,Structural Frequency,2026-05-19 08:15:00+00:00,2026-05-19 08:45:00+00:00,2026-05-19 13:30:00+00:00,-1,4538.135,4560.162226497827,2.0,2.0,1.9793976104960478,target,188.61717059088667,207.284589429193
Structural Frequency M15,M15,Structural Frequency M15,Structural Frequency,2026-05-20 13:15:00+00:00,2026-05-20 13:45:00+00:00,2026-05-20 14:30:00+00:00,-1,4489.265,4506.903102144406,2.0,-1.0,-1.0254520864163599,stop,207.284589429193,196.65656869358676
Structural Frequency M15,M15,Structural Frequency M15,Structural Frequency,2026-05-22 10:45:00+00:00,2026-05-22 11:15:00+00:00,2026-05-24 22:15:00+00:00,-1,4514.215,4537.428658962909,3.0,-1.0,-1.0194463742541098,stop,196.65656869358676,186.63252739719022
Structural Frequency M15,M15,Structural Frequency M15,Structural Frequency,2026-05-25 07:00:00+00:00,2026-05-25 07:30:00+00:00,2026-05-26 00:15:00+00:00,1,4560.548,4549.663454021024,2.0,-1.0,-1.0418992947322667,stop,186.63252739719022,176.90991246372857
Structural Frequency M15,M15,Structural Frequency M15,Structural Frequency,2026-05-26 11:15:00+00:00,2026-05-26 11:45:00+00:00,2026-05-27 04:45:00+00:00,-1,4523.375,4541.191696983941,3.0,0.8531323181676184,0.8277439142222796,time_exit,176.90991246372857,184.23171763410096
Structural Frequency M15,M15,Structural Frequency M15,Structural Frequency,2026-06-04 13:45:00+00:00,2026-06-04 14:15:00+00:00,2026-06-05 00:15:00+00:00,-1,4495.625,4516.253026466387,2.0,2.0,1.9782062282723678,target,184.23171763410096,202.4541341975557
Structural Frequency M15,M15,Structural Frequency M15,Structural Frequency,2026-06-08 14:00:00+00:00,2026-06-08 14:30:00+00:00,2026-06-09 05:45:00+00:00,-1,4319.415,4347.886050163807,3.0,-1.0,-1.0151712528169785,stop,202.4541341975557,192.17785334499024
Structural Frequency M15,M15,Structural Frequency M15,Structural Frequency,2026-06-09 13:15:00+00:00,2026-06-09 13:45:00+00:00,2026-06-09 14:00:00+00:00,-1,4330.995,4346.2640099819555,2.0,-1.0,-1.0283646091339138,stop,192.17785334499024,182.29640819302446
Structural Frequency M15,M15,Structural Frequency M15,Structural Frequency,2026-06-10 07:30:00+00:00,2026-06-10 08:00:00+00:00,2026-06-10 17:45:00+00:00,-1,4189.495,4217.601935558153,3.0,3.0,2.9850944440693934,target,182.29640819302446,209.50500795656464
Structural Frequency M15,M15,Structural Frequency M15,Structural Frequency,2026-06-11 08:30:00+00:00,2026-06-11 09:00:00+00:00,2026-06-11 17:45:00+00:00,-1,4090.395,4113.696955409787,3.0,-1.0,-1.0175538701712648,stop,209.50500795656464,198.84587637324145
Structural Frequency M15,M15,Structural Frequency M15,Structural Frequency,2026-06-12 07:45:00+00:00,2026-06-12 08:15:00+00:00,2026-06-14 22:15:00+00:00,1,4194.315,4168.8419819008695,2.0,2.0,1.9835342832809306,target,198.84587637324145,218.56675701700973
Structural Frequency M15,M15,Structural Frequency M15,Structural Frequency,2026-06-15 07:15:00+00:00,2026-06-15 07:45:00+00:00,2026-06-15 13:30:00+00:00,1,4316.635,4299.797713006862,2.0,2.0,1.9743626452304388,target,218.56675701700973,240.14325904418686
Structural Frequency M15,M15,Structural Frequency M15,Structural Frequency,2026-06-16 16:00:00+00:00,2026-06-16 16:30:00+00:00,2026-06-17 04:45:00+00:00,1,4345.925,4320.051232235651,3.0,-1.0,-1.0167966453111175,stop,240.14325904418686,227.93441603467647
Structural Frequency M15,M15,Structural Frequency M15,Structural Frequency,2026-06-17 09:15:00+00:00,2026-06-17 09:45:00+00:00,2026-06-17 14:45:00+00:00,1,4331.885,4316.342725275536,2.0,2.0,1.9721283719610132,target,227.93441603467647,250.410212475094
Structural Frequency M15,M15,Structural Frequency M15,Structural Frequency,2026-06-19 10:00:00+00:00,2026-06-19 10:30:00+00:00,2026-06-19 13:00:00+00:00,-1,4155.005,4171.538358662238,3.0,-1.0,-1.0251310401285247,stop,250.410212475094,237.5750483964241
Structural Frequency M15,M15,Structural Frequency M15,Structural Frequency,2026-06-22 07:45:00+00:00,2026-06-22 08:15:00+00:00,2026-06-22 09:15:00+00:00,-1,4190.195,4208.002013853442,2.0,-1.0,-1.0235311492116912,stop,237.5750483964241,225.41677528096335
Structural Frequency M15,M15,Structural Frequency M15,Structural Frequency,2026-06-23 14:30:00+00:00,2026-06-23 15:00:00+00:00,2026-06-24 02:45:00+00:00,-1,4125.975,4145.9299955501665,3.0,3.0,2.979323598496289,target,225.41677528096335,258.9962511855388
Structural Frequency M15,M15,Structural Frequency M15,Structural Frequency,2026-06-25 16:45:00+00:00,2026-06-25 17:15:00+00:00,2026-06-26 02:45:00+00:00,-1,4028.485,4045.0880950187407,2.0,2.0,1.9757365419191246,target,258.9962511855388,284.5816690699055
Structural Frequency M15,M15,Structural Frequency M15,Structural Frequency,2026-06-30 08:30:00+00:00,2026-06-30 09:00:00+00:00,2026-06-30 14:15:00+00:00,-1,4017.628,4038.368757219234,2.0,-1.0,-1.0193706910385814,stop,284.5816690699055,270.0769584370704
Structural Frequency M15,M15,Structural Frequency M15,Structural Frequency,2026-07-02 11:30:00+00:00,2026-07-02 12:00:00+00:00,2026-07-02 12:45:00+00:00,1,4071.085,4056.4402460362244,2.0,2.0,1.9722010693380716,target,270.0769584370704,296.70926174872864
Structural Frequency M15,M15,Structural Frequency M15,Structural Frequency,2026-07-03 15:00:00+00:00,2026-07-03 15:30:00+00:00,2026-07-06 05:15:00+00:00,1,4171.995,4154.426847971014,3.0,-1.0,-1.0237474891674234,stop,296.70926174872864,281.5214936623296
Structural Frequency M15,M15,Structural Frequency M15,Structural Frequency,2026-07-09 09:00:00+00:00,2026-07-09 09:30:00+00:00,2026-07-09 12:15:00+00:00,-1,4108.275,4118.321085720417,2.0,-1.0,-1.0408942857380818,stop,281.5214936623296,266.86978795905117
Structural Frequency M15,M15,Structural Frequency M15,Structural Frequency,2026-07-10 10:00:00+00:00,2026-07-10 10:30:00+00:00,2026-07-10 13:30:00+00:00,1,4106.225,4093.651846806627,2.0,-1.0,-1.0326586731017018,stop,266.86978795905117,253.09051790281484
Structural Frequency M15,M15,Structural Frequency M15,Structural Frequency,2026-07-10 16:00:00+00:00,2026-07-10 16:30:00+00:00,2026-07-12 22:15:00+00:00,1,4110.005,4090.2524258884623,3.0,-1.0,-1.0208074399660108,stop,253.09051790281484,240.17268371981262
Structural Frequency M15,M15,Structural Frequency M15,Structural Frequency,2026-07-16 09:30:00+00:00,2026-07-16 10:00:00+00:00,2026-07-16 11:30:00+00:00,-1,4033.995,4038.081013408182,3.0,3.0,2.9012730846178347,target,240.17268371981262,275.0130108666488
Structural Frequency M15,M15,Structural Frequency M15,Structural Frequency,2026-07-21 14:00:00+00:00,2026-07-21 14:30:00+00:00,2026-07-22 01:15:00+00:00,1,4065.685,4043.3472608769225,2.0,2.0,1.981799030879541,target,275.0130108666488,302.2640367873883
Structural Frequency M15,M15,Structural Frequency M15,Structural Frequency,2026-07-23 14:30:00+00:00,2026-07-23 15:00:00+00:00,2026-07-24 03:00:00+00:00,1,4056.865,4038.617142680189,2.0,-1.0,-1.0222320074565447,stop,302.2640367873883,286.81483813203374
Structural Frequency M15,M15,Structural Frequency M15,Structural Frequency,2026-07-24 11:30:00+00:00,2026-07-24 12:00:00+00:00,2026-07-24 14:00:00+00:00,-1,4055.225,4064.3001000010145,2.0,-1.0,-1.0446851825274281,stop,286.81483813203374,271.8332775557568
Structural Frequency M15,M15,Structural Frequency M15,Structural Frequency,2026-07-24 14:00:00+00:00,2026-07-24 14:30:00+00:00,2026-07-27 00:15:00+00:00,1,4058.725,4043.706804103069,3.0,3.0,2.972974616739222,target,271.8332775557568,312.24094926367144
Structural Frequency M15,M15,Structural Frequency M15,Structural Frequency,2026-07-27 07:00:00+00:00,2026-07-27 07:30:00+00:00,2026-07-27 12:30:00+00:00,1,4101.685,4083.5025439827778,2.0,-1.0,-1.022558476127289,stop,312.24094926367144,296.27671780049155
Structural Frequency M15,M15,Structural Frequency M15,Structural Frequency,2026-07-27 15:00:00+00:00,2026-07-27 15:30:00+00:00,2026-07-28 00:15:00+00:00,1,4075.695,4064.259385641956,2.0,-1.0,-1.0356403676478747,stop,296.27671780049155,280.93491135307124
Structural Frequency M15,M15,Structural Frequency M15,Structural Frequency,2026-07-28 09:00:00+00:00,2026-07-28 09:30:00+00:00,2026-07-28 14:30:00+00:00,-1,4040.875,4055.582329377173,2.0,2.0,1.9725247534996277,target,280.93491135307124,308.6424646913791
Structural Frequency M15,M15,Structural Frequency M15,Structural Frequency,2026-07-28 16:45:00+00:00,2026-07-28 17:15:00+00:00,2026-07-29 10:15:00+00:00,-1,4037.445,4047.764431369461,3.0,0.559139335630031,0.5200146507956671,time_exit,308.6424646913791,316.66739486623914
Structural Frequency M15,M15,Structural Frequency M15,Structural Frequency,2026-08-03 11:45:00+00:00,2026-08-03 12:15:00+00:00,2026-08-03 12:45:00+00:00,1,4062.405,4044.644813788909,3.0,-1.0,-1.0228736621999097,stop,316.66739486623914,300.47185797193237
Structural Frequency M15,M15,Structural Frequency M15,Structural Frequency,2026-08-11 08:30:00+00:00,2026-08-11 09:00:00+00:00,2026-08-12 02:00:00+00:00,1,4374.655,4355.401140951014,2.0,1.111984872514566,1.089263946860805,time_exit,300.47185797193237,316.8365160686877
Structural Frequency M15,M15,Structural Frequency M15,Structural Frequency,2026-08-12 14:00:00+00:00,2026-08-12 14:30:00+00:00,2026-08-12 17:00:00+00:00,1,4431.695,4406.932879663372,3.0,-1.0,-1.0178970739975148,stop,316.8365160686877,300.7111679365935
Structural Frequency M15,M15,Structural Frequency M15,Structural Frequency,2026-08-14 10:30:00+00:00,2026-08-14 11:00:00+00:00,2026-08-14 11:45:00+00:00,-1,4351.695,4359.122747638161,2.0,-1.0,-1.0585870066134513,stop,300.7111679365935,284.79472118053184
Structural Frequency M15,M15,Structural Frequency M15,Structural Frequency,2026-08-19 11:30:00+00:00,2026-08-19 12:00:00+00:00,2026-08-19 12:45:00+00:00,-1,4363.255,4374.604349803955,2.0,-1.0,-1.0384449776892015,stop,284.79472118053184,270.00753878641586
Structural Frequency M15,M15,Structural Frequency M15,Structural Frequency,2026-08-24 10:00:00+00:00,2026-08-24 10:30:00+00:00,2026-08-24 17:30:00+00:00,1,4648.085,4631.556784841623,3.0,-1.0,-1.0281221230209132,stop,270.00753878641586,256.1275025859788
Structural Frequency M15,M15,Structural Frequency M15,Structural Frequency,2026-08-25 14:15:00+00:00,2026-08-25 14:45:00+00:00,2026-08-25 19:30:00+00:00,1,4623.605,4603.765811673815,2.0,2.0,1.9766945858672176,target,256.1275025859788,281.4417949686486
Structural Frequency M15,M15,Structural Frequency M15,Structural Frequency,2026-08-31 12:30:00+00:00,2026-08-31 13:00:00+00:00,2026-09-01 06:00:00+00:00,-1,4440.215,4464.699707747468,3.0,0.01592830937672354,-0.0022063363204839308,time_exit,281.4417949686486,281.4107472059315
Structural Frequency M15,M15,Structural Frequency M15,Structural Frequency,2026-09-02 08:45:00+00:00,2026-09-02 09:15:00+00:00,2026-09-02 11:45:00+00:00,-1,4312.705,4332.447872766048,3.0,-1.0,-1.0218443640452193,stop,281.4107472059315,267.03284790522474
Structural Frequency M15,M15,Structural Frequency M15,Structural Frequency,2026-09-07 08:45:00+00:00,2026-09-07 09:15:00+00:00,2026-09-07 23:45:00+00:00,-1,4410.775,4424.614178045192,3.0,-1.0,-1.0318716544118194,stop,267.03284790522474,253.25566657771154
Structural Frequency M15,M15,Structural Frequency M15,Structural Frequency,2026-09-09 08:15:00+00:00,2026-09-09 08:45:00+00:00,2026-09-09 12:00:00+00:00,-1,4399.425,4413.250767076119,2.0,-1.0,-1.0318204767647154,stop,253.25566657771154,240.18994744613252
Structural Frequency M15,M15,Structural Frequency M15,Structural Frequency,2026-09-09 12:30:00+00:00,2026-09-09 13:00:00+00:00,2026-09-09 13:30:00+00:00,-1,4395.245,4415.6625784441585,2.0,-1.0,-1.021526769259248,stop,240.18994744613252,227.9219243949727
Structural Frequency M15,M15,Structural Frequency M15,Structural Frequency,2026-09-11 14:15:00+00:00,2026-09-11 14:45:00+00:00,2026-09-14 07:30:00+00:00,-1,4374.888,4403.773498386457,2.0,2.0,1.9848543793793385,target,227.9219243949727,250.5415158845691
Structural Frequency M15,M15,Structural Frequency M15,Structural Frequency,2026-09-15 14:30:00+00:00,2026-09-15 15:00:00+00:00,2026-09-15 18:15:00+00:00,-1,4278.015,4301.242537299636,3.0,-1.0,-1.0184178587028558,stop,250.5415158845691,237.78371817840258
Structural Frequency M15,MTF,Structural Frequency MTF,Structural Frequency,2026-01-02 14:45:00+00:00,2026-01-02 15:15:00+00:00,2026-01-05 00:15:00+00:00,-1,4352.955,4378.587032157783,3.0,-1.0,-1.0169824810346855,stop,100.0,94.91508759482657
Structural Frequency M15,MTF,Structural Frequency MTF,Structural Frequency,2026-01-05 14:15:00+00:00,2026-01-05 14:45:00+00:00,2026-01-06 07:45:00+00:00,1,4420.905,4395.119315815294,3.0,1.6811653974150524,1.6640205934675112,time_exit,94.91508759482657,102.81212061425478
Structural Frequency M15,MTF,Structural Frequency MTF,Structural Frequency,2026-01-06 11:30:00+00:00,2026-01-06 12:00:00+00:00,2026-01-07 05:00:00+00:00,1,4461.809,4447.384784487455,4.0,0.18760119034873718,0.1566684231828588,time_exit,102.81212061425478,103.61749125529083
Structural Frequency M15,MTF,Structural Frequency MTF,Structural Frequency,2026-01-07 07:30:00+00:00,2026-01-07 08:00:00+00:00,2026-01-07 12:30:00+00:00,1,4458.665,4440.452797990826,3.0,-1.0,-1.024481745797428,stop,103.61749125529083,98.30977983847232
Structural Frequency M15,MTF,Structural Frequency MTF,Structural Frequency,2026-01-07 16:45:00+00:00,2026-01-07 17:15:00+00:00,2026-01-08 02:45:00+00:00,1,4463.875,4439.0761888645275,4.0,-1.0,-1.0180003588704896,stop,98.30977983847232,93.30581028067014
Structural Frequency M15,MTF,Structural Frequency MTF,Structural Frequency,2026-01-09 13:45:00+00:00,2026-01-09 14:15:00+00:00,2026-01-12 00:45:00+00:00,1,4482.178,4457.757192841831,4.0,4.0,3.981646069390869,target,93.30581028067014,111.88134591843817
Structural Frequency M15,MTF,Structural Frequency MTF,Structural Frequency,2026-01-12 12:45:00+00:00,2026-01-12 13:15:00+00:00,2026-01-12 23:15:00+00:00,1,4590.285,4577.452279810825,4.0,-1.0,-1.0357701635532583,stop,111.88134591843817,106.08717792041321
Structural Frequency M15,MTF,Structural Frequency MTF,Structural Frequency,2026-01-15 14:15:00+00:00,2026-01-15 14:45:00+00:00,2026-01-16 07:45:00+00:00,1,4602.495,4581.303088414037,3.0,0.00802192852261041,-0.013696239663069586,time_exit,106.08717792041321,106.01452814971438
Structural Frequency M15,MTF,Structural Frequency MTF,Structural Frequency,2026-01-19 12:30:00+00:00,2026-01-19 13:00:00+00:00,2026-01-20 08:00:00+00:00,1,4671.465,4658.80448262264,4.0,4.0,3.963102100326852,target,106.01452814971438,127.02184810847903
Structural Frequency M15,MTF,Structural Frequency MTF,Structural Frequency,2026-01-22 14:45:00+00:00,2026-01-22 15:15:00+00:00,2026-01-22 21:45:00+00:00,1,4834.498,4809.584054275333,4.0,4.0,3.9805952134060663,target,127.02184810847903,152.30297613740925
Structural Frequency M15,MTF,Structural Frequency MTF,Structural Frequency,2026-01-23 10:15:00+00:00,2026-01-23 10:45:00+00:00,2026-01-26 00:45:00+00:00,1,4929.048,4898.426853247447,4.0,4.0,3.983903124073598,target,152.30297613740925,182.6409912593858
Structural Frequency M15,MTF,Structural Frequency MTF,Structural Frequency,2026-01-26 14:30:00+00:00,2026-01-26 15:00:00+00:00,2026-01-26 19:15:00+00:00,1,5081.845,5053.148077288922,4.0,-1.0,-1.0177086757739293,stop,182.6409912593858,173.34722519155443
Structural Frequency M15,MTF,Structural Frequency MTF,Structural Frequency,2026-01-27 12:45:00+00:00,2026-01-27 13:15:00+00:00,2026-01-27 14:15:00+00:00,1,5084.835,5065.817704871546,4.0,-1.0,-1.0267379507214567,stop,173.34722519155443,164.44811645373306
Structural Frequency M15,MTF,Structural Frequency MTF,Structural Frequency,2026-01-27 15:45:00+00:00,2026-01-27 16:15:00+00:00,2026-01-28 07:00:00+00:00,1,5090.575,5045.9684976196795,4.0,4.0,3.9885878185278973,target,164.44811645373306,197.2439041570939
Structural Frequency M15,MTF,Structural Frequency MTF,Structural Frequency,2026-01-28 12:30:00+00:00,2026-01-28 13:00:00+00:00,2026-01-28 15:15:00+00:00,1,5269.395,5244.809985321155,4.0,-1.0,-1.0214333612114301,stop,197.2439041570939,187.17032895701163
Structural Frequency M15,MTF,Structural Frequency MTF,Structural Frequency,2026-01-28 16:15:00+00:00,2026-01-28 16:45:00+00:00,2026-01-28 23:45:00+00:00,1,5287.265,5233.357980896434,4.0,4.0,3.9901918802265026,target,187.17032895701163,224.5126052981912
Structural Frequency M15,MTF,Structural Frequency MTF,Structural Frequency,2026-01-29 11:30:00+00:00,2026-01-29 12:00:00+00:00,2026-01-29 15:15:00+00:00,1,5514.305,5468.287330678566,4.0,-1.0,-1.0119830167005688,stop,224.5126052981912,213.15245811834282
Structural Frequency M15,MTF,Structural Frequency MTF,Structural Frequency,2026-02-02 10:30:00+00:00,2026-02-02 11:00:00+00:00,2026-02-02 11:15:00+00:00,-1,4672.418,4738.32452955156,3.0,-1.0,-1.0070894614415171,stop,213.15245811834282,202.41927840577594
Structural Frequency M15,MTF,Structural Frequency MTF,Structural Frequency,2026-02-02 13:30:00+00:00,2026-02-02 14:00:00+00:00,2026-02-03 00:30:00+00:00,-1,4684.959,4816.921213353567,3.0,-1.0,-1.003550227660586,stop,202.41927840577594,192.26238275942555
Structural Frequency M15,MTF,Structural Frequency MTF,Structural Frequency,2026-02-03 09:00:00+00:00,2026-02-03 09:30:00+00:00,2026-02-03 16:30:00+00:00,-1,4915.975,4951.999579116093,3.0,-1.0,-1.0136461691451213,stop,192.26238275942555,182.5180813716853
Structural Frequency M15,MTF,Structural Frequency MTF,Structural Frequency,2026-02-05 09:00:00+00:00,2026-02-05 09:30:00+00:00,2026-02-06 02:30:00+00:00,-1,4862.245,4946.273119218704,4.0,0.5032839053547036,0.49749745547910323,time_exit,182.5180813716853,187.05819542475237
Structural Frequency M15,MTF,Structural Frequency MTF,Structural Frequency,2026-02-09 11:30:00+00:00,2026-02-09 12:00:00+00:00,2026-02-10 05:00:00+00:00,1,5008.385,4980.554310417192,3.0,0.8231919633839045,0.8051960564370144,time_exit,187.05819542475237,194.58912148876414
Structural Frequency M15,MTF,Structural Frequency MTF,Structural Frequency,2026-02-10 13:30:00+00:00,2026-02-10 14:00:00+00:00,2026-02-10 15:45:00+00:00,1,5052.705,5018.041197075269,3.0,-1.0,-1.0145763146962596,stop,194.58912148876414,184.71784580076147
Structural Frequency M15,MTF,Structural Frequency MTF,Structural Frequency,2026-02-12 13:15:00+00:00,2026-02-12 13:45:00+00:00,2026-02-12 15:00:00+00:00,1,5062.125,5047.55977721388,3.0,-1.0,-1.0347548751868316,stop,184.71784580076147,175.1609612269441
Structural Frequency M15,MTF,Structural Frequency MTF,Structural Frequency,2026-02-13 16:00:00+00:00,2026-02-13 16:30:00+00:00,2026-02-13 16:30:00+00:00,-1,4997.275,5022.038199128185,3.0,-1.0,-1.020180248012916,stop,175.1609612269441,166.22617358360986
Structural Frequency M15,MTF,Structural Frequency MTF,Structural Frequency,2026-02-16 11:15:00+00:00,2026-02-16 11:45:00+00:00,2026-02-16 15:15:00+00:00,-1,5004.845,5017.821491810377,2.0,2.0,1.9614314479357362,target,166.22617358360986,182.52823580045572
Structural Frequency M15,MTF,Structural Frequency MTF,Structural Frequency,2026-02-18 08:00:00+00:00,2026-02-18 08:30:00+00:00,2026-02-18 13:00:00+00:00,-1,4929.095,4942.926216534702,3.0,-1.0,-1.0356374653497273,stop,182.52823580045572,173.07658182649865
Structural Frequency M15,MTF,Structural Frequency MTF,Structural Frequency,2026-02-19 13:45:00+00:00,2026-02-19 14:15:00+00:00,2026-02-19 14:45:00+00:00,1,4996.795,4971.003308264412,3.0,-1.0,-1.0193736612984767,stop,173.07658182649865,164.25509638142347
Structural Frequency M15,MTF,Structural Frequency MTF,Structural Frequency,2026-02-19 15:00:00+00:00,2026-02-19 15:30:00+00:00,2026-02-20 08:30:00+00:00,1,4999.735,4961.343812083542,3.0,0.481881416127507,0.46885828433257587,time_exit,164.25509638142347,168.10571451553727
Structural Frequency M15,MTF,Structural Frequency MTF,Structural Frequency,2026-02-23 08:45:00+00:00,2026-02-23 09:15:00+00:00,2026-02-23 16:30:00+00:00,1,5139.925,5120.691658539846,4.0,4.0,3.9732759644981694,target,168.10571451553727,201.50223426450603
Structural Frequency M15,MTF,Structural Frequency MTF,Structural Frequency,2026-02-24 07:30:00+00:00,2026-02-24 08:00:00+00:00,2026-02-24 12:30:00+00:00,1,5179.515,5155.143262192281,3.0,-1.0,-1.0212521365561364,stop,201.50223426450603,191.21300490133294
Structural Frequency M15,MTF,Structural Frequency MTF,Structural Frequency,2026-02-24 14:45:00+00:00,2026-02-24 15:15:00+00:00,2026-02-25 08:15:00+00:00,1,5127.615,5091.688360212849,3.0,1.6528125188383942,1.638540059653848,time_exit,191.21300490133294,206.87851332421403
Structural Frequency M15,MTF,Structural Frequency MTF,Structural Frequency,2026-02-25 11:45:00+00:00,2026-02-25 12:15:00+00:00,2026-02-25 21:00:00+00:00,1,5181.295,5153.948152530059,4.0,-1.0,-1.018946589751141,stop,206.87851332421403,196.33860554198932
Structural Frequency M15,MTF,Structural Frequency MTF,Structural Frequency,2026-02-26 10:00:00+00:00,2026-02-26 10:30:00+00:00,2026-02-26 11:00:00+00:00,1,5187.655,5166.398073653857,4.0,-1.0,-1.0244045395628956,stop,196.33860554198932,186.2820976015562
Structural Frequency M15,MTF,Structural Frequency MTF,Structural Frequency,2026-03-04 12:30:00+00:00,2026-03-04 13:00:00+00:00,2026-03-05 06:00:00+00:00,-1,5166.205,5207.4773389730035,3.0,0.4332199348259739,0.42070258027677027,time_exit,186.2820976015562,190.20056555757336
Structural Frequency M15,MTF,Structural Frequency MTF,Structural Frequency,2026-03-10 11:15:00+00:00,2026-03-10 11:45:00+00:00,2026-03-11 04:45:00+00:00,1,5182.858,5155.127090234181,3.0,0.8505671180349369,0.8318772948601185,time_exit,190.20056555757336,198.11174215541828
Structural Frequency M15,MTF,Structural Frequency MTF,Structural Frequency,2026-03-12 12:45:00+00:00,2026-03-12 13:15:00+00:00,2026-03-12 13:30:00+00:00,1,5181.015,5162.732050277156,4.0,-1.0,-1.0283379601133316,stop,198.11174215541828,187.92545091528822
Structural Frequency M15,MTF,Structural Frequency MTF,Structural Frequency,2026-03-13 14:00:00+00:00,2026-03-13 14:30:00+00:00,2026-03-16 07:30:00+00:00,-1,5090.095,5122.808378265805,4.0,2.686057040212514,2.6704973662508658,time_exit,187.92545091528822,213.01817200132737
Structural Frequency M15,MTF,Structural Frequency MTF,Structural Frequency,2026-03-16 14:30:00+00:00,2026-03-16 15:00:00+00:00,2026-03-17 04:45:00+00:00,-1,5000.825,5038.997253162894,3.0,-1.0,-1.013100680692491,stop,213.01817200132737,202.22772924860664
Structural Frequency M15,MTF,Structural Frequency MTF,Structural Frequency,2026-03-23 15:30:00+00:00,2026-03-23 16:00:00+00:00,2026-03-24 09:00:00+00:00,-1,4407.418,4517.445013896659,3.0,-0.037418083561433516,-0.04142384345976139,time_exit,202.22772924860664,201.80887675862576
Structural Frequency M15,MTF,Structural Frequency MTF,Structural Frequency,2026-03-24 12:30:00+00:00,2026-03-24 13:00:00+00:00,2026-03-24 20:30:00+00:00,-1,4369.365,4434.112363370131,3.0,-1.0,-1.0067483288470334,stop,201.80887675862576,191.6503392874636
Structural Frequency M15,MTF,Structural Frequency MTF,Structural Frequency,2026-03-25 11:15:00+00:00,2026-03-25 11:45:00+00:00,2026-03-25 12:30:00+00:00,1,4579.705,4549.61508635188,3.0,-1.0,-1.0152200669418874,stop,191.6503392874636,181.92197577342088
Structural Frequency M15,MTF,Structural Frequency MTF,Structural Frequency,2026-03-26 15:30:00+00:00,2026-03-26 16:00:00+00:00,2026-03-27 09:00:00+00:00,-1,4439.925,4481.40060181662,4.0,0.38890333819186595,0.37819843023265015,time_exit,181.92197577342088,185.3621060565374
Structural Frequency M15,MTF,Structural Frequency MTF,Structural Frequency,2026-03-30 15:30:00+00:00,2026-03-30 16:00:00+00:00,2026-03-30 19:00:00+00:00,1,4551.795,4510.0584600020875,3.0,-1.0,-1.0109060190428523,stop,185.3621060565374,175.99292262078674
Structural Frequency M15,MTF,Structural Frequency MTF,Structural Frequency,2026-04-07 09:45:00+00:00,2026-04-07 10:15:00+00:00,2026-04-07 19:30:00+00:00,-1,4670.438,4695.347573037925,3.0,-1.0,-1.0187495706686311,stop,175.99292262078674,167.02828690275453
Structural Frequency M15,MTF,Structural Frequency MTF,Structural Frequency,2026-04-10 09:15:00+00:00,2026-04-10 09:45:00+00:00,2026-04-12 22:15:00+00:00,1,4748.365,4729.295465661392,3.0,-1.0,-1.024900267178452,stop,167.02828690275453,158.46892010910491
Structural Frequency M15,MTF,Structural Frequency MTF,Structural Frequency,2026-04-13 08:30:00+00:00,2026-04-13 09:00:00+00:00,2026-04-13 14:00:00+00:00,-1,4721.205,4740.743310963524,2.0,-1.0,-1.0241638338585868,stop,158.46892010910491,150.35401327078637
Structural Frequency M15,MTF,Structural Frequency MTF,Structural Frequency,2026-04-13 14:15:00+00:00,2026-04-13 14:45:00+00:00,2026-04-13 17:00:00+00:00,-1,4715.065,4745.471153244038,2.0,-1.0,-1.0155069434865933,stop,150.35401327078637,142.7197360479084
Structural Frequency M15,MTF,Structural Frequency MTF,Structural Frequency,2026-04-14 11:15:00+00:00,2026-04-14 11:45:00+00:00,2026-04-15 04:45:00+00:00,1,4778.245,4750.289245722507,4.0,1.6064671177968146,1.5893749479609718,time_exit,142.7197360479084,154.06149470061584
Structural Frequency M15,MTF,Structural Frequency MTF,Structural Frequency,2026-04-16 10:45:00+00:00,2026-04-16 11:15:00+00:00,2026-04-16 14:00:00+00:00,1,4817.035,4804.094671369596,4.0,-1.0,-1.0372249819736576,stop,154.06149470061584,146.0716731474318
Structural Frequency M15,MTF,Structural Frequency MTF,Structural Frequency,2026-04-16 15:15:00+00:00,2026-04-16 15:45:00+00:00,2026-04-17 01:15:00+00:00,1,4801.385,4771.706898148737,3.0,-1.0,-1.0161782078384358,stop,146.0716731474318,138.64993059568584
Structural Frequency M15,MTF,Structural Frequency MTF,Structural Frequency,2026-04-17 08:45:00+00:00,2026-04-17 09:15:00+00:00,2026-04-17 13:00:00+00:00,1,4795.865,4777.846248229514,2.0,2.0,1.9733840331389916,target,138.64993059568584,152.33040855735362
Structural Frequency M15,MTF,Structural Frequency MTF,Structural Frequency,2026-04-21 12:30:00+00:00,2026-04-21 13:00:00+00:00,2026-04-21 17:00:00+00:00,-1,4778.615,4798.853295009045,3.0,3.0,2.9763882530723844,target,152.33040855735362,175.00013048814486
Structural Frequency M15,MTF,Structural Frequency MTF,Structural Frequency,2026-04-22 08:15:00+00:00,2026-04-22 08:45:00+00:00,2026-04-23 00:15:00+00:00,-1,4754.095,4772.8243381328075,2.0,2.0,1.974616855297879,target,175.00013048814486,192.2780408552058
Structural Frequency M15,MTF,Structural Frequency MTF,Structural Frequency,2026-04-23 08:30:00+00:00,2026-04-23 09:00:00+00:00,2026-04-23 12:15:00+00:00,-1,4703.545,4725.607936596517,4.0,-1.0,-1.021318762257344,stop,192.2780408552058,182.4591823204305
Structural Frequency M15,MTF,Structural Frequency MTF,Structural Frequency,2026-04-23 13:15:00+00:00,2026-04-23 13:45:00+00:00,2026-04-23 17:45:00+00:00,-1,4727.285,4744.0052511936765,3.0,3.0,2.971727189111921,target,182.4591823204305,209.57012797066812
Structural Frequency M15,MTF,Structural Frequency MTF,Structural Frequency,2026-04-24 09:15:00+00:00,2026-04-24 09:45:00+00:00,2026-04-24 11:15:00+00:00,-1,4683.105,4698.174373310832,4.0,-1.0,-1.0310769725017928,stop,209.57012797066812,198.76598131692765
Structural Frequency M15,MTF,Structural Frequency MTF,Structural Frequency,2026-04-24 12:45:00+00:00,2026-04-24 13:15:00+00:00,2026-04-24 14:15:00+00:00,-1,4700.765,4718.200107449765,3.0,-1.0,-1.0269614914249554,stop,198.76598131692765,188.5597308860388
Structural Frequency M15,MTF,Structural Frequency MTF,Structural Frequency,2026-05-01 14:45:00+00:00,2026-05-01 15:15:00+00:00,2026-05-04 08:15:00+00:00,-1,4631.965,4661.386331409556,3.0,1.7664054449663893,1.7506618848415216,time_exit,188.5597308860388,205.06494757994693
Structural Frequency M15,MTF,Structural Frequency MTF,Structural Frequency,2026-05-05 10:15:00+00:00,2026-05-05 10:45:00+00:00,2026-05-05 11:45:00+00:00,-1,4547.645,4561.077068842603,3.0,-1.0,-1.0338566236764384,stop,205.06494757994693,194.46455986297744
Structural Frequency M15,MTF,Structural Frequency MTF,Structural Frequency,2026-05-05 15:45:00+00:00,2026-05-05 16:15:00+00:00,2026-05-05 23:15:00+00:00,-1,4568.305,4586.545596069952,3.0,-1.0,-1.025044713355204,stop,194.46455986297744,184.49781641185285
Structural Frequency M15,MTF,Structural Frequency MTF,Structural Frequency,2026-05-11 14:15:00+00:00,2026-05-11 14:45:00+00:00,2026-05-11 23:00:00+00:00,-1,4724.865,4749.680189521355,2.0,-1.0,-1.0190402132368723,stop,184.49781641185285,175.09728170294926
Structural Frequency M15,MTF,Structural Frequency MTF,Structural Frequency,2026-05-12 11:45:00+00:00,2026-05-12 12:15:00+00:00,2026-05-12 13:30:00+00:00,1,4706.495,4684.101056586012,3.0,-1.0,-1.0210168209903587,stop,175.09728170294926,166.15841820652932
Structural Frequency M15,MTF,Structural Frequency MTF,Structural Frequency,2026-05-13 07:00:00+00:00,2026-05-13 07:30:00+00:00,2026-05-14 00:30:00+00:00,-1,4702.115,4715.9698540600075,3.0,0.09671700576537143,0.06277861146952142,time_exit,166.15841820652932,166.67997794547824
Structural Frequency M15,MTF,Structural Frequency MTF,Structural Frequency,2026-05-14 08:00:00+00:00,2026-05-14 08:30:00+00:00,2026-05-14 19:45:00+00:00,-1,4698.715,4719.603643955884,2.0,2.0,1.977505887840668,target,166.67997794547824,183.16050983409505
Structural Frequency M15,MTF,Structural Frequency MTF,Structural Frequency,2026-05-18 14:45:00+00:00,2026-05-18 15:15:00+00:00,2026-05-18 23:15:00+00:00,-1,4546.365,4585.410780520659,4.0,-1.0,-1.0116436781116325,stop,183.16050983409505,173.89585124142675
Structural Frequency M15,MTF,Structural Frequency MTF,Structural Frequency,2026-05-19 08:15:00+00:00,2026-05-19 08:45:00+00:00,2026-05-19 13:45:00+00:00,-1,4538.135,4560.162226497827,3.0,3.0,2.979397610496048,target,173.89585124142675,199.80109542462088
Structural Frequency M15,MTF,Structural Frequency MTF,Structural Frequency,2026-05-20 13:15:00+00:00,2026-05-20 13:45:00+00:00,2026-05-20 14:30:00+00:00,-1,4489.265,4506.903102144406,3.0,-1.0,-1.0254520864163599,stop,199.80109542462088,189.5567729160483
Structural Frequency M15,MTF,Structural Frequency MTF,Structural Frequency,2026-05-22 10:45:00+00:00,2026-05-22 11:15:00+00:00,2026-05-24 22:15:00+00:00,-1,4514.215,4537.428658962909,4.0,-1.0,-1.0194463742541098,stop,189.5567729160483,179.89462467281953
Structural Frequency M15,MTF,Structural Frequency MTF,Structural Frequency,2026-05-25 07:00:00+00:00,2026-05-25 07:30:00+00:00,2026-05-26 00:15:00+00:00,1,4560.548,4549.663454021024,3.0,-1.0,-1.0418992947322667,stop,179.89462467281953,170.5230205441827
Structural Frequency M15,MTF,Structural Frequency MTF,Structural Frequency,2026-05-26 11:15:00+00:00,2026-05-26 11:45:00+00:00,2026-05-27 04:45:00+00:00,-1,4523.375,4541.191696983941,4.0,0.8531323181676184,0.8277439142222796,time_exit,170.5230205441827,177.58049016869512
Structural Frequency M15,MTF,Structural Frequency MTF,Structural Frequency,2026-06-04 13:45:00+00:00,2026-06-04 14:15:00+00:00,2026-06-05 00:15:00+00:00,-1,4495.625,4516.253026466387,2.0,2.0,1.9782062282723678,target,177.58049016869512,195.14503175226378
Structural Frequency M15,MTF,Structural Frequency MTF,Structural Frequency,2026-06-08 14:00:00+00:00,2026-06-08 14:30:00+00:00,2026-06-09 05:45:00+00:00,-1,4319.415,4347.886050163807,4.0,-1.0,-1.0151712528169785,stop,195.14503175226378,185.23975043401606
Structural Frequency M15,MTF,Structural Frequency MTF,Structural Frequency,2026-06-09 13:15:00+00:00,2026-06-09 13:45:00+00:00,2026-06-09 14:00:00+00:00,-1,4330.995,4346.2640099819555,3.0,-1.0,-1.0283646091339138,stop,185.23975043401606,175.71505025645902
Structural Frequency M15,MTF,Structural Frequency MTF,Structural Frequency,2026-06-10 07:30:00+00:00,2026-06-10 08:00:00+00:00,2026-06-10 20:15:00+00:00,-1,4189.495,4217.601935558153,4.0,4.0,3.9850944440693934,target,175.71505025645902,210.72710378227848
Structural Frequency M15,MTF,Structural Frequency MTF,Structural Frequency,2026-06-11 08:30:00+00:00,2026-06-11 09:00:00+00:00,2026-06-11 17:45:00+00:00,-1,4090.395,4113.696955409787,4.0,-1.0,-1.0175538701712648,stop,210.72710378227848,200.00579478209653
Structural Frequency M15,MTF,Structural Frequency MTF,Structural Frequency,2026-06-12 07:45:00+00:00,2026-06-12 08:15:00+00:00,2026-06-14 22:15:00+00:00,1,4194.315,4168.8419819008695,3.0,3.0,2.983534283280931,target,200.00579478209653,229.8420020614583
Structural Frequency M15,MTF,Structural Frequency MTF,Structural Frequency,2026-06-15 07:15:00+00:00,2026-06-15 07:45:00+00:00,2026-06-15 13:45:00+00:00,1,4316.635,4299.797713006862,3.0,3.0,2.974362645230439,target,229.8420020614583,264.02367532328725
Structural Frequency M15,MTF,Structural Frequency MTF,Structural Frequency,2026-06-16 16:00:00+00:00,2026-06-16 16:30:00+00:00,2026-06-17 04:45:00+00:00,1,4345.925,4320.051232235651,3.0,-1.0,-1.0167966453111175,stop,264.02367532328725,250.60075595571573
Structural Frequency M15,MTF,Structural Frequency MTF,Structural Frequency,2026-06-17 09:15:00+00:00,2026-06-17 09:45:00+00:00,2026-06-17 14:45:00+00:00,1,4331.885,4316.342725275536,2.0,2.0,1.9721283719610132,target,250.60075595571573,275.31159899847296
Structural Frequency M15,MTF,Structural Frequency MTF,Structural Frequency,2026-06-19 10:00:00+00:00,2026-06-19 10:30:00+00:00,2026-06-19 13:00:00+00:00,-1,4155.005,4171.538358662238,4.0,-1.0,-1.0251310401285247,stop,275.31159899847296,261.20007570643537
Structural Frequency M15,MTF,Structural Frequency MTF,Structural Frequency,2026-06-22 07:45:00+00:00,2026-06-22 08:15:00+00:00,2026-06-22 09:15:00+00:00,-1,4190.195,4208.002013853442,3.0,-1.0,-1.0235311492116912,stop,261.20007570643537,247.83275502333595
Structural Frequency M15,MTF,Structural Frequency MTF,Structural Frequency,2026-06-23 14:30:00+00:00,2026-06-23 15:00:00+00:00,2026-06-24 08:00:00+00:00,-1,4125.975,4145.9299955501665,4.0,2.5687803272686502,2.548103925764939,time_exit,247.83275502333595,279.40793582374107
Structural Frequency M15,MTF,Structural Frequency MTF,Structural Frequency,2026-06-25 16:45:00+00:00,2026-06-25 17:15:00+00:00,2026-06-26 09:30:00+00:00,-1,4028.485,4045.0880950187407,3.0,-1.0,-1.0242634580808754,stop,279.40793582374107,265.09856889563787
Structural Frequency M15,MTF,Structural Frequency MTF,Structural Frequency,2026-06-30 08:30:00+00:00,2026-06-30 09:00:00+00:00,2026-06-30 14:15:00+00:00,-1,4017.628,4038.368757219234,3.0,-1.0,-1.0193706910385814,stop,265.09856889563787,251.5868833272136
Structural Frequency M15,MTF,Structural Frequency MTF,Structural Frequency,2026-07-02 11:30:00+00:00,2026-07-02 12:00:00+00:00,2026-07-02 12:45:00+00:00,1,4071.085,4056.4402460362244,3.0,3.0,2.972201069338072,target,251.5868833272136,288.97522351004244
Structural Frequency M15,MTF,Structural Frequency MTF,Structural Frequency,2026-07-03 15:00:00+00:00,2026-07-03 15:30:00+00:00,2026-07-06 05:15:00+00:00,1,4171.995,4154.426847971014,4.0,-1.0,-1.0237474891674234,stop,288.97522351004244,274.18334053504236
Structural Frequency M15,MTF,Structural Frequency MTF,Structural Frequency,2026-07-09 09:00:00+00:00,2026-07-09 09:30:00+00:00,2026-07-09 12:15:00+00:00,-1,4108.275,4118.321085720417,2.0,-1.0,-1.0408942857380818,stop,274.18334053504236,259.91354691466717
Structural Frequency M15,MTF,Structural Frequency MTF,Structural Frequency,2026-07-10 10:00:00+00:00,2026-07-10 10:30:00+00:00,2026-07-10 13:30:00+00:00,1,4106.225,4093.651846806627,2.0,-1.0,-1.0326586731017018,stop,259.91354691466717,246.4934479907643
Structural Frequency M15,MTF,Structural Frequency MTF,Structural Frequency,2026-07-10 16:00:00+00:00,2026-07-10 16:30:00+00:00,2026-07-12 22:15:00+00:00,1,4110.005,4090.2524258884623,4.0,-1.0,-1.0208074399660108,stop,246.4934479907643,233.91233071017194
Structural Frequency M15,MTF,Structural Frequency MTF,Structural Frequency,2026-07-16 09:30:00+00:00,2026-07-16 10:00:00+00:00,2026-07-16 12:00:00+00:00,-1,4033.995,4038.081013408182,4.0,-1.0,-1.0987269153821655,stop,233.91233071017194,221.06204203061992
Structural Frequency M15,MTF,Structural Frequency MTF,Structural Frequency,2026-07-21 14:00:00+00:00,2026-07-21 14:30:00+00:00,2026-07-22 03:15:00+00:00,1,4065.685,4043.3472608769225,3.0,3.0,2.9817990308795412,target,221.06204203061992,254.02017116517766
Structural Frequency M15,MTF,Structural Frequency MTF,Structural Frequency,2026-07-23 14:30:00+00:00,2026-07-23 15:00:00+00:00,2026-07-24 03:00:00+00:00,1,4056.865,4038.617142680189,2.0,-1.0,-1.0222320074565447,stop,254.02017116517766,241.0367936899459
Structural Frequency M15,MTF,Structural Frequency MTF,Structural Frequency,2026-07-24 11:30:00+00:00,2026-07-24 12:00:00+00:00,2026-07-24 14:00:00+00:00,-1,4055.225,4064.3001000010145,2.0,-1.0,-1.0446851825274281,stop,241.0367936899459,228.44641534935556
Structural Frequency M15,MTF,Structural Frequency MTF,Structural Frequency,2026-07-24 14:00:00+00:00,2026-07-24 14:30:00+00:00,2026-07-27 00:15:00+00:00,1,4058.725,4043.706804103069,3.0,3.0,2.972974616739222,target,228.44641534935556,262.40468505529054
Structural Frequency M15,MTF,Structural Frequency MTF,Structural Frequency,2026-07-27 07:00:00+00:00,2026-07-27 07:30:00+00:00,2026-07-27 12:30:00+00:00,1,4101.685,4083.5025439827778,4.0,-1.0,-1.022558476127289,stop,262.40468505529054,248.98847831135058
Structural Frequency M15,MTF,Structural Frequency MTF,Structural Frequency,2026-07-27 15:00:00+00:00,2026-07-27 15:30:00+00:00,2026-07-28 00:15:00+00:00,1,4075.695,4064.259385641956,3.0,-1.0,-1.0356403676478747,stop,248.98847831135058,236.095352350428
Structural Frequency M15,MTF,Structural Frequency MTF,Structural Frequency,2026-07-28 09:00:00+00:00,2026-07-28 09:30:00+00:00,2026-07-29 02:30:00+00:00,-1,4040.875,4055.582329377173,3.0,0.5371471459843306,0.5096718994839583,time_exit,236.095352350428,242.11191068501682
Structural Frequency M15,MTF,Structural Frequency MTF,Structural Frequency,2026-07-29 08:00:00+00:00,2026-07-29 08:30:00+00:00,2026-07-29 12:45:00+00:00,-1,4038.995,4048.1778227715063,3.0,3.0,2.956015757893829,target,242.11191068501682,277.8962418429515
Structural Frequency M15,MTF,Structural Frequency MTF,Structural Frequency,2026-08-03 11:45:00+00:00,2026-08-03 12:15:00+00:00,2026-08-03 12:45:00+00:00,1,4062.405,4044.644813788909,3.0,-1.0,-1.0228736621999097,stop,277.8962418429515,263.68360451267694
Structural Frequency M15,MTF,Structural Frequency MTF,Structural Frequency,2026-08-11 08:30:00+00:00,2026-08-11 09:00:00+00:00,2026-08-12 02:00:00+00:00,1,4374.655,4355.401140951014,3.0,1.111984872514566,1.089263946860805,time_exit,263.68360451267694,278.04465670137506
Structural Frequency M15,MTF,Structural Frequency MTF,Structural Frequency,2026-08-12 14:00:00+00:00,2026-08-12 14:30:00+00:00,2026-08-12 17:00:00+00:00,1,4431.695,4406.932879663372,4.0,-1.0,-1.0178970739975148,stop,278.04465670137506,263.8936145765264
Structural Frequency M15,MTF,Structural Frequency MTF,Structural Frequency,2026-08-14 10:30:00+00:00,2026-08-14 11:00:00+00:00,2026-08-14 11:45:00+00:00,-1,4351.695,4359.122747638161,2.0,-1.0,-1.0585870066134513,stop,263.8936145765264,249.92589700057792
Structural Frequency M15,MTF,Structural Frequency MTF,Structural Frequency,2026-08-19 11:30:00+00:00,2026-08-19 12:00:00+00:00,2026-08-19 12:45:00+00:00,-1,4363.255,4374.604349803955,2.0,-1.0,-1.0384449776892015,stop,249.92589700057792,236.94918237384198
Structural Frequency M15,MTF,Structural Frequency MTF,Structural Frequency,2026-08-24 10:00:00+00:00,2026-08-24 10:30:00+00:00,2026-08-24 17:30:00+00:00,1,4648.085,4631.556784841623,4.0,-1.0,-1.0281221230209132,stop,236.94918237384198,224.76854755232878
Structural Frequency M15,MTF,Structural Frequency MTF,Structural Frequency,2026-08-25 14:15:00+00:00,2026-08-25 14:45:00+00:00,2026-08-26 07:45:00+00:00,1,4623.605,4603.765811673815,3.0,0.40173014485078784,0.3784247307180053,time_exit,224.76854755232878,229.02144640639713
Structural Frequency M15,MTF,Structural Frequency MTF,Structural Frequency,2026-08-31 12:30:00+00:00,2026-08-31 13:00:00+00:00,2026-09-01 06:00:00+00:00,-1,4440.215,4464.699707747468,4.0,0.01592830937672354,-0.0022063363204839308,time_exit,229.02144640639713,228.9961814896283
Structural Frequency M15,MTF,Structural Frequency MTF,Structural Frequency,2026-09-02 08:45:00+00:00,2026-09-02 09:15:00+00:00,2026-09-02 11:45:00+00:00,-1,4312.705,4332.447872766048,4.0,-1.0,-1.0218443640452193,stop,228.9961814896283,217.29625861747567
Structural Frequency M15,MTF,Structural Frequency MTF,Structural Frequency,2026-09-07 08:45:00+00:00,2026-09-07 09:15:00+00:00,2026-09-07 23:45:00+00:00,-1,4410.775,4424.614178045192,4.0,-1.0,-1.0318716544118194,stop,217.29625861747567,206.08516612362
Structural Frequency M15,MTF,Structural Frequency MTF,Structural Frequency,2026-09-09 08:15:00+00:00,2026-09-09 08:45:00+00:00,2026-09-09 12:00:00+00:00,-1,4399.425,4413.250767076119,2.0,-1.0,-1.0318204767647154,stop,206.08516612362,195.45302140542955
Structural Frequency M15,MTF,Structural Frequency MTF,Structural Frequency,2026-09-09 12:30:00+00:00,2026-09-09 13:00:00+00:00,2026-09-09 13:30:00+00:00,-1,4395.245,4415.6625784441585,2.0,-1.0,-1.021526769259248,stop,195.45302140542955,185.46999673051718
Structural Frequency M15,MTF,Structural Frequency MTF,Structural Frequency,2026-09-11 14:15:00+00:00,2026-09-11 14:45:00+00:00,2026-09-14 07:45:00+00:00,-1,4374.888,4403.773498386457,3.0,1.9315228442157988,1.9163772235951373,time_exit,185.46999673051718,203.24152060024855
Structural Frequency M15,MTF,Structural Frequency MTF,Structural Frequency,2026-09-15 14:30:00+00:00,2026-09-15 15:00:00+00:00,2026-09-15 18:15:00+00:00,-1,4278.015,4301.242537299636,3.0,-1.0,-1.0184178587028558,stop,203.24152060024855,192.89228088978768
Structural Portfolio M15,M15,Structural Portfolio M15,Structural Portfolio,2026-01-06 11:30:00+00:00,2026-01-06 12:00:00+00:00,2026-01-07 05:00:00+00:00,1,4461.809,4447.384784487455,4.0,0.18760119034873718,0.1566684231828588,time_exit,100.0,100.78334211591428
Structural Portfolio M15,M15,Structural Portfolio M15,Structural Portfolio,2026-01-08 01:15:00+00:00,2026-01-08 01:45:00+00:00,2026-01-08 02:00:00+00:00,1,4454.535,4443.4397037181225,2.0,-1.0,-1.0401479589803821,stop,100.78334211591428,95.5418627358598
Structural Portfolio M15,M15,Structural Portfolio M15,Structural Portfolio,2026-01-09 13:45:00+00:00,2026-01-09 14:15:00+00:00,2026-01-12 00:30:00+00:00,1,4482.178,4457.757192841831,3.0,3.0,2.981646069390869,target,95.5418627358598,109.7854637102927
Structural Portfolio M15,M15,Structural Portfolio M15,Structural Portfolio,2026-01-12 12:45:00+00:00,2026-01-12 13:15:00+00:00,2026-01-12 16:15:00+00:00,1,4590.285,4577.452279810825,3.0,3.0,2.9642298364467417,target,109.7854637102927,126.05693106720224
Structural Portfolio M15,M15,Structural Portfolio M15,Structural Portfolio,2026-01-13 00:00:00+00:00,2026-01-13 00:30:00+00:00,2026-01-13 01:45:00+00:00,1,4592.115,4576.383411445114,3.0,-1.0,-1.029190408737036,stop,126.05693106720224,119.57010184674273
Structural Portfolio M15,M15,Structural Portfolio M15,Structural Portfolio,2026-01-13 02:45:00+00:00,2026-01-13 03:15:00+00:00,2026-01-13 06:45:00+00:00,1,4593.865,4574.350970562461,3.0,-1.0,-1.0235413450343724,stop,119.57010184674273,113.45085470323713
Structural Portfolio M15,M15,Structural Portfolio M15,Structural Portfolio,2026-01-14 08:45:00+00:00,2026-01-14 09:15:00+00:00,2026-01-14 14:45:00+00:00,1,4634.545,4620.506844928745,3.0,-1.0,-1.0330139179719542,stop,113.45085470323713,107.59103910752422
Structural Portfolio M15,M15,Structural Portfolio M15,Structural Portfolio,2026-01-15 14:15:00+00:00,2026-01-15 14:45:00+00:00,2026-01-16 07:45:00+00:00,1,4602.495,4581.303088414037,3.0,0.00802192852261041,-0.013696239663069586,time_exit,107.59103910752422,107.51735947466345
Structural Portfolio M15,M15,Structural Portfolio M15,Structural Portfolio,2026-01-19 12:30:00+00:00,2026-01-19 13:00:00+00:00,2026-01-20 06:00:00+00:00,1,4671.465,4658.80448262264,3.0,3.0,2.963102100326852,target,107.51735947466345,123.44660515871206
Structural Portfolio M15,M15,Structural Portfolio M15,Structural Portfolio,2026-01-21 20:15:00+00:00,2026-01-21 20:45:00+00:00,2026-01-22 13:45:00+00:00,1,4797.195,4753.31414126269,2.0,0.3728277082711357,0.36189539031282464,time_exit,123.44660515871206,125.68034302654732
Structural Portfolio M15,M15,Structural Portfolio M15,Structural Portfolio,2026-01-22 14:45:00+00:00,2026-01-22 15:15:00+00:00,2026-01-22 18:15:00+00:00,1,4834.498,4809.584054275333,3.0,3.0,2.9805952134060663,target,125.68034302654732,144.4104544687553
Structural Portfolio M15,M15,Structural Portfolio M15,Structural Portfolio,2026-01-23 10:30:00+00:00,2026-01-23 11:00:00+00:00,2026-01-25 23:15:00+00:00,1,4927.955,4898.4670565869155,3.0,3.0,2.9832882377351098,target,144.4104544687553,165.95135497988625
Structural Portfolio M15,M15,Structural Portfolio M15,Structural Portfolio,2026-01-26 14:30:00+00:00,2026-01-26 15:00:00+00:00,2026-01-26 19:15:00+00:00,1,5081.845,5053.148077288922,3.0,-1.0,-1.0177086757739293,stop,165.95135497988625,157.50684829391278
Structural Portfolio M15,M15,Structural Portfolio M15,Structural Portfolio,2026-01-26 20:15:00+00:00,2026-01-26 20:45:00+00:00,2026-01-26 21:45:00+00:00,1,5056.275,5005.973415063199,2.0,-1.0,-1.0100519198477598,stop,157.50684829391278,149.55234356849095
Structural Portfolio M15,M15,Structural Portfolio M15,Structural Portfolio,2026-01-27 12:45:00+00:00,2026-01-27 13:15:00+00:00,2026-01-27 14:15:00+00:00,1,5084.835,5065.817704871546,3.0,-1.0,-1.0267379507214567,stop,149.55234356849095,141.87479023043576
Structural Portfolio M15,M15,Structural Portfolio M15,Structural Portfolio,2026-01-28 16:15:00+00:00,2026-01-28 16:45:00+00:00,2026-01-28 23:15:00+00:00,1,5287.265,5233.357980896434,3.0,3.0,2.9901918802265026,target,141.87479023043576,163.08643251823014
Structural Portfolio M15,M15,Structural Portfolio M15,Structural Portfolio,2026-01-29 11:30:00+00:00,2026-01-29 12:00:00+00:00,2026-01-29 15:15:00+00:00,1,5514.305,5468.287330678566,3.0,-1.0,-1.0119830167005688,stop,163.08643251823014,154.83439752009352
Structural Portfolio M15,M15,Structural Portfolio M15,Structural Portfolio,2026-01-30 13:00:00+00:00,2026-01-30 13:30:00+00:00,2026-01-30 17:45:00+00:00,-1,5074.525,5150.049004735689,3.0,3.0,2.993280911125199,target,154.83439752009352,178.00753984421684
Structural Portfolio M15,M15,Structural Portfolio M15,Structural Portfolio,2026-02-02 10:30:00+00:00,2026-02-02 11:00:00+00:00,2026-02-02 11:15:00+00:00,-1,4672.418,4738.32452955156,3.0,-1.0,-1.0070894614415171,stop,178.00753984421684,169.04406397250474
Structural Portfolio M15,M15,Structural Portfolio M15,Structural Portfolio,2026-02-02 13:45:00+00:00,2026-02-02 14:15:00+00:00,2026-02-03 00:30:00+00:00,-1,4705.769,4816.836840971169,3.0,-1.0,-1.004236842058739,stop,169.04406397250474,160.55605012387858
Structural Portfolio M15,M15,Structural Portfolio M15,Structural Portfolio,2026-02-03 09:00:00+00:00,2026-02-03 09:30:00+00:00,2026-02-03 16:30:00+00:00,-1,4915.975,4951.999579116093,3.0,-1.0,-1.0136461691451213,stop,160.55605012387858,152.4186988668215
Structural Portfolio M15,M15,Structural Portfolio M15,Structural Portfolio,2026-02-03 19:30:00+00:00,2026-02-03 20:00:00+00:00,2026-02-04 03:45:00+00:00,1,4940.075,4877.295943404679,2.0,2.0,1.9921310142778281,target,152.4186988668215,167.6005997252449
Structural Portfolio M15,M15,Structural Portfolio M15,Structural Portfolio,2026-02-05 09:00:00+00:00,2026-02-05 09:30:00+00:00,2026-02-06 02:30:00+00:00,-1,4862.245,4946.273119218704,4.0,0.5032839053547036,0.49749745547910323,time_exit,167.6005997252449,171.76964332024895
Structural Portfolio M15,M15,Structural Portfolio M15,Structural Portfolio,2026-02-10 13:45:00+00:00,2026-02-10 14:15:00+00:00,2026-02-10 15:45:00+00:00,1,5050.795,5018.083825855607,3.0,-1.0,-1.015440579961162,stop,171.76964332024895,163.04855000860718
Structural Portfolio M15,M15,Structural Portfolio M15,Structural Portfolio,2026-02-12 13:15:00+00:00,2026-02-12 13:45:00+00:00,2026-02-12 15:00:00+00:00,1,5062.125,5047.55977721388,3.0,-1.0,-1.0347548751868316,stop,163.04855000860718,154.61278590792966
Structural Portfolio M15,M15,Structural Portfolio M15,Structural Portfolio,2026-02-13 04:45:00+00:00,2026-02-13 05:15:00+00:00,2026-02-13 13:45:00+00:00,-1,4976.375,4998.413391220377,2.0,-1.0,-1.022580482169673,stop,154.61278590792966,146.7075850497633
Structural Portfolio M15,M15,Structural Portfolio M15,Structural Portfolio,2026-02-13 16:00:00+00:00,2026-02-13 16:30:00+00:00,2026-02-13 16:30:00+00:00,-1,4997.275,5022.038199128185,3.0,-1.0,-1.020180248012916,stop,146.7075850497633,139.22417602469113
Structural Portfolio M15,M15,Structural Portfolio M15,Structural Portfolio,2026-02-19 13:45:00+00:00,2026-02-19 14:15:00+00:00,2026-02-19 14:45:00+00:00,1,4996.795,4971.003308264412,3.0,-1.0,-1.0193736612984767,stop,139.22417602469113,132.12810312191348
Structural Portfolio M15,M15,Structural Portfolio M15,Structural Portfolio,2026-02-19 15:00:00+00:00,2026-02-19 15:30:00+00:00,2026-02-20 08:30:00+00:00,1,4999.735,4961.343812083542,3.0,0.481881416127507,0.46885828433257587,time_exit,132.12810312191348,135.2255709090064
Structural Portfolio M15,M15,Structural Portfolio M15,Structural Portfolio,2026-02-20 08:30:00+00:00,2026-02-20 09:00:00+00:00,2026-02-20 15:15:00+00:00,1,5022.365,5003.727267712849,3.0,-1.0,-1.0269472966057283,stop,135.2255709090064,128.28209418515786
Structural Portfolio M15,M15,Structural Portfolio M15,Structural Portfolio,2026-02-23 09:00:00+00:00,2026-02-23 09:30:00+00:00,2026-02-23 20:15:00+00:00,1,5145.725,5120.718754358429,3.0,3.0,2.9794222408523194,target,128.28209418515786,147.39242041107644
Structural Portfolio M15,M15,Structural Portfolio M15,Structural Portfolio,2026-02-25 11:45:00+00:00,2026-02-25 12:15:00+00:00,2026-02-25 21:00:00+00:00,1,5181.295,5153.948152530059,4.0,-1.0,-1.018946589751141,stop,147.39242041107644,139.8831702044248
Structural Portfolio M15,M15,Structural Portfolio M15,Structural Portfolio,2026-02-26 10:00:00+00:00,2026-02-26 10:30:00+00:00,2026-02-26 11:00:00+00:00,1,5187.655,5166.398073653857,3.0,-1.0,-1.0244045395628956,stop,139.8831702044248,132.7183224761317
Structural Portfolio M15,M15,Structural Portfolio M15,Structural Portfolio,2026-02-27 01:45:00+00:00,2026-02-27 02:15:00+00:00,2026-02-27 18:15:00+00:00,1,5193.775,5165.51536264865,3.0,1.398460974875634,1.3800822004581628,time_exit,132.7183224761317,141.8764322023305
Structural Portfolio M15,M15,Structural Portfolio M15,Structural Portfolio,2026-03-04 12:30:00+00:00,2026-03-04 13:00:00+00:00,2026-03-05 06:00:00+00:00,-1,5166.205,5207.4773389730035,3.0,0.4332199348259739,0.42070258027677027,time_exit,141.8764322023305,144.86082125772964
Structural Portfolio M15,M15,Structural Portfolio M15,Structural Portfolio,2026-03-06 19:45:00+00:00,2026-03-06 20:15:00+00:00,2026-03-08 22:15:00+00:00,-1,5159.535,5175.855435083909,2.0,-1.0,-1.0316139549802021,stop_same_bar,144.86082125772964,137.38879902076133
Structural Portfolio M15,M15,Structural Portfolio M15,Structural Portfolio,2026-03-08 22:15:00+00:00,2026-03-08 22:45:00+00:00,2026-03-08 23:45:00+00:00,-1,5154.995,5198.538486756206,2.0,2.0,1.9881612719053436,target,137.38879902076133,151.04635349109455
Structural Portfolio M15,M15,Structural Portfolio M15,Structural Portfolio,2026-03-11 06:15:00+00:00,2026-03-11 06:45:00+00:00,2026-03-11 07:45:00+00:00,1,5206.405,5189.378307153513,3.0,-1.0,-1.0305778993427614,stop,151.04635349109455,143.26310180688273
Structural Portfolio M15,M15,Structural Portfolio M15,Structural Portfolio,2026-03-12 00:30:00+00:00,2026-03-12 01:00:00+00:00,2026-03-12 15:15:00+00:00,1,5153.935,5123.94080638098,2.0,-1.0,-1.0171831090559196,stop,143.26310180688273,135.97686144143674
Structural Portfolio M15,M15,Structural Portfolio M15,Structural Portfolio,2026-03-13 02:30:00+00:00,2026-03-13 03:00:00+00:00,2026-03-13 07:15:00+00:00,-1,5117.845,5129.151366363907,3.0,3.0,2.9547348384505066,target,135.97686144143674,156.06563992764526
Structural Portfolio M15,M15,Structural Portfolio M15,Structural Portfolio,2026-03-16 14:30:00+00:00,2026-03-16 15:00:00+00:00,2026-03-17 04:45:00+00:00,-1,5000.825,5038.997253162894,3.0,-1.0,-1.013100680692491,stop,156.06563992764526,148.16012962547492
Structural Portfolio M15,M15,Structural Portfolio M15,Structural Portfolio,2026-03-17 05:45:00+00:00,2026-03-17 06:15:00+00:00,2026-03-17 23:15:00+00:00,-1,5020.575,5045.203452989421,3.0,0.8778464489542486,0.857461185608002,time_exit,148.16012962547492,154.51220764589968
Structural Portfolio M15,M15,Structural Portfolio M15,Structural Portfolio,2026-03-18 01:45:00+00:00,2026-03-18 02:15:00+00:00,2026-03-18 11:45:00+00:00,-1,4998.515,5016.452006298488,3.0,3.0,2.972132947288861,target,154.51220764589968,177.47374880103547
Structural Portfolio M15,M15,Structural Portfolio M15,Structural Portfolio,2026-03-18 19:00:00+00:00,2026-03-18 19:30:00+00:00,2026-03-19 08:15:00+00:00,-1,4856.915,4900.607946254283,3.0,3.0,2.988883983763114,target,177.47374880103547,203.99617106752612
Structural Portfolio M15,M15,Structural Portfolio M15,Structural Portfolio,2026-03-19 22:45:00+00:00,2026-03-19 23:15:00+00:00,2026-03-20 01:15:00+00:00,-1,4635.565,4679.080907788337,3.0,-1.0,-1.010652575657039,stop,203.99617106752612,193.68770828184768
Structural Portfolio M15,M15,Structural Portfolio M15,Structural Portfolio,2026-03-26 15:45:00+00:00,2026-03-26 16:15:00+00:00,2026-03-27 09:15:00+00:00,-1,4437.945,4481.358894544004,3.0,0.1983236033171947,0.18810119630530664,time_exit,193.68770828184768,195.5093527637201
Structural Portfolio M15,M15,Structural Portfolio M15,Structural Portfolio,2026-04-06 07:45:00+00:00,2026-04-06 08:15:00+00:00,2026-04-07 01:15:00+00:00,1,4684.445,4643.229265775968,3.0,-1.0,-1.0113656716013775,stop,195.5093527637201,185.62278037060858
Structural Portfolio M15,M15,Structural Portfolio M15,Structural Portfolio,2026-04-07 09:45:00+00:00,2026-04-07 10:15:00+00:00,2026-04-07 19:30:00+00:00,-1,4670.438,4695.347573037925,3.0,-1.0,-1.0187495706686311,stop,185.62278037060858,176.16762398016482
Structural Portfolio M15,M15,Structural Portfolio M15,Structural Portfolio,2026-04-10 03:00:00+00:00,2026-04-10 03:30:00+00:00,2026-04-10 09:00:00+00:00,1,4759.775,4736.717400122219,2.0,-1.0,-1.0206429768285934,stop,176.16762398016482,167.17741157216804
Structural Portfolio M15,M15,Structural Portfolio M15,Structural Portfolio,2026-04-14 11:15:00+00:00,2026-04-14 11:45:00+00:00,2026-04-15 01:30:00+00:00,1,4778.245,4750.289245722507,3.0,3.0,2.982907830164157,target,167.17741157216804,192.11115207242784
Structural Portfolio M15,M15,Structural Portfolio M15,Structural Portfolio,2026-04-15 03:30:00+00:00,2026-04-15 04:00:00+00:00,2026-04-15 05:45:00+00:00,1,4828.225,4815.566745746492,3.0,-1.0,-1.0381428979328802,stop,192.11115207242784,182.13921066554312
Structural Portfolio M15,M15,Structural Portfolio M15,Structural Portfolio,2026-04-16 11:00:00+00:00,2026-04-16 11:30:00+00:00,2026-04-16 14:00:00+00:00,1,4817.325,4804.118837700338,3.0,-1.0,-1.036477857008644,stop,182.13921066554312,172.7000477281497
Structural Portfolio M15,M15,Structural Portfolio M15,Structural Portfolio,2026-04-21 12:15:00+00:00,2026-04-21 12:45:00+00:00,2026-04-21 15:00:00+00:00,-1,4779.945,4798.725240778972,2.0,2.0,1.9745480100268364,target,172.7000477281497,189.7502745068076
Structural Portfolio M15,M15,Structural Portfolio M15,Structural Portfolio,2026-04-23 01:15:00+00:00,2026-04-23 01:45:00+00:00,2026-04-23 17:45:00+00:00,-1,4728.045,4754.677099848227,2.0,2.0,1.9822468185875521,target,189.7502745068076,208.55686840516933
Structural Portfolio M15,M15,Structural Portfolio M15,Structural Portfolio,2026-04-24 09:30:00+00:00,2026-04-24 10:00:00+00:00,2026-04-24 11:15:00+00:00,-1,4685.815,4698.178418074344,3.0,-1.0,-1.037900643429049,stop,208.55686840516933,197.7338030097057
Structural Portfolio M15,M15,Structural Portfolio M15,Structural Portfolio,2026-04-27 15:00:00+00:00,2026-04-27 15:30:00+00:00,2026-04-28 00:15:00+00:00,-1,4674.375,4698.1874938259425,3.0,-1.0,-1.0196299263494506,stop,197.7338030097057,187.65303785972654
Structural Portfolio M15,M15,Structural Portfolio M15,Structural Portfolio,2026-04-28 01:00:00+00:00,2026-04-28 01:30:00+00:00,2026-04-28 05:45:00+00:00,-1,4687.365,4701.51702883104,3.0,3.0,2.966878494553947,target,187.65303785972654,215.49022598291356
Structural Portfolio M15,M15,Structural Portfolio M15,Structural Portfolio,2026-05-01 14:45:00+00:00,2026-05-01 15:15:00+00:00,2026-05-04 08:15:00+00:00,-1,4631.965,4661.386331409556,3.0,1.7664054449663893,1.7506618848415216,time_exit,215.49022598291356,234.3527522421222
Structural Portfolio M15,M15,Structural Portfolio M15,Structural Portfolio,2026-05-05 03:45:00+00:00,2026-05-05 04:15:00+00:00,2026-05-05 05:45:00+00:00,-1,4534.395,4547.237706781855,3.0,-1.0,-1.0353071597523862,stop,234.3527522421222,222.2213981269249
Structural Portfolio M15,M15,Structural Portfolio M15,Structural Portfolio,2026-05-07 01:15:00+00:00,2026-05-07 01:45:00+00:00,2026-05-07 06:45:00+00:00,1,4703.805,4684.092975038572,2.0,2.0,1.9761373830988735,target,222.2213981269249,244.17839873508063
Structural Portfolio M15,M15,Structural Portfolio M15,Structural Portfolio,2026-05-11 14:15:00+00:00,2026-05-11 14:45:00+00:00,2026-05-11 23:00:00+00:00,-1,4724.865,4749.680189521355,3.0,-1.0,-1.0190402132368723,stop,244.17839873508063,231.7370183593389
Structural Portfolio M15,M15,Structural Portfolio M15,Structural Portfolio,2026-05-13 23:30:00+00:00,2026-05-14 00:00:00+00:00,2026-05-14 00:30:00+00:00,-1,4694.605,4702.418677984853,2.0,-1.0,-1.0600818847295752,stop,231.7370183593389,219.45400760013987
Structural Portfolio M15,M15,Structural Portfolio M15,Structural Portfolio,2026-05-14 01:15:00+00:00,2026-05-14 01:45:00+00:00,2026-05-14 04:45:00+00:00,-1,4692.615,4707.619602289596,2.0,-1.0,-1.031274504378259,stop,219.45400760013987,208.13814145405703
Structural Portfolio M15,M15,Structural Portfolio M15,Structural Portfolio,2026-05-14 08:00:00+00:00,2026-05-14 08:30:00+00:00,2026-05-15 00:30:00+00:00,-1,4698.715,4719.603643955884,3.0,3.0,2.977505887840668,target,208.13814145405703,239.12476853724044
Structural Portfolio M15,M15,Structural Portfolio M15,Structural Portfolio,2026-05-18 14:45:00+00:00,2026-05-18 15:15:00+00:00,2026-05-18 23:15:00+00:00,-1,4546.365,4585.410780520659,3.0,-1.0,-1.0116436781116325,stop,239.12476853724044,227.0293155187101
Structural Portfolio M15,M15,Structural Portfolio M15,Structural Portfolio,2026-05-19 00:30:00+00:00,2026-05-19 01:00:00+00:00,2026-05-19 05:30:00+00:00,-1,4570.615,4590.194888543794,2.0,2.0,1.9766565831578822,target,227.0293155187101,249.4672650732044
Structural Portfolio M15,M15,Structural Portfolio M15,Structural Portfolio,2026-05-20 13:30:00+00:00,2026-05-20 14:00:00+00:00,2026-05-20 14:30:00+00:00,-1,4489.665,4506.907880562663,3.0,-1.0,-1.0260377898210447,stop,249.4672650732044,236.66912300878386
Structural Portfolio M15,M15,Structural Portfolio M15,Structural Portfolio,2026-05-22 10:45:00+00:00,2026-05-22 11:15:00+00:00,2026-05-24 22:15:00+00:00,-1,4514.215,4537.428658962909,3.0,-1.0,-1.0194463742541098,stop,236.66912300878386,224.60554904132363
Structural Portfolio M15,M15,Structural Portfolio M15,Structural Portfolio,2026-05-26 11:15:00+00:00,2026-05-26 11:45:00+00:00,2026-05-27 04:45:00+00:00,-1,4523.375,4541.191696983941,3.0,0.8531323181676184,0.8277439142222796,time_exit,224.60554904132363,233.9013428572991
Structural Portfolio M15,M15,Structural Portfolio M15,Structural Portfolio,2026-05-27 10:15:00+00:00,2026-05-27 10:45:00+00:00,2026-05-28 03:30:00+00:00,-1,4476.705,4498.516521417028,4.0,4.0,3.9794755032700055,target,233.9013428572991,280.4415760614282
Structural Portfolio M15,M15,Structural Portfolio M15,Structural Portfolio,2026-06-01 05:15:00+00:00,2026-06-01 05:45:00+00:00,2026-06-01 06:30:00+00:00,1,4520.295,4507.650359395218,2.0,-1.0,-1.0357487028796264,stop,280.4415760614282,265.91822612947107
Structural Portfolio M15,M15,Structural Portfolio M15,Structural Portfolio,2026-06-04 00:30:00+00:00,2026-06-04 01:00:00+00:00,2026-06-04 01:15:00+00:00,-1,4448.045,4465.993071822122,2.0,-1.0,-1.024782857145231,stop,265.91822612947107,252.2928041524735
Structural Portfolio M15,M15,Structural Portfolio M15,Structural Portfolio,2026-06-04 14:00:00+00:00,2026-06-04 14:30:00+00:00,2026-06-05 07:30:00+00:00,-1,4487.515,4516.275667433074,3.0,0.7148651903800118,0.6992622318935912,time_exit,252.2928041524735,261.11374561859105
Structural Portfolio M15,M15,Structural Portfolio M15,Structural Portfolio,2026-06-08 14:00:00+00:00,2026-06-08 14:30:00+00:00,2026-06-09 05:45:00+00:00,-1,4319.415,4347.886050163807,3.0,-1.0,-1.0151712528169785,stop,261.11374561859105,247.85998720522312
Structural Portfolio M15,M15,Structural Portfolio M15,Structural Portfolio,2026-06-09 13:30:00+00:00,2026-06-09 14:00:00+00:00,2026-06-09 14:00:00+00:00,-1,4330.015,4346.27658069753,3.0,-1.0,-1.026627270008614,stop,247.85998720522312,235.1369961047797
Structural Portfolio M15,M15,Structural Portfolio M15,Structural Portfolio,2026-06-09 16:15:00+00:00,2026-06-09 16:45:00+00:00,2026-06-10 09:45:00+00:00,-1,4263.125,4303.247732269314,3.0,2.287730540978173,2.2771053298849084,time_exit,235.1369961047797,261.9085814589457
Structural Portfolio M15,M15,Structural Portfolio M15,Structural Portfolio,2026-06-11 08:30:00+00:00,2026-06-11 09:00:00+00:00,2026-06-11 17:45:00+00:00,-1,4090.395,4113.696955409787,3.0,-1.0,-1.0175538701712648,stop,261.9085814589457,248.5832769242149
Structural Portfolio M15,M15,Structural Portfolio M15,Structural Portfolio,2026-06-12 15:00:00+00:00,2026-06-12 15:30:00+00:00,2026-06-15 02:30:00+00:00,1,4213.775,4175.542303374381,3.0,3.0,2.9889786089606445,target,248.5832769242149,285.7337817878058
Structural Portfolio M15,M15,Structural Portfolio M15,Structural Portfolio,2026-06-17 00:15:00+00:00,2026-06-17 00:45:00+00:00,2026-06-17 04:30:00+00:00,1,4336.995,4327.891413670508,2.0,-1.0,-1.0476405104870583,stop,285.7337817878058,270.7664675370271
Structural Portfolio M15,M15,Structural Portfolio M15,Structural Portfolio,2026-06-18 02:45:00+00:00,2026-06-18 03:15:00+00:00,2026-06-18 11:15:00+00:00,-1,4310.695,4331.1563158486115,3.0,3.0,2.978932464403102,target,270.7664675370271,311.09621855791704
Structural Portfolio M15,M15,Structural Portfolio M15,Structural Portfolio,2026-06-22 22:45:00+00:00,2026-06-22 23:15:00+00:00,2026-06-22 23:45:00+00:00,-1,4189.438,4194.903420023302,2.0,-1.0,-1.0766535413955087,stop,311.09621855791704,294.3490762866604
Structural Portfolio M15,M15,Structural Portfolio M15,Structural Portfolio,2026-06-23 01:15:00+00:00,2026-06-23 01:45:00+00:00,2026-06-23 03:30:00+00:00,-1,4177.995,4199.164940376932,2.0,2.0,1.980264493306969,target,294.3490762866604,323.4935275070693
Structural Portfolio M15,M15,Structural Portfolio M15,Structural Portfolio,2026-06-23 14:30:00+00:00,2026-06-23 15:00:00+00:00,2026-06-24 02:45:00+00:00,-1,4125.975,4145.9299955501665,3.0,3.0,2.979323598496289,target,323.4935275070693,371.6831225302003
Structural Portfolio M15,M15,Structural Portfolio M15,Structural Portfolio,2026-06-25 16:45:00+00:00,2026-06-25 17:15:00+00:00,2026-06-26 09:30:00+00:00,-1,4028.485,4045.0880950187407,3.0,-1.0,-1.0242634580808754,stop,371.6831225302003,352.6480505105463
Structural Portfolio M15,M15,Structural Portfolio M15,Structural Portfolio,2026-06-29 06:00:00+00:00,2026-06-29 06:30:00+00:00,2026-06-29 10:00:00+00:00,1,4059.475,4038.033001325768,2.0,-1.0,-1.0189323535630963,stop,352.6480505105463,334.6818251062389
Structural Portfolio M15,M15,Structural Portfolio M15,Structural Portfolio,2026-07-03 06:45:00+00:00,2026-07-03 07:15:00+00:00,2026-07-03 14:15:00+00:00,1,4172.865,4159.478374034644,2.0,-1.0,-1.0311718950749742,stop,334.6818251062389,317.4261005141413
Structural Portfolio M15,M15,Structural Portfolio M15,Structural Portfolio,2026-07-03 15:00:00+00:00,2026-07-03 15:30:00+00:00,2026-07-06 05:15:00+00:00,1,4171.995,4154.426847971014,3.0,-1.0,-1.0237474891674234,stop,317.4261005141413,301.1778918442634
Structural Portfolio M15,M15,Structural Portfolio M15,Structural Portfolio,2026-07-07 08:45:00+00:00,2026-07-07 09:15:00+00:00,2026-07-07 11:30:00+00:00,-1,4125.715,4139.8277352816585,3.0,-1.0,-1.0292339855999566,stop,301.1778918442634,285.6787657443902
Structural Portfolio M15,M15,Structural Portfolio M15,Structural Portfolio,2026-07-10 02:15:00+00:00,2026-07-10 02:45:00+00:00,2026-07-10 07:45:00+00:00,1,4125.475,4107.803472618514,3.0,-1.0,-1.0233453221724462,stop,285.6787657443902,271.0613643159642
Structural Portfolio M15,M15,Structural Portfolio M15,Structural Portfolio,2026-07-15 19:00:00+00:00,2026-07-15 19:30:00+00:00,2026-07-16 12:30:00+00:00,-1,4060.665,4081.880477356999,2.0,2.0,1.980859893314348,target,271.0613643159642,297.9080935759924
Structural Portfolio M15,M15,Structural Portfolio M15,Structural Portfolio,2026-07-17 02:00:00+00:00,2026-07-17 02:30:00+00:00,2026-07-17 03:30:00+00:00,-1,3980.695,3996.618541385521,3.0,-1.0,-1.0249988046228184,stop,297.9080935759924,282.6403215858496
Structural Portfolio M15,M15,Structural Portfolio M15,Structural Portfolio,2026-07-23 00:00:00+00:00,2026-07-23 00:30:00+00:00,2026-07-23 02:00:00+00:00,1,4126.575,4114.873730148665,3.0,-1.0,-1.0352660442193748,stop,282.6403215858496,268.0099252025959
Structural Portfolio M15,M15,Structural Portfolio M15,Structural Portfolio,2026-07-23 02:45:00+00:00,2026-07-23 03:15:00+00:00,2026-07-23 07:15:00+00:00,1,4128.085,4111.018823822284,3.0,-1.0,-1.0241886932199264,stop,268.0099252025959,254.28528844943506
Structural Portfolio M15,M15,Structural Portfolio M15,Structural Portfolio,2026-07-23 14:30:00+00:00,2026-07-23 15:00:00+00:00,2026-07-24 03:00:00+00:00,1,4056.865,4038.617142680189,3.0,-1.0,-1.0222320074565447,stop,254.28528844943506,241.28836040551843
Structural Portfolio M15,M15,Structural Portfolio M15,Structural Portfolio,2026-07-27 06:00:00+00:00,2026-07-27 06:30:00+00:00,2026-07-27 12:30:00+00:00,1,4094.135,4083.4580335647347,3.0,-1.0,-1.0383454890939552,stop,241.28836040551843,228.7613263756211
Structural Portfolio M15,M15,Structural Portfolio M15,Structural Portfolio,2026-07-27 15:00:00+00:00,2026-07-27 15:30:00+00:00,2026-07-28 00:15:00+00:00,1,4075.695,4064.259385641956,3.0,-1.0,-1.0356403676478747,stop,228.7613263756211,216.91560316805794
Structural Portfolio M15,M15,Structural Portfolio M15,Structural Portfolio,2026-07-29 03:15:00+00:00,2026-07-29 03:45:00+00:00,2026-07-29 05:45:00+00:00,-1,4026.595,4038.526569136034,3.0,-1.0,-1.0337474053420128,stop,216.91560316805794,205.70380607039905
Structural Portfolio M15,M15,Structural Portfolio M15,Structural Portfolio,2026-07-29 19:30:00+00:00,2026-07-29 20:00:00+00:00,2026-07-30 13:00:00+00:00,-1,4069.105,4117.801141773004,2.0,0.007187427735680301,-0.0011686860175776966,time_exit,205.70380607039905,205.6917859123032
Structural Portfolio M15,M15,Structural Portfolio M15,Structural Portfolio,2026-07-31 20:15:00+00:00,2026-07-31 20:45:00+00:00,2026-08-02 22:15:00+00:00,-1,4047.905,4056.13809832481,2.0,-1.0,-1.0491662414355232,stop,205.6917859123032,194.9015420163146
Structural Portfolio M15,M15,Structural Portfolio M15,Structural Portfolio,2026-08-03 11:45:00+00:00,2026-08-03 12:15:00+00:00,2026-08-03 12:45:00+00:00,1,4062.405,4044.644813788909,3.0,-1.0,-1.0228736621999097,stop,194.9015420163146,184.93355931378275
Structural Portfolio M15,M15,Structural Portfolio M15,Structural Portfolio,2026-08-04 13:30:00+00:00,2026-08-04 14:00:00+00:00,2026-08-05 05:45:00+00:00,1,4083.145,4059.8809963631006,3.0,3.0,2.9824486573174203,target,184.93355931378275,212.51130159719887
Structural Portfolio M15,M15,Structural Portfolio M15,Structural Portfolio,2026-08-06 05:45:00+00:00,2026-08-06 06:15:00+00:00,2026-08-06 13:15:00+00:00,1,4266.935,4245.916113996771,3.0,-1.0,-1.020300481192697,stop,212.51130159719887,201.67003243327343
Structural Portfolio M15,M15,Structural Portfolio M15,Structural Portfolio,2026-08-07 01:15:00+00:00,2026-08-07 01:45:00+00:00,2026-08-07 05:45:00+00:00,1,4243.135,4228.548803310864,2.0,2.0,1.970909928815369,target,201.67003243327343,221.54370589663623
Structural Portfolio M15,M15,Structural Portfolio M15,Structural Portfolio,2026-08-07 08:45:00+00:00,2026-08-07 09:15:00+00:00,2026-08-10 02:15:00+00:00,1,4306.005,4281.777336840645,3.0,0.7499691522244125,0.732196059657962,time_exit,221.54370589663623,229.6543773216132
Structural Portfolio M15,M15,Structural Portfolio M15,Structural Portfolio,2026-08-12 18:30:00+00:00,2026-08-12 19:00:00+00:00,2026-08-13 04:15:00+00:00,1,4413.325,4394.921085274445,2.0,-1.0,-1.0239803599713053,stop,229.6543773216132,217.89629872367462
Structural Portfolio M15,M15,Structural Portfolio M15,Structural Portfolio,2026-08-13 08:00:00+00:00,2026-08-13 08:30:00+00:00,2026-08-13 10:00:00+00:00,-1,4365.845,4382.476720141175,3.0,-1.0,-1.0262501110104154,stop,217.89629872367462,206.71549368597812
Structural Portfolio M15,M15,Structural Portfolio M15,Structural Portfolio,2026-08-14 10:30:00+00:00,2026-08-14 11:00:00+00:00,2026-08-14 11:45:00+00:00,-1,4351.695,4359.122747638161,3.0,-1.0,-1.0585870066134513,stop,206.71549368597812,195.77417690189503
Structural Portfolio M15,M15,Structural Portfolio M15,Structural Portfolio,2026-08-19 11:45:00+00:00,2026-08-19 12:15:00+00:00,2026-08-19 12:45:00+00:00,-1,4364.345,4374.5887533893865,3.0,-1.0,-1.0426049401435413,stop,195.77417690189503,185.56842070237246
Structural Portfolio M15,M15,Structural Portfolio M15,Structural Portfolio,2026-08-20 06:15:00+00:00,2026-08-20 06:45:00+00:00,2026-08-20 11:45:00+00:00,1,4493.755,4476.7691696345155,3.0,-1.0,-1.0264559041466195,stop,185.56842070237246,176.04453064971676
Structural Portfolio M15,M15,Structural Portfolio M15,Structural Portfolio,2026-08-21 01:15:00+00:00,2026-08-21 01:45:00+00:00,2026-08-21 09:15:00+00:00,1,4529.125,4507.742320591591,3.0,3.0,2.978818720921294,target,176.04453064971676,202.2647678304757
Structural Portfolio M15,M15,Structural Portfolio M15,Structural Portfolio,2026-08-24 01:00:00+00:00,2026-08-24 01:30:00+00:00,2026-08-24 17:30:00+00:00,1,4621.775,4592.693310123501,3.0,0.567023445681072,0.5511310576540099,time_exit,202.2647678304757,207.83848760150335
Structural Portfolio M15,M15,Structural Portfolio M15,Structural Portfolio,2026-08-25 14:15:00+00:00,2026-08-25 14:45:00+00:00,2026-08-26 07:45:00+00:00,1,4623.605,4603.765811673815,3.0,0.40173014485078784,0.3784247307180053,time_exit,207.83848760150335,211.77104878667515
Structural Portfolio M15,M15,Structural Portfolio M15,Structural Portfolio,2026-08-27 09:45:00+00:00,2026-08-27 10:15:00+00:00,2026-08-27 15:45:00+00:00,-1,4580.325,4602.951105915145,3.0,-1.0,-1.020243540877859,stop,211.77104878667515,200.96814655319838
Structural Portfolio M15,M15,Structural Portfolio M15,Structural Portfolio,2026-08-27 19:30:00+00:00,2026-08-27 20:00:00+00:00,2026-08-28 00:30:00+00:00,-1,4609.645,4618.736135603662,2.0,2.0,1.9492951683820057,target,200.96814655319838,220.55545840694023
Structural Portfolio M15,M15,Structural Portfolio M15,Structural Portfolio,2026-08-31 20:30:00+00:00,2026-08-31 21:00:00+00:00,2026-09-01 00:15:00+00:00,-1,4447.965,4456.322361862563,2.0,-1.0,-1.0532221180935653,stop,220.55545840694023,208.9407640539175
Structural Portfolio M15,M15,Structural Portfolio M15,Structural Portfolio,2026-09-04 02:00:00+00:00,2026-09-04 02:30:00+00:00,2026-09-04 04:15:00+00:00,1,4479.115,4466.1128909890285,2.0,-1.0,-1.034449142029347,stop,208.9407640539175,198.13383434839093
Structural Portfolio M15,M15,Structural Portfolio M15,Structural Portfolio,2026-09-04 04:30:00+00:00,2026-09-04 05:00:00+00:00,2026-09-04 06:45:00+00:00,1,4473.255,4464.500797156624,2.0,-1.0,-1.0510983704631038,stop,198.13383434839093,187.72092682753092
Structural Portfolio M15,M15,Structural Portfolio M15,Structural Portfolio,2026-09-07 08:45:00+00:00,2026-09-07 09:15:00+00:00,2026-09-07 23:45:00+00:00,-1,4410.775,4424.614178045192,3.0,-1.0,-1.0318716544118194,stop,187.72092682753092,178.0357316608687
Structural Portfolio M15,M15,Structural Portfolio M15,Structural Portfolio,2026-09-08 02:15:00+00:00,2026-09-08 02:45:00+00:00,2026-09-08 04:15:00+00:00,-1,4423.985,4441.254888054863,2.0,-1.0,-1.0256167555107816,stop,178.0357316608687,168.90591018731828
Structural Portfolio M15,M15,Structural Portfolio M15,Structural Portfolio,2026-09-08 04:30:00+00:00,2026-09-08 05:00:00+00:00,2026-09-08 05:30:00+00:00,-1,4436.065,4443.444393462343,2.0,2.0,1.9398857775691614,target,168.90591018731828,185.28881883330592
Structural Portfolio M15,M15,Structural Portfolio M15,Structural Portfolio,2026-09-09 08:15:00+00:00,2026-09-09 08:45:00+00:00,2026-09-09 12:00:00+00:00,-1,4399.425,4413.250767076119,3.0,-1.0,-1.0318204767647154,stop,185.28881883330592,175.7295789639183
Structural Portfolio M15,M15,Structural Portfolio M15,Structural Portfolio,2026-09-14 02:45:00+00:00,2026-09-14 03:15:00+00:00,2026-09-14 13:15:00+00:00,-1,4330.735,4356.302467344456,3.0,3.0,2.983061540896271,target,175.7295789639183,201.94018639417624
Structural Portfolio M15,M15,Structural Portfolio M15,Structural Portfolio,2026-09-15 14:30:00+00:00,2026-09-15 15:00:00+00:00,2026-09-15 18:15:00+00:00,-1,4278.015,4301.242537299636,3.0,-1.0,-1.0184178587028558,stop,201.94018639417624,191.6572117834956
Structural Portfolio M15,M15,Structural Portfolio M15,Structural Portfolio,2026-09-15 19:15:00+00:00,2026-09-15 19:45:00+00:00,2026-09-16 00:45:00+00:00,-1,4300.665,4311.17643176237,2.0,2.0,1.9590858305773726,target,191.6572117834956,210.43085818014626
Structural Portfolio M15,M15,Structural Portfolio M15,Structural Portfolio,2026-09-16 03:45:00+00:00,2026-09-16 04:15:00+00:00,2026-09-16 10:15:00+00:00,-1,4326.755,4341.588607775627,2.0,-1.0,-1.0291685951620573,stop,210.43085818014626,199.6024166455459
Structural Portfolio M15,MTF,Structural Portfolio MTF,Structural Portfolio,2026-01-06 11:30:00+00:00,2026-01-06 12:00:00+00:00,2026-01-07 05:00:00+00:00,1,4461.809,4447.384784487455,4.0,0.18760119034873718,0.1566684231828588,time_exit,100.0,100.78334211591428
Structural Portfolio M15,MTF,Structural Portfolio MTF,Structural Portfolio,2026-01-08 01:15:00+00:00,2026-01-08 01:45:00+00:00,2026-01-08 02:00:00+00:00,1,4454.535,4443.4397037181225,3.0,-1.0,-1.0401479589803821,stop,100.78334211591428,95.5418627358598
Structural Portfolio M15,MTF,Structural Portfolio MTF,Structural Portfolio,2026-01-09 13:45:00+00:00,2026-01-09 14:15:00+00:00,2026-01-12 00:45:00+00:00,1,4482.178,4457.757192841831,4.0,4.0,3.981646069390869,target,95.5418627358598,114.5625568470857
Structural Portfolio M15,MTF,Structural Portfolio MTF,Structural Portfolio,2026-01-12 12:45:00+00:00,2026-01-12 13:15:00+00:00,2026-01-12 23:15:00+00:00,1,4590.285,4577.452279810825,4.0,-1.0,-1.0357701635532583,stop,114.5625568470857,108.62953293495643
Structural Portfolio M15,MTF,Structural Portfolio MTF,Structural Portfolio,2026-01-13 00:00:00+00:00,2026-01-13 00:30:00+00:00,2026-01-13 01:45:00+00:00,1,4592.115,4576.383411445114,4.0,-1.0,-1.029190408737036,stop,108.62953293495643,103.03950926484438
Structural Portfolio M15,MTF,Structural Portfolio MTF,Structural Portfolio,2026-01-13 02:45:00+00:00,2026-01-13 03:15:00+00:00,2026-01-13 06:45:00+00:00,1,4593.865,4574.350970562461,4.0,-1.0,-1.0235413450343724,stop,103.03950926484438,97.76624936961335
Structural Portfolio M15,MTF,Structural Portfolio MTF,Structural Portfolio,2026-01-14 08:45:00+00:00,2026-01-14 09:15:00+00:00,2026-01-14 14:45:00+00:00,1,4634.545,4620.506844928745,4.0,-1.0,-1.0330139179719542,stop,97.76624936961335,92.71655455427698
Structural Portfolio M15,MTF,Structural Portfolio MTF,Structural Portfolio,2026-01-15 14:15:00+00:00,2026-01-15 14:45:00+00:00,2026-01-16 07:45:00+00:00,1,4602.495,4581.303088414037,3.0,0.00802192852261041,-0.013696239663069586,time_exit,92.71655455427698,92.65306114668151
Structural Portfolio M15,MTF,Structural Portfolio MTF,Structural Portfolio,2026-01-19 12:30:00+00:00,2026-01-19 13:00:00+00:00,2026-01-20 08:00:00+00:00,1,4671.465,4658.80448262264,4.0,4.0,3.963102100326852,target,92.65306114668151,111.0127382082878
Structural Portfolio M15,MTF,Structural Portfolio MTF,Structural Portfolio,2026-01-21 20:15:00+00:00,2026-01-21 20:45:00+00:00,2026-01-22 13:45:00+00:00,1,4797.195,4753.31414126269,3.0,0.3728277082711357,0.36189539031282464,time_exit,111.0127382082878,113.021488119467
Structural Portfolio M15,MTF,Structural Portfolio MTF,Structural Portfolio,2026-01-22 14:45:00+00:00,2026-01-22 15:15:00+00:00,2026-01-22 21:45:00+00:00,1,4834.498,4809.584054275333,4.0,4.0,3.9805952134060663,target,113.021488119467,135.51612785048604
Structural Portfolio M15,MTF,Structural Portfolio MTF,Structural Portfolio,2026-01-23 10:30:00+00:00,2026-01-23 11:00:00+00:00,2026-01-26 00:45:00+00:00,1,4927.955,4898.4670565869155,4.0,4.0,3.9832882377351098,target,135.51612785048604,162.50611775499846
Structural Portfolio M15,MTF,Structural Portfolio MTF,Structural Portfolio,2026-01-26 14:30:00+00:00,2026-01-26 15:00:00+00:00,2026-01-26 19:15:00+00:00,1,5081.845,5053.148077288922,4.0,-1.0,-1.0177086757739293,stop,162.50611775499846,154.23692345971838
Structural Portfolio M15,MTF,Structural Portfolio MTF,Structural Portfolio,2026-01-26 20:15:00+00:00,2026-01-26 20:45:00+00:00,2026-01-26 21:45:00+00:00,1,5056.275,5005.973415063199,3.0,-1.0,-1.0100519198477598,stop,154.23692345971838,146.44755842712337
Structural Portfolio M15,MTF,Structural Portfolio MTF,Structural Portfolio,2026-01-27 12:45:00+00:00,2026-01-27 13:15:00+00:00,2026-01-27 14:15:00+00:00,1,5084.835,5065.817704871546,4.0,-1.0,-1.0267379507214567,stop,146.44755842712337,138.9293951257421
Structural Portfolio M15,MTF,Structural Portfolio MTF,Structural Portfolio,2026-01-28 16:15:00+00:00,2026-01-28 16:45:00+00:00,2026-01-28 23:45:00+00:00,1,5287.265,5233.357980896434,4.0,4.0,3.9901918802265026,target,138.9293951257421,166.64714234351788
Structural Portfolio M15,MTF,Structural Portfolio MTF,Structural Portfolio,2026-01-29 11:30:00+00:00,2026-01-29 12:00:00+00:00,2026-01-29 15:15:00+00:00,1,5514.305,5468.287330678566,4.0,-1.0,-1.0119830167005688,stop,166.64714234351788,158.21493845185176
Structural Portfolio M15,MTF,Structural Portfolio MTF,Structural Portfolio,2026-01-30 13:00:00+00:00,2026-01-30 13:30:00+00:00,2026-01-30 17:45:00+00:00,-1,5074.525,5150.049004735689,3.0,3.0,2.993280911125199,target,158.21493845185176,181.89402620799055
Structural Portfolio M15,MTF,Structural Portfolio MTF,Structural Portfolio,2026-02-02 10:30:00+00:00,2026-02-02 11:00:00+00:00,2026-02-02 11:15:00+00:00,-1,4672.418,4738.32452955156,3.0,-1.0,-1.0070894614415171,stop,181.89402620799055,172.73484836332884
Structural Portfolio M15,MTF,Structural Portfolio MTF,Structural Portfolio,2026-02-02 13:45:00+00:00,2026-02-02 14:15:00+00:00,2026-02-03 00:30:00+00:00,-1,4705.769,4816.836840971169,4.0,-1.0,-1.004236842058739,stop,172.73484836332884,164.0615134316346
Structural Portfolio M15,MTF,Structural Portfolio MTF,Structural Portfolio,2026-02-03 09:00:00+00:00,2026-02-03 09:30:00+00:00,2026-02-03 16:30:00+00:00,-1,4915.975,4951.999579116093,3.0,-1.0,-1.0136461691451213,stop,164.0615134316346,155.74649720192824
Structural Portfolio M15,MTF,Structural Portfolio MTF,Structural Portfolio,2026-02-03 19:30:00+00:00,2026-02-03 20:00:00+00:00,2026-02-04 03:45:00+00:00,1,4940.075,4877.295943404679,2.0,2.0,1.9921310142778281,target,155.74649720192824,171.25986857398306
Structural Portfolio M15,MTF,Structural Portfolio MTF,Structural Portfolio,2026-02-05 09:00:00+00:00,2026-02-05 09:30:00+00:00,2026-02-06 02:30:00+00:00,-1,4862.245,4946.273119218704,4.0,0.5032839053547036,0.49749745547910323,time_exit,171.25986857398306,175.51993601604516
Structural Portfolio M15,MTF,Structural Portfolio MTF,Structural Portfolio,2026-02-10 13:45:00+00:00,2026-02-10 14:15:00+00:00,2026-02-10 15:45:00+00:00,1,5050.795,5018.083825855607,4.0,-1.0,-1.015440579961162,stop,175.51993601604516,166.6084327349012
Structural Portfolio M15,MTF,Structural Portfolio MTF,Structural Portfolio,2026-02-12 13:15:00+00:00,2026-02-12 13:45:00+00:00,2026-02-12 15:00:00+00:00,1,5062.125,5047.55977721388,3.0,-1.0,-1.0347548751868316,stop,166.6084327349012,157.9884883339174
Structural Portfolio M15,MTF,Structural Portfolio MTF,Structural Portfolio,2026-02-13 04:45:00+00:00,2026-02-13 05:15:00+00:00,2026-02-13 13:45:00+00:00,-1,4976.375,4998.413391220377,3.0,-1.0,-1.022580482169673,stop,157.9884883339174,149.91069110502963
Structural Portfolio M15,MTF,Structural Portfolio MTF,Structural Portfolio,2026-02-13 16:00:00+00:00,2026-02-13 16:30:00+00:00,2026-02-13 16:30:00+00:00,-1,4997.275,5022.038199128185,3.0,-1.0,-1.020180248012916,stop,149.91069110502963,142.26389480346378
Structural Portfolio M15,MTF,Structural Portfolio MTF,Structural Portfolio,2026-02-19 13:45:00+00:00,2026-02-19 14:15:00+00:00,2026-02-19 14:45:00+00:00,1,4996.795,4971.003308264412,3.0,-1.0,-1.0193736612984767,stop,142.26389480346378,135.01289143764438
Structural Portfolio M15,MTF,Structural Portfolio MTF,Structural Portfolio,2026-02-19 15:00:00+00:00,2026-02-19 15:30:00+00:00,2026-02-20 08:30:00+00:00,1,4999.735,4961.343812083542,3.0,0.481881416127507,0.46885828433257587,time_exit,135.01289143764438,138.1779870697561
Structural Portfolio M15,MTF,Structural Portfolio MTF,Structural Portfolio,2026-02-20 08:30:00+00:00,2026-02-20 09:00:00+00:00,2026-02-20 15:15:00+00:00,1,5022.365,5003.727267712849,3.0,-1.0,-1.0269472966057283,stop,138.1779870697561,131.08291155617073
Structural Portfolio M15,MTF,Structural Portfolio MTF,Structural Portfolio,2026-02-23 09:00:00+00:00,2026-02-23 09:30:00+00:00,2026-02-23 23:15:00+00:00,1,5145.725,5120.718754358429,4.0,4.0,3.9794222408523194,target,131.08291155617073,157.16462423828588
Structural Portfolio M15,MTF,Structural Portfolio MTF,Structural Portfolio,2026-02-25 11:45:00+00:00,2026-02-25 12:15:00+00:00,2026-02-25 21:00:00+00:00,1,5181.295,5153.948152530059,4.0,-1.0,-1.018946589751141,stop,157.16462423828588,149.15750634342982
Structural Portfolio M15,MTF,Structural Portfolio MTF,Structural Portfolio,2026-02-26 10:00:00+00:00,2026-02-26 10:30:00+00:00,2026-02-26 11:00:00+00:00,1,5187.655,5166.398073653857,4.0,-1.0,-1.0244045395628956,stop,149.15750634342982,141.51762501302528
Structural Portfolio M15,MTF,Structural Portfolio MTF,Structural Portfolio,2026-02-27 01:45:00+00:00,2026-02-27 02:15:00+00:00,2026-02-27 18:15:00+00:00,1,5193.775,5165.51536264865,4.0,1.398460974875634,1.3800822004581628,time_exit,141.51762501302528,151.28292277960475
Structural Portfolio M15,MTF,Structural Portfolio MTF,Structural Portfolio,2026-03-04 12:30:00+00:00,2026-03-04 13:00:00+00:00,2026-03-05 06:00:00+00:00,-1,5166.205,5207.4773389730035,3.0,0.4332199348259739,0.42070258027677027,time_exit,151.28292277960475,154.4651785778643
Structural Portfolio M15,MTF,Structural Portfolio MTF,Structural Portfolio,2026-03-06 19:45:00+00:00,2026-03-06 20:15:00+00:00,2026-03-08 22:15:00+00:00,-1,5159.535,5175.855435083909,2.0,-1.0,-1.0316139549802021,stop_same_bar,154.4651785778643,146.4977568888926
Structural Portfolio M15,MTF,Structural Portfolio MTF,Structural Portfolio,2026-03-08 22:15:00+00:00,2026-03-08 22:45:00+00:00,2026-03-08 23:45:00+00:00,-1,5154.995,5198.538486756206,2.0,2.0,1.9881612719053436,target,146.4977568888926,161.06081522226765
Structural Portfolio M15,MTF,Structural Portfolio MTF,Structural Portfolio,2026-03-11 06:15:00+00:00,2026-03-11 06:45:00+00:00,2026-03-11 07:45:00+00:00,1,5206.405,5189.378307153513,4.0,-1.0,-1.0305778993427614,stop,161.06081522226765,152.76152939135778
Structural Portfolio M15,MTF,Structural Portfolio MTF,Structural Portfolio,2026-03-12 00:30:00+00:00,2026-03-12 01:00:00+00:00,2026-03-12 15:15:00+00:00,1,5153.935,5123.94080638098,2.0,-1.0,-1.0171831090559196,stop,152.76152939135778,144.99220702083585
Structural Portfolio M15,MTF,Structural Portfolio MTF,Structural Portfolio,2026-03-13 02:30:00+00:00,2026-03-13 03:00:00+00:00,2026-03-13 07:30:00+00:00,-1,5117.845,5129.151366363907,4.0,4.0,3.9547348384505066,target,144.99220702083585,173.66249364129223
Structural Portfolio M15,MTF,Structural Portfolio MTF,Structural Portfolio,2026-03-16 14:30:00+00:00,2026-03-16 15:00:00+00:00,2026-03-17 04:45:00+00:00,-1,5000.825,5038.997253162894,3.0,-1.0,-1.013100680692491,stop,173.66249364129223,164.8656141153548
Structural Portfolio M15,MTF,Structural Portfolio MTF,Structural Portfolio,2026-03-17 05:45:00+00:00,2026-03-17 06:15:00+00:00,2026-03-17 23:15:00+00:00,-1,5020.575,5045.203452989421,3.0,0.8778464489542486,0.857461185608002,time_exit,164.8656141153548,171.93390736262197
Structural Portfolio M15,MTF,Structural Portfolio MTF,Structural Portfolio,2026-03-18 01:45:00+00:00,2026-03-18 02:15:00+00:00,2026-03-18 12:00:00+00:00,-1,4998.515,5016.452006298488,4.0,4.0,3.972132947288861,target,171.93390736262197,206.08112427218103
Structural Portfolio M15,MTF,Structural Portfolio MTF,Structural Portfolio,2026-03-18 19:00:00+00:00,2026-03-18 19:30:00+00:00,2026-03-19 10:30:00+00:00,-1,4856.915,4900.607946254283,4.0,4.0,3.988883983763114,target,206.08112427218103,247.18280907044098
Structural Portfolio M15,MTF,Structural Portfolio MTF,Structural Portfolio,2026-03-19 22:45:00+00:00,2026-03-19 23:15:00+00:00,2026-03-20 01:15:00+00:00,-1,4635.565,4679.080907788337,4.0,-1.0,-1.010652575657039,stop,247.18280907044098,234.69201193818182
Structural Portfolio M15,MTF,Structural Portfolio MTF,Structural Portfolio,2026-03-26 15:45:00+00:00,2026-03-26 16:15:00+00:00,2026-03-27 09:15:00+00:00,-1,4437.945,4481.358894544004,4.0,0.1983236033171947,0.18810119630530664,time_exit,234.69201193818182,236.89930434862538
Structural Portfolio M15,MTF,Structural Portfolio MTF,Structural Portfolio,2026-04-06 07:45:00+00:00,2026-04-06 08:15:00+00:00,2026-04-07 01:15:00+00:00,1,4684.445,4643.229265775968,3.0,-1.0,-1.0113656716013775,stop,236.89930434862538,224.91971314640304
Structural Portfolio M15,MTF,Structural Portfolio MTF,Structural Portfolio,2026-04-07 09:45:00+00:00,2026-04-07 10:15:00+00:00,2026-04-07 19:30:00+00:00,-1,4670.438,4695.347573037925,3.0,-1.0,-1.0187495706686311,stop,224.91971314640304,213.46287008626254
Structural Portfolio M15,MTF,Structural Portfolio MTF,Structural Portfolio,2026-04-10 03:00:00+00:00,2026-04-10 03:30:00+00:00,2026-04-10 09:00:00+00:00,1,4759.775,4736.717400122219,3.0,-1.0,-1.0206429768285934,stop,213.46287008626254,202.5694011279016
Structural Portfolio M15,MTF,Structural Portfolio MTF,Structural Portfolio,2026-04-14 11:15:00+00:00,2026-04-14 11:45:00+00:00,2026-04-15 04:45:00+00:00,1,4778.245,4750.289245722507,4.0,1.6064671177968146,1.5893749479609718,time_exit,202.5694011279016,218.6673376967088
Structural Portfolio M15,MTF,Structural Portfolio MTF,Structural Portfolio,2026-04-16 11:00:00+00:00,2026-04-16 11:30:00+00:00,2026-04-16 14:00:00+00:00,1,4817.325,4804.118837700338,4.0,-1.0,-1.036477857008644,stop,218.6673376967088,207.3351450180253
Structural Portfolio M15,MTF,Structural Portfolio MTF,Structural Portfolio,2026-04-21 12:15:00+00:00,2026-04-21 12:45:00+00:00,2026-04-21 15:00:00+00:00,-1,4779.945,4798.725240778972,3.0,3.0,2.974548010026836,target,207.3351450180253,238.17156216912494
Structural Portfolio M15,MTF,Structural Portfolio MTF,Structural Portfolio,2026-04-23 01:15:00+00:00,2026-04-23 01:45:00+00:00,2026-04-23 17:45:00+00:00,-1,4728.045,4754.677099848227,3.0,1.9048441650904149,1.887090983677967,time_exit,238.17156216912494,260.64413254601754
Structural Portfolio M15,MTF,Structural Portfolio MTF,Structural Portfolio,2026-04-24 09:30:00+00:00,2026-04-24 10:00:00+00:00,2026-04-24 11:15:00+00:00,-1,4685.815,4698.178418074344,4.0,-1.0,-1.037900643429049,stop,260.64413254601754,247.11799690224166
Structural Portfolio M15,MTF,Structural Portfolio MTF,Structural Portfolio,2026-04-27 15:00:00+00:00,2026-04-27 15:30:00+00:00,2026-04-28 00:15:00+00:00,-1,4674.375,4698.1874938259425,4.0,-1.0,-1.0196299263494506,stop,247.11799690224166,234.51955165318884
Structural Portfolio M15,MTF,Structural Portfolio MTF,Structural Portfolio,2026-04-28 01:00:00+00:00,2026-04-28 01:30:00+00:00,2026-04-28 05:45:00+00:00,-1,4687.365,4701.51702883104,4.0,4.0,3.966878494553947,target,234.51955165318884,281.0350799534623
Structural Portfolio M15,MTF,Structural Portfolio MTF,Structural Portfolio,2026-05-01 14:45:00+00:00,2026-05-01 15:15:00+00:00,2026-05-04 08:15:00+00:00,-1,4631.965,4661.386331409556,3.0,1.7664054449663893,1.7506618848415216,time_exit,281.0350799534623,305.63495009235805
Structural Portfolio M15,MTF,Structural Portfolio MTF,Structural Portfolio,2026-05-05 03:45:00+00:00,2026-05-05 04:15:00+00:00,2026-05-05 05:45:00+00:00,-1,4534.395,4547.237706781855,4.0,-1.0,-1.0353071597523862,stop,305.63495009235805,289.81364748729897
Structural Portfolio M15,MTF,Structural Portfolio MTF,Structural Portfolio,2026-05-07 01:15:00+00:00,2026-05-07 01:45:00+00:00,2026-05-07 15:00:00+00:00,1,4703.805,4684.092975038572,3.0,3.0,2.9761373830988735,target,289.81364748729897,332.9399090082584
Structural Portfolio M15,MTF,Structural Portfolio MTF,Structural Portfolio,2026-05-11 14:15:00+00:00,2026-05-11 14:45:00+00:00,2026-05-11 23:00:00+00:00,-1,4724.865,4749.680189521355,3.0,-1.0,-1.0190402132368723,stop,332.9399090082584,315.97595121471636
Structural Portfolio M15,MTF,Structural Portfolio MTF,Structural Portfolio,2026-05-13 23:30:00+00:00,2026-05-14 00:00:00+00:00,2026-05-14 00:30:00+00:00,-1,4694.605,4702.418677984853,2.0,-1.0,-1.0600818847295752,stop,315.97595121471636,299.22793212007053
Structural Portfolio M15,MTF,Structural Portfolio MTF,Structural Portfolio,2026-05-14 01:15:00+00:00,2026-05-14 01:45:00+00:00,2026-05-14 04:45:00+00:00,-1,4692.615,4707.619602289596,2.0,-1.0,-1.031274504378259,stop,299.22793212007053,283.79862525040767
Structural Portfolio M15,MTF,Structural Portfolio MTF,Structural Portfolio,2026-05-14 08:00:00+00:00,2026-05-14 08:30:00+00:00,2026-05-15 00:30:00+00:00,-1,4698.715,4719.603643955884,3.0,3.0,2.977505887840668,target,283.79862525040767,326.04922913261646
Structural Portfolio M15,MTF,Structural Portfolio MTF,Structural Portfolio,2026-05-18 14:45:00+00:00,2026-05-18 15:15:00+00:00,2026-05-18 23:15:00+00:00,-1,4546.365,4585.410780520659,4.0,-1.0,-1.0116436781116325,stop,326.04922913261646,309.5569470623573
Structural Portfolio M15,MTF,Structural Portfolio MTF,Structural Portfolio,2026-05-19 00:30:00+00:00,2026-05-19 01:00:00+00:00,2026-05-19 13:30:00+00:00,-1,4570.615,4590.194888543794,3.0,3.0,2.976656583157882,target,309.5569470623573,355.6291832791284
Structural Portfolio M15,MTF,Structural Portfolio MTF,Structural Portfolio,2026-05-20 13:30:00+00:00,2026-05-20 14:00:00+00:00,2026-05-20 14:30:00+00:00,-1,4489.665,4506.907880562663,3.0,-1.0,-1.0260377898210447,stop,355.6291832791284,337.38473421874943
Structural Portfolio M15,MTF,Structural Portfolio MTF,Structural Portfolio,2026-05-22 10:45:00+00:00,2026-05-22 11:15:00+00:00,2026-05-24 22:15:00+00:00,-1,4514.215,4537.428658962909,4.0,-1.0,-1.0194463742541098,stop,337.38473421874943,320.1874520173499
Structural Portfolio M15,MTF,Structural Portfolio MTF,Structural Portfolio,2026-05-26 11:15:00+00:00,2026-05-26 11:45:00+00:00,2026-05-27 04:45:00+00:00,-1,4523.375,4541.191696983941,4.0,0.8531323181676184,0.8277439142222796,time_exit,320.1874520173499,333.4391127582349
Structural Portfolio M15,MTF,Structural Portfolio MTF,Structural Portfolio,2026-05-27 10:15:00+00:00,2026-05-27 10:45:00+00:00,2026-05-28 03:30:00+00:00,-1,4476.705,4498.516521417028,4.0,4.0,3.9794755032700055,target,333.4391127582349,399.784751810909
Structural Portfolio M15,MTF,Structural Portfolio MTF,Structural Portfolio,2026-06-01 05:15:00+00:00,2026-06-01 05:45:00+00:00,2026-06-01 06:30:00+00:00,1,4520.295,4507.650359395218,2.0,-1.0,-1.0357487028796264,stop,399.784751810909,379.08092490494886
Structural Portfolio M15,MTF,Structural Portfolio MTF,Structural Portfolio,2026-06-04 00:30:00+00:00,2026-06-04 01:00:00+00:00,2026-06-04 01:15:00+00:00,-1,4448.045,4465.993071822122,3.0,-1.0,-1.024782857145231,stop,379.08092490494886,359.6571432392813
Structural Portfolio M15,MTF,Structural Portfolio MTF,Structural Portfolio,2026-06-04 14:00:00+00:00,2026-06-04 14:30:00+00:00,2026-06-05 07:30:00+00:00,-1,4487.515,4516.275667433074,3.0,0.7148651903800118,0.6992622318935912,time_exit,359.6571432392813,372.23187607418
Structural Portfolio M15,MTF,Structural Portfolio MTF,Structural Portfolio,2026-06-08 14:00:00+00:00,2026-06-08 14:30:00+00:00,2026-06-09 05:45:00+00:00,-1,4319.415,4347.886050163807,4.0,-1.0,-1.0151712528169785,stop,372.23187607418,353.337921075548
Structural Portfolio M15,MTF,Structural Portfolio MTF,Structural Portfolio,2026-06-09 13:30:00+00:00,2026-06-09 14:00:00+00:00,2026-06-09 14:00:00+00:00,-1,4330.015,4346.27658069753,3.0,-1.0,-1.026627270008614,stop,353.337921075548,335.2006038103326
Structural Portfolio M15,MTF,Structural Portfolio MTF,Structural Portfolio,2026-06-09 16:15:00+00:00,2026-06-09 16:45:00+00:00,2026-06-10 09:45:00+00:00,-1,4263.125,4303.247732269314,4.0,2.287730540978173,2.2771053298849084,time_exit,335.2006038103326,373.36495788619
Structural Portfolio M15,MTF,Structural Portfolio MTF,Structural Portfolio,2026-06-11 08:30:00+00:00,2026-06-11 09:00:00+00:00,2026-06-11 17:45:00+00:00,-1,4090.395,4113.696955409787,4.0,-1.0,-1.0175538701712648,stop,373.36495788619,354.3690099920188
Structural Portfolio M15,MTF,Structural Portfolio MTF,Structural Portfolio,2026-06-12 15:00:00+00:00,2026-06-12 15:30:00+00:00,2026-06-15 02:30:00+00:00,1,4213.775,4175.542303374381,3.0,3.0,2.9889786089606445,target,354.3690099920188,407.32907951925404
Structural Portfolio M15,MTF,Structural Portfolio MTF,Structural Portfolio,2026-06-17 00:15:00+00:00,2026-06-17 00:45:00+00:00,2026-06-17 04:30:00+00:00,1,4336.995,4327.891413670508,2.0,-1.0,-1.0476405104870583,stop,407.32907951925404,385.9923572790653
Structural Portfolio M15,MTF,Structural Portfolio MTF,Structural Portfolio,2026-06-18 02:45:00+00:00,2026-06-18 03:15:00+00:00,2026-06-18 15:45:00+00:00,-1,4310.695,4331.1563158486115,4.0,4.0,3.978932464403102,target,385.9923572790653,462.784233348523
Structural Portfolio M15,MTF,Structural Portfolio MTF,Structural Portfolio,2026-06-22 22:45:00+00:00,2026-06-22 23:15:00+00:00,2026-06-22 23:45:00+00:00,-1,4189.438,4194.903420023302,3.0,-1.0,-1.0766535413955087,stop,462.784233348523,437.87131916168835
Structural Portfolio M15,MTF,Structural Portfolio MTF,Structural Portfolio,2026-06-23 01:15:00+00:00,2026-06-23 01:45:00+00:00,2026-06-23 06:15:00+00:00,-1,4177.995,4199.164940376932,3.0,3.0,2.980264493306969,target,437.87131916168835,503.11993641844145
Structural Portfolio M15,MTF,Structural Portfolio MTF,Structural Portfolio,2026-06-23 14:30:00+00:00,2026-06-23 15:00:00+00:00,2026-06-24 08:00:00+00:00,-1,4125.975,4145.9299955501665,4.0,2.5687803272686502,2.548103925764939,time_exit,503.11993641844145,567.2200306743633
Structural Portfolio M15,MTF,Structural Portfolio MTF,Structural Portfolio,2026-06-25 16:45:00+00:00,2026-06-25 17:15:00+00:00,2026-06-26 09:30:00+00:00,-1,4028.485,4045.0880950187407,3.0,-1.0,-1.0242634580808754,stop,567.2200306743633,538.1708931688001
Structural Portfolio M15,MTF,Structural Portfolio MTF,Structural Portfolio,2026-06-29 06:00:00+00:00,2026-06-29 06:30:00+00:00,2026-06-29 10:00:00+00:00,1,4059.475,4038.033001325768,2.0,-1.0,-1.0189323535630963,stop,538.1708931688001,510.7529064290182
Structural Portfolio M15,MTF,Structural Portfolio MTF,Structural Portfolio,2026-07-03 06:45:00+00:00,2026-07-03 07:15:00+00:00,2026-07-03 14:15:00+00:00,1,4172.865,4159.478374034644,3.0,-1.0,-1.0311718950749742,stop,510.7529064290182,484.41920430714515
Structural Portfolio M15,MTF,Structural Portfolio MTF,Structural Portfolio,2026-07-03 15:00:00+00:00,2026-07-03 15:30:00+00:00,2026-07-06 05:15:00+00:00,1,4171.995,4154.426847971014,4.0,-1.0,-1.0237474891674234,stop,484.41920430714515,459.6230571014491
Structural Portfolio M15,MTF,Structural Portfolio MTF,Structural Portfolio,2026-07-07 08:45:00+00:00,2026-07-07 09:15:00+00:00,2026-07-07 11:30:00+00:00,-1,4125.715,4139.8277352816585,3.0,-1.0,-1.0292339855999566,stop,459.6230571014491,435.970073554741
Structural Portfolio M15,MTF,Structural Portfolio MTF,Structural Portfolio,2026-07-10 02:15:00+00:00,2026-07-10 02:45:00+00:00,2026-07-10 07:45:00+00:00,1,4125.475,4107.803472618514,4.0,-1.0,-1.0233453221724462,stop,435.970073554741,413.6626767857699
Structural Portfolio M15,MTF,Structural Portfolio MTF,Structural Portfolio,2026-07-15 19:00:00+00:00,2026-07-15 19:30:00+00:00,2026-07-16 12:30:00+00:00,-1,4060.665,4081.880477356999,3.0,1.708658230498917,1.689518123813265,time_exit,413.6626767857699,448.60720626450325
Structural Portfolio M15,MTF,Structural Portfolio MTF,Structural Portfolio,2026-07-17 02:00:00+00:00,2026-07-17 02:30:00+00:00,2026-07-17 03:30:00+00:00,-1,3980.695,3996.618541385521,4.0,-1.0,-1.0249988046228184,stop,448.60720626450325,425.6161137561883
Structural Portfolio M15,MTF,Structural Portfolio MTF,Structural Portfolio,2026-07-23 00:00:00+00:00,2026-07-23 00:30:00+00:00,2026-07-23 02:00:00+00:00,1,4126.575,4114.873730148665,4.0,-1.0,-1.0352660442193748,stop,425.6161137561883,403.5848182339687
Structural Portfolio M15,MTF,Structural Portfolio MTF,Structural Portfolio,2026-07-23 02:45:00+00:00,2026-07-23 03:15:00+00:00,2026-07-23 07:15:00+00:00,1,4128.085,4111.018823822284,4.0,-1.0,-1.0241886932199264,stop,403.5848182339687,382.91746785444616
Structural Portfolio M15,MTF,Structural Portfolio MTF,Structural Portfolio,2026-07-23 14:30:00+00:00,2026-07-23 15:00:00+00:00,2026-07-24 03:00:00+00:00,1,4056.865,4038.617142680189,3.0,-1.0,-1.0222320074565447,stop,382.91746785444616,363.3459432616948
Structural Portfolio M15,MTF,Structural Portfolio MTF,Structural Portfolio,2026-07-27 06:00:00+00:00,2026-07-27 06:30:00+00:00,2026-07-27 12:30:00+00:00,1,4094.135,4083.4580335647347,4.0,-1.0,-1.0383454890939552,stop,363.3459432616948,344.48201220337637
Structural Portfolio M15,MTF,Structural Portfolio MTF,Structural Portfolio,2026-07-27 15:00:00+00:00,2026-07-27 15:30:00+00:00,2026-07-28 00:15:00+00:00,1,4075.695,4064.259385641956,3.0,-1.0,-1.0356403676478747,stop,344.48201220337637,326.6440383150572
Structural Portfolio M15,MTF,Structural Portfolio MTF,Structural Portfolio,2026-07-29 03:15:00+00:00,2026-07-29 03:45:00+00:00,2026-07-29 05:45:00+00:00,-1,4026.595,4038.526569136034,4.0,-1.0,-1.0337474053420128,stop,326.6440383150572,309.76066696112576
Structural Portfolio M15,MTF,Structural Portfolio MTF,Structural Portfolio,2026-07-29 19:30:00+00:00,2026-07-29 20:00:00+00:00,2026-07-30 13:00:00+00:00,-1,4069.105,4117.801141773004,3.0,0.007187427735680301,-0.0011686860175776966,time_exit,309.76066696112576,309.7425663131121
Structural Portfolio M15,MTF,Structural Portfolio MTF,Structural Portfolio,2026-07-31 20:15:00+00:00,2026-07-31 20:45:00+00:00,2026-08-02 22:15:00+00:00,-1,4047.905,4056.13809832481,3.0,-1.0,-1.0491662414355232,stop,309.7425663131121,293.49399410754603
Structural Portfolio M15,MTF,Structural Portfolio MTF,Structural Portfolio,2026-08-03 11:45:00+00:00,2026-08-03 12:15:00+00:00,2026-08-03 12:45:00+00:00,1,4062.405,4044.644813788909,3.0,-1.0,-1.0228736621999097,stop,293.49399410754603,278.4836302782228
Structural Portfolio M15,MTF,Structural Portfolio MTF,Structural Portfolio,2026-08-04 13:30:00+00:00,2026-08-04 14:00:00+00:00,2026-08-05 05:45:00+00:00,1,4083.145,4059.8809963631006,3.0,3.0,2.9824486573174203,target,278.4836302782228,320.0117867386311
Structural Portfolio M15,MTF,Structural Portfolio MTF,Structural Portfolio,2026-08-06 05:45:00+00:00,2026-08-06 06:15:00+00:00,2026-08-06 13:15:00+00:00,1,4266.935,4245.916113996771,4.0,-1.0,-1.020300481192697,stop,320.0117867386311,303.68637773879306
Structural Portfolio M15,MTF,Structural Portfolio MTF,Structural Portfolio,2026-08-07 01:15:00+00:00,2026-08-07 01:45:00+00:00,2026-08-07 06:15:00+00:00,1,4243.135,4228.548803310864,3.0,3.0,2.970909928815369,target,303.68637773879306,348.79762148230077
Structural Portfolio M15,MTF,Structural Portfolio MTF,Structural Portfolio,2026-08-07 08:45:00+00:00,2026-08-07 09:15:00+00:00,2026-08-10 02:15:00+00:00,1,4306.005,4281.777336840645,4.0,0.7499691522244125,0.732196059657962,time_exit,348.79762148230077,361.5670336856713
Structural Portfolio M15,MTF,Structural Portfolio MTF,Structural Portfolio,2026-08-12 18:30:00+00:00,2026-08-12 19:00:00+00:00,2026-08-13 04:15:00+00:00,1,4413.325,4394.921085274445,3.0,-1.0,-1.0239803599713053,stop,361.5670336856713,343.05515662031075
Structural Portfolio M15,MTF,Structural Portfolio MTF,Structural Portfolio,2026-08-13 08:00:00+00:00,2026-08-13 08:30:00+00:00,2026-08-13 10:00:00+00:00,-1,4365.845,4382.476720141175,3.0,-1.0,-1.0262501110104154,stop,343.05515662031075,325.45213699209626
Structural Portfolio M15,MTF,Structural Portfolio MTF,Structural Portfolio,2026-08-14 10:30:00+00:00,2026-08-14 11:00:00+00:00,2026-08-14 11:45:00+00:00,-1,4351.695,4359.122747638161,3.0,-1.0,-1.0585870066134513,stop,325.45213699209626,308.22616681737554
Structural Portfolio M15,MTF,Structural Portfolio MTF,Structural Portfolio,2026-08-19 11:45:00+00:00,2026-08-19 12:15:00+00:00,2026-08-19 12:45:00+00:00,-1,4364.345,4374.5887533893865,3.0,-1.0,-1.0426049401435413,stop,308.22616681737554,292.1582606071104
Structural Portfolio M15,MTF,Structural Portfolio MTF,Structural Portfolio,2026-08-20 06:15:00+00:00,2026-08-20 06:45:00+00:00,2026-08-20 11:45:00+00:00,1,4493.755,4476.7691696345155,4.0,-1.0,-1.0264559041466195,stop,292.1582606071104,277.1638820298416
Structural Portfolio M15,MTF,Structural Portfolio MTF,Structural Portfolio,2026-08-21 01:15:00+00:00,2026-08-21 01:45:00+00:00,2026-08-21 16:00:00+00:00,1,4529.125,4507.742320591591,4.0,4.0,3.978818720921294,target,277.1638820298416,332.3031241590194
Structural Portfolio M15,MTF,Structural Portfolio MTF,Structural Portfolio,2026-08-24 01:00:00+00:00,2026-08-24 01:30:00+00:00,2026-08-24 17:30:00+00:00,1,4621.775,4592.693310123501,4.0,0.567023445681072,0.5511310576540099,time_exit,332.3031241590194,341.46025277299395
Structural Portfolio M15,MTF,Structural Portfolio MTF,Structural Portfolio,2026-08-25 14:15:00+00:00,2026-08-25 14:45:00+00:00,2026-08-26 07:45:00+00:00,1,4623.605,4603.765811673815,3.0,0.40173014485078784,0.3784247307180053,time_exit,341.46025277299395,347.92110298332005
Structural Portfolio M15,MTF,Structural Portfolio MTF,Structural Portfolio,2026-08-27 09:45:00+00:00,2026-08-27 10:15:00+00:00,2026-08-27 15:45:00+00:00,-1,4580.325,4602.951105915145,3.0,-1.0,-1.020243540877859,stop,347.92110298332005,330.1728900806284
Structural Portfolio M15,MTF,Structural Portfolio MTF,Structural Portfolio,2026-08-27 19:30:00+00:00,2026-08-27 20:00:00+00:00,2026-08-28 00:30:00+00:00,-1,4609.645,4618.736135603662,2.0,2.0,1.9492951683820057,target,330.1728900806284,362.353111048873
Structural Portfolio M15,MTF,Structural Portfolio MTF,Structural Portfolio,2026-08-31 20:30:00+00:00,2026-08-31 21:00:00+00:00,2026-09-01 00:15:00+00:00,-1,4447.965,4456.322361862563,3.0,-1.0,-1.0532221180935653,stop,362.353111048873,343.2711954930387
Structural Portfolio M15,MTF,Structural Portfolio MTF,Structural Portfolio,2026-09-04 02:00:00+00:00,2026-09-04 02:30:00+00:00,2026-09-04 04:15:00+00:00,1,4479.115,4466.1128909890285,3.0,-1.0,-1.034449142029347,stop,343.2711954930387,325.5163658099806
Structural Portfolio M15,MTF,Structural Portfolio MTF,Structural Portfolio,2026-09-04 04:30:00+00:00,2026-09-04 05:00:00+00:00,2026-09-04 06:45:00+00:00,1,4473.255,4464.500797156624,3.0,-1.0,-1.0510983704631038,stop,325.5163658099806,308.40887972688347
Structural Portfolio M15,MTF,Structural Portfolio MTF,Structural Portfolio,2026-09-07 08:45:00+00:00,2026-09-07 09:15:00+00:00,2026-09-07 23:45:00+00:00,-1,4410.775,4424.614178045192,4.0,-1.0,-1.0318716544118194,stop,308.40887972688347,292.4969606789297
Structural Portfolio M15,MTF,Structural Portfolio MTF,Structural Portfolio,2026-09-08 02:15:00+00:00,2026-09-08 02:45:00+00:00,2026-09-08 04:15:00+00:00,-1,4423.985,4441.254888054863,3.0,-1.0,-1.0256167555107816,stop,292.4969606789297,277.4974714885153
Structural Portfolio M15,MTF,Structural Portfolio MTF,Structural Portfolio,2026-09-08 04:30:00+00:00,2026-09-08 05:00:00+00:00,2026-09-08 05:30:00+00:00,-1,4436.065,4443.444393462343,2.0,2.0,1.9398857775691614,target,277.4974714885153,304.41314140111405
Structural Portfolio M15,MTF,Structural Portfolio MTF,Structural Portfolio,2026-09-09 08:15:00+00:00,2026-09-09 08:45:00+00:00,2026-09-09 12:00:00+00:00,-1,4399.425,4413.250767076119,3.0,-1.0,-1.0318204767647154,stop,304.41314140111405,288.70815576641695
Structural Portfolio M15,MTF,Structural Portfolio MTF,Structural Portfolio,2026-09-14 02:45:00+00:00,2026-09-14 03:15:00+00:00,2026-09-14 19:15:00+00:00,-1,4330.735,4356.302467344456,4.0,0.972603178288247,0.9556647191845181,time_exit,288.70815576641695,302.5035656967566
Structural Portfolio M15,MTF,Structural Portfolio MTF,Structural Portfolio,2026-09-15 14:30:00+00:00,2026-09-15 15:00:00+00:00,2026-09-15 18:15:00+00:00,-1,4278.015,4301.242537299636,3.0,-1.0,-1.0184178587028558,stop,302.5035656967566,287.09981401541313
Structural Portfolio M15,MTF,Structural Portfolio MTF,Structural Portfolio,2026-09-15 19:15:00+00:00,2026-09-15 19:45:00+00:00,2026-09-16 02:45:00+00:00,-1,4300.665,4311.17643176237,3.0,-1.0,-1.0409141694226274,stop,287.09981401541313,272.15750079305093
Structural Portfolio M15,MTF,Structural Portfolio MTF,Structural Portfolio,2026-09-16 03:45:00+00:00,2026-09-16 04:15:00+00:00,2026-09-16 10:15:00+00:00,-1,4326.755,4341.588607775627,2.0,-1.0,-1.0291685951620573,stop,272.15750079305093,258.1527031553509
V1 Legacy M15,M15,V1 Legacy M15,Legacy,2026-01-02 00:45:00+00:00,2026-01-02 01:15:00+00:00,2026-01-02 08:45:00+00:00,1,4353.695,4337.149156295635,2.0,2.0,1.973687077686757,target,100.0,109.86843538843378
V1 Legacy M15,M15,V1 Legacy M15,Legacy,2026-01-02 13:00:00+00:00,2026-01-02 13:30:00+00:00,2026-01-02 13:30:00+00:00,1,4399.425,4384.061197101517,2.0,-1.0,-1.0286350002604778,stop,109.86843538843378,104.21770948521379
V1 Legacy M15,M15,V1 Legacy M15,Legacy,2026-01-02 18:00:00+00:00,2026-01-02 18:30:00+00:00,2026-01-04 23:15:00+00:00,-1,4314.115,4334.260602918481,3.0,-1.0,-1.021414673055242,stop,104.21770948521379,98.8952346021935
V1 Legacy M15,M15,V1 Legacy M15,Legacy,2026-01-05 06:00:00+00:00,2026-01-05 06:30:00+00:00,2026-01-05 13:30:00+00:00,1,4417.889,4400.052762480986,2.0,-1.0,-1.024769175647556,stop,98.8952346021935,93.82799520025543
V1 Legacy M15,M15,V1 Legacy M15,Legacy,2026-01-05 21:45:00+00:00,2026-01-05 23:15:00+00:00,2026-01-06 00:00:00+00:00,1,4446.615,4437.043498435291,2.0,-1.0,-1.0464568173545035,stop,93.82799520025543,88.91864793845478
V1 Legacy M15,M15,V1 Legacy M15,Legacy,2026-01-06 03:00:00+00:00,2026-01-06 03:30:00+00:00,2026-01-06 19:30:00+00:00,1,4462.345,4437.305677294084,2.0,0.7320485547985144,0.7142272061446007,time_exit,88.91864793845478,92.09405381301669
V1 Legacy M15,M15,V1 Legacy M15,Legacy,2026-01-06 23:00:00+00:00,2026-01-06 23:30:00+00:00,2026-01-07 01:00:00+00:00,1,4497.305,4487.690809936411,2.0,-1.0,-1.0467777833624496,stop,92.09405381301669,87.2739533374541
V1 Legacy M15,M15,V1 Legacy M15,Legacy,2026-01-07 05:30:00+00:00,2026-01-07 06:00:00+00:00,2026-01-07 08:45:00+00:00,-1,4452.119,4472.356732081212,2.0,-1.0,-1.0219991004038105,stop,87.2739533374541,82.81425824747599
V1 Legacy M15,M15,V1 Legacy M15,Legacy,2026-01-07 11:30:00+00:00,2026-01-07 12:00:00+00:00,2026-01-08 05:00:00+00:00,-1,4450.185,4468.183005335041,2.0,1.0506719854774254,1.0259459954737677,time_exit,82.81425824747599,87.06240607833242
V1 Legacy M15,M15,V1 Legacy M15,Legacy,2026-01-08 05:00:00+00:00,2026-01-08 05:30:00+00:00,2026-01-08 15:15:00+00:00,-1,4426.995,4443.2153601280825,2.0,-1.0,-1.0272928280571,stop,87.06240607833242,82.59047681044913
V1 Legacy M15,M15,V1 Legacy M15,Legacy,2026-01-08 16:30:00+00:00,2026-01-08 17:00:00+00:00,2026-01-09 10:00:00+00:00,1,4460.485,4441.940438262482,2.0,0.5570366205581984,0.5329838278142434,time_exit,82.59047681044913,84.79144623402097
V1 Legacy M15,M15,V1 Legacy M15,Legacy,2026-01-09 15:15:00+00:00,2026-01-09 15:45:00+00:00,2026-01-12 00:45:00+00:00,1,4505.105,4477.9209063124845,3.0,3.0,2.983427422478061,target,84.79144623402097,97.43990252832859
V1 Legacy M15,M15,V1 Legacy M15,Legacy,2026-01-12 05:30:00+00:00,2026-01-12 06:00:00+00:00,2026-01-12 22:00:00+00:00,1,4581.495,4562.253549023318,3.0,0.8861078107187564,0.8622972623066222,time_exit,97.43990252832859,101.64101058780868
V1 Legacy M15,M15,V1 Legacy M15,Legacy,2026-01-13 05:15:00+00:00,2026-01-13 05:45:00+00:00,2026-01-13 05:45:00+00:00,1,4601.125,4590.708125427659,2.0,-1.0,-1.0441699184150397,stop,101.64101058780868,96.33448630115396
V1 Legacy M15,M15,V1 Legacy M15,Legacy,2026-01-13 06:15:00+00:00,2026-01-13 06:45:00+00:00,2026-01-13 13:15:00+00:00,-1,4584.725,4602.681773575089,2.0,-1.0,-1.0255320087477202,stop,96.33448630115396,91.39478133874886
V1 Legacy M15,M15,V1 Legacy M15,Legacy,2026-01-14 01:00:00+00:00,2026-01-14 01:30:00+00:00,2026-01-14 17:30:00+00:00,1,4615.205,4592.670578939623,3.0,-0.1766186932131888,-0.19709938356522558,time_exit,91.39478133874886,90.49408858560156
V1 Legacy M15,M15,V1 Legacy M15,Legacy,2026-01-14 23:15:00+00:00,2026-01-14 23:45:00+00:00,2026-01-15 15:45:00+00:00,-1,4608.825,4633.8355856509725,2.0,-0.09715886040860423,-0.115586357726408,time_exit,90.49408858560156,89.97109448083253
V1 Legacy M15,M15,V1 Legacy M15,Legacy,2026-01-15 16:00:00+00:00,2026-01-15 16:30:00+00:00,2026-01-16 01:00:00+00:00,1,4621.845,4599.001141813756,2.0,-1.0,-1.0202323309938206,stop,89.97109448083253,85.38152350862029
V1 Legacy M15,M15,V1 Legacy M15,Legacy,2026-01-16 11:15:00+00:00,2026-01-16 11:45:00+00:00,2026-01-16 13:00:00+00:00,1,4610.935,4597.643577179371,2.0,-1.0,-1.034691056497304,stop,85.38152350862029,80.96434857039611
V1 Legacy M15,M15,V1 Legacy M15,Legacy,2026-01-16 15:00:00+00:00,2026-01-16 15:30:00+00:00,2026-01-16 15:30:00+00:00,1,4615.848,4594.861089929656,2.0,-1.0,-1.021993938052475,stop,80.96434857039611,76.82709489853049
V1 Legacy M15,M15,V1 Legacy M15,Legacy,2026-01-19 06:45:00+00:00,2026-01-19 07:15:00+00:00,2026-01-19 08:00:00+00:00,1,4677.725,4662.677682873948,3.0,-1.0,-1.0310867708895497,stop,76.82709489853049,72.86632483874295
V1 Legacy M15,M15,V1 Legacy M15,Legacy,2026-01-19 15:45:00+00:00,2026-01-19 16:15:00+00:00,2026-01-20 00:30:00+00:00,1,4674.085,4663.135058037149,2.0,-1.0,-1.0426859340063848,stop,72.86632483874295,69.06749024013808
V1 Legacy M15,M15,V1 Legacy M15,Legacy,2026-01-20 03:30:00+00:00,2026-01-20 04:00:00+00:00,2026-01-20 05:15:00+00:00,1,4676.715,4664.763097169656,2.0,2.0,1.9608705403115678,target,69.06749024013808,75.83911058539526
V1 Legacy M15,M15,V1 Legacy M15,Legacy,2026-01-20 08:00:00+00:00,2026-01-20 08:30:00+00:00,2026-01-20 23:45:00+00:00,1,4724.235,4708.387623820498,3.0,3.0,2.970189166039291,target,75.83911058539526,87.1019358165351
V1 Legacy M15,M15,V1 Legacy M15,Legacy,2026-01-21 04:15:00+00:00,2026-01-21 04:45:00+00:00,2026-01-21 15:30:00+00:00,1,4849.595,4825.614362607531,3.0,-1.0,-1.0202229612192164,stop,87.1019358165351,82.65876607220152
V1 Legacy M15,M15,V1 Legacy M15,Legacy,2026-01-21 17:30:00+00:00,2026-01-21 18:00:00+00:00,2026-01-22 11:00:00+00:00,-1,4809.645,4854.295064085302,3.0,-0.42889076180079927,-0.4396626276391358,time_exit,82.65876607220152,80.84166755776589
V1 Legacy M15,M15,V1 Legacy M15,Legacy,2026-01-22 17:15:00+00:00,2026-01-22 17:45:00+00:00,2026-01-22 23:15:00+00:00,1,4889.805,4866.763324869429,3.0,3.0,2.978778430941801,target,80.84166755776589,92.88213833988792
V1 Legacy M15,M15,V1 Legacy M15,Legacy,2026-01-23 05:30:00+00:00,2026-01-23 06:00:00+00:00,2026-01-23 06:15:00+00:00,1,4961.025,4949.213802354647,3.0,-1.0,-1.0420027261329583,stop,92.88213833988792,88.04296627192683
V1 Legacy M15,M15,V1 Legacy M15,Legacy,2026-01-23 12:45:00+00:00,2026-01-23 13:15:00+00:00,2026-01-25 23:15:00+00:00,1,4939.175,4917.244248439706,3.0,3.0,2.977478314017553,target,88.04296627192683,101.15026741074887
V1 Legacy M15,M15,V1 Legacy M15,Legacy,2026-01-26 01:00:00+00:00,2026-01-26 01:30:00+00:00,2026-01-26 17:30:00+00:00,1,5057.505,5023.385597157784,3.0,0.9000743694729174,0.885251410749436,time_exit,101.15026741074887,105.62743825690127
V1 Legacy M15,M15,V1 Legacy M15,Legacy,2026-01-26 21:30:00+00:00,2026-01-26 22:00:00+00:00,2026-01-27 01:15:00+00:00,-1,5004.175,5064.248720448213,2.0,-1.0,-1.0083300567413898,stop,105.62743825690127,100.30207221634983
V1 Legacy M15,M15,V1 Legacy M15,Legacy,2026-01-27 05:45:00+00:00,2026-01-27 06:15:00+00:00,2026-01-27 14:15:00+00:00,1,5082.855,5055.604888137156,2.0,-1.0,-1.0186526023290594,stop,100.30207221634983,95.19342387224073
V1 Legacy M15,M15,V1 Legacy M15,Legacy,2026-01-27 19:45:00+00:00,2026-01-27 20:15:00+00:00,2026-01-27 20:15:00+00:00,1,5098.715,5079.769653846024,2.0,2.0,1.9730872428586905,target,95.19342387224073,104.58467038455863
V1 Legacy M15,M15,V1 Legacy M15,Legacy,2026-01-28 01:00:00+00:00,2026-01-28 01:30:00+00:00,2026-01-28 08:15:00+00:00,1,5190.665,5155.592241876912,3.0,3.0,2.9852002942517855,target,104.58467038455863,120.19497982486916
V1 Legacy M15,M15,V1 Legacy M15,Legacy,2026-01-28 16:45:00+00:00,2026-01-28 17:15:00+00:00,2026-01-28 20:45:00+00:00,1,5299.585,5264.058891691313,2.0,2.0,1.9850825625088124,target,120.19497982486916,132.1248277524415
V1 Legacy M15,M15,V1 Legacy M15,Legacy,2026-01-28 21:45:00+00:00,2026-01-28 23:15:00+00:00,2026-01-29 15:15:00+00:00,1,5417.098,5350.615306813035,3.0,-0.5066431335035658,-0.514791266108191,time_exit,132.1248277524415,128.7239923842912
V1 Legacy M15,M15,V1 Legacy M15,Legacy,2026-01-30 08:30:00+00:00,2026-01-30 09:00:00+00:00,2026-01-30 17:15:00+00:00,-1,5095.755,5189.712180657264,2.0,2.0,1.9945765135092886,target,128.7239923842912,141.561484981034
V1 Legacy M15,M15,V1 Legacy M15,Legacy,2026-02-01 23:00:00+00:00,2026-02-01 23:30:00+00:00,2026-02-02 06:30:00+00:00,-1,4746.198,4901.941579905819,2.0,2.0,1.9969525562447774,target,141.561484981034,155.69606344596812
V1 Legacy M15,M15,V1 Legacy M15,Legacy,2026-02-03 01:15:00+00:00,2026-02-03 01:45:00+00:00,2026-02-03 02:30:00+00:00,1,4852.935,4761.28335907044,2.0,-1.0,-1.005294978846838,stop,155.69606344596812,147.8700399055456
V1 Legacy M15,M15,V1 Legacy M15,Legacy,2026-02-03 05:15:00+00:00,2026-02-03 05:45:00+00:00,2026-02-03 07:45:00+00:00,1,4839.145,4797.111590884896,2.0,2.0,1.9884873839598676,target,147.8700399055456,162.57192534643661
V1 Legacy M15,M15,V1 Legacy M15,Legacy,2026-02-03 08:15:00+00:00,2026-02-03 08:45:00+00:00,2026-02-04 01:45:00+00:00,1,4936.205,4868.786758718909,2.0,1.415195623424849,1.407873858712211,time_exit,162.57192534643661,174.01596353922469
V1 Legacy M15,M15,V1 Legacy M15,Legacy,2026-02-04 02:00:00+00:00,2026-02-04 02:30:00+00:00,2026-02-04 14:45:00+00:00,1,5059.485,4981.728394431187,2.0,-1.0,-1.00650682339203,stop,174.01596353922469,165.25855080515626
V1 Legacy M15,M15,V1 Legacy M15,Legacy,2026-02-05 09:00:00+00:00,2026-02-05 09:30:00+00:00,2026-02-06 00:15:00+00:00,-1,4862.245,4946.273119218704,2.0,2.0,1.9942135501243996,target,165.25855080515626,181.73659286963448
V1 Legacy M15,M15,V1 Legacy M15,Legacy,2026-02-06 12:00:00+00:00,2026-02-06 12:30:00+00:00,2026-02-06 15:15:00+00:00,1,4895.655,4861.354985696249,2.0,2.0,1.9857269593048985,target,181.73659286963448,199.78055546730704
V1 Legacy M15,M15,V1 Legacy M15,Legacy,2026-02-09 13:00:00+00:00,2026-02-09 13:30:00+00:00,2026-02-09 13:30:00+00:00,1,5021.895,5005.569982859593,2.0,-1.0,-1.0307619585131707,stop,199.78055546730704,189.4842456359905
V1 Legacy M15,M15,V1 Legacy M15,Legacy,2026-02-09 14:30:00+00:00,2026-02-09 15:00:00+00:00,2026-02-09 23:15:00+00:00,1,5036.275,4993.290375005117,2.0,-1.0,-1.0117164567577352,stop,189.4842456359905,179.89902915567765
V1 Legacy M15,M15,V1 Legacy M15,Legacy,2026-02-11 05:30:00+00:00,2026-02-11 06:00:00+00:00,2026-02-11 11:30:00+00:00,1,5062.085,5042.291327841401,2.0,2.0,1.9744257409163928,target,179.89902915567765,197.65889285221957
V1 Legacy M15,M15,V1 Legacy M15,Legacy,2026-02-11 17:00:00+00:00,2026-02-11 17:30:00+00:00,2026-02-12 10:30:00+00:00,1,5084.548,5040.782481638103,3.0,-0.5376378683654586,-0.5492555715032481,time_exit,197.65889285221957,192.2306304444073
V1 Legacy M15,M15,V1 Legacy M15,Legacy,2026-02-12 12:45:00+00:00,2026-02-12 13:15:00+00:00,2026-02-12 13:30:00+00:00,-1,5052.475,5069.314317550767,2.0,-1.0,-1.0300040365933363,stop,192.2306304444073,182.33071417867623
V1 Legacy M15,M15,V1 Legacy M15,Legacy,2026-02-13 05:30:00+00:00,2026-02-13 06:00:00+00:00,2026-02-13 13:45:00+00:00,-1,4963.805,4998.458552445761,2.0,-1.0,-1.0143240869973413,stop,182.33071417867623,173.08359241913328
V1 Legacy M15,M15,V1 Legacy M15,Legacy,2026-02-13 16:15:00+00:00,2026-02-13 16:45:00+00:00,2026-02-16 04:00:00+00:00,1,5027.235,4971.668793666686,2.0,-1.0,-1.009047288508134,stop,173.08359241913328,164.3511159383446
V1 Legacy M15,M15,V1 Legacy M15,Legacy,2026-02-16 15:00:00+00:00,2026-02-16 15:30:00+00:00,2026-02-16 23:30:00+00:00,-1,4976.265,5000.280701206649,2.0,-1.0,-1.0207208815482032,stop,164.3511159383446,155.9632851411437
V1 Legacy M15,M15,V1 Legacy M15,Legacy,2026-02-17 00:00:00+00:00,2026-02-17 00:30:00+00:00,2026-02-17 01:00:00+00:00,-1,4978.985,5001.447168026961,2.0,2.0,1.977833907243398,target,155.9632851411437,171.38675882300493
V1 Legacy M15,M15,V1 Legacy M15,Legacy,2026-02-17 23:45:00+00:00,2026-02-18 00:15:00+00:00,2026-02-18 01:15:00+00:00,-1,4858.855,4885.549656440332,3.0,-1.0,-1.0182016015484614,stop,171.38675882300493,162.66144520711575
V1 Legacy M15,M15,V1 Legacy M15,Legacy,2026-02-18 03:15:00+00:00,2026-02-18 03:45:00+00:00,2026-02-18 15:00:00+00:00,1,4918.975,4884.964737743721,2.0,2.0,1.9855367919161169,target,162.66144520711575,178.80995941136456
V1 Legacy M15,M15,V1 Legacy M15,Legacy,2026-02-19 03:45:00+00:00,2026-02-19 04:15:00+00:00,2026-02-19 07:00:00+00:00,1,4981.115,4965.308329236989,2.0,2.0,1.968487260380874,target,178.80995941136456,196.40921576788918
V1 Legacy M15,M15,V1 Legacy M15,Legacy,2026-02-19 20:45:00+00:00,2026-02-19 21:15:00+00:00,2026-02-20 14:15:00+00:00,1,5001.475,4977.078986779263,2.0,1.6848244681660065,1.6643232700614385,time_exit,196.40921576788918,212.75363718074
V1 Legacy M15,M15,V1 Legacy M15,Legacy,2026-02-20 19:45:00+00:00,2026-02-20 20:15:00+00:00,2026-02-22 23:15:00+00:00,1,5079.165,5055.8944814426395,2.0,2.0,1.9781733914202206,target,212.75363718074,233.79681638068058
V1 Legacy M15,M15,V1 Legacy M15,Legacy,2026-02-23 02:30:00+00:00,2026-02-23 03:00:00+00:00,2026-02-23 07:15:00+00:00,1,5174.095,5144.600700207859,3.0,-1.0,-1.017542694813791,stop,233.79681638068058,221.90190425173645
V1 Legacy M15,M15,V1 Legacy M15,Legacy,2026-02-23 10:15:00+00:00,2026-02-23 10:45:00+00:00,2026-02-23 15:00:00+00:00,1,5155.775,5138.319891877275,2.0,2.0,1.970462657900768,target,221.90190425173645,243.76437505399238
V1 Legacy M15,M15,V1 Legacy M15,Legacy,2026-02-23 16:15:00+00:00,2026-02-23 16:45:00+00:00,2026-02-24 01:30:00+00:00,1,5214.485,5174.178100102379,2.0,-1.0,-1.0129369537554236,stop,243.76437505399238,231.41847787892812
V1 Legacy M15,M15,V1 Legacy M15,Legacy,2026-02-25 05:15:00+00:00,2026-02-25 05:45:00+00:00,2026-02-25 10:45:00+00:00,1,5195.085,5170.918557252964,2.0,-1.0,-1.0214971026326876,stop,231.41847787892812,219.59881264647854
V1 Legacy M15,M15,V1 Legacy M15,Legacy,2026-02-25 16:15:00+00:00,2026-02-25 16:45:00+00:00,2026-02-25 21:00:00+00:00,1,5202.595,5170.569811752662,2.0,-1.0,-1.016245322150237,stop,219.59881264647854,208.440499341392
V1 Legacy M15,M15,V1 Legacy M15,Legacy,2026-02-26 04:00:00+00:00,2026-02-26 04:30:00+00:00,2026-02-26 08:45:00+00:00,1,5196.445,5174.510605395773,2.0,-1.0,-1.023690852169673,stop,208.440499341392,197.77156772151895
V1 Legacy M15,M15,V1 Legacy M15,Legacy,2026-02-26 11:45:00+00:00,2026-02-26 12:15:00+00:00,2026-02-26 12:45:00+00:00,-1,5164.465,5180.038282940742,2.0,-1.0,-1.0331623397561804,stop,197.77156772151895,187.55506093929833
V1 Legacy M15,M15,V1 Legacy M15,Legacy,2026-02-26 20:00:00+00:00,2026-02-26 20:30:00+00:00,2026-02-26 23:15:00+00:00,1,5196.585,5177.534745483742,3.0,-1.0,-1.0272782969674503,stop,187.55506093929833,177.92149875983088
V1 Legacy M15,M15,V1 Legacy M15,Legacy,2026-02-27 05:15:00+00:00,2026-02-27 05:45:00+00:00,2026-02-27 07:30:00+00:00,1,5194.415,5179.8329116218665,2.0,-1.0,-1.0356218866962106,stop,177.92149875983088,168.70852884835722
V1 Legacy M15,M15,V1 Legacy M15,Legacy,2026-02-27 16:00:00+00:00,2026-02-27 16:30:00+00:00,2026-03-01 23:15:00+00:00,1,5253.465,5212.979773048903,3.0,3.0,2.98702374817771,target,168.70852884835722,193.9053479578656
V1 Legacy M15,M15,V1 Legacy M15,Legacy,2026-03-02 03:30:00+00:00,2026-03-02 04:00:00+00:00,2026-03-02 14:30:00+00:00,1,5361.905,5323.926761752887,3.0,-1.0,-1.0141183615867373,stop,193.9053479578656,184.07319926916875
V1 Legacy M15,M15,V1 Legacy M15,Legacy,2026-03-03 01:00:00+00:00,2026-03-03 01:30:00+00:00,2026-03-03 06:00:00+00:00,1,5367.785,5328.042211404394,3.0,-1.0,-1.0135063119365346,stop,184.07319926916875,174.74523180328606
V1 Legacy M15,M15,V1 Legacy M15,Legacy,2026-03-03 14:30:00+00:00,2026-03-03 15:00:00+00:00,2026-03-04 02:15:00+00:00,-1,5070.935,5189.680378352312,2.0,-1.0,-1.004270427253981,stop,174.74523180328606,165.97065837310194
V1 Legacy M15,M15,V1 Legacy M15,Legacy,2026-03-04 09:30:00+00:00,2026-03-04 10:00:00+00:00,2026-03-04 15:00:00+00:00,1,5182.465,5150.387242033309,2.0,-1.0,-1.016155945204716,stop,165.97065837310194,157.53805481133352
V1 Legacy M15,M15,V1 Legacy M15,Legacy,2026-03-05 02:45:00+00:00,2026-03-05 03:15:00+00:00,2026-03-05 05:45:00+00:00,1,5191.705,5165.937198103271,2.0,-1.0,-1.0201480321092466,stop,157.53805481133352,149.5024479814285
V1 Legacy M15,M15,V1 Legacy M15,Legacy,2026-03-06 09:45:00+00:00,2026-03-06 10:15:00+00:00,2026-03-06 13:45:00+00:00,-1,5085.355,5114.383996314088,3.0,-1.0,-1.0175181909321884,stop,149.5024479814285,141.89637496092868
V1 Legacy M15,M15,V1 Legacy M15,Legacy,2026-03-06 18:30:00+00:00,2026-03-06 19:00:00+00:00,2026-03-08 22:15:00+00:00,1,5165.195,5130.844050472892,2.0,-1.0,-1.0150365421366998,stop,141.89637496092868,134.694874671825
V1 Legacy M15,M15,V1 Legacy M15,Legacy,2026-03-09 13:30:00+00:00,2026-03-09 14:00:00+00:00,2026-03-09 14:45:00+00:00,-1,5075.205,5113.385342844912,2.0,-1.0,-1.0132927171990451,stop,134.694874671825,127.87060789437508
V1 Legacy M15,M15,V1 Legacy M15,Legacy,2026-03-09 18:30:00+00:00,2026-03-09 19:00:00+00:00,2026-03-10 02:00:00+00:00,1,5117.795,5087.376946896695,2.0,2.0,1.9831751395047572,target,127.87060789437508,140.55009842684936
V1 Legacy M15,M15,V1 Legacy M15,Legacy,2026-03-10 05:45:00+00:00,2026-03-10 06:15:00+00:00,2026-03-10 07:30:00+00:00,1,5177.755,5159.998769187495,2.0,-1.0,-1.0291602145448202,stop,140.55009842684936,133.31766995428578
V1 Legacy M15,M15,V1 Legacy M15,Legacy,2026-03-10 07:45:00+00:00,2026-03-10 08:15:00+00:00,2026-03-10 10:45:00+00:00,1,5180.815,5157.242722420411,2.0,-1.0,-1.0219784235210523,stop,133.31766995428578,126.50528084591673
V1 Legacy M15,M15,V1 Legacy M15,Legacy,2026-03-11 00:15:00+00:00,2026-03-11 00:45:00+00:00,2026-03-11 07:45:00+00:00,1,5212.065,5185.304056405388,3.0,-1.0,-1.01947638722668,stop,126.50528084591673,120.05682351182213
V1 Legacy M15,M15,V1 Legacy M15,Legacy,2026-03-11 12:45:00+00:00,2026-03-11 13:15:00+00:00,2026-03-12 06:15:00+00:00,-1,5167.265,5197.104801053866,2.0,0.43632998680176077,0.4190132996339334,time_exit,120.05682351182213,122.572093799985
V1 Legacy M15,M15,V1 Legacy M15,Legacy,2026-03-12 18:30:00+00:00,2026-03-12 19:00:00+00:00,2026-03-13 02:00:00+00:00,-1,5098.428,5123.843127558019,2.0,-1.0,-1.020060603624204,stop,122.572093799985,116.32054560053024
V1 Legacy M15,M15,V1 Legacy M15,Legacy,2026-03-13 04:15:00+00:00,2026-03-13 04:45:00+00:00,2026-03-13 08:30:00+00:00,-1,5105.335,5118.594900706686,3.0,3.0,2.9614979394421415,target,116.32054560053024,133.54469840606802
V1 Legacy M15,M15,V1 Legacy M15,Legacy,2026-03-13 14:00:00+00:00,2026-03-13 14:30:00+00:00,2026-03-13 16:15:00+00:00,-1,5090.095,5122.808378265805,2.0,2.0,1.9844403260383514,target,133.54469840606802,146.79527264834957
V1 Legacy M15,M15,V1 Legacy M15,Legacy,2026-03-13 19:30:00+00:00,2026-03-13 20:00:00+00:00,2026-03-16 13:00:00+00:00,-1,5025.095,5050.993733900256,3.0,0.20927663957914514,0.18987377988973647,time_exit,146.79527264834957,148.1889013127339
V1 Legacy M15,M15,V1 Legacy M15,Legacy,2026-03-16 16:15:00+00:00,2026-03-16 16:45:00+00:00,2026-03-16 18:30:00+00:00,-1,4979.625,5006.990517624888,3.0,-1.0,-1.0181967140847037,stop,148.1889013127339,140.64462869371147
V1 Legacy M15,M15,V1 Legacy M15,Legacy,2026-03-17 01:30:00+00:00,2026-03-17 02:00:00+00:00,2026-03-17 10:45:00+00:00,1,5017.535,4993.662958117825,2.0,-1.0,-1.0210184575947252,stop,140.64462869371147,133.46459060081966
V1 Legacy M15,M15,V1 Legacy M15,Legacy,2026-03-17 15:15:00+00:00,2026-03-17 15:45:00+00:00,2026-03-18 08:45:00+00:00,-1,4994.485,5021.566994186069,2.0,0.38054804713387624,0.36210595987218874,time_exit,133.46459060081966,135.8810067852426
V1 Legacy M15,M15,V1 Legacy M15,Legacy,2026-03-19 05:30:00+00:00,2026-03-19 06:00:00+00:00,2026-03-19 06:45:00+00:00,-1,4833.505,4854.637344332692,2.0,2.0,1.9771274548440774,target,135.8810067852426,149.31371024059047
V1 Legacy M15,M15,V1 Legacy M15,Legacy,2026-03-19 10:15:00+00:00,2026-03-19 10:45:00+00:00,2026-03-19 13:00:00+00:00,-1,4683.108,4728.027523349533,3.0,3.0,2.98957444858985,target,149.31371024059047,171.63293288856136
V1 Legacy M15,M15,V1 Legacy M15,Legacy,2026-03-19 23:30:00+00:00,2026-03-20 00:00:00+00:00,2026-03-20 01:15:00+00:00,-1,4635.345,4678.867709588548,2.0,-1.0,-1.0106504053718652,stop,171.63293288856136,162.95988822861202
V1 Legacy M15,M15,V1 Legacy M15,Legacy,2026-03-20 03:00:00+00:00,2026-03-20 03:30:00+00:00,2026-03-20 06:45:00+00:00,1,4717.165,4668.200756581016,2.0,-1.0,-1.0096338974537715,stop,162.95988822861202,154.73339687456777
V1 Legacy M15,M15,V1 Legacy M15,Legacy,2026-03-20 10:45:00+00:00,2026-03-20 11:15:00+00:00,2026-03-20 12:15:00+00:00,-1,4645.155,4694.140369345191,2.0,-1.0,-1.009482739565086,stop,154.73339687456777,146.92336220561026
V1 Legacy M15,M15,V1 Legacy M15,Legacy,2026-03-20 18:30:00+00:00,2026-03-20 19:00:00+00:00,2026-03-23 00:45:00+00:00,-1,4525.698,4585.183662435518,3.0,3.0,2.9923919515817685,target,146.92336220561026,168.90597653378032
V1 Legacy M15,M15,V1 Legacy M15,Legacy,2026-03-23 05:30:00+00:00,2026-03-23 06:00:00+00:00,2026-03-23 07:15:00+00:00,-1,4321.755,4384.580972740001,3.0,3.0,2.993121069501168,target,168.90597653378032,194.1837783901767
V1 Legacy M15,M15,V1 Legacy M15,Legacy,2026-03-23 18:30:00+00:00,2026-03-23 19:00:00+00:00,2026-03-23 20:15:00+00:00,1,4461.615,4384.4244316683835,2.0,-1.0,-1.0057800001948847,stop,194.1837783901767,184.41847035682093
V1 Legacy M15,M15,V1 Legacy M15,Legacy,2026-03-23 23:00:00+00:00,2026-03-23 23:30:00+00:00,2026-03-24 00:45:00+00:00,1,4435.325,4356.460396433493,2.0,-1.0,-1.0056239742538737,stop,184.41847035682093,175.14568860251862
V1 Legacy M15,M15,V1 Legacy M15,Legacy,2026-03-24 10:45:00+00:00,2026-03-24 11:15:00+00:00,2026-03-24 11:15:00+00:00,1,4438.445,4402.780344482875,2.0,-1.0,-1.0124449400552007,stop,175.14568860251862,166.27942029261342
V1 Legacy M15,M15,V1 Legacy M15,Legacy,2026-03-24 20:15:00+00:00,2026-03-24 20:45:00+00:00,2026-03-25 02:00:00+00:00,1,4455.395,4386.164923347217,2.0,2.0,1.9935643650629689,target,166.27942029261342,182.85385663954753
V1 Legacy M15,M15,V1 Legacy M15,Legacy,2026-03-25 11:15:00+00:00,2026-03-25 11:45:00+00:00,2026-03-25 12:30:00+00:00,1,4579.705,4549.61508635188,2.0,-1.0,-1.0152200669418874,stop,182.85385663954753,173.57201141063834
V1 Legacy M15,M15,V1 Legacy M15,Legacy,2026-03-25 23:30:00+00:00,2026-03-26 00:00:00+00:00,2026-03-26 01:00:00+00:00,-1,4494.435,4536.450552755353,2.0,-1.0,-1.0106970745480135,stop,173.57201141063834,164.80057520283103
V1 Legacy M15,M15,V1 Legacy M15,Legacy,2026-03-26 02:45:00+00:00,2026-03-26 03:15:00+00:00,2026-03-26 06:00:00+00:00,-1,4508.395,4538.955803992998,2.0,2.0,1.985247786671342,target,164.80057520283103,181.15907406101024
V1 Legacy M15,M15,V1 Legacy M15,Legacy,2026-03-26 19:45:00+00:00,2026-03-26 20:15:00+00:00,2026-03-26 20:15:00+00:00,-1,4363.685,4400.946110687099,3.0,-1.0,-1.0117110974942327,stop,181.15907406101024,171.99504177904507
V1 Legacy M15,M15,V1 Legacy M15,Legacy,2026-03-27 00:45:00+00:00,2026-03-27 01:15:00+00:00,2026-03-27 01:45:00+00:00,-1,4378.395,4412.700183564817,3.0,-1.0,-1.012763071189307,stop,171.99504177904507,163.28553044197113
V1 Legacy M15,M15,V1 Legacy M15,Legacy,2026-03-27 04:45:00+00:00,2026-03-27 05:15:00+00:00,2026-03-27 08:45:00+00:00,1,4445.645,4429.045188087659,2.0,-1.0,-1.026781297423586,stop,163.28553044197113,154.90260400208584
V1 Legacy M15,M15,V1 Legacy M15,Legacy,2026-03-30 03:00:00+00:00,2026-03-30 03:30:00+00:00,2026-03-30 19:30:00+00:00,1,4504.145,4456.562469089823,2.0,-0.058004480787504364,-0.06747044426999035,time_exit,154.90260400208584,154.3800366265559
V1 Legacy M15,M15,V1 Legacy M15,Legacy,2026-03-31 05:30:00+00:00,2026-03-31 06:00:00+00:00,2026-03-31 07:30:00+00:00,1,4576.435,4545.815682127865,2.0,-1.0,-1.0149462343319045,stop,154.3800366265559,146.54566478504867
V1 Legacy M15,M15,V1 Legacy M15,Legacy,2026-03-31 13:45:00+00:00,2026-03-31 14:15:00+00:00,2026-03-31 22:45:00+00:00,1,4606.295,4565.920260014904,2.0,2.0,1.9885911463412511,target,146.54566478504867,161.1166353613607
V1 Legacy M15,M15,V1 Legacy M15,Legacy,2026-04-01 00:00:00+00:00,2026-04-01 00:30:00+00:00,2026-04-01 16:00:00+00:00,1,4702.748,4660.16644225589,2.0,2.0,1.9889559042713731,target,161.1166353613607,177.1393295202765
V1 Legacy M15,M15,V1 Legacy M15,Legacy,2026-04-02 05:30:00+00:00,2026-04-02 06:00:00+00:00,2026-04-02 14:45:00+00:00,-1,4634.305,4682.286134529788,2.0,-1.0,-1.0096585982082664,stop,177.1393295202765,168.19681716372676
V1 Legacy M15,M15,V1 Legacy M15,Legacy,2026-04-02 19:00:00+00:00,2026-04-02 19:30:00+00:00,2026-04-05 22:15:00+00:00,1,4674.188,4643.908882240736,2.0,-1.0,-1.0154370019534993,stop,168.19681716372676,159.65715357578398
V1 Legacy M15,M15,V1 Legacy M15,Legacy,2026-04-06 00:15:00+00:00,2026-04-06 00:45:00+00:00,2026-04-06 02:30:00+00:00,-1,4603.035,4652.1737242271565,2.0,-1.0,-1.009367428789403,stop,159.65715357578398,151.59951704615278
V1 Legacy M15,M15,V1 Legacy M15,Legacy,2026-04-06 05:00:00+00:00,2026-04-06 05:30:00+00:00,2026-04-06 22:30:00+00:00,1,4673.395,4628.929720477072,2.0,-0.2590785467582666,-0.26958875843385083,time_exit,151.59951704615278,149.5560407671706
V1 Legacy M15,M15,V1 Legacy M15,Legacy,2026-04-07 05:15:00+00:00,2026-04-07 05:45:00+00:00,2026-04-07 08:15:00+00:00,-1,4632.015,4664.991044488621,2.0,-1.0,-1.0140466058674757,stop,149.5560407671706,141.97320099082424
V1 Legacy M15,M15,V1 Legacy M15,Legacy,2026-04-07 14:00:00+00:00,2026-04-07 14:30:00+00:00,2026-04-07 16:15:00+00:00,-1,4621.498,4664.950105479054,2.0,-1.0,-1.0106358436468117,stop,141.97320099082424,134.79904070289425
V1 Legacy M15,M15,V1 Legacy M15,Legacy,2026-04-07 19:15:00+00:00,2026-04-07 19:45:00+00:00,2026-04-07 22:15:00+00:00,1,4687.125,4655.420224176568,2.0,2.0,1.9852163439788908,target,134.79904070289425,148.17930364069733
V1 Legacy M15,M15,V1 Legacy M15,Legacy,2026-04-08 05:15:00+00:00,2026-04-08 05:45:00+00:00,2026-04-08 09:45:00+00:00,1,4815.495,4788.610046833334,3.0,-1.0,-1.0179114874039308,stop,148.17930364069733,140.63763287212828
V1 Legacy M15,M15,V1 Legacy M15,Legacy,2026-04-08 12:00:00+00:00,2026-04-08 12:30:00+00:00,2026-04-08 12:30:00+00:00,1,4805.065,4776.523079722421,2.0,-1.0,-1.0168351146428458,stop,140.63763287212828,133.48736869489682
V1 Legacy M15,M15,V1 Legacy M15,Legacy,2026-04-08 17:45:00+00:00,2026-04-08 18:15:00+00:00,2026-04-09 11:15:00+00:00,-1,4733.525,4766.719780091277,2.0,-0.16116991844166942,-0.17542976588450215,time_exit,133.48736869489682,132.3164858029626
V1 Legacy M15,M15,V1 Legacy M15,Legacy,2026-04-09 11:30:00+00:00,2026-04-09 12:00:00+00:00,2026-04-10 05:00:00+00:00,1,4750.755,4722.507897710607,2.0,0.26551396044670494,0.24869540344454513,time_exit,132.3164858029626,133.9618108939192
V1 Legacy M15,M15,V1 Legacy M15,Legacy,2026-04-10 06:30:00+00:00,2026-04-10 07:00:00+00:00,2026-04-10 12:15:00+00:00,-1,4750.565,4769.719796068241,2.0,-1.0,-1.0248009166115661,stop,133.9618108939192,127.09760156416752
V1 Legacy M15,M15,V1 Legacy M15,Legacy,2026-04-10 12:30:00+00:00,2026-04-10 13:00:00+00:00,2026-04-10 16:15:00+00:00,1,4772.485,4753.248030465594,2.0,-1.0,-1.024808923211446,stop,127.09760156416752,120.58506375408092
V1 Legacy M15,M15,V1 Legacy M15,Legacy,2026-04-10 20:15:00+00:00,2026-04-10 20:45:00+00:00,2026-04-12 22:15:00+00:00,-1,4745.158,4771.243131161012,2.0,2.0,1.981808954799919,target,120.58506375408092,132.53389171222875
V1 Legacy M15,M15,V1 Legacy M15,Legacy,2026-04-13 09:15:00+00:00,2026-04-13 09:45:00+00:00,2026-04-13 14:00:00+00:00,-1,4715.015,4739.432711438361,2.0,-1.0,-1.0193098153850428,stop,132.53389171222875,125.77923687755609
V1 Legacy M15,M15,V1 Legacy M15,Legacy,2026-04-13 22:45:00+00:00,2026-04-13 23:15:00+00:00,2026-04-14 13:45:00+00:00,1,4757.395,4737.043649984432,2.0,2.0,1.9766236883727093,target,125.77923687755609,138.21014783343708
V1 Legacy M15,M15,V1 Legacy M15,Legacy,2026-04-14 17:00:00+00:00,2026-04-14 17:30:00+00:00,2026-04-15 09:15:00+00:00,1,4826.835,4803.542136452364,3.0,-1.0,-1.020722377006711,stop,138.21014783343708,131.15643830228734
V1 Legacy M15,M15,V1 Legacy M15,Legacy,2026-04-16 00:30:00+00:00,2026-04-16 01:00:00+00:00,2026-04-16 01:45:00+00:00,1,4832.245,4811.390368007369,3.0,-1.0,-1.023171087371417,stop,131.15643830228734,124.44666452261167
V1 Legacy M15,M15,V1 Legacy M15,Legacy,2026-04-16 04:30:00+00:00,2026-04-16 05:00:00+00:00,2026-04-16 06:30:00+00:00,1,4830.215,4818.069410340375,2.0,-1.0,-1.039769291861199,stop,124.44666452261167,117.97687351035346
V1 Legacy M15,M15,V1 Legacy M15,Legacy,2026-04-16 17:15:00+00:00,2026-04-16 17:45:00+00:00,2026-04-17 10:45:00+00:00,-1,4784.855,4811.161163202917,2.0,0.004561668650583827,-0.013627433892007108,time_exit,117.97687351035346,117.89648740812605
V1 Legacy M15,M15,V1 Legacy M15,Legacy,2026-04-20 04:30:00+00:00,2026-04-20 05:00:00+00:00,2026-04-20 07:15:00+00:00,-1,4787.175,4797.549015010091,2.0,-1.0,-1.0461458268119272,stop,117.89648740812605,111.72964149323624
V1 Legacy M15,M15,V1 Legacy M15,Legacy,2026-04-20 13:15:00+00:00,2026-04-20 13:45:00+00:00,2026-04-20 15:00:00+00:00,1,4824.148,4797.817525423979,2.0,-1.0,-1.0183215383606994,stop,111.72964149323624,106.04080647294215
V1 Legacy M15,M15,V1 Legacy M15,Legacy,2026-04-20 18:00:00+00:00,2026-04-20 18:30:00+00:00,2026-04-21 03:15:00+00:00,1,4815.235,4800.554225127941,2.0,-1.0,-1.0327995970373791,stop,106.04080647294215,100.56486136320348
V1 Legacy M15,M15,V1 Legacy M15,Legacy,2026-04-21 04:45:00+00:00,2026-04-21 05:15:00+00:00,2026-04-21 12:45:00+00:00,-1,4789.055,4800.267254085736,2.0,2.0,1.957287312940109,target,100.56486136320348,110.40657772689244
V1 Legacy M15,M15,V1 Legacy M15,Legacy,2026-04-21 16:15:00+00:00,2026-04-21 16:45:00+00:00,2026-04-22 03:15:00+00:00,-1,4720.585,4758.808807932635,2.0,-1.0,-1.012349855378929,stop,110.40657772689244,104.81807357715734
V1 Legacy M15,M15,V1 Legacy M15,Legacy,2026-04-22 03:15:00+00:00,2026-04-22 03:45:00+00:00,2026-04-22 10:15:00+00:00,1,4762.835,4748.834147514626,2.0,-1.0,-1.0340181785714517,stop,104.81807357715734,99.3988839010763
V1 Legacy M15,M15,V1 Legacy M15,Legacy,2026-04-22 15:30:00+00:00,2026-04-22 16:00:00+00:00,2026-04-23 00:45:00+00:00,-1,4727.175,4751.421190462628,2.0,-1.0,-1.0194965679548145,stop,99.3988839010763,94.33204285129199
V1 Legacy M15,M15,V1 Legacy M15,Legacy,2026-04-23 10:00:00+00:00,2026-04-23 10:30:00+00:00,2026-04-23 12:00:00+00:00,-1,4688.835,4708.253679212703,3.0,-1.0,-1.0241460036938699,stop,94.33204285129199,89.50155361597051
V1 Legacy M15,M15,V1 Legacy M15,Legacy,2026-04-24 02:15:00+00:00,2026-04-24 02:45:00+00:00,2026-04-24 11:30:00+00:00,-1,4683.365,4711.958753620276,2.0,-1.0,-1.01637897934701,stop,89.50155361597051,84.95317873026191
V1 Legacy M15,M15,V1 Legacy M15,Legacy,2026-04-27 12:30:00+00:00,2026-04-27 13:00:00+00:00,2026-04-27 15:15:00+00:00,-1,4698.585,4713.148868309352,2.0,2.0,1.967738069994887,target,84.95317873026191,93.31145892799273
V1 Legacy M15,M15,V1 Legacy M15,Legacy,2026-04-28 08:00:00+00:00,2026-04-28 08:30:00+00:00,2026-04-28 12:00:00+00:00,-1,4620.075,4640.246658430207,3.0,3.0,2.9770962064622246,target,93.31145892799273,107.20131844769188
V1 Legacy M15,M15,V1 Legacy M15,Legacy,2026-04-28 23:00:00+00:00,2026-04-28 23:30:00+00:00,2026-04-29 00:15:00+00:00,-1,4590.515,4600.167722389093,2.0,-1.0,-1.0475566872739157,stop,107.20131844769188,101.58634554646886
V1 Legacy M15,M15,V1 Legacy M15,Legacy,2026-04-29 05:45:00+00:00,2026-04-29 06:15:00+00:00,2026-04-29 10:00:00+00:00,-1,4590.775,4608.417929681308,2.0,2.0,1.9739795199384396,target,101.58634554646886,111.6128138271748
V1 Legacy M15,M15,V1 Legacy M15,Legacy,2026-04-29 18:00:00+00:00,2026-04-29 18:30:00+00:00,2026-04-30 00:00:00+00:00,-1,4525.375,4555.46022370506,2.0,-1.0,-1.0150418525863871,stop,111.6128138271748,105.94822996119905
V1 Legacy M15,M15,V1 Legacy M15,Legacy,2026-04-30 01:15:00+00:00,2026-04-30 01:45:00+00:00,2026-04-30 04:15:00+00:00,1,4579.615,4555.296734336005,2.0,-1.0,-1.0188319967520567,stop,105.94822996119905,100.55105762701332
V1 Legacy M15,M15,V1 Legacy M15,Legacy,2026-04-30 06:30:00+00:00,2026-04-30 07:00:00+00:00,2026-04-30 08:15:00+00:00,1,4575.025,4550.905076043635,2.0,2.0,1.9810321748597688,target,100.55105762701332,110.51080164577793
V1 Legacy M15,M15,V1 Legacy M15,Legacy,2026-04-30 10:15:00+00:00,2026-04-30 10:45:00+00:00,2026-04-30 14:00:00+00:00,1,4643.655,4613.315500775621,2.0,-1.0,-1.0153056415521478,stop,110.51080164577793,104.90068962760749
V1 Legacy M15,M15,V1 Legacy M15,Legacy,2026-04-30 22:00:00+00:00,2026-04-30 22:30:00+00:00,2026-05-01 04:45:00+00:00,1,4631.155,4613.553739490906,2.0,-1.0,-1.0263114962568012,stop,104.90068962760749,99.51765044110348
V1 Legacy M15,M15,V1 Legacy M15,Legacy,2026-05-01 05:45:00+00:00,2026-05-01 06:15:00+00:00,2026-05-01 08:00:00+00:00,-1,4604.655,4618.434034018671,2.0,2.0,1.9665821639328236,target,99.51765044110348,109.30313225880225
V1 Legacy M15,M15,V1 Legacy M15,Legacy,2026-05-01 09:45:00+00:00,2026-05-01 10:15:00+00:00,2026-05-01 10:45:00+00:00,-1,4562.595,4573.491443726716,3.0,-1.0,-1.041872331142439,stop,109.30313225880225,103.60913679841981
V1 Legacy M15,M15,V1 Legacy M15,Legacy,2026-05-04 01:00:00+00:00,2026-05-04 01:30:00+00:00,2026-05-04 02:15:00+00:00,-1,4600.295,4617.779064638125,2.0,-1.0,-1.0263113589157564,stop,103.60913679841981,98.29237509923607
V1 Legacy M15,M15,V1 Legacy M15,Legacy,2026-05-04 06:30:00+00:00,2026-05-04 07:00:00+00:00,2026-05-04 10:30:00+00:00,-1,4585.325,4613.852328681722,2.0,2.0,1.9839265531969072,target,98.29237509923607,108.04261774604431
V1 Legacy M15,M15,V1 Legacy M15,Legacy,2026-05-04 15:00:00+00:00,2026-05-04 15:30:00+00:00,2026-05-05 08:30:00+00:00,-1,4548.198,4584.300097195122,2.0,-0.0819065990548317,-0.0945047536036332,time_exit,108.04261774604431,107.53209069760524
V1 Legacy M15,M15,V1 Legacy M15,Legacy,2026-05-05 08:45:00+00:00,2026-05-05 09:15:00+00:00,2026-05-05 11:00:00+00:00,1,4558.255,4542.327691622383,2.0,-1.0,-1.0286191168773113,stop,107.53209069760524,102.00161248913815
V1 Legacy M15,M15,V1 Legacy M15,Legacy,2026-05-05 13:00:00+00:00,2026-05-05 13:30:00+00:00,2026-05-05 17:15:00+00:00,1,4578.815,4553.221956126205,2.0,-1.0,-1.0178908574633767,stop,102.00161248913815,96.81028704917736
V1 Legacy M15,M15,V1 Legacy M15,Legacy,2026-05-05 22:00:00+00:00,2026-05-05 22:30:00+00:00,2026-05-05 23:00:00+00:00,-1,4550.515,4560.496411742549,3.0,-1.0,-1.0455898936680688,stop,96.81028704917736,91.74909416209114
V1 Legacy M15,M15,V1 Legacy M15,Legacy,2026-05-06 02:00:00+00:00,2026-05-06 02:30:00+00:00,2026-05-06 09:00:00+00:00,1,4633.225,4608.273547548852,2.0,2.0,1.981431040902043,target,91.74909416209114,100.83881931946173
V1 Legacy M15,M15,V1 Legacy M15,Legacy,2026-05-06 10:30:00+00:00,2026-05-06 11:00:00+00:00,2026-05-06 12:15:00+00:00,1,4714.145,4690.254861471269,2.0,-1.0,-1.0197325980103902,stop,100.83881931946173,95.69738775921499
V1 Legacy M15,M15,V1 Legacy M15,Legacy,2026-05-06 19:00:00+00:00,2026-05-06 19:30:00+00:00,2026-05-07 06:45:00+00:00,1,4695.075,4679.436333577293,2.0,2.0,1.9699777789672464,target,95.69738775921499,105.12347412875826
V1 Legacy M15,M15,V1 Legacy M15,Legacy,2026-05-07 11:45:00+00:00,2026-05-07 12:15:00+00:00,2026-05-07 16:15:00+00:00,1,4742.785,4726.204525792646,2.0,-1.0,-1.0286046402574924,stop,105.12347412875826,99.7169494643168
V1 Legacy M15,M15,V1 Legacy M15,Legacy,2026-05-08 06:15:00+00:00,2026-05-08 06:45:00+00:00,2026-05-08 07:30:00+00:00,1,4733.425,4708.342756125318,2.0,-1.0,-1.0188716170038437,stop,99.7169494643168,94.63701098714685
V1 Legacy M15,M15,V1 Legacy M15,Legacy,2026-05-08 10:30:00+00:00,2026-05-08 11:00:00+00:00,2026-05-08 12:15:00+00:00,1,4724.195,4706.387298149036,2.0,-1.0,-1.0265289425864028,stop,94.63701098714685,89.77962944623818
V1 Legacy M15,M15,V1 Legacy M15,Legacy,2026-05-08 18:00:00+00:00,2026-05-08 18:30:00+00:00,2026-05-10 22:15:00+00:00,1,4727.545,4710.178568783535,2.0,-1.0,-1.027222317245687,stop,89.77962944623818,85.16844749617698
V1 Legacy M15,M15,V1 Legacy M15,Legacy,2026-05-11 04:15:00+00:00,2026-05-11 04:45:00+00:00,2026-05-11 12:30:00+00:00,-1,4671.455,4691.271185694939,2.0,-1.0,-1.02357393633626,stop,85.16844749617698,80.80963734341148
V1 Legacy M15,M15,V1 Legacy M15,Legacy,2026-05-11 19:45:00+00:00,2026-05-11 20:15:00+00:00,2026-05-11 23:45:00+00:00,1,4733.325,4721.543894298576,2.0,2.0,1.9598227439770122,target,80.80963734341148,88.72826560331909
V1 Legacy M15,M15,V1 Legacy M15,Legacy,2026-05-12 06:00:00+00:00,2026-05-12 06:30:00+00:00,2026-05-12 15:30:00+00:00,-1,4705.035,4725.834637763938,2.0,2.0,1.9773792454782197,target,88.72826560331909,97.5007371478832
V1 Legacy M15,M15,V1 Legacy M15,Legacy,2026-05-13 06:00:00+00:00,2026-05-13 06:30:00+00:00,2026-05-13 09:30:00+00:00,1,4710.485,4692.4935045002185,2.0,-1.0,-1.0261817312521757,stop,97.5007371478832,92.4980633856443
V1 Legacy M15,M15,V1 Legacy M15,Legacy,2026-05-13 12:15:00+00:00,2026-05-13 12:45:00+00:00,2026-05-13 16:30:00+00:00,-1,4683.555,4706.081280097056,2.0,-1.0,-1.0207915154203029,stop,92.4980633856443,87.77700147080054
V1 Legacy M15,M15,V1 Legacy M15,Legacy,2026-05-14 03:30:00+00:00,2026-05-14 04:00:00+00:00,2026-05-14 04:30:00+00:00,-1,4675.945,4700.291730593568,2.0,-1.0,-1.019205638235613,stop,87.77700147080054,83.30386073047775
V1 Legacy M15,M15,V1 Legacy M15,Legacy,2026-05-14 18:30:00+00:00,2026-05-14 19:00:00+00:00,2026-05-15 00:30:00+00:00,-1,4668.325,4683.473244943964,2.0,2.0,1.9691824035241787,target,83.30386073047775,91.50588556528204
V1 Legacy M15,M15,V1 Legacy M15,Legacy,2026-05-15 04:30:00+00:00,2026-05-15 05:00:00+00:00,2026-05-15 05:45:00+00:00,-1,4605.965,4622.539368026824,2.0,2.0,1.972210312981191,target,91.50588556528204,100.52932812579834
V1 Legacy M15,M15,V1 Legacy M15,Legacy,2026-05-15 13:30:00+00:00,2026-05-15 14:00:00+00:00,2026-05-15 14:30:00+00:00,-1,4519.785,4560.027336533821,3.0,-1.0,-1.0112314179277375,stop,100.52932812579834,95.44640737459964
V1 Legacy M15,M15,V1 Legacy M15,Legacy,2026-05-15 19:45:00+00:00,2026-05-15 20:15:00+00:00,2026-05-18 00:45:00+00:00,-1,4545.665,4563.620474751008,2.0,2.0,1.974683682481051,target,95.44640737459964,104.87023053430269
V1 Legacy M15,M15,V1 Legacy M15,Legacy,2026-05-18 11:30:00+00:00,2026-05-18 12:00:00+00:00,2026-05-19 05:00:00+00:00,1,4562.255,4528.663830030089,2.0,-0.5968830504552198,-0.6104647595891578,time_exit,104.87023053430269,101.66925153074357
V1 Legacy M15,M15,V1 Legacy M15,Legacy,2026-05-19 10:30:00+00:00,2026-05-19 11:00:00+00:00,2026-05-19 11:15:00+00:00,-1,4528.925,4547.609670644094,2.0,-1.0,-1.0242387199981584,stop,101.66925153074357,96.46257232819258
V1 Legacy M15,M15,V1 Legacy M15,Legacy,2026-05-19 13:00:00+00:00,2026-05-19 13:30:00+00:00,2026-05-19 13:45:00+00:00,-1,4524.165,4548.121748770691,2.0,2.0,1.9811152796929818,target,96.46257232819258,106.01774612608618
V1 Legacy M15,M15,V1 Legacy M15,Legacy,2026-05-19 18:15:00+00:00,2026-05-19 18:45:00+00:00,2026-05-20 11:45:00+00:00,-1,4495.848,4511.995962547494,3.0,0.047869816252459695,0.020028235701495926,time_exit,106.01774612608618,106.1239135464839
V1 Legacy M15,M15,V1 Legacy M15,Legacy,2026-05-20 12:30:00+00:00,2026-05-20 13:00:00+00:00,2026-05-20 13:30:00+00:00,1,4502.815,4489.889967690373,2.0,-1.0,-1.0348379399921985,stop,106.1239135464839,100.63286094256623
V1 Legacy M15,M15,V1 Legacy M15,Legacy,2026-05-21 01:00:00+00:00,2026-05-21 01:30:00+00:00,2026-05-21 02:45:00+00:00,1,4559.655,4536.25314928974,2.0,-1.0,-1.0194841641221175,stop,100.63286094256623,95.50318053650375
V1 Legacy M15,M15,V1 Legacy M15,Legacy,2026-05-22 10:30:00+00:00,2026-05-22 11:00:00+00:00,2026-05-24 22:15:00+00:00,-1,4512.188,4537.454094267749,2.0,-1.0,-1.0178586684280668,stop,95.50318053650375,90.6427435279272
V1 Legacy M15,M15,V1 Legacy M15,Legacy,2026-05-25 09:30:00+00:00,2026-05-25 10:00:00+00:00,2026-05-26 00:15:00+00:00,1,4565.575,4552.596417812609,2.0,-1.0,-1.0351777639042539,stop,90.6427435279272,85.95117589995787
V1 Legacy M15,M15,V1 Legacy M15,Legacy,2026-05-26 01:30:00+00:00,2026-05-26 02:00:00+00:00,2026-05-26 18:00:00+00:00,-1,4532.085,4553.991049582074,2.0,1.8798460144862597,1.8591572774183556,time_exit,85.95117589995787,93.94101360881147
V1 Legacy M15,M15,V1 Legacy M15,Legacy,2026-05-27 02:00:00+00:00,2026-05-27 02:30:00+00:00,2026-05-27 11:00:00+00:00,-1,4503.835,4522.674631202081,3.0,3.0,2.9760938260856062,target,93.94101360881147,107.91987713968184
V1 Legacy M15,M15,V1 Legacy M15,Legacy,2026-05-27 23:45:00+00:00,2026-05-28 00:15:00+00:00,2026-05-28 02:00:00+00:00,-1,4446.955,4462.922300225783,2.0,2.0,1.9721496124133793,target,107.91987713968184,118.561584333318
V1 Legacy M15,M15,V1 Legacy M15,Legacy,2026-05-28 03:15:00+00:00,2026-05-28 03:45:00+00:00,2026-05-28 13:00:00+00:00,-1,4387.268,4413.195640657812,3.0,-1.0,-1.0169212002661652,stop,118.561584333318,112.5331949010332
V1 Legacy M15,M15,V1 Legacy M15,Legacy,2026-05-28 16:15:00+00:00,2026-05-28 16:45:00+00:00,2026-05-29 09:45:00+00:00,1,4500.425,4467.015413737768,2.0,0.9503260456682575,0.9368555855294337,time_exit,112.5331949010332,117.80456251105846
V1 Legacy M15,M15,V1 Legacy M15,Legacy,2026-06-01 01:45:00+00:00,2026-06-01 02:15:00+00:00,2026-06-01 13:15:00+00:00,-1,4525.155,4545.800066943932,2.0,2.0,1.9780811803018634,target,117.80456251105846,129.45591191389943
V1 Legacy M15,M15,V1 Legacy M15,Legacy,2026-06-02 04:45:00+00:00,2026-06-02 05:15:00+00:00,2026-06-02 14:15:00+00:00,1,4517.135,4491.8807781761,2.0,-1.0,-1.017886652899061,stop,129.45591191389943,122.86733967009769
V1 Legacy M15,M15,V1 Legacy M15,Legacy,2026-06-02 17:30:00+00:00,2026-06-02 18:00:00+00:00,2026-06-03 07:00:00+00:00,-1,4484.385,4498.928042810396,2.0,2.0,1.9691647404297365,target,122.86733967009769,134.9646413215357
V1 Legacy M15,M15,V1 Legacy M15,Legacy,2026-06-03 07:45:00+00:00,2026-06-03 08:15:00+00:00,2026-06-04 01:15:00+00:00,-1,4453.275,4472.9424302774305,3.0,-0.5420128532111043,-0.564655745226897,time_exit,134.9646413215357,131.1542133153011
V1 Legacy M15,M15,V1 Legacy M15,Legacy,2026-06-04 02:45:00+00:00,2026-06-04 03:15:00+00:00,2026-06-04 14:00:00+00:00,1,4474.475,4454.285645696115,2.0,2.0,1.9778374536765697,target,131.1542133153011,144.12429908042552
V1 Legacy M15,M15,V1 Legacy M15,Legacy,2026-06-04 22:45:00+00:00,2026-06-04 23:15:00+00:00,2026-06-05 02:15:00+00:00,-1,4468.995,4481.893681841127,2.0,2.0,1.9653530875864318,target,144.12429908042552,158.28705589012273
V1 Legacy M15,M15,V1 Legacy M15,Legacy,2026-06-05 11:45:00+00:00,2026-06-05 12:15:00+00:00,2026-06-05 12:45:00+00:00,1,4470.035,4457.489185254786,2.0,-1.0,-1.0356296907835767,stop,158.28705589012273,150.0907171527962
V1 Legacy M15,M15,V1 Legacy M15,Legacy,2026-06-05 15:30:00+00:00,2026-06-05 16:00:00+00:00,2026-06-08 09:00:00+00:00,-1,4338.518,4374.018400430906,3.0,1.4065475147860467,1.3943264751714541,time_exit,150.0907171527962,160.5544901829769
V1 Legacy M15,M15,V1 Legacy M15,Legacy,2026-06-08 09:15:00+00:00,2026-06-08 09:45:00+00:00,2026-06-08 10:00:00+00:00,-1,4279.695,4298.15942577599,3.0,-1.0,-1.0231780562900852,stop,160.5544901829769,152.3406986232737
V1 Legacy M15,M15,V1 Legacy M15,Legacy,2026-06-09 10:45:00+00:00,2026-06-09 11:15:00+00:00,2026-06-09 14:15:00+00:00,1,4338.925,4323.952071933901,2.0,-1.0,-1.028978466875987,stop,152.3406986232737,144.50293369766405
V1 Legacy M15,M15,V1 Legacy M15,Legacy,2026-06-09 16:00:00+00:00,2026-06-09 16:30:00+00:00,2026-06-10 09:30:00+00:00,-1,4259.535,4303.256480905415,3.0,2.138765615059921,2.1290231843101144,time_exit,144.50293369766405,159.88543849982176
V1 Legacy M15,M15,V1 Legacy M15,Legacy,2026-06-10 10:00:00+00:00,2026-06-10 10:30:00+00:00,2026-06-10 14:00:00+00:00,-1,4160.865,4180.540778764041,3.0,-1.0,-1.0211471426361245,stop,159.88543849982176,151.72211056616092
V1 Legacy M15,M15,V1 Legacy M15,Legacy,2026-06-10 17:30:00+00:00,2026-06-10 18:00:00+00:00,2026-06-11 11:00:00+00:00,-1,4102.065,4136.646332424267,3.0,0.35394818944022094,0.34208611035757286,time_exit,151.72211056616092,154.3172118991019
V1 Legacy M15,M15,V1 Legacy M15,Legacy,2026-06-11 22:30:00+00:00,2026-06-11 23:00:00+00:00,2026-06-12 00:45:00+00:00,1,4225.575,4203.505863485973,2.0,-1.0,-1.0191469883622966,stop,154.3172118991019,146.4536158111301
V1 Legacy M15,M15,V1 Legacy M15,Legacy,2026-06-12 07:45:00+00:00,2026-06-12 08:15:00+00:00,2026-06-14 22:15:00+00:00,1,4194.315,4168.8419819008695,2.0,2.0,1.9835342832809306,target,146.4536158111301,160.97840420472164
V1 Legacy M15,M15,V1 Legacy M15,Legacy,2026-06-15 01:30:00+00:00,2026-06-15 02:00:00+00:00,2026-06-15 18:00:00+00:00,1,4317.355,4283.925023203848,2.0,0.21477729535327567,0.20186267376581182,time_exit,160.97840420472164,162.60318075928757
V1 Legacy M15,M15,V1 Legacy M15,Legacy,2026-06-15 20:00:00+00:00,2026-06-15 20:30:00+00:00,2026-06-16 03:45:00+00:00,-1,4315.698,4327.828929819992,2.0,-1.0,-1.0355759868702554,stop,162.60318075928757,154.18378329013547
V1 Legacy M15,M15,V1 Legacy M15,Legacy,2026-06-16 08:15:00+00:00,2026-06-16 08:45:00+00:00,2026-06-16 14:30:00+00:00,1,4341.075,4321.750549084897,2.0,-1.0,-1.022464157036448,stop,154.18378329013547,146.30141368961353
V1 Legacy M15,M15,V1 Legacy M15,Legacy,2026-06-16 16:00:00+00:00,2026-06-16 16:30:00+00:00,2026-06-17 04:45:00+00:00,1,4345.925,4320.051232235651,2.0,-1.0,-1.0167966453111175,stop,146.30141368961353,138.86347435741988
V1 Legacy M15,M15,V1 Legacy M15,Legacy,2026-06-17 17:30:00+00:00,2026-06-17 18:00:00+00:00,2026-06-17 18:15:00+00:00,1,4376.278,4353.998674038042,2.0,-1.0,-1.0196427755824948,stop,138.86347435741988,131.78391743637846
V1 Legacy M15,M15,V1 Legacy M15,Legacy,2026-06-18 07:45:00+00:00,2026-06-18 08:15:00+00:00,2026-06-18 11:15:00+00:00,-1,4288.535,4310.307911567919,2.0,2.0,1.980303346262983,target,131.78391743637846,144.8325240705237
V1 Legacy M15,M15,V1 Legacy M15,Legacy,2026-06-18 15:15:00+00:00,2026-06-18 15:45:00+00:00,2026-06-19 03:30:00+00:00,-1,4235.575,4258.801878362953,3.0,3.0,2.9817643381352714,target,144.8325240705237,166.425346834304
V1 Legacy M15,M15,V1 Legacy M15,Legacy,2026-06-19 03:30:00+00:00,2026-06-19 04:00:00+00:00,2026-06-22 01:00:00+00:00,-1,4162.025,4184.404036148754,3.0,-1.0,-1.018597874244158,stop,166.425346834304,157.94932160901556
V1 Legacy M15,M15,V1 Legacy M15,Legacy,2026-06-22 05:15:00+00:00,2026-06-22 05:45:00+00:00,2026-06-22 22:45:00+00:00,1,4193.795,4169.4828215941125,2.0,-0.16452659787291343,-0.1817763684610743,time_exit,157.94932160901556,156.5137489048667
V1 Legacy M15,M15,V1 Legacy M15,Legacy,2026-06-22 23:30:00+00:00,2026-06-23 00:00:00+00:00,2026-06-23 00:00:00+00:00,1,4194.655,4187.611281052772,2.0,-1.0,-1.0595517088547513,stop,156.5137489048667,148.22202839929597
V1 Legacy M15,M15,V1 Legacy M15,Legacy,2026-06-23 00:00:00+00:00,2026-06-23 00:30:00+00:00,2026-06-23 01:15:00+00:00,-1,4178.505,4195.677410724906,2.0,-1.0,-1.024332663986075,stop,148.22202839929597,140.63059513871244
V1 Legacy M15,M15,V1 Legacy M15,Legacy,2026-06-23 01:15:00+00:00,2026-06-23 01:45:00+00:00,2026-06-23 03:30:00+00:00,-1,4177.995,4199.164940376932,2.0,2.0,1.980264493306969,target,140.63059513871244,154.55488385000342
V1 Legacy M15,M15,V1 Legacy M15,Legacy,2026-06-23 04:45:00+00:00,2026-06-23 05:15:00+00:00,2026-06-23 22:15:00+00:00,-1,4117.905,4147.793584159604,3.0,0.1425293341849543,0.1287518163941799,time_exit,154.55488385000342,155.54984495141738
V1 Legacy M15,M15,V1 Legacy M15,Legacy,2026-06-23 22:15:00+00:00,2026-06-23 22:45:00+00:00,2026-06-23 23:45:00+00:00,-1,4105.765,4115.524250278675,2.0,2.0,1.9579295039807345,target,155.54984495141738,170.77762648991782
V1 Legacy M15,M15,V1 Legacy M15,Legacy,2026-06-24 09:15:00+00:00,2026-06-24 09:45:00+00:00,2026-06-24 12:30:00+00:00,-1,4069.125,4088.4223568950883,2.0,2.0,1.9789135630225314,target,170.77762648991782,187.67533455600255
V1 Legacy M15,M15,V1 Legacy M15,Legacy,2026-06-24 17:15:00+00:00,2026-06-24 17:45:00+00:00,2026-06-25 10:45:00+00:00,-1,3990.315,4023.5697370745465,2.0,0.14584388350831823,0.13384464565220472,time_exit,187.67533455600255,188.9313014885679
V1 Legacy M15,M15,V1 Legacy M15,Legacy,2026-06-25 11:15:00+00:00,2026-06-25 11:45:00+00:00,2026-06-25 12:45:00+00:00,-1,3977.065,3990.1841924921077,2.0,-1.0,-1.0303148612415935,stop,188.9313014885679,179.19836510469852
V1 Legacy M15,M15,V1 Legacy M15,Legacy,2026-06-25 15:45:00+00:00,2026-06-25 16:15:00+00:00,2026-06-26 02:45:00+00:00,1,4041.045,4003.3505181527275,2.0,-1.0,-1.0107205214184218,stop,179.19836510469852,170.14239185390105
V1 Legacy M15,M15,V1 Legacy M15,Legacy,2026-06-26 09:15:00+00:00,2026-06-26 09:45:00+00:00,2026-06-26 15:45:00+00:00,1,4047.925,4024.7867423888256,2.0,2.0,1.982505489099382,target,170.14239185390105,187.0078031428439
V1 Legacy M15,M15,V1 Legacy M15,Legacy,2026-06-26 20:45:00+00:00,2026-06-28 22:15:00+00:00,2026-06-28 22:30:00+00:00,1,4086.298,4063.3858256894882,2.0,-1.0,-1.0178346146665151,stop,187.0078031428439,177.4906523802675
V1 Legacy M15,M15,V1 Legacy M15,Legacy,2026-06-29 08:45:00+00:00,2026-06-29 09:15:00+00:00,2026-06-29 14:30:00+00:00,-1,4046.805,4069.3369011169134,2.0,2.0,1.9820396646558942,target,177.4906523802675,195.08032803643457
V1 Legacy M15,M15,V1 Legacy M15,Legacy,2026-06-29 18:45:00+00:00,2026-06-29 19:15:00+00:00,2026-06-30 01:15:00+00:00,-1,4013.175,4025.7323387868355,3.0,3.0,2.9680411983133936,target,195.08032803643457,224.03065056606602
V1 Legacy M15,M15,V1 Legacy M15,Legacy,2026-06-30 11:00:00+00:00,2026-06-30 11:30:00+00:00,2026-06-30 12:30:00+00:00,1,4033.115,4017.0666251948546,2.0,-1.0,-1.0251309870872842,stop,224.03065056606602,212.54761246843614
V1 Legacy M15,M15,V1 Legacy M15,Legacy,2026-06-30 20:45:00+00:00,2026-06-30 22:15:00+00:00,2026-07-01 01:15:00+00:00,-1,4009.785,4023.544068141504,2.0,2.0,1.970857147019248,target,212.54761246843614,233.49266152420088
V1 Legacy M15,M15,V1 Legacy M15,Legacy,2026-07-01 05:00:00+00:00,2026-07-01 05:30:00+00:00,2026-07-01 08:30:00+00:00,-1,3971.715,3983.1924888511157,3.0,-1.0,-1.0346043899630009,stop,233.49266152420088,221.4140348923467
V1 Legacy M15,M15,V1 Legacy M15,Legacy,2026-07-02 00:00:00+00:00,2026-07-02 00:30:00+00:00,2026-07-02 06:15:00+00:00,1,4044.485,4029.7287661627606,2.0,2.0,1.9725913465142226,target,221.4140348923467,243.25200535361878
V1 Legacy M15,M15,V1 Legacy M15,Legacy,2026-07-02 23:15:00+00:00,2026-07-02 23:45:00+00:00,2026-07-02 23:45:00+00:00,1,4129.595,4121.537870822213,2.0,-1.0,-1.0512539256710078,stop,243.25200535361878,230.46602407585195
V1 Legacy M15,M15,V1 Legacy M15,Legacy,2026-07-03 00:00:00+00:00,2026-07-03 00:30:00+00:00,2026-07-03 01:15:00+00:00,1,4134.565,4119.990880173616,2.0,2.0,1.9716307739386425,target,230.46602407585195,253.18571934661367
V1 Legacy M15,M15,V1 Legacy M15,Legacy,2026-07-03 08:00:00+00:00,2026-07-03 08:30:00+00:00,2026-07-03 13:15:00+00:00,1,4183.885,4168.2226094622865,2.0,-1.0,-1.026712940083607,stop,253.18571934661367,240.18826663173644
V1 Legacy M15,M15,V1 Legacy M15,Legacy,2026-07-06 05:00:00+00:00,2026-07-06 05:30:00+00:00,2026-07-06 22:30:00+00:00,-1,4151.835,4167.383246507437,2.0,-0.9068546728568861,-0.9335575875425647,time_exit,240.18826663173644,228.97678769409873
V1 Legacy M15,M15,V1 Legacy M15,Legacy,2026-07-07 05:00:00+00:00,2026-07-07 05:30:00+00:00,2026-07-07 11:30:00+00:00,-1,4122.125,4141.72091372602,2.0,-1.0,-1.021035635580119,stop,228.97678769409873,217.28711469628183
V1 Legacy M15,M15,V1 Legacy M15,Legacy,2026-07-07 18:45:00+00:00,2026-07-07 19:15:00+00:00,2026-07-08 08:30:00+00:00,-1,4126.705,4148.893081183531,2.0,2.0,1.9814012533762357,target,217.28711469628183,238.81376276636774
V1 Legacy M15,M15,V1 Legacy M15,Legacy,2026-07-09 00:00:00+00:00,2026-07-09 00:30:00+00:00,2026-07-09 01:15:00+00:00,1,4087.445,4069.512410027087,2.0,-1.0,-1.0227933890540852,stop,238.81376276636774,226.60090587773917
V1 Legacy M15,M15,V1 Legacy M15,Legacy,2026-07-09 03:00:00+00:00,2026-07-09 03:30:00+00:00,2026-07-09 06:00:00+00:00,-1,4058.925,4083.3343119616334,2.0,-1.0,-1.0166285924256278,stop,226.60090587773917,215.08245787849626
V1 Legacy M15,M15,V1 Legacy M15,Legacy,2026-07-09 08:15:00+00:00,2026-07-09 08:45:00+00:00,2026-07-09 11:00:00+00:00,1,4114.585,4100.343014921793,2.0,-1.0,-1.0288905301993054,stop,215.08245787849626,204.01764267233747
V1 Legacy M15,M15,V1 Legacy M15,Legacy,2026-07-09 13:15:00+00:00,2026-07-09 13:45:00+00:00,2026-07-10 06:45:00+00:00,1,4126.055,4104.0394333743725,2.0,-0.6749769493873671,-0.6937184838214477,time_exit,204.01764267233747,196.94110218496348
V1 Legacy M15,M15,V1 Legacy M15,Legacy,2026-07-10 07:30:00+00:00,2026-07-10 08:00:00+00:00,2026-07-10 14:45:00+00:00,-1,4106.675,4120.448839706001,2.0,2.0,1.9701849659379238,target,196.94110218496348,216.34162211996644
V1 Legacy M15,M15,V1 Legacy M15,Legacy,2026-07-10 18:30:00+00:00,2026-07-10 19:00:00+00:00,2026-07-10 20:00:00+00:00,-1,4098.635,4107.42207596705,2.0,-1.0,-1.0466439008308268,stop,216.34162211996644,205.01999015558093
V1 Legacy M15,M15,V1 Legacy M15,Legacy,2026-07-13 03:00:00+00:00,2026-07-13 03:30:00+00:00,2026-07-13 16:45:00+00:00,-1,4057.795,4088.7614646300267,2.0,2.0,1.986896163160759,target,205.01999015558093,225.38766174614994
V1 Legacy M15,M15,V1 Legacy M15,Legacy,2026-07-13 23:30:00+00:00,2026-07-14 00:00:00+00:00,2026-07-14 00:45:00+00:00,-1,3995.265,4006.2621326945173,3.0,-1.0,-1.0363300608529697,stop,225.38766174614994,213.70886128550512
V1 Legacy M15,M15,V1 Legacy M15,Legacy,2026-07-14 05:30:00+00:00,2026-07-14 06:00:00+00:00,2026-07-14 12:45:00+00:00,1,4031.715,4012.973143993031,2.0,2.0,1.9784881764191293,target,213.70886128550512,234.8498840479735
V1 Legacy M15,M15,V1 Legacy M15,Legacy,2026-07-15 00:15:00+00:00,2026-07-15 00:45:00+00:00,2026-07-15 01:45:00+00:00,1,4058.245,4042.9116391228313,2.0,-1.0,-1.026466767674155,stop,234.8498840479735,222.7966039796048
V1 Legacy M15,M15,V1 Legacy M15,Legacy,2026-07-15 05:00:00+00:00,2026-07-15 05:30:00+00:00,2026-07-15 11:45:00+00:00,-1,4025.795,4036.635730244319,3.0,-1.0,-1.0371358285767673,stop,222.7966039796048,211.24308695598094
V1 Legacy M15,M15,V1 Legacy M15,Legacy,2026-07-16 02:30:00+00:00,2026-07-16 03:00:00+00:00,2026-07-16 13:15:00+00:00,-1,4027.375,4046.468945378961,2.0,2.0,1.9789075808060201,target,211.24308695598094,232.14461426448375
V1 Legacy M15,M15,V1 Legacy M15,Legacy,2026-07-16 17:30:00+00:00,2026-07-16 18:00:00+00:00,2026-07-17 03:30:00+00:00,-1,3981.445,3997.8317051426284,3.0,-1.0,-1.0242968001519885,stop,232.14461426448375,220.2553649863023
V1 Legacy M15,M15,V1 Legacy M15,Legacy,2026-07-17 15:45:00+00:00,2026-07-17 16:15:00+00:00,2026-07-19 23:15:00+00:00,1,4018.915,3990.713692491855,2.0,-1.0,-1.0142508108847055,stop,220.2553649863023,209.08565585934912
V1 Legacy M15,M15,V1 Legacy M15,Legacy,2026-07-20 02:45:00+00:00,2026-07-20 03:15:00+00:00,2026-07-20 19:15:00+00:00,1,4021.545,3994.61441216302,2.0,-0.6368223413397,-0.6517553425216414,time_exit,209.08565585934912,202.27202119680052
V1 Legacy M15,M15,V1 Legacy M15,Legacy,2026-07-20 22:30:00+00:00,2026-07-20 23:00:00+00:00,2026-07-21 00:15:00+00:00,-1,4003.765,4011.051847869991,2.0,-1.0,-1.0549450883486728,stop,202.27202119680052,191.60272743320436
V1 Legacy M15,M15,V1 Legacy M15,Legacy,2026-07-21 14:00:00+00:00,2026-07-21 14:30:00+00:00,2026-07-22 01:15:00+00:00,1,4065.685,4043.3472608769225,2.0,2.0,1.981799030879541,target,191.60272743320436,210.58863241025443
V1 Legacy M15,M15,V1 Legacy M15,Legacy,2026-07-22 02:30:00+00:00,2026-07-22 03:00:00+00:00,2026-07-22 08:00:00+00:00,1,4127.725,4110.487396842627,2.0,-1.0,-1.0239460495888864,stop,210.58863241025443,199.80706249801412
V1 Legacy M15,M15,V1 Legacy M15,Legacy,2026-07-22 12:00:00+00:00,2026-07-22 12:30:00+00:00,2026-07-22 13:00:00+00:00,1,4127.175,4111.849768970366,2.0,-1.0,-1.0269305891181635,stop,199.80706249801412,189.54766327796136
V1 Legacy M15,M15,V1 Legacy M15,Legacy,2026-07-23 11:30:00+00:00,2026-07-23 12:00:00+00:00,2026-07-23 13:15:00+00:00,-1,4078.585,4095.923943089577,2.0,2.0,1.9764773147998171,target,189.54766327796136,208.27949610507162
V1 Legacy M15,M15,V1 Legacy M15,Legacy,2026-07-24 00:00:00+00:00,2026-07-24 00:30:00+00:00,2026-07-24 07:45:00+00:00,-1,4041.385,4051.3055178466925,2.0,-1.0,-1.040737641547084,stop,208.27949610507162,197.44128052712125
V1 Legacy M15,M15,V1 Legacy M15,Legacy,2026-07-24 10:15:00+00:00,2026-07-24 10:45:00+00:00,2026-07-24 13:15:00+00:00,1,4061.685,4050.836368994445,2.0,-1.0,-1.0374396087204019,stop,197.44128052712125,187.19961028635566
V1 Legacy M15,M15,V1 Legacy M15,Legacy,2026-07-27 06:30:00+00:00,2026-07-27 07:00:00+00:00,2026-07-27 12:30:00+00:00,1,4098.505,4083.4811871042866,3.0,-1.0,-1.0272800588535642,stop,187.19961028635566,177.5842889527391
V1 Legacy M15,M15,V1 Legacy M15,Legacy,2026-07-27 13:45:00+00:00,2026-07-27 14:15:00+00:00,2026-07-27 16:45:00+00:00,-1,4074.085,4090.234656981146,2.0,-1.0,-1.0252270683195084,stop,177.5842889527391,168.48107795560804
V1 Legacy M15,M15,V1 Legacy M15,Legacy,2026-07-27 22:15:00+00:00,2026-07-27 22:45:00+00:00,2026-07-28 01:30:00+00:00,-1,4072.225,4084.384069126109,2.0,2.0,1.9665087437388133,target,168.48107795560804,185.04705360332022
V1 Legacy M15,M15,V1 Legacy M15,Legacy,2026-07-28 09:00:00+00:00,2026-07-28 09:30:00+00:00,2026-07-28 14:30:00+00:00,-1,4040.875,4055.582329377173,2.0,2.0,1.9725247534996277,target,185.04705360332022,203.2975482930563
V1 Legacy M15,M15,V1 Legacy M15,Legacy,2026-07-28 18:30:00+00:00,2026-07-28 19:00:00+00:00,2026-07-29 06:30:00+00:00,-1,4024.275,4042.1521654629178,2.0,-1.0,-1.0225106995197168,stop,203.2975482930563,192.9038523772675
V1 Legacy M15,M15,V1 Legacy M15,Legacy,2026-07-29 07:00:00+00:00,2026-07-29 07:30:00+00:00,2026-07-29 10:15:00+00:00,1,4045.175,4030.716120388285,2.0,-1.0,-1.0279770985624812,stop,192.9038523772675,182.98881525385207
V1 Legacy M15,M15,V1 Legacy M15,Legacy,2026-07-29 13:45:00+00:00,2026-07-29 14:15:00+00:00,2026-07-29 17:00:00+00:00,-1,4007.055,4026.990566468827,3.0,-1.0,-1.02010003079805,stop,182.98881525385207,173.65547045004442
V1 Legacy M15,M15,V1 Legacy M15,Legacy,2026-07-30 05:30:00+00:00,2026-07-30 06:00:00+00:00,2026-07-30 08:30:00+00:00,-1,4033.075,4056.0040613430924,2.0,-1.0,-1.0175893593708534,stop,173.65547045004442,164.81997250371916
V1 Legacy M15,M15,V1 Legacy M15,Legacy,2026-07-30 10:15:00+00:00,2026-07-30 10:45:00+00:00,2026-07-30 14:00:00+00:00,1,4076.255,4059.1143586421904,2.0,2.0,1.9762187720114526,target,164.81997250371916,181.10598868693222
V1 Legacy M15,M15,V1 Legacy M15,Legacy,2026-07-30 19:15:00+00:00,2026-07-30 19:45:00+00:00,2026-07-31 00:30:00+00:00,1,4112.565,4097.609238879447,2.0,-1.0,-1.0274981993015946,stop,181.10598868693222,171.80168482400433
V1 Legacy M15,M15,V1 Legacy M15,Legacy,2026-07-31 02:30:00+00:00,2026-07-31 03:00:00+00:00,2026-07-31 13:15:00+00:00,-1,4075.395,4095.4530579661473,2.0,2.0,1.9796820060701878,target,171.80168482400433,188.80732002693549
V1 Legacy M15,M15,V1 Legacy M15,Legacy,2026-08-03 12:30:00+00:00,2026-08-03 13:00:00+00:00,2026-08-04 00:15:00+00:00,-1,4044.785,4065.117812720761,2.0,-1.0,-1.0198928945815255,stop,188.80732002693549,179.1791578199129
V1 Legacy M15,M15,V1 Legacy M15,Legacy,2026-08-04 11:15:00+00:00,2026-08-04 11:45:00+00:00,2026-08-04 14:00:00+00:00,1,4060.805,4044.8159255009427,2.0,2.0,1.9746026263106131,target,179.1791578199129,196.86953960047907
V1 Legacy M15,M15,V1 Legacy M15,Legacy,2026-08-04 16:45:00+00:00,2026-08-04 17:15:00+00:00,2026-08-04 19:00:00+00:00,1,4093.105,4075.475870777289,3.0,-1.0,-1.0232178512522727,stop,196.86953960047907,186.79751823612773
V1 Legacy M15,M15,V1 Legacy M15,Legacy,2026-08-05 04:00:00+00:00,2026-08-05 04:30:00+00:00,2026-08-05 11:45:00+00:00,1,4138.355,4123.461787905818,3.0,3.0,2.9722131466749424,target,186.79751823612773,214.5576202095113
V1 Legacy M15,M15,V1 Legacy M15,Legacy,2026-08-05 18:15:00+00:00,2026-08-05 18:45:00+00:00,2026-08-06 11:45:00+00:00,1,4262.535,4235.4736900906755,3.0,-0.07686250247935099,-0.09261390185463136,time_exit,214.5576202095113,213.56406929049894
V1 Legacy M15,M15,V1 Legacy M15,Legacy,2026-08-07 00:30:00+00:00,2026-08-07 01:00:00+00:00,2026-08-07 01:45:00+00:00,-1,4234.785,4253.720800962671,2.0,-1.0,-1.0223639074383395,stop,213.56406929049894,202.6470594720856
V1 Legacy M15,M15,V1 Legacy M15,Legacy,2026-08-07 03:45:00+00:00,2026-08-07 04:15:00+00:00,2026-08-07 08:45:00+00:00,1,4265.965,4246.028708866855,2.0,2.0,1.9786020129245228,target,202.6470594720856,222.6949534613208
V1 Legacy M15,M15,V1 Legacy M15,Legacy,2026-08-07 09:30:00+00:00,2026-08-07 10:00:00+00:00,2026-08-10 03:00:00+00:00,1,4317.365,4292.133973775109,3.0,0.08085283499041528,0.06374150166010153,time_exit,222.6949534613208,223.40469899860832
V1 Legacy M15,M15,V1 Legacy M15,Legacy,2026-08-10 04:45:00+00:00,2026-08-10 05:15:00+00:00,2026-08-10 14:00:00+00:00,1,4339.085,4321.82159406555,2.0,-1.0,-1.0251345824600064,stop,223.40469899860832,211.95370485723126
V1 Legacy M15,M15,V1 Legacy M15,Legacy,2026-08-10 15:45:00+00:00,2026-08-10 16:15:00+00:00,2026-08-10 19:45:00+00:00,1,4358.205,4341.50142521283,2.0,2.0,1.9739085491846473,target,211.95370485723126,232.87256635968367
V1 Legacy M15,M15,V1 Legacy M15,Legacy,2026-08-10 22:30:00+00:00,2026-08-10 23:00:00+00:00,2026-08-11 02:00:00+00:00,1,4395.175,4384.854280203591,3.0,3.0,2.9574140652328422,target,232.87256635968367,267.30759651763356
V1 Legacy M15,M15,V1 Legacy M15,Legacy,2026-08-11 18:00:00+00:00,2026-08-11 18:30:00+00:00,2026-08-12 01:15:00+00:00,-1,4363.495,4386.5025015931315,2.0,-1.0,-1.0189655316651272,stop,267.30759651763356,253.68873515744767
V1 Legacy M15,M15,V1 Legacy M15,Legacy,2026-08-12 01:45:00+00:00,2026-08-12 02:15:00+00:00,2026-08-12 18:15:00+00:00,1,4396.275,4376.618675440669,3.0,0.47363890293422356,0.45127320080750966,time_exit,253.68873515744767,259.4128815336132
V1 Legacy M15,M15,V1 Legacy M15,Legacy,2026-08-12 22:15:00+00:00,2026-08-12 22:45:00+00:00,2026-08-13 00:15:00+00:00,-1,4399.245,4414.84019666948,3.0,-1.0,-1.0282089741683689,stop,259.4128815336132,246.07634889322634
V1 Legacy M15,M15,V1 Legacy M15,Legacy,2026-08-13 04:00:00+00:00,2026-08-13 04:30:00+00:00,2026-08-13 14:45:00+00:00,-1,4394.395,4412.91980351546,2.0,2.0,1.9762783178977708,target,246.07634889322634,270.3921165364829
V1 Legacy M15,M15,V1 Legacy M15,Legacy,2026-08-13 19:00:00+00:00,2026-08-13 19:30:00+00:00,2026-08-14 02:15:00+00:00,-1,4346.625,4364.252068190892,2.0,2.0,1.975341191439618,target,270.3921165364829,297.0979508182357
V1 Legacy M15,M15,V1 Legacy M15,Legacy,2026-08-14 09:45:00+00:00,2026-08-14 10:15:00+00:00,2026-08-14 13:45:00+00:00,1,4357.155,4341.971783104637,2.0,2.0,1.9713028205417336,target,297.0979508182357,326.38145223949357
V1 Legacy M15,M15,V1 Legacy M15,Legacy,2026-08-16 22:45:00+00:00,2026-08-16 23:15:00+00:00,2026-08-16 23:45:00+00:00,1,4384.605,4370.135134204836,2.0,-1.0,-1.0303016286541191,stop,326.38145223949357,309.5678851492512
V1 Legacy M15,M15,V1 Legacy M15,Legacy,2026-08-17 06:45:00+00:00,2026-08-17 07:15:00+00:00,2026-08-17 12:30:00+00:00,1,4402.755,4391.033428697764,3.0,-1.0,-1.0375611331149786,stop,309.5678851492512,293.50810486467793
V1 Legacy M15,M15,V1 Legacy M15,Legacy,2026-08-17 15:45:00+00:00,2026-08-17 16:15:00+00:00,2026-08-17 17:45:00+00:00,1,4427.335,4412.757781594252,3.0,-1.0,-1.0303716036679145,stop,293.50810486467793,278.3869840297305
V1 Legacy M15,M15,V1 Legacy M15,Legacy,2026-08-17 23:30:00+00:00,2026-08-18 00:00:00+00:00,2026-08-18 02:00:00+00:00,1,4422.175,4408.337471117836,2.0,-1.0,-1.0319578375420764,stop,278.3869840297305,264.02280252777143
V1 Legacy M15,M15,V1 Legacy M15,Legacy,2026-08-18 03:45:00+00:00,2026-08-18 04:15:00+00:00,2026-08-18 13:45:00+00:00,-1,4391.475,4404.671270525676,2.0,-1.0,-1.0332781522738235,stop,264.02280252777143,250.3823528500688
V1 Legacy M15,M15,V1 Legacy M15,Legacy,2026-08-18 19:30:00+00:00,2026-08-18 20:00:00+00:00,2026-08-19 01:15:00+00:00,-1,4349.835,4361.597120464925,2.0,2.0,1.963018275378395,target,250.3823528500688,274.95760957391514
V1 Legacy M15,M15,V1 Legacy M15,Legacy,2026-08-19 04:30:00+00:00,2026-08-19 05:00:00+00:00,2026-08-19 07:45:00+00:00,-1,4346.265,4360.907214971361,2.0,-1.0,-1.0296831115271905,stop,274.95760957391514,260.80164922570776
V1 Legacy M15,M15,V1 Legacy M15,Legacy,2026-08-19 10:15:00+00:00,2026-08-19 10:45:00+00:00,2026-08-19 12:45:00+00:00,1,4368.615,4352.495644577295,2.0,2.0,1.9728983269774756,target,260.80164922570776,286.528406097226
V1 Legacy M15,M15,V1 Legacy M15,Legacy,2026-08-19 19:00:00+00:00,2026-08-19 19:30:00+00:00,2026-08-20 12:00:00+00:00,1,4503.105,4470.646257068849,3.0,-1.0,-1.0138733191533378,stop,286.528406097226,272.00323079115054
V1 Legacy M15,M15,V1 Legacy M15,Legacy,2026-08-20 19:00:00+00:00,2026-08-20 19:30:00+00:00,2026-08-21 08:30:00+00:00,1,4527.515,4507.0858468694705,2.0,2.0,1.9778379702228872,target,272.00323079115054,298.9021466852524
V1 Legacy M15,M15,V1 Legacy M15,Legacy,2026-08-21 14:15:00+00:00,2026-08-21 14:45:00+00:00,2026-08-24 07:45:00+00:00,1,4603.025,4572.071421428516,3.0,1.020883576579818,1.006012840424482,time_exit,298.9021466852524,313.9371165650427
V1 Legacy M15,M15,V1 Legacy M15,Legacy,2026-08-24 10:00:00+00:00,2026-08-24 10:30:00+00:00,2026-08-24 17:30:00+00:00,1,4648.085,4631.556784841623,2.0,-1.0,-1.0281221230209132,stop,313.9371165650427,297.7988318261469
V1 Legacy M15,M15,V1 Legacy M15,Legacy,2026-08-24 22:00:00+00:00,2026-08-24 22:30:00+00:00,2026-08-25 00:45:00+00:00,1,4658.335,4645.757033216315,3.0,3.0,2.9629643242018866,target,297.7988318261469,341.9171975506404
V1 Legacy M15,M15,V1 Legacy M15,Legacy,2026-08-25 07:45:00+00:00,2026-08-25 08:15:00+00:00,2026-08-25 15:45:00+00:00,-1,4629.945,4654.08600543531,2.0,-1.0,-1.0191787579535854,stop,341.9171975506404,324.4934603145088
V1 Legacy M15,M15,V1 Legacy M15,Legacy,2026-08-25 18:45:00+00:00,2026-08-25 19:15:00+00:00,2026-08-26 01:00:00+00:00,1,4654.385,4635.321855173905,2.0,-1.0,-1.0244156199958603,stop,324.4934603145088,307.87265184787435
V1 Legacy M15,M15,V1 Legacy M15,Legacy,2026-08-26 05:30:00+00:00,2026-08-26 06:00:00+00:00,2026-08-26 12:45:00+00:00,-1,4637.645,4650.001420568984,2.0,2.0,1.962467731054403,target,307.87265184787435,338.0821590741544
V1 Legacy M15,M15,V1 Legacy M15,Legacy,2026-08-27 09:30:00+00:00,2026-08-27 10:00:00+00:00,2026-08-27 16:00:00+00:00,-1,4582.225,4606.822575600925,2.0,-1.0,-1.0186287668115865,stop,338.0821590741544,320.86314843521916
V1 Legacy M15,M15,V1 Legacy M15,Legacy,2026-08-28 05:30:00+00:00,2026-08-28 06:00:00+00:00,2026-08-28 06:45:00+00:00,-1,4572.605,4586.77549562999,2.0,-1.0,-1.0322684902447778,stop,320.86314843521916,304.30230254469865
V1 Legacy M15,M15,V1 Legacy M15,Legacy,2026-08-28 18:15:00+00:00,2026-08-28 18:45:00+00:00,2026-08-31 11:45:00+00:00,-1,4455.845,4488.410592398186,2.0,0.042990159149647114,0.029307481599926778,time_exit,304.30230254469865,304.74821925133085
V1 Legacy M15,M15,V1 Legacy M15,Legacy,2026-08-31 12:30:00+00:00,2026-08-31 13:00:00+00:00,2026-09-01 06:00:00+00:00,-1,4440.215,4464.699707747468,3.0,0.01592830937672354,-0.0022063363204839308,time_exit,304.74821925133085,304.714600398094
V1 Legacy M15,M15,V1 Legacy M15,Legacy,2026-09-01 07:30:00+00:00,2026-09-01 08:00:00+00:00,2026-09-01 08:30:00+00:00,-1,4418.045,4435.9922489245755,2.0,2.0,1.9753831630765966,target,304.714600398094,334.8110049565944
V1 Legacy M15,M15,V1 Legacy M15,Legacy,2026-09-01 09:45:00+00:00,2026-09-01 10:15:00+00:00,2026-09-01 10:30:00+00:00,-1,4364.415,4384.592242037761,3.0,-1.0,-1.0216303843301882,stop,334.8110049565944,317.7083501730053
V1 Legacy M15,M15,V1 Legacy M15,Legacy,2026-09-01 16:15:00+00:00,2026-09-01 16:45:00+00:00,2026-09-02 03:45:00+00:00,-1,4352.485,4375.638339176602,3.0,3.0,2.981201480413683,target,317.7083501730053,365.0659803667829
V1 Legacy M15,M15,V1 Legacy M15,Legacy,2026-09-02 08:45:00+00:00,2026-09-02 09:15:00+00:00,2026-09-02 11:45:00+00:00,-1,4312.705,4332.447872766048,2.0,-1.0,-1.0218443640452193,stop,365.0659803667829,346.4139496396609
V1 Legacy M15,M15,V1 Legacy M15,Legacy,2026-09-02 19:30:00+00:00,2026-09-02 20:00:00+00:00,2026-09-03 03:15:00+00:00,1,4387.795,4368.180973316234,2.0,2.0,1.977629300343353,target,346.4139496396609,380.66786848241395
V1 Legacy M15,M15,V1 Legacy M15,Legacy,2026-09-03 04:15:00+00:00,2026-09-03 04:45:00+00:00,2026-09-03 06:30:00+00:00,1,4436.475,4418.3054887373555,2.0,-1.0,-1.0244171399872546,stop,380.66786848241395,361.169734026624
V1 Legacy M15,M15,V1 Legacy M15,Legacy,2026-09-03 23:45:00+00:00,2026-09-04 00:15:00+00:00,2026-09-04 01:30:00+00:00,1,4479.895,4470.505405203949,2.0,-1.0,-1.0477112707982215,stop,361.169734026624,342.2496539760795
V1 Legacy M15,M15,V1 Legacy M15,Legacy,2026-09-04 17:30:00+00:00,2026-09-04 18:00:00+00:00,2026-09-07 11:00:00+00:00,-1,4416.985,4444.585247300534,2.0,0.9228178183572276,0.9068143929099692,time_exit,342.2496539760795,357.7674995857778
V1 Legacy M15,M15,V1 Legacy M15,Legacy,2026-09-08 01:15:00+00:00,2026-09-08 01:45:00+00:00,2026-09-08 06:15:00+00:00,1,4434.095,4413.979574996828,2.0,-1.0,-1.0220432578446677,stop,357.7674995857778,339.48480654439834
V1 Legacy M15,M15,V1 Legacy M15,Legacy,2026-09-08 16:00:00+00:00,2026-09-08 16:30:00+00:00,2026-09-09 07:45:00+00:00,-1,4386.015,4410.131477506599,2.0,-1.0,-1.0181867977974803,stop,339.48480654439834,322.20185914058146
V1 Legacy M15,M15,V1 Legacy M15,Legacy,2026-09-10 10:30:00+00:00,2026-09-10 11:00:00+00:00,2026-09-10 12:45:00+00:00,-1,4383.585,4400.931581976631,2.0,2.0,1.9747294019887862,target,322.20185914058146,354.0149333715992
V1 Legacy M15,M15,V1 Legacy M15,Legacy,2026-09-10 17:45:00+00:00,2026-09-10 18:15:00+00:00,2026-09-11 04:00:00+00:00,-1,4352.578,4368.83718500509,3.0,3.0,2.9732300358312083,target,354.0149333715992,406.6433250232604
V1 Legacy M15,M15,V1 Legacy M15,Legacy,2026-09-11 12:00:00+00:00,2026-09-11 12:30:00+00:00,2026-09-11 12:45:00+00:00,-1,4327.778,4345.924117114027,2.0,-1.0,-1.0238496091081368,stop,406.6433250232604,385.8262445546855
V1 Legacy M15,M15,V1 Legacy M15,Legacy,2026-09-14 04:30:00+00:00,2026-09-14 05:00:00+00:00,2026-09-14 06:00:00+00:00,-1,4323.255,4337.124195124611,3.0,-1.0,-1.0311716358531027,stop,385.8262445546855,365.93359056705975
V1 Legacy M15,M15,V1 Legacy M15,Legacy,2026-09-14 07:15:00+00:00,2026-09-14 07:45:00+00:00,2026-09-15 00:45:00+00:00,-1,4316.735,4339.3777239665515,3.0,1.0739432250254648,1.0548786681003495,time_exit,365.93359056705975,385.2343674985877
V1 Legacy M15,M15,V1 Legacy M15,Legacy,2026-09-15 07:30:00+00:00,2026-09-15 08:00:00+00:00,2026-09-15 14:00:00+00:00,-1,4283.705,4296.093034417724,3.0,-1.0,-1.0345793759974633,stop,385.2343674985877,365.3065909216144
V1 Legacy M15,M15,V1 Legacy M15,Legacy,2026-09-15 18:00:00+00:00,2026-09-15 18:30:00+00:00,2026-09-15 21:00:00+00:00,1,4302.355,4289.262985380374,2.0,-1.0,-1.0328624365691623,stop,365.3065909216144,346.4410181419107
V1 Legacy M15,M15,V1 Legacy M15,Legacy,2026-09-15 23:45:00+00:00,2026-09-16 00:15:00+00:00,2026-09-16 02:30:00+00:00,-1,4283.395,4299.379338379854,2.0,-1.0,-1.0267974494671532,stop,346.4410181419107,328.65478045096484
V1 Legacy M15,M15,V1 Legacy M15,Legacy,2026-09-16 07:00:00+00:00,2026-09-16 07:30:00+00:00,2026-09-16 13:30:00+00:00,1,4335.525,4320.509782677121,2.0,1.0722455528811121,1.043371345423629,time_exit,328.65478045096484,345.8002294739163
V1 Legacy M15,MTF,V1 Legacy MTF,Legacy,2026-01-02 00:45:00+00:00,2026-01-02 01:15:00+00:00,2026-01-02 08:45:00+00:00,1,4353.695,4337.149156295635,2.0,2.0,1.973687077686757,target,100.0,109.86843538843378
V1 Legacy M15,MTF,V1 Legacy MTF,Legacy,2026-01-02 13:00:00+00:00,2026-01-02 13:30:00+00:00,2026-01-02 13:30:00+00:00,1,4399.425,4384.061197101517,3.0,-1.0,-1.0286350002604778,stop,109.86843538843378,104.21770948521379
V1 Legacy M15,MTF,V1 Legacy MTF,Legacy,2026-01-02 18:00:00+00:00,2026-01-02 18:30:00+00:00,2026-01-04 23:15:00+00:00,-1,4314.115,4334.260602918481,4.0,-1.0,-1.021414673055242,stop,104.21770948521379,98.8952346021935
V1 Legacy M15,MTF,V1 Legacy MTF,Legacy,2026-01-05 06:00:00+00:00,2026-01-05 06:30:00+00:00,2026-01-05 13:30:00+00:00,1,4417.889,4400.052762480986,3.0,-1.0,-1.024769175647556,stop,98.8952346021935,93.82799520025543
V1 Legacy M15,MTF,V1 Legacy MTF,Legacy,2026-01-05 21:45:00+00:00,2026-01-05 23:15:00+00:00,2026-01-06 00:00:00+00:00,1,4446.615,4437.043498435291,4.0,-1.0,-1.0464568173545035,stop,93.82799520025543,88.91864793845478
V1 Legacy M15,MTF,V1 Legacy MTF,Legacy,2026-01-06 03:00:00+00:00,2026-01-06 03:30:00+00:00,2026-01-06 19:30:00+00:00,1,4462.345,4437.305677294084,4.0,0.7320485547985144,0.7142272061446007,time_exit,88.91864793845478,92.09405381301669
V1 Legacy M15,MTF,V1 Legacy MTF,Legacy,2026-01-06 23:00:00+00:00,2026-01-06 23:30:00+00:00,2026-01-07 01:00:00+00:00,1,4497.305,4487.690809936411,4.0,-1.0,-1.0467777833624496,stop,92.09405381301669,87.2739533374541
V1 Legacy M15,MTF,V1 Legacy MTF,Legacy,2026-01-07 05:30:00+00:00,2026-01-07 06:00:00+00:00,2026-01-07 08:45:00+00:00,-1,4452.119,4472.356732081212,2.0,-1.0,-1.0219991004038105,stop,87.2739533374541,82.81425824747599
V1 Legacy M15,MTF,V1 Legacy MTF,Legacy,2026-01-07 11:30:00+00:00,2026-01-07 12:00:00+00:00,2026-01-08 05:00:00+00:00,-1,4450.185,4468.183005335041,2.0,1.0506719854774254,1.0259459954737677,time_exit,82.81425824747599,87.06240607833242
V1 Legacy M15,MTF,V1 Legacy MTF,Legacy,2026-01-08 05:00:00+00:00,2026-01-08 05:30:00+00:00,2026-01-08 15:15:00+00:00,-1,4426.995,4443.2153601280825,2.0,-1.0,-1.0272928280571,stop,87.06240607833242,82.59047681044913
V1 Legacy M15,MTF,V1 Legacy MTF,Legacy,2026-01-08 16:30:00+00:00,2026-01-08 17:00:00+00:00,2026-01-09 10:00:00+00:00,1,4460.485,4441.940438262482,3.0,0.5570366205581984,0.5329838278142434,time_exit,82.59047681044913,84.79144623402097
V1 Legacy M15,MTF,V1 Legacy MTF,Legacy,2026-01-09 15:15:00+00:00,2026-01-09 15:45:00+00:00,2026-01-12 08:45:00+00:00,1,4505.105,4477.9209063124845,4.0,2.956508350944676,2.9399357734227367,time_exit,84.79144623402097,97.2555165372034
V1 Legacy M15,MTF,V1 Legacy MTF,Legacy,2026-01-12 08:45:00+00:00,2026-01-12 09:15:00+00:00,2026-01-12 23:15:00+00:00,1,4596.725,4577.629013866194,4.0,-1.0,-1.0240716817020636,stop,97.2555165372034,92.27568551845057
V1 Legacy M15,MTF,V1 Legacy MTF,Legacy,2026-01-13 05:15:00+00:00,2026-01-13 05:45:00+00:00,2026-01-13 05:45:00+00:00,1,4601.125,4590.708125427659,4.0,-1.0,-1.0441699184150397,stop,92.27568551845057,87.45811076747596
V1 Legacy M15,MTF,V1 Legacy MTF,Legacy,2026-01-14 01:00:00+00:00,2026-01-14 01:30:00+00:00,2026-01-14 17:30:00+00:00,1,4615.205,4592.670578939623,4.0,-0.1766186932131888,-0.19709938356522558,time_exit,87.45811076747596,86.59621378147352
V1 Legacy M15,MTF,V1 Legacy MTF,Legacy,2026-01-15 01:15:00+00:00,2026-01-15 01:45:00+00:00,2026-01-15 10:45:00+00:00,-1,4600.475,4618.824860801148,2.0,-1.0,-1.0250708986288999,stop,86.59621378147352,82.15785084753176
V1 Legacy M15,MTF,V1 Legacy MTF,Legacy,2026-01-15 16:00:00+00:00,2026-01-15 16:30:00+00:00,2026-01-16 01:00:00+00:00,1,4621.845,4599.001141813756,4.0,-1.0,-1.0202323309938206,stop,82.15785084753176,77.96684606355076
V1 Legacy M15,MTF,V1 Legacy MTF,Legacy,2026-01-16 11:15:00+00:00,2026-01-16 11:45:00+00:00,2026-01-16 13:00:00+00:00,1,4610.935,4597.643577179371,3.0,-1.0,-1.034691056497304,stop,77.96684606355076,73.93326614728787
V1 Legacy M15,MTF,V1 Legacy MTF,Legacy,2026-01-16 15:00:00+00:00,2026-01-16 15:30:00+00:00,2026-01-16 15:30:00+00:00,1,4615.848,4594.861089929656,3.0,-1.0,-1.021993938052475,stop,73.93326614728787,70.15529865614045
V1 Legacy M15,MTF,V1 Legacy MTF,Legacy,2026-01-19 06:45:00+00:00,2026-01-19 07:15:00+00:00,2026-01-19 08:00:00+00:00,1,4677.725,4662.677682873948,4.0,-1.0,-1.0310867708895497,stop,70.15529865614045,66.53848863853285
V1 Legacy M15,MTF,V1 Legacy MTF,Legacy,2026-01-19 15:45:00+00:00,2026-01-19 16:15:00+00:00,2026-01-20 00:30:00+00:00,1,4674.085,4663.135058037149,4.0,-1.0,-1.0426859340063848,stop,66.53848863853285,63.069551329860765
V1 Legacy M15,MTF,V1 Legacy MTF,Legacy,2026-01-20 03:30:00+00:00,2026-01-20 04:00:00+00:00,2026-01-20 08:15:00+00:00,1,4676.715,4664.763097169656,4.0,4.0,3.960870540311568,target,63.069551329860765,75.56006772251646
V1 Legacy M15,MTF,V1 Legacy MTF,Legacy,2026-01-20 08:45:00+00:00,2026-01-20 09:15:00+00:00,2026-01-21 01:15:00+00:00,1,4729.225,4713.826139662404,4.0,4.0,3.9692884739758725,target,75.56006772251646,90.55605301770751
V1 Legacy M15,MTF,V1 Legacy MTF,Legacy,2026-01-21 04:15:00+00:00,2026-01-21 04:45:00+00:00,2026-01-21 15:30:00+00:00,1,4849.595,4825.614362607531,4.0,-1.0,-1.0202229612192164,stop,90.55605301770751,85.936684789405
V1 Legacy M15,MTF,V1 Legacy MTF,Legacy,2026-01-22 07:15:00+00:00,2026-01-22 07:45:00+00:00,2026-01-22 09:45:00+00:00,1,4836.905,4815.206985742748,4.0,-1.0,-1.0222919247017426,stop,85.936684789405,81.54406584461262
V1 Legacy M15,MTF,V1 Legacy MTF,Legacy,2026-01-22 17:15:00+00:00,2026-01-22 17:45:00+00:00,2026-01-23 10:45:00+00:00,1,4889.805,4866.763324869429,4.0,1.6543936056725004,1.6331720366143014,time_exit,81.54406584461262,88.20284024907545
V1 Legacy M15,MTF,V1 Legacy MTF,Legacy,2026-01-23 12:45:00+00:00,2026-01-23 13:15:00+00:00,2026-01-25 23:30:00+00:00,1,4939.175,4917.244248439706,4.0,4.0,3.977478314017553,target,88.20284024907545,105.74408446534805
V1 Legacy M15,MTF,V1 Legacy MTF,Legacy,2026-01-26 01:00:00+00:00,2026-01-26 01:30:00+00:00,2026-01-26 17:30:00+00:00,1,5057.505,5023.385597157784,4.0,0.9000743694729174,0.885251410749436,time_exit,105.74408446534805,110.42458946291589
V1 Legacy M15,MTF,V1 Legacy MTF,Legacy,2026-01-26 21:30:00+00:00,2026-01-26 22:00:00+00:00,2026-01-27 01:15:00+00:00,-1,5004.175,5064.248720448213,2.0,-1.0,-1.0083300567413898,stop,110.42458946291589,104.85736783497656
V1 Legacy M15,MTF,V1 Legacy MTF,Legacy,2026-01-27 05:45:00+00:00,2026-01-27 06:15:00+00:00,2026-01-27 14:15:00+00:00,1,5082.855,5055.604888137156,4.0,-1.0,-1.0186526023290594,stop,104.85736783497656,99.51670630405285
V1 Legacy M15,MTF,V1 Legacy MTF,Legacy,2026-01-27 19:45:00+00:00,2026-01-27 20:15:00+00:00,2026-01-27 21:00:00+00:00,1,5098.715,5079.769653846024,4.0,4.0,3.9730872428586905,target,99.51670630405285,119.28613411745023
V1 Legacy M15,MTF,V1 Legacy MTF,Legacy,2026-01-28 01:00:00+00:00,2026-01-28 01:30:00+00:00,2026-01-28 17:30:00+00:00,1,5190.665,5155.592241876912,4.0,3.1882294402843403,3.1734297345361258,time_exit,119.28613411745023,138.2134423637593
V1 Legacy M15,MTF,V1 Legacy MTF,Legacy,2026-01-28 21:45:00+00:00,2026-01-28 23:15:00+00:00,2026-01-29 15:15:00+00:00,1,5417.098,5350.615306813035,4.0,-0.5066431335035658,-0.514791266108191,time_exit,138.2134423637593,134.65588871437873
V1 Legacy M15,MTF,V1 Legacy MTF,Legacy,2026-01-30 08:30:00+00:00,2026-01-30 09:00:00+00:00,2026-01-30 18:00:00+00:00,-1,5095.755,5189.712180657264,3.0,3.0,2.9945765135092888,target,134.65588871437873,154.8177568018687
V1 Legacy M15,MTF,V1 Legacy MTF,Legacy,2026-02-01 23:00:00+00:00,2026-02-01 23:30:00+00:00,2026-02-02 15:30:00+00:00,-1,4746.198,4901.941579905819,3.0,0.42225175535176623,0.41920431159654364,time_exit,154.8177568018687,158.06277036002115
V1 Legacy M15,MTF,V1 Legacy MTF,Legacy,2026-02-03 01:15:00+00:00,2026-02-03 01:45:00+00:00,2026-02-03 02:30:00+00:00,1,4852.935,4761.28335907044,2.0,-1.0,-1.005294978846838,stop,158.06277036002115,150.11778489074365
V1 Legacy M15,MTF,V1 Legacy MTF,Legacy,2026-02-03 05:15:00+00:00,2026-02-03 05:45:00+00:00,2026-02-03 07:45:00+00:00,1,4839.145,4797.111590884896,2.0,2.0,1.9884873839598676,target,150.11778489074365,165.04315095890593
V1 Legacy M15,MTF,V1 Legacy MTF,Legacy,2026-02-03 08:15:00+00:00,2026-02-03 08:45:00+00:00,2026-02-04 01:45:00+00:00,1,4936.205,4868.786758718909,2.0,1.415195623424849,1.407873858712211,time_exit,165.04315095890593,176.66114784863277
V1 Legacy M15,MTF,V1 Legacy MTF,Legacy,2026-02-04 02:00:00+00:00,2026-02-04 02:30:00+00:00,2026-02-04 14:45:00+00:00,1,5059.485,4981.728394431187,3.0,-1.0,-1.00650682339203,stop,176.66114784863277,167.77061531173692
V1 Legacy M15,MTF,V1 Legacy MTF,Legacy,2026-02-05 09:00:00+00:00,2026-02-05 09:30:00+00:00,2026-02-06 02:30:00+00:00,-1,4862.245,4946.273119218704,4.0,0.5032839053547036,0.49749745547910323,time_exit,167.77061531173692,171.94388802282455
V1 Legacy M15,MTF,V1 Legacy MTF,Legacy,2026-02-06 12:00:00+00:00,2026-02-06 12:30:00+00:00,2026-02-06 15:15:00+00:00,1,4895.655,4861.354985696249,2.0,2.0,1.9857269593048985,target,171.94388802282455,189.0155687195558
V1 Legacy M15,MTF,V1 Legacy MTF,Legacy,2026-02-09 13:00:00+00:00,2026-02-09 13:30:00+00:00,2026-02-09 13:30:00+00:00,1,5021.895,5005.569982859593,3.0,-1.0,-1.0307619585131707,stop,189.0155687195558,179.2740658294133
V1 Legacy M15,MTF,V1 Legacy MTF,Legacy,2026-02-09 14:30:00+00:00,2026-02-09 15:00:00+00:00,2026-02-09 23:15:00+00:00,1,5036.275,4993.290375005117,3.0,-1.0,-1.0117164567577352,stop,179.2740658294133,170.20533969593893
V1 Legacy M15,MTF,V1 Legacy MTF,Legacy,2026-02-11 05:30:00+00:00,2026-02-11 06:00:00+00:00,2026-02-11 13:45:00+00:00,1,5062.085,5042.291327841401,3.0,-1.0,-1.0255742590836072,stop,170.20533969593893,161.4774289384021
V1 Legacy M15,MTF,V1 Legacy MTF,Legacy,2026-02-11 17:00:00+00:00,2026-02-11 17:30:00+00:00,2026-02-12 10:30:00+00:00,1,5084.548,5040.782481638103,4.0,-0.5376378683654586,-0.5492555715032481,time_exit,161.4774289384021,157.04281006258026
V1 Legacy M15,MTF,V1 Legacy MTF,Legacy,2026-02-12 12:45:00+00:00,2026-02-12 13:15:00+00:00,2026-02-12 13:30:00+00:00,-1,5052.475,5069.314317550767,2.0,-1.0,-1.0300040365933363,stop,157.04281006258026,148.95507364845935
V1 Legacy M15,MTF,V1 Legacy MTF,Legacy,2026-02-13 05:30:00+00:00,2026-02-13 06:00:00+00:00,2026-02-13 13:45:00+00:00,-1,4963.805,4998.458552445761,3.0,-1.0,-1.0143240869973413,stop,148.95507364845935,141.4006376943546
V1 Legacy M15,MTF,V1 Legacy MTF,Legacy,2026-02-13 16:15:00+00:00,2026-02-13 16:45:00+00:00,2026-02-16 04:00:00+00:00,1,5027.235,4971.668793666686,2.0,-1.0,-1.009047288508134,stop,141.4006376943546,134.26664119141412
V1 Legacy M15,MTF,V1 Legacy MTF,Legacy,2026-02-16 15:00:00+00:00,2026-02-16 15:30:00+00:00,2026-02-16 23:30:00+00:00,-1,4976.265,5000.280701206649,3.0,-1.0,-1.0207208815482032,stop,134.26664119141412,127.4142029734433
V1 Legacy M15,MTF,V1 Legacy MTF,Legacy,2026-02-17 00:00:00+00:00,2026-02-17 00:30:00+00:00,2026-02-17 05:30:00+00:00,-1,4978.985,5001.447168026961,3.0,3.0,2.977833907243398,target,127.4142029734433,146.38511966737892
V1 Legacy M15,MTF,V1 Legacy MTF,Legacy,2026-02-17 23:45:00+00:00,2026-02-18 00:15:00+00:00,2026-02-18 01:15:00+00:00,-1,4858.855,4885.549656440332,4.0,-1.0,-1.0182016015484614,stop,146.38511966737892,138.9326415029695
V1 Legacy M15,MTF,V1 Legacy MTF,Legacy,2026-02-18 03:15:00+00:00,2026-02-18 03:45:00+00:00,2026-02-18 15:00:00+00:00,1,4918.975,4884.964737743721,2.0,2.0,1.9855367919161169,target,138.9326415029695,152.7254350680814
V1 Legacy M15,MTF,V1 Legacy MTF,Legacy,2026-02-19 03:45:00+00:00,2026-02-19 04:15:00+00:00,2026-02-19 14:45:00+00:00,1,4981.115,4965.308329236989,3.0,-1.0,-1.031512739619126,stop,152.7254350680814,144.8485234712514
V1 Legacy M15,MTF,V1 Legacy MTF,Legacy,2026-02-19 20:45:00+00:00,2026-02-19 21:15:00+00:00,2026-02-20 14:15:00+00:00,1,5001.475,4977.078986779263,3.0,1.6848244681660065,1.6643232700614385,time_exit,144.8485234712514,156.90226188361362
V1 Legacy M15,MTF,V1 Legacy MTF,Legacy,2026-02-20 19:45:00+00:00,2026-02-20 20:15:00+00:00,2026-02-22 23:30:00+00:00,1,5079.165,5055.8944814426395,3.0,3.0,2.9781733914202206,target,156.90226188361362,180.2663689533849
V1 Legacy M15,MTF,V1 Legacy MTF,Legacy,2026-02-23 02:30:00+00:00,2026-02-23 03:00:00+00:00,2026-02-23 07:15:00+00:00,1,5174.095,5144.600700207859,4.0,-1.0,-1.017542694813791,stop,180.2663689533849,171.09493261092868
V1 Legacy M15,MTF,V1 Legacy MTF,Legacy,2026-02-23 10:15:00+00:00,2026-02-23 10:45:00+00:00,2026-02-23 20:30:00+00:00,1,5155.775,5138.319891877275,4.0,4.0,3.970462657900768,target,171.09493261092868,205.0612346553157
V1 Legacy M15,MTF,V1 Legacy MTF,Legacy,2026-02-23 20:30:00+00:00,2026-02-23 21:00:00+00:00,2026-02-24 01:15:00+00:00,1,5227.405,5205.65700123282,4.0,-1.0,-1.0240362575700015,stop,205.0612346553157,194.56172768986002
V1 Legacy M15,MTF,V1 Legacy MTF,Legacy,2026-02-25 05:15:00+00:00,2026-02-25 05:45:00+00:00,2026-02-25 10:45:00+00:00,1,5195.085,5170.918557252964,4.0,-1.0,-1.0214971026326876,stop,194.56172768986002,184.62451563393992
V1 Legacy M15,MTF,V1 Legacy MTF,Legacy,2026-02-25 16:15:00+00:00,2026-02-25 16:45:00+00:00,2026-02-25 21:00:00+00:00,1,5202.595,5170.569811752662,4.0,-1.0,-1.016245322150237,stop,184.62451563393992,175.24332561557767
V1 Legacy M15,MTF,V1 Legacy MTF,Legacy,2026-02-26 04:00:00+00:00,2026-02-26 04:30:00+00:00,2026-02-26 08:45:00+00:00,1,5196.445,5174.510605395773,3.0,-1.0,-1.023690852169673,stop,175.24332561557767,166.27357614875478
V1 Legacy M15,MTF,V1 Legacy MTF,Legacy,2026-02-26 11:45:00+00:00,2026-02-26 12:15:00+00:00,2026-02-26 12:45:00+00:00,-1,5164.465,5180.038282940742,2.0,-1.0,-1.0331623397561804,stop,166.27357614875478,157.68419630008106
V1 Legacy M15,MTF,V1 Legacy MTF,Legacy,2026-02-26 20:00:00+00:00,2026-02-26 20:30:00+00:00,2026-02-26 23:15:00+00:00,1,5196.585,5177.534745483742,4.0,-1.0,-1.0272782969674503,stop,157.68419630008106,149.58491866838963
V1 Legacy M15,MTF,V1 Legacy MTF,Legacy,2026-02-27 05:15:00+00:00,2026-02-27 05:45:00+00:00,2026-02-27 07:30:00+00:00,1,5194.415,5179.8329116218665,3.0,-1.0,-1.0356218866962106,stop,149.58491866838963,141.8392478837568
V1 Legacy M15,MTF,V1 Legacy MTF,Legacy,2026-02-27 16:00:00+00:00,2026-02-27 16:30:00+00:00,2026-03-02 07:30:00+00:00,1,5253.465,5212.979773048903,4.0,4.0,3.98702374817771,target,141.8392478837568,170.11507037056697
V1 Legacy M15,MTF,V1 Legacy MTF,Legacy,2026-03-03 01:00:00+00:00,2026-03-03 01:30:00+00:00,2026-03-03 06:00:00+00:00,1,5367.785,5328.042211404394,4.0,-1.0,-1.0135063119365346,stop,170.11507037056697,161.49443549176212
V1 Legacy M15,MTF,V1 Legacy MTF,Legacy,2026-03-03 14:30:00+00:00,2026-03-03 15:00:00+00:00,2026-03-04 02:15:00+00:00,-1,5070.935,5189.680378352312,3.0,-1.0,-1.004270427253981,stop,161.49443549176212,153.3852312052395
V1 Legacy M15,MTF,V1 Legacy MTF,Legacy,2026-03-04 09:30:00+00:00,2026-03-04 10:00:00+00:00,2026-03-04 15:00:00+00:00,1,5182.465,5150.387242033309,2.0,-1.0,-1.016155945204716,stop,153.3852312052395,145.59206547544932
V1 Legacy M15,MTF,V1 Legacy MTF,Legacy,2026-03-05 02:45:00+00:00,2026-03-05 03:15:00+00:00,2026-03-05 05:45:00+00:00,1,5191.705,5165.937198103271,2.0,-1.0,-1.0201480321092466,stop,145.59206547544932,138.1657925211743
V1 Legacy M15,MTF,V1 Legacy MTF,Legacy,2026-03-06 09:45:00+00:00,2026-03-06 10:15:00+00:00,2026-03-06 13:45:00+00:00,-1,5085.355,5114.383996314088,4.0,-1.0,-1.0175181909321884,stop,138.1657925211743,131.13648215843145
V1 Legacy M15,MTF,V1 Legacy MTF,Legacy,2026-03-06 18:30:00+00:00,2026-03-06 19:00:00+00:00,2026-03-08 22:15:00+00:00,1,5165.195,5130.844050472892,2.0,-1.0,-1.0150365421366998,stop,131.13648215843145,124.48106608852818
V1 Legacy M15,MTF,V1 Legacy MTF,Legacy,2026-03-09 13:30:00+00:00,2026-03-09 14:00:00+00:00,2026-03-09 14:45:00+00:00,-1,5075.205,5113.385342844912,4.0,-1.0,-1.0132927171990451,stop,124.48106608852818,118.17427820369424
V1 Legacy M15,MTF,V1 Legacy MTF,Legacy,2026-03-09 18:45:00+00:00,2026-03-09 19:15:00+00:00,2026-03-10 09:00:00+00:00,1,5122.945,5087.392214975503,2.0,2.0,1.985590594389525,target,118.17427820369424,129.90656496869556
V1 Legacy M15,MTF,V1 Legacy MTF,Legacy,2026-03-11 00:15:00+00:00,2026-03-11 00:45:00+00:00,2026-03-11 07:45:00+00:00,1,5212.065,5185.304056405388,4.0,-1.0,-1.01947638722668,stop,129.90656496869556,123.28473119212987
V1 Legacy M15,MTF,V1 Legacy MTF,Legacy,2026-03-11 12:45:00+00:00,2026-03-11 13:15:00+00:00,2026-03-12 06:15:00+00:00,-1,5167.265,5197.104801053866,2.0,0.43632998680176077,0.4190132996339334,time_exit,123.28473119212987,125.8676282926947
V1 Legacy M15,MTF,V1 Legacy MTF,Legacy,2026-03-12 18:30:00+00:00,2026-03-12 19:00:00+00:00,2026-03-13 02:00:00+00:00,-1,5098.428,5123.843127558019,3.0,-1.0,-1.020060603624204,stop,125.8676282926947,119.44799784804505
V1 Legacy M15,MTF,V1 Legacy MTF,Legacy,2026-03-13 04:15:00+00:00,2026-03-13 04:45:00+00:00,2026-03-13 12:15:00+00:00,-1,5105.335,5118.594900706686,4.0,-1.0,-1.0385020605578585,stop,119.44799784804505,113.24564825330978
V1 Legacy M15,MTF,V1 Legacy MTF,Legacy,2026-03-13 14:00:00+00:00,2026-03-13 14:30:00+00:00,2026-03-16 07:30:00+00:00,-1,5090.095,5122.808378265805,4.0,2.686057040212514,2.6704973662508658,time_exit,113.24564825330978,128.36675852330154
V1 Legacy M15,MTF,V1 Legacy MTF,Legacy,2026-03-16 08:30:00+00:00,2026-03-16 09:00:00+00:00,2026-03-16 11:30:00+00:00,-1,4987.045,5010.950722135839,4.0,-1.0,-1.020861302459981,stop,128.36675852330154,121.81452570836836
V1 Legacy M15,MTF,V1 Legacy MTF,Legacy,2026-03-16 16:15:00+00:00,2026-03-16 16:45:00+00:00,2026-03-16 18:30:00+00:00,-1,4979.625,5006.990517624888,4.0,-1.0,-1.0181967140847037,stop,121.81452570836836,115.61296821816599
V1 Legacy M15,MTF,V1 Legacy MTF,Legacy,2026-03-17 03:15:00+00:00,2026-03-17 03:45:00+00:00,2026-03-17 06:15:00+00:00,1,5032.435,5018.710791305022,2.0,-1.0,-1.0366683071632494,stop,115.61296821816599,109.62035321572375
V1 Legacy M15,MTF,V1 Legacy MTF,Legacy,2026-03-17 15:15:00+00:00,2026-03-17 15:45:00+00:00,2026-03-18 08:45:00+00:00,-1,4994.485,5021.566994186069,4.0,0.38054804713387624,0.36210595987218874,time_exit,109.62035321572375,111.60506237685915
V1 Legacy M15,MTF,V1 Legacy MTF,Legacy,2026-03-19 05:30:00+00:00,2026-03-19 06:00:00+00:00,2026-03-19 07:00:00+00:00,-1,4833.505,4854.637344332692,4.0,4.0,3.9771274548440774,target,111.60506237685915,133.79844026078877
V1 Legacy M15,MTF,V1 Legacy MTF,Legacy,2026-03-19 10:15:00+00:00,2026-03-19 10:45:00+00:00,2026-03-19 13:15:00+00:00,-1,4683.108,4728.027523349533,4.0,4.0,3.98957444858985,target,133.79844026078877,160.48838218706967
V1 Legacy M15,MTF,V1 Legacy MTF,Legacy,2026-03-19 23:30:00+00:00,2026-03-20 00:00:00+00:00,2026-03-20 01:15:00+00:00,-1,4635.345,4678.867709588548,4.0,-1.0,-1.0106504053718652,stop,160.48838218706967,152.37849976132784
V1 Legacy M15,MTF,V1 Legacy MTF,Legacy,2026-03-20 03:00:00+00:00,2026-03-20 03:30:00+00:00,2026-03-20 06:45:00+00:00,1,4717.165,4668.200756581016,2.0,-1.0,-1.0096338974537715,stop,152.37849976132784,144.68617483121844
V1 Legacy M15,MTF,V1 Legacy MTF,Legacy,2026-03-20 10:45:00+00:00,2026-03-20 11:15:00+00:00,2026-03-20 12:15:00+00:00,-1,4645.155,4694.140369345191,4.0,-1.0,-1.009482739565086,stop,144.68617483121844,137.38326502392786
V1 Legacy M15,MTF,V1 Legacy MTF,Legacy,2026-03-20 18:30:00+00:00,2026-03-20 19:00:00+00:00,2026-03-23 06:15:00+00:00,-1,4525.698,4585.183662435518,4.0,4.0,3.9923919515817685,target,137.38326502392786,164.8076571021056
V1 Legacy M15,MTF,V1 Legacy MTF,Legacy,2026-03-23 18:30:00+00:00,2026-03-23 19:00:00+00:00,2026-03-23 20:15:00+00:00,1,4461.615,4384.4244316683835,2.0,-1.0,-1.0057800001948847,stop,164.8076571021056,156.51964483249188
V1 Legacy M15,MTF,V1 Legacy MTF,Legacy,2026-03-23 23:00:00+00:00,2026-03-23 23:30:00+00:00,2026-03-24 00:45:00+00:00,1,4435.325,4356.460396433493,2.0,-1.0,-1.0056239742538737,stop,156.51964483249188,148.64964946822911
V1 Legacy M15,MTF,V1 Legacy MTF,Legacy,2026-03-24 10:45:00+00:00,2026-03-24 11:15:00+00:00,2026-03-24 11:15:00+00:00,1,4438.445,4402.780344482875,2.0,-1.0,-1.0124449400552007,stop,148.64964946822911,141.12467019597472
V1 Legacy M15,MTF,V1 Legacy MTF,Legacy,2026-03-24 20:15:00+00:00,2026-03-24 20:45:00+00:00,2026-03-25 02:00:00+00:00,1,4455.395,4386.164923347217,2.0,2.0,1.9935643650629689,target,141.12467019597472,155.19172587267266
V1 Legacy M15,MTF,V1 Legacy MTF,Legacy,2026-03-25 11:15:00+00:00,2026-03-25 11:45:00+00:00,2026-03-25 12:30:00+00:00,1,4579.705,4549.61508635188,3.0,-1.0,-1.0152200669418874,stop,155.19172587267266,147.31403815620857
V1 Legacy M15,MTF,V1 Legacy MTF,Legacy,2026-03-25 23:30:00+00:00,2026-03-26 00:00:00+00:00,2026-03-26 01:00:00+00:00,-1,4494.435,4536.450552755353,2.0,-1.0,-1.0106970745480135,stop,147.31403815620857,139.86954478599185
V1 Legacy M15,MTF,V1 Legacy MTF,Legacy,2026-03-26 02:45:00+00:00,2026-03-26 03:15:00+00:00,2026-03-26 06:30:00+00:00,-1,4508.395,4538.955803992998,3.0,3.0,2.985247786671342,target,139.86954478599185,160.74680723574738
V1 Legacy M15,MTF,V1 Legacy MTF,Legacy,2026-03-26 19:45:00+00:00,2026-03-26 20:15:00+00:00,2026-03-26 20:15:00+00:00,-1,4363.685,4400.946110687099,4.0,-1.0,-1.0117110974942327,stop,160.74680723574738,152.6153407973888
V1 Legacy M15,MTF,V1 Legacy MTF,Legacy,2026-03-27 00:45:00+00:00,2026-03-27 01:15:00+00:00,2026-03-27 01:45:00+00:00,-1,4378.395,4412.700183564817,4.0,-1.0,-1.012763071189307,stop,152.6153407973888,144.8871817345605
V1 Legacy M15,MTF,V1 Legacy MTF,Legacy,2026-03-27 04:45:00+00:00,2026-03-27 05:15:00+00:00,2026-03-27 08:45:00+00:00,1,4445.645,4429.045188087659,2.0,-1.0,-1.026781297423586,stop,144.8871817345605,137.44880931248755
V1 Legacy M15,MTF,V1 Legacy MTF,Legacy,2026-03-30 03:00:00+00:00,2026-03-30 03:30:00+00:00,2026-03-30 19:30:00+00:00,1,4504.145,4456.562469089823,3.0,-0.058004480787504364,-0.06747044426999035,time_exit,137.44880931248755,136.98512270105283
V1 Legacy M15,MTF,V1 Legacy MTF,Legacy,2026-03-31 05:30:00+00:00,2026-03-31 06:00:00+00:00,2026-03-31 07:30:00+00:00,1,4576.435,4545.815682127865,3.0,-1.0,-1.0149462343319045,stop,136.98512270105283,130.03349597880646
V1 Legacy M15,MTF,V1 Legacy MTF,Legacy,2026-03-31 13:45:00+00:00,2026-03-31 14:15:00+00:00,2026-04-01 07:00:00+00:00,1,4606.295,4565.920260014904,3.0,3.0,2.988591146341251,target,130.03349597880646,149.46434371930954
V1 Legacy M15,MTF,V1 Legacy MTF,Legacy,2026-04-01 11:15:00+00:00,2026-04-01 11:45:00+00:00,2026-04-02 01:30:00+00:00,1,4745.425,4713.832167472531,3.0,-1.0,-1.0150205746695045,stop,149.46434371930954,141.87887451658085
V1 Legacy M15,MTF,V1 Legacy MTF,Legacy,2026-04-02 05:30:00+00:00,2026-04-02 06:00:00+00:00,2026-04-02 14:45:00+00:00,-1,4634.305,4682.286134529788,2.0,-1.0,-1.0096585982082664,stop,141.87887451658085,134.71641323859197
V1 Legacy M15,MTF,V1 Legacy MTF,Legacy,2026-04-02 19:00:00+00:00,2026-04-02 19:30:00+00:00,2026-04-05 22:15:00+00:00,1,4674.188,4643.908882240736,4.0,-1.0,-1.0154370019534993,stop,134.71641323859197,127.87661169994574
V1 Legacy M15,MTF,V1 Legacy MTF,Legacy,2026-04-06 00:15:00+00:00,2026-04-06 00:45:00+00:00,2026-04-06 02:30:00+00:00,-1,4603.035,4652.1737242271565,3.0,-1.0,-1.009367428789403,stop,127.87661169994574,121.42288736225198
V1 Legacy M15,MTF,V1 Legacy MTF,Legacy,2026-04-06 05:00:00+00:00,2026-04-06 05:30:00+00:00,2026-04-06 22:30:00+00:00,1,4673.395,4628.929720477072,2.0,-0.2590785467582666,-0.26958875843385083,time_exit,121.42288736225198,119.78617508977983
V1 Legacy M15,MTF,V1 Legacy MTF,Legacy,2026-04-07 05:15:00+00:00,2026-04-07 05:45:00+00:00,2026-04-07 08:15:00+00:00,-1,4632.015,4664.991044488621,2.0,-1.0,-1.0140466058674757,stop,119.78617508977983,113.71273687579792
V1 Legacy M15,MTF,V1 Legacy MTF,Legacy,2026-04-07 14:00:00+00:00,2026-04-07 14:30:00+00:00,2026-04-07 16:15:00+00:00,-1,4621.498,4664.950105479054,3.0,-1.0,-1.0106358436468117,stop,113.71273687579792,107.96662848750492
V1 Legacy M15,MTF,V1 Legacy MTF,Legacy,2026-04-07 19:15:00+00:00,2026-04-07 19:45:00+00:00,2026-04-07 23:00:00+00:00,1,4687.125,4655.420224176568,3.0,3.0,2.9852163439788906,target,107.96662848750492,124.08181568576474
V1 Legacy M15,MTF,V1 Legacy MTF,Legacy,2026-04-08 05:15:00+00:00,2026-04-08 05:45:00+00:00,2026-04-08 09:45:00+00:00,1,4815.495,4788.610046833334,4.0,-1.0,-1.0179114874039308,stop,124.08181568576474,117.76660040754088
V1 Legacy M15,MTF,V1 Legacy MTF,Legacy,2026-04-08 12:00:00+00:00,2026-04-08 12:30:00+00:00,2026-04-08 12:30:00+00:00,1,4805.065,4776.523079722421,3.0,-1.0,-1.0168351146428458,stop,117.76660040754088,111.77913967621588
V1 Legacy M15,MTF,V1 Legacy MTF,Legacy,2026-04-08 17:45:00+00:00,2026-04-08 18:15:00+00:00,2026-04-09 11:15:00+00:00,-1,4733.525,4766.719780091277,2.0,-0.16116991844166942,-0.17542976588450215,time_exit,111.77913967621588,110.79867026100739
V1 Legacy M15,MTF,V1 Legacy MTF,Legacy,2026-04-09 11:30:00+00:00,2026-04-09 12:00:00+00:00,2026-04-10 05:00:00+00:00,1,4750.755,4722.507897710607,3.0,0.26551396044670494,0.24869540344454513,time_exit,110.79867026100739,112.1764262610914
V1 Legacy M15,MTF,V1 Legacy MTF,Legacy,2026-04-10 12:30:00+00:00,2026-04-10 13:00:00+00:00,2026-04-10 16:15:00+00:00,1,4772.485,4753.248030465594,3.0,-1.0,-1.024808923211446,stop,112.1764262610914,106.42845613077452
V1 Legacy M15,MTF,V1 Legacy MTF,Legacy,2026-04-10 20:15:00+00:00,2026-04-10 20:45:00+00:00,2026-04-12 22:15:00+00:00,-1,4745.158,4771.243131161012,2.0,2.0,1.981808954799919,target,106.42845613077452,116.97449950104948
V1 Legacy M15,MTF,V1 Legacy MTF,Legacy,2026-04-13 09:15:00+00:00,2026-04-13 09:45:00+00:00,2026-04-13 14:00:00+00:00,-1,4715.015,4739.432711438361,3.0,-1.0,-1.0193098153850428,stop,116.97449950104948,111.01283672649085
V1 Legacy M15,MTF,V1 Legacy MTF,Legacy,2026-04-13 22:45:00+00:00,2026-04-13 23:15:00+00:00,2026-04-14 15:15:00+00:00,1,4757.395,4737.043649984432,3.0,1.8170784725195193,1.7937021608922286,time_exit,111.01283672649085,120.969034982645
V1 Legacy M15,MTF,V1 Legacy MTF,Legacy,2026-04-14 17:00:00+00:00,2026-04-14 17:30:00+00:00,2026-04-15 09:15:00+00:00,1,4826.835,4803.542136452364,4.0,-1.0,-1.020722377006711,stop,120.969034982645,114.79524493606033
V1 Legacy M15,MTF,V1 Legacy MTF,Legacy,2026-04-16 00:30:00+00:00,2026-04-16 01:00:00+00:00,2026-04-16 01:45:00+00:00,1,4832.245,4811.390368007369,4.0,-1.0,-1.023171087371417,stop,114.79524493606033,108.92248615674548
V1 Legacy M15,MTF,V1 Legacy MTF,Legacy,2026-04-16 04:30:00+00:00,2026-04-16 05:00:00+00:00,2026-04-16 06:30:00+00:00,1,4830.215,4818.069410340375,4.0,-1.0,-1.039769291861199,stop,108.92248615674548,103.25977334179746
V1 Legacy M15,MTF,V1 Legacy MTF,Legacy,2026-04-16 17:15:00+00:00,2026-04-16 17:45:00+00:00,2026-04-17 10:45:00+00:00,-1,4784.855,4811.161163202917,2.0,0.004561668650583827,-0.013627433892007108,time_exit,103.25977334179746,103.18941505505151
V1 Legacy M15,MTF,V1 Legacy MTF,Legacy,2026-04-20 04:30:00+00:00,2026-04-20 05:00:00+00:00,2026-04-20 07:15:00+00:00,-1,4787.175,4797.549015010091,2.0,-1.0,-1.0461458268119272,stop,103.18941505505151,97.79185625850121
V1 Legacy M15,MTF,V1 Legacy MTF,Legacy,2026-04-20 13:15:00+00:00,2026-04-20 13:45:00+00:00,2026-04-20 15:00:00+00:00,1,4824.148,4797.817525423979,3.0,-1.0,-1.0183215383606994,stop,97.79185625850121,92.81267858328594
V1 Legacy M15,MTF,V1 Legacy MTF,Legacy,2026-04-20 18:00:00+00:00,2026-04-20 18:30:00+00:00,2026-04-21 03:15:00+00:00,1,4815.235,4800.554225127941,2.0,-1.0,-1.0327995970373791,stop,92.81267858328594,88.01983373124706
V1 Legacy M15,MTF,V1 Legacy MTF,Legacy,2026-04-21 04:45:00+00:00,2026-04-21 05:15:00+00:00,2026-04-21 12:45:00+00:00,-1,4789.055,4800.267254085736,2.0,2.0,1.957287312940109,target,88.01983373124706,96.63383892371046
V1 Legacy M15,MTF,V1 Legacy MTF,Legacy,2026-04-21 16:15:00+00:00,2026-04-21 16:45:00+00:00,2026-04-22 03:15:00+00:00,-1,4720.585,4758.808807932635,3.0,-1.0,-1.012349855378929,stop,96.63383892371046,91.742476280754
V1 Legacy M15,MTF,V1 Legacy MTF,Legacy,2026-04-22 03:15:00+00:00,2026-04-22 03:45:00+00:00,2026-04-22 10:15:00+00:00,1,4762.835,4748.834147514626,2.0,-1.0,-1.0340181785714517,stop,91.742476280754,86.999306869681
V1 Legacy M15,MTF,V1 Legacy MTF,Legacy,2026-04-22 15:30:00+00:00,2026-04-22 16:00:00+00:00,2026-04-23 00:45:00+00:00,-1,4727.175,4751.421190462628,3.0,-1.0,-1.0194965679548145,stop,86.999306869681,82.56453213127664
V1 Legacy M15,MTF,V1 Legacy MTF,Legacy,2026-04-23 10:00:00+00:00,2026-04-23 10:30:00+00:00,2026-04-23 12:00:00+00:00,-1,4688.835,4708.253679212703,4.0,-1.0,-1.0241460036938699,stop,82.56453213127664,78.33662534982157
V1 Legacy M15,MTF,V1 Legacy MTF,Legacy,2026-04-24 02:15:00+00:00,2026-04-24 02:45:00+00:00,2026-04-24 11:30:00+00:00,-1,4683.365,4711.958753620276,4.0,-1.0,-1.01637897934701,stop,78.33662534982157,74.35564038389454
V1 Legacy M15,MTF,V1 Legacy MTF,Legacy,2026-04-27 12:30:00+00:00,2026-04-27 13:00:00+00:00,2026-04-28 05:45:00+00:00,-1,4698.585,4713.148868309352,4.0,4.0,3.967738069994887,target,74.35564038389454,89.10682563739591
V1 Legacy M15,MTF,V1 Legacy MTF,Legacy,2026-04-28 08:00:00+00:00,2026-04-28 08:30:00+00:00,2026-04-29 01:30:00+00:00,-1,4620.075,4640.246658430207,4.0,1.976039805448436,1.9531360119106607,time_exit,89.10682563739591,97.80871314036801
V1 Legacy M15,MTF,V1 Legacy MTF,Legacy,2026-04-29 05:45:00+00:00,2026-04-29 06:15:00+00:00,2026-04-29 13:45:00+00:00,-1,4590.775,4608.417929681308,4.0,4.0,3.97397951993844,target,97.80871314036801,117.24320428493583
V1 Legacy M15,MTF,V1 Legacy MTF,Legacy,2026-04-29 18:00:00+00:00,2026-04-29 18:30:00+00:00,2026-04-30 00:00:00+00:00,-1,4525.375,4555.46022370506,4.0,-1.0,-1.0150418525863871,stop,117.24320428493583,111.29286632090856
V1 Legacy M15,MTF,V1 Legacy MTF,Legacy,2026-04-30 01:15:00+00:00,2026-04-30 01:45:00+00:00,2026-04-30 04:15:00+00:00,1,4579.615,4555.296734336005,2.0,-1.0,-1.0188319967520567,stop,111.29286632090856,105.62342966000901
V1 Legacy M15,MTF,V1 Legacy MTF,Legacy,2026-04-30 06:30:00+00:00,2026-04-30 07:00:00+00:00,2026-04-30 08:15:00+00:00,1,4575.025,4550.905076043635,2.0,2.0,1.9810321748597688,target,105.62342966000901,116.08560028878479
V1 Legacy M15,MTF,V1 Legacy MTF,Legacy,2026-04-30 10:15:00+00:00,2026-04-30 10:45:00+00:00,2026-04-30 14:00:00+00:00,1,4643.655,4613.315500775621,2.0,-1.0,-1.0153056415521478,stop,116.08560028878479,110.19248204497624
V1 Legacy M15,MTF,V1 Legacy MTF,Legacy,2026-04-30 22:00:00+00:00,2026-04-30 22:30:00+00:00,2026-05-01 04:45:00+00:00,1,4631.155,4613.553739490906,3.0,-1.0,-1.0263114962568012,stop,110.19248204497624,104.53789148878472
V1 Legacy M15,MTF,V1 Legacy MTF,Legacy,2026-05-01 05:45:00+00:00,2026-05-01 06:15:00+00:00,2026-05-01 08:00:00+00:00,-1,4604.655,4618.434034018671,2.0,2.0,1.9665821639328236,target,104.53789148878472,114.81700913163417
V1 Legacy M15,MTF,V1 Legacy MTF,Legacy,2026-05-01 09:45:00+00:00,2026-05-01 10:15:00+00:00,2026-05-01 10:45:00+00:00,-1,4562.595,4573.491443726716,4.0,-1.0,-1.041872331142439,stop,114.81700913163417,108.83577588369525
V1 Legacy M15,MTF,V1 Legacy MTF,Legacy,2026-05-04 01:00:00+00:00,2026-05-04 01:30:00+00:00,2026-05-04 02:15:00+00:00,-1,4600.295,4617.779064638125,2.0,-1.0,-1.0263113589157564,stop,108.83577588369525,103.25080623140295
V1 Legacy M15,MTF,V1 Legacy MTF,Legacy,2026-05-04 06:30:00+00:00,2026-05-04 07:00:00+00:00,2026-05-04 10:30:00+00:00,-1,4585.325,4613.852328681722,2.0,2.0,1.9839265531969072,target,103.25080623140295,113.4929070374764
V1 Legacy M15,MTF,V1 Legacy MTF,Legacy,2026-05-04 15:00:00+00:00,2026-05-04 15:30:00+00:00,2026-05-05 08:30:00+00:00,-1,4548.198,4584.300097195122,4.0,-0.0819065990548317,-0.0945047536036332,time_exit,113.4929070374764,112.95662607670957
V1 Legacy M15,MTF,V1 Legacy MTF,Legacy,2026-05-05 08:45:00+00:00,2026-05-05 09:15:00+00:00,2026-05-05 11:00:00+00:00,1,4558.255,4542.327691622383,2.0,-1.0,-1.0286191168773113,stop,112.95662607670957,107.14715882868629
V1 Legacy M15,MTF,V1 Legacy MTF,Legacy,2026-05-05 13:00:00+00:00,2026-05-05 13:30:00+00:00,2026-05-05 17:15:00+00:00,1,4578.815,4553.221956126205,2.0,-1.0,-1.0178908574633767,stop,107.14715882868629,101.69395315994149
V1 Legacy M15,MTF,V1 Legacy MTF,Legacy,2026-05-05 22:00:00+00:00,2026-05-05 22:30:00+00:00,2026-05-05 23:00:00+00:00,-1,4550.515,4560.496411742549,4.0,-1.0,-1.0455898936680688,stop,101.69395315994149,96.37744467638205
V1 Legacy M15,MTF,V1 Legacy MTF,Legacy,2026-05-06 02:00:00+00:00,2026-05-06 02:30:00+00:00,2026-05-06 09:15:00+00:00,1,4633.225,4608.273547548852,3.0,3.0,2.981431040902043,target,96.37744467638205,110.74457993643131
V1 Legacy M15,MTF,V1 Legacy MTF,Legacy,2026-05-06 10:30:00+00:00,2026-05-06 11:00:00+00:00,2026-05-06 12:15:00+00:00,1,4714.145,4690.254861471269,3.0,-1.0,-1.0197325980103902,stop,110.74457993643131,105.09808702572398
V1 Legacy M15,MTF,V1 Legacy MTF,Legacy,2026-05-06 19:00:00+00:00,2026-05-06 19:30:00+00:00,2026-05-07 06:45:00+00:00,1,4695.075,4679.436333577293,3.0,3.0,2.9699777789672464,target,105.09808702572398,120.70503617964228
V1 Legacy M15,MTF,V1 Legacy MTF,Legacy,2026-05-07 11:45:00+00:00,2026-05-07 12:15:00+00:00,2026-05-07 16:15:00+00:00,1,4742.785,4726.204525792646,4.0,-1.0,-1.0286046402574924,stop,120.70503617964228,114.49714816380084
V1 Legacy M15,MTF,V1 Legacy MTF,Legacy,2026-05-08 06:15:00+00:00,2026-05-08 06:45:00+00:00,2026-05-08 07:30:00+00:00,1,4733.425,4708.342756125318,4.0,-1.0,-1.0188716170038437,stop,114.49714816380084,108.66425343920183
V1 Legacy M15,MTF,V1 Legacy MTF,Legacy,2026-05-08 10:30:00+00:00,2026-05-08 11:00:00+00:00,2026-05-08 12:15:00+00:00,1,4724.195,4706.387298149036,3.0,-1.0,-1.0265289425864028,stop,108.66425343920183,103.0869033802076
V1 Legacy M15,MTF,V1 Legacy MTF,Legacy,2026-05-08 18:00:00+00:00,2026-05-08 18:30:00+00:00,2026-05-10 22:15:00+00:00,1,4727.545,4710.178568783535,4.0,-1.0,-1.027222317245687,stop,103.0869033802076,97.79224499181265
V1 Legacy M15,MTF,V1 Legacy MTF,Legacy,2026-05-11 04:15:00+00:00,2026-05-11 04:45:00+00:00,2026-05-11 12:30:00+00:00,-1,4671.455,4691.271185694939,2.0,-1.0,-1.02357393633626,stop,97.79224499181265,92.78736533434117
V1 Legacy M15,MTF,V1 Legacy MTF,Legacy,2026-05-11 19:45:00+00:00,2026-05-11 20:15:00+00:00,2026-05-12 01:45:00+00:00,1,4733.325,4721.543894298576,4.0,-1.0,-1.0401772560229878,stop,92.78736533434117,87.9615999809873
V1 Legacy M15,MTF,V1 Legacy MTF,Legacy,2026-05-12 06:00:00+00:00,2026-05-12 06:30:00+00:00,2026-05-12 15:30:00+00:00,-1,4705.035,4725.834637763938,2.0,2.0,1.9773792454782197,target,87.9615999809873,96.65827209106038
V1 Legacy M15,MTF,V1 Legacy MTF,Legacy,2026-05-13 06:00:00+00:00,2026-05-13 06:30:00+00:00,2026-05-13 09:30:00+00:00,1,4710.485,4692.4935045002185,2.0,-1.0,-1.0261817312521757,stop,96.65827209106038,91.69882444134797
V1 Legacy M15,MTF,V1 Legacy MTF,Legacy,2026-05-13 12:15:00+00:00,2026-05-13 12:45:00+00:00,2026-05-13 16:30:00+00:00,-1,4683.555,4706.081280097056,3.0,-1.0,-1.0207915154203029,stop,91.69882444134797,87.01855534316077
V1 Legacy M15,MTF,V1 Legacy MTF,Legacy,2026-05-14 03:30:00+00:00,2026-05-14 04:00:00+00:00,2026-05-14 04:30:00+00:00,-1,4675.945,4700.291730593568,3.0,-1.0,-1.019205638235613,stop,87.01855534316077,82.58406523131741
V1 Legacy M15,MTF,V1 Legacy MTF,Legacy,2026-05-14 18:30:00+00:00,2026-05-14 19:00:00+00:00,2026-05-15 00:45:00+00:00,-1,4668.325,4683.473244943964,3.0,3.0,2.9691824035241785,target,82.58406523131741,94.84442289613344
V1 Legacy M15,MTF,V1 Legacy MTF,Legacy,2026-05-15 04:30:00+00:00,2026-05-15 05:00:00+00:00,2026-05-15 08:30:00+00:00,-1,4605.965,4622.539368026824,3.0,3.0,2.972210312981191,target,94.84442289613344,108.9393014891653
V1 Legacy M15,MTF,V1 Legacy MTF,Legacy,2026-05-15 13:30:00+00:00,2026-05-15 14:00:00+00:00,2026-05-15 14:30:00+00:00,-1,4519.785,4560.027336533821,4.0,-1.0,-1.0112314179277375,stop,108.9393014891653,103.431159273518
V1 Legacy M15,MTF,V1 Legacy MTF,Legacy,2026-05-15 19:45:00+00:00,2026-05-15 20:15:00+00:00,2026-05-18 11:45:00+00:00,-1,4545.665,4563.620474751008,4.0,-1.0,-1.025316317518949,stop,103.431159273518,98.12867650636603
V1 Legacy M15,MTF,V1 Legacy MTF,Legacy,2026-05-18 22:00:00+00:00,2026-05-18 22:30:00+00:00,2026-05-19 01:30:00+00:00,1,4573.055,4556.493071292003,2.0,-1.0,-1.0276118505315859,stop,98.12867650636603,93.08676696361992
V1 Legacy M15,MTF,V1 Legacy MTF,Legacy,2026-05-19 04:00:00+00:00,2026-05-19 04:30:00+00:00,2026-05-19 08:00:00+00:00,-1,4539.895,4558.760539222988,4.0,-1.0,-1.024064485760726,stop,93.08676696361992,88.32042435653352
V1 Legacy M15,MTF,V1 Legacy MTF,Legacy,2026-05-19 10:30:00+00:00,2026-05-19 11:00:00+00:00,2026-05-19 11:15:00+00:00,-1,4528.925,4547.609670644094,4.0,-1.0,-1.0242387199981584,stop,88.32042435653352,83.79736443690201
V1 Legacy M15,MTF,V1 Legacy MTF,Legacy,2026-05-19 13:00:00+00:00,2026-05-19 13:30:00+00:00,2026-05-20 06:30:00+00:00,-1,4524.165,4548.121748770691,4.0,2.1889447730134264,2.170060052706408,time_exit,83.79736443690201,92.8896300912321
V1 Legacy M15,MTF,V1 Legacy MTF,Legacy,2026-05-20 11:15:00+00:00,2026-05-20 11:45:00+00:00,2026-05-20 13:45:00+00:00,1,4499.795,4483.465295152635,2.0,-1.0,-1.0275558869070807,stop,92.8896300912321,88.11716577958877
V1 Legacy M15,MTF,V1 Legacy MTF,Legacy,2026-05-21 01:00:00+00:00,2026-05-21 01:30:00+00:00,2026-05-21 02:45:00+00:00,1,4559.655,4536.25314928974,2.0,-1.0,-1.0194841641221175,stop,88.11716577958877,83.62546302460807
V1 Legacy M15,MTF,V1 Legacy MTF,Legacy,2026-05-22 10:30:00+00:00,2026-05-22 11:00:00+00:00,2026-05-24 22:15:00+00:00,-1,4512.188,4537.454094267749,3.0,-1.0,-1.0178586684280668,stop,83.62546302460807,79.36951790256266
V1 Legacy M15,MTF,V1 Legacy MTF,Legacy,2026-05-25 09:30:00+00:00,2026-05-25 10:00:00+00:00,2026-05-26 00:15:00+00:00,1,4565.575,4552.596417812609,3.0,-1.0,-1.0351777639042539,stop,79.36951790256266,75.261439899336
V1 Legacy M15,MTF,V1 Legacy MTF,Legacy,2026-05-26 01:30:00+00:00,2026-05-26 02:00:00+00:00,2026-05-26 18:00:00+00:00,-1,4532.085,4553.991049582074,2.0,1.8798460144862597,1.8591572774183556,time_exit,75.261439899336,82.25758258422773
V1 Legacy M15,MTF,V1 Legacy MTF,Legacy,2026-05-27 02:00:00+00:00,2026-05-27 02:30:00+00:00,2026-05-27 12:00:00+00:00,-1,4503.835,4522.674631202081,4.0,4.0,3.9760938260856062,target,82.25758258422773,98.61077589732147
V1 Legacy M15,MTF,V1 Legacy MTF,Legacy,2026-05-27 23:45:00+00:00,2026-05-28 00:15:00+00:00,2026-05-28 03:30:00+00:00,-1,4446.955,4462.922300225783,4.0,4.0,3.972149612413379,target,98.61077589732147,118.19561366033788
V1 Legacy M15,MTF,V1 Legacy MTF,Legacy,2026-05-28 04:15:00+00:00,2026-05-28 04:45:00+00:00,2026-05-28 09:30:00+00:00,-1,4367.955,4398.590508163988,4.0,-1.0,-1.0142578180084982,stop,118.19561366033788,112.2015723998724
V1 Legacy M15,MTF,V1 Legacy MTF,Legacy,2026-05-28 16:15:00+00:00,2026-05-28 16:45:00+00:00,2026-05-29 09:45:00+00:00,1,4500.425,4467.015413737768,2.0,0.9503260456682575,0.9368555855294337,time_exit,112.2015723998724,117.45740589027268
V1 Legacy M15,MTF,V1 Legacy MTF,Legacy,2026-06-01 01:45:00+00:00,2026-06-01 02:15:00+00:00,2026-06-01 13:15:00+00:00,-1,4525.155,4545.800066943932,2.0,2.0,1.9780811803018634,target,117.45740589027268,129.07442009420396
V1 Legacy M15,MTF,V1 Legacy MTF,Legacy,2026-06-02 04:45:00+00:00,2026-06-02 05:15:00+00:00,2026-06-02 14:15:00+00:00,1,4517.135,4491.8807781761,2.0,-1.0,-1.017886652899061,stop,129.07442009420396,122.50526362197513
V1 Legacy M15,MTF,V1 Legacy MTF,Legacy,2026-06-02 17:30:00+00:00,2026-06-02 18:00:00+00:00,2026-06-03 09:00:00+00:00,-1,4484.385,4498.928042810396,3.0,3.0,2.9691647404297363,target,122.50526362197513,140.69217908514605
V1 Legacy M15,MTF,V1 Legacy MTF,Legacy,2026-06-03 09:15:00+00:00,2026-06-03 09:45:00+00:00,2026-06-03 10:15:00+00:00,-1,4439.715,4459.9942568131655,4.0,-1.0,-1.0218928880920217,stop,140.69217908514605,133.50356222428206
V1 Legacy M15,MTF,V1 Legacy MTF,Legacy,2026-06-03 20:30:00+00:00,2026-06-03 21:00:00+00:00,2026-06-03 23:00:00+00:00,-1,4433.105,4452.693126876162,4.0,-1.0,-1.0226315922294482,stop,133.50356222428206,126.67731420399602
V1 Legacy M15,MTF,V1 Legacy MTF,Legacy,2026-06-04 02:45:00+00:00,2026-06-04 03:15:00+00:00,2026-06-04 14:00:00+00:00,1,4474.475,4454.285645696115,2.0,2.0,1.9778374536765697,target,126.67731420399602,139.20467103218692
V1 Legacy M15,MTF,V1 Legacy MTF,Legacy,2026-06-04 22:45:00+00:00,2026-06-04 23:15:00+00:00,2026-06-05 02:15:00+00:00,-1,4468.995,4481.893681841127,2.0,2.0,1.9653530875864318,target,139.20467103218692,152.88398753316503
V1 Legacy M15,MTF,V1 Legacy MTF,Legacy,2026-06-05 11:45:00+00:00,2026-06-05 12:15:00+00:00,2026-06-05 12:45:00+00:00,1,4470.035,4457.489185254786,2.0,-1.0,-1.0356296907835767,stop,152.88398753316503,144.96742769642842
V1 Legacy M15,MTF,V1 Legacy MTF,Legacy,2026-06-05 15:30:00+00:00,2026-06-05 16:00:00+00:00,2026-06-08 09:00:00+00:00,-1,4338.518,4374.018400430906,4.0,1.4065475147860467,1.3943264751714541,time_exit,144.96742769642842,155.0740238201601
V1 Legacy M15,MTF,V1 Legacy MTF,Legacy,2026-06-08 09:15:00+00:00,2026-06-08 09:45:00+00:00,2026-06-08 10:00:00+00:00,-1,4279.695,4298.15942577599,4.0,-1.0,-1.0231780562900852,stop,155.0740238201601,147.1406069064904
V1 Legacy M15,MTF,V1 Legacy MTF,Legacy,2026-06-09 10:45:00+00:00,2026-06-09 11:15:00+00:00,2026-06-09 14:15:00+00:00,1,4338.925,4323.952071933901,2.0,-1.0,-1.028978466875987,stop,147.1406069064904,139.57038110099828
V1 Legacy M15,MTF,V1 Legacy MTF,Legacy,2026-06-09 16:00:00+00:00,2026-06-09 16:30:00+00:00,2026-06-10 09:30:00+00:00,-1,4259.535,4303.256480905415,4.0,2.138765615059921,2.1290231843101144,time_exit,139.57038110099828,154.42780996134945
V1 Legacy M15,MTF,V1 Legacy MTF,Legacy,2026-06-10 10:00:00+00:00,2026-06-10 10:30:00+00:00,2026-06-10 14:00:00+00:00,-1,4160.865,4180.540778764041,4.0,-1.0,-1.0211471426361245,stop,154.42780996134945,146.54313411707014
V1 Legacy M15,MTF,V1 Legacy MTF,Legacy,2026-06-10 17:30:00+00:00,2026-06-10 18:00:00+00:00,2026-06-11 11:00:00+00:00,-1,4102.065,4136.646332424267,4.0,0.35394818944022094,0.34208611035757286,time_exit,146.54313411707014,149.04965265455596
V1 Legacy M15,MTF,V1 Legacy MTF,Legacy,2026-06-11 22:30:00+00:00,2026-06-11 23:00:00+00:00,2026-06-12 00:45:00+00:00,1,4225.575,4203.505863485973,2.0,-1.0,-1.0191469883622966,stop,149.04965265455596,141.4544774235891
V1 Legacy M15,MTF,V1 Legacy MTF,Legacy,2026-06-12 07:45:00+00:00,2026-06-12 08:15:00+00:00,2026-06-14 22:15:00+00:00,1,4194.315,4168.8419819008695,3.0,3.0,2.983534283280931,target,141.4544774235891,162.55619156943243
V1 Legacy M15,MTF,V1 Legacy MTF,Legacy,2026-06-15 01:30:00+00:00,2026-06-15 02:00:00+00:00,2026-06-15 18:00:00+00:00,1,4317.355,4283.925023203848,3.0,0.21477729535327567,0.20186267376581182,time_exit,162.55619156943243,164.1968929428021
V1 Legacy M15,MTF,V1 Legacy MTF,Legacy,2026-06-15 20:00:00+00:00,2026-06-15 20:30:00+00:00,2026-06-16 03:45:00+00:00,-1,4315.698,4327.828929819992,2.0,-1.0,-1.0355759868702554,stop,164.1968929428021,155.69497497028848
V1 Legacy M15,MTF,V1 Legacy MTF,Legacy,2026-06-16 08:15:00+00:00,2026-06-16 08:45:00+00:00,2026-06-16 14:30:00+00:00,1,4341.075,4321.750549084897,3.0,-1.0,-1.022464157036448,stop,155.69497497028848,147.73534840339812
V1 Legacy M15,MTF,V1 Legacy MTF,Legacy,2026-06-16 16:00:00+00:00,2026-06-16 16:30:00+00:00,2026-06-17 04:45:00+00:00,1,4345.925,4320.051232235651,3.0,-1.0,-1.0167966453111175,stop,147.73534840339812,140.2245080708759
V1 Legacy M15,MTF,V1 Legacy MTF,Legacy,2026-06-17 17:30:00+00:00,2026-06-17 18:00:00+00:00,2026-06-17 18:15:00+00:00,1,4376.278,4353.998674038042,4.0,-1.0,-1.0196427755824948,stop,140.2245080708759,133.07556274017202
V1 Legacy M15,MTF,V1 Legacy MTF,Legacy,2026-06-18 07:45:00+00:00,2026-06-18 08:15:00+00:00,2026-06-18 19:45:00+00:00,-1,4288.535,4310.307911567919,4.0,4.0,3.980303346262983,target,133.07556274017202,159.55961812419883
V1 Legacy M15,MTF,V1 Legacy MTF,Legacy,2026-06-18 23:00:00+00:00,2026-06-18 23:30:00+00:00,2026-06-19 05:15:00+00:00,-1,4195.935,4214.073431392712,4.0,4.0,3.9768671562101785,target,159.55961812419883,191.28698836297707
V1 Legacy M15,MTF,V1 Legacy MTF,Legacy,2026-06-19 10:30:00+00:00,2026-06-19 11:00:00+00:00,2026-06-19 13:00:00+00:00,-1,4151.005,4168.886589866929,4.0,-1.0,-1.023213847487225,stop,191.28698836297707,181.5006135961208
V1 Legacy M15,MTF,V1 Legacy MTF,Legacy,2026-06-22 05:15:00+00:00,2026-06-22 05:45:00+00:00,2026-06-22 22:45:00+00:00,1,4193.795,4169.4828215941125,2.0,-0.16452659787291343,-0.1817763684610743,time_exit,181.5006135961208,179.8509874754728
V1 Legacy M15,MTF,V1 Legacy MTF,Legacy,2026-06-22 23:30:00+00:00,2026-06-23 00:00:00+00:00,2026-06-23 00:00:00+00:00,1,4194.655,4187.611281052772,2.0,-1.0,-1.0595517088547513,stop,179.8509874754728,170.32291641953023
V1 Legacy M15,MTF,V1 Legacy MTF,Legacy,2026-06-23 00:00:00+00:00,2026-06-23 00:30:00+00:00,2026-06-23 01:15:00+00:00,-1,4178.505,4195.677410724906,4.0,-1.0,-1.024332663986075,stop,170.32291641953023,161.59955008383548
V1 Legacy M15,MTF,V1 Legacy MTF,Legacy,2026-06-23 01:15:00+00:00,2026-06-23 01:45:00+00:00,2026-06-23 06:15:00+00:00,-1,4177.995,4199.164940376932,3.0,3.0,2.980264493306969,target,161.59955008383548,185.68002014629727
V1 Legacy M15,MTF,V1 Legacy MTF,Legacy,2026-06-23 07:30:00+00:00,2026-06-23 08:00:00+00:00,2026-06-23 10:15:00+00:00,-1,4105.045,4127.77980635029,4.0,-1.0,-1.0180562127372055,stop,185.68002014629727,176.2283852417419
V1 Legacy M15,MTF,V1 Legacy MTF,Legacy,2026-06-23 18:00:00+00:00,2026-06-23 18:30:00+00:00,2026-06-24 11:30:00+00:00,-1,4124.065,4144.479837578353,4.0,4.0,3.979798688164079,target,176.2283852417419,211.29606006185983
V1 Legacy M15,MTF,V1 Legacy MTF,Legacy,2026-06-24 17:15:00+00:00,2026-06-24 17:45:00+00:00,2026-06-25 10:45:00+00:00,-1,3990.315,4023.5697370745465,4.0,0.14584388350831823,0.13384464565220472,time_exit,211.29606006185983,212.71010237619416
V1 Legacy M15,MTF,V1 Legacy MTF,Legacy,2026-06-25 11:15:00+00:00,2026-06-25 11:45:00+00:00,2026-06-25 12:45:00+00:00,-1,3977.065,3990.1841924921077,4.0,-1.0,-1.0303148612415935,stop,212.71010237619416,201.75218339547348
V1 Legacy M15,MTF,V1 Legacy MTF,Legacy,2026-06-25 15:45:00+00:00,2026-06-25 16:15:00+00:00,2026-06-26 02:45:00+00:00,1,4041.045,4003.3505181527275,2.0,-1.0,-1.0107205214184218,stop,201.75218339547348,191.55642979553457
V1 Legacy M15,MTF,V1 Legacy MTF,Legacy,2026-06-26 09:15:00+00:00,2026-06-26 09:45:00+00:00,2026-06-26 15:45:00+00:00,1,4047.925,4024.7867423888256,2.0,2.0,1.982505489099382,target,191.55642979553457,210.54451347263097
V1 Legacy M15,MTF,V1 Legacy MTF,Legacy,2026-06-26 20:45:00+00:00,2026-06-28 22:15:00+00:00,2026-06-28 22:30:00+00:00,1,4086.298,4063.3858256894882,3.0,-1.0,-1.0178346146665151,stop,210.54451347263097,199.82953878560275
V1 Legacy M15,MTF,V1 Legacy MTF,Legacy,2026-06-29 08:45:00+00:00,2026-06-29 09:15:00+00:00,2026-06-29 14:30:00+00:00,-1,4046.805,4069.3369011169134,2.0,2.0,1.9820396646558942,target,199.82953878560275,219.63304238775063
V1 Legacy M15,MTF,V1 Legacy MTF,Legacy,2026-06-29 18:45:00+00:00,2026-06-29 19:15:00+00:00,2026-06-30 01:15:00+00:00,-1,4013.175,4025.7323387868355,4.0,4.0,3.9680411983133936,target,219.63304238775063,263.208690423026
V1 Legacy M15,MTF,V1 Legacy MTF,Legacy,2026-06-30 11:00:00+00:00,2026-06-30 11:30:00+00:00,2026-06-30 12:30:00+00:00,1,4033.115,4017.0666251948546,2.0,-1.0,-1.0251309870872842,stop,263.208690423026,249.71752119186058
V1 Legacy M15,MTF,V1 Legacy MTF,Legacy,2026-06-30 20:45:00+00:00,2026-06-30 22:15:00+00:00,2026-07-01 11:30:00+00:00,-1,4009.785,4023.544068141504,4.0,-1.0,-1.029142852980752,stop,249.71752119186058,236.86777108192695
V1 Legacy M15,MTF,V1 Legacy MTF,Legacy,2026-07-02 00:00:00+00:00,2026-07-02 00:30:00+00:00,2026-07-02 12:45:00+00:00,1,4044.485,4029.7287661627606,3.0,3.0,2.9725913465142226,target,236.86777108192695,272.07332541123935
V1 Legacy M15,MTF,V1 Legacy MTF,Legacy,2026-07-02 23:15:00+00:00,2026-07-02 23:45:00+00:00,2026-07-02 23:45:00+00:00,1,4129.595,4121.537870822213,3.0,-1.0,-1.0512539256710078,stop,272.07332541123935,257.7724178407928
V1 Legacy M15,MTF,V1 Legacy MTF,Legacy,2026-07-03 00:00:00+00:00,2026-07-03 00:30:00+00:00,2026-07-03 01:15:00+00:00,1,4134.565,4119.990880173616,3.0,3.0,2.9716307739386427,target,257.7724178407928,296.07264031720626
V1 Legacy M15,MTF,V1 Legacy MTF,Legacy,2026-07-03 08:00:00+00:00,2026-07-03 08:30:00+00:00,2026-07-03 13:15:00+00:00,1,4183.885,4168.2226094622865,3.0,-1.0,-1.026712940083607,stop,296.07264031720626,280.8735597662865
V1 Legacy M15,MTF,V1 Legacy MTF,Legacy,2026-07-06 05:00:00+00:00,2026-07-06 05:30:00+00:00,2026-07-06 22:30:00+00:00,-1,4151.835,4167.383246507437,2.0,-0.9068546728568861,-0.9335575875425647,time_exit,280.8735597662865,267.7629776232912
V1 Legacy M15,MTF,V1 Legacy MTF,Legacy,2026-07-07 05:00:00+00:00,2026-07-07 05:30:00+00:00,2026-07-07 11:30:00+00:00,-1,4122.125,4141.72091372602,2.0,-1.0,-1.021035635580119,stop,267.7629776232912,254.09320052117008
V1 Legacy M15,MTF,V1 Legacy MTF,Legacy,2026-07-07 18:45:00+00:00,2026-07-07 19:15:00+00:00,2026-07-08 08:30:00+00:00,-1,4126.705,4148.893081183531,2.0,2.0,1.9814012533762357,target,254.09320052117008,279.26622982052135
V1 Legacy M15,MTF,V1 Legacy MTF,Legacy,2026-07-09 03:00:00+00:00,2026-07-09 03:30:00+00:00,2026-07-09 06:00:00+00:00,-1,4058.925,4083.3343119616334,4.0,-1.0,-1.0166285924256278,stop,279.26622982052135,265.0707281137989
V1 Legacy M15,MTF,V1 Legacy MTF,Legacy,2026-07-09 08:15:00+00:00,2026-07-09 08:45:00+00:00,2026-07-09 11:00:00+00:00,1,4114.585,4100.343014921793,2.0,-1.0,-1.0288905301993054,stop,265.0707281137989,251.4342900143328
V1 Legacy M15,MTF,V1 Legacy MTF,Legacy,2026-07-09 13:15:00+00:00,2026-07-09 13:45:00+00:00,2026-07-10 06:45:00+00:00,1,4126.055,4104.0394333743725,2.0,-0.6749769493873671,-0.6937184838214477,time_exit,251.4342900143328,242.71305929185954
V1 Legacy M15,MTF,V1 Legacy MTF,Legacy,2026-07-10 07:30:00+00:00,2026-07-10 08:00:00+00:00,2026-07-10 14:45:00+00:00,-1,4106.675,4120.448839706001,2.0,2.0,1.9701849659379238,target,242.71305929185954,266.6225403145406
V1 Legacy M15,MTF,V1 Legacy MTF,Legacy,2026-07-10 18:30:00+00:00,2026-07-10 19:00:00+00:00,2026-07-10 20:00:00+00:00,-1,4098.635,4107.42207596705,3.0,-1.0,-1.0466439008308268,stop,266.6225403145406,252.66959753232882
V1 Legacy M15,MTF,V1 Legacy MTF,Legacy,2026-07-13 03:00:00+00:00,2026-07-13 03:30:00+00:00,2026-07-13 19:30:00+00:00,-1,4057.795,4088.7614646300267,3.0,1.9295066683867887,1.9164028315475476,time_exit,252.66959753232882,276.8804341401755
V1 Legacy M15,MTF,V1 Legacy MTF,Legacy,2026-07-13 23:30:00+00:00,2026-07-14 00:00:00+00:00,2026-07-14 00:45:00+00:00,-1,3995.265,4006.2621326945173,4.0,-1.0,-1.0363300608529697,stop,276.8804341401755,262.53345828210126
V1 Legacy M15,MTF,V1 Legacy MTF,Legacy,2026-07-14 11:45:00+00:00,2026-07-14 12:15:00+00:00,2026-07-14 12:45:00+00:00,1,4030.885,4014.2671167749168,2.0,2.0,1.9757436916278501,target,262.53345828210126,288.46839948420654
V1 Legacy M15,MTF,V1 Legacy MTF,Legacy,2026-07-15 00:15:00+00:00,2026-07-15 00:45:00+00:00,2026-07-15 01:45:00+00:00,1,4058.245,4042.9116391228313,2.0,-1.0,-1.026466767674155,stop,288.46839948420654,273.663238204472
V1 Legacy M15,MTF,V1 Legacy MTF,Legacy,2026-07-15 05:00:00+00:00,2026-07-15 05:30:00+00:00,2026-07-15 11:45:00+00:00,-1,4025.795,4036.635730244319,4.0,-1.0,-1.0371358285767673,stop,273.663238204472,259.47194073916216
V1 Legacy M15,MTF,V1 Legacy MTF,Legacy,2026-07-16 02:30:00+00:00,2026-07-16 03:00:00+00:00,2026-07-16 13:15:00+00:00,-1,4027.375,4046.468945378961,2.0,2.0,1.9789075808060201,target,259.47194073916216,285.14549026592107
V1 Legacy M15,MTF,V1 Legacy MTF,Legacy,2026-07-16 17:30:00+00:00,2026-07-16 18:00:00+00:00,2026-07-17 03:30:00+00:00,-1,3981.445,3997.8317051426284,4.0,-1.0,-1.0242968001519885,stop,285.14549026592107,270.5418096030634
V1 Legacy M15,MTF,V1 Legacy MTF,Legacy,2026-07-17 15:45:00+00:00,2026-07-17 16:15:00+00:00,2026-07-19 23:15:00+00:00,1,4018.915,3990.713692491855,2.0,-1.0,-1.0142508108847055,stop,270.5418096030634,256.8219471146573
V1 Legacy M15,MTF,V1 Legacy MTF,Legacy,2026-07-20 02:45:00+00:00,2026-07-20 03:15:00+00:00,2026-07-20 19:15:00+00:00,1,4021.545,3994.61441216302,2.0,-0.6368223413397,-0.6517553425216414,time_exit,256.8219471146573,248.4526933092179
V1 Legacy M15,MTF,V1 Legacy MTF,Legacy,2026-07-20 22:30:00+00:00,2026-07-20 23:00:00+00:00,2026-07-21 00:15:00+00:00,-1,4003.765,4011.051847869991,4.0,-1.0,-1.0549450883486728,stop,248.4526933092179,235.34749588453997
V1 Legacy M15,MTF,V1 Legacy MTF,Legacy,2026-07-21 14:00:00+00:00,2026-07-21 14:30:00+00:00,2026-07-22 03:15:00+00:00,1,4065.685,4043.3472608769225,3.0,3.0,2.9817990308795412,target,235.34749588453997,270.43544264196237
V1 Legacy M15,MTF,V1 Legacy MTF,Legacy,2026-07-22 12:00:00+00:00,2026-07-22 12:30:00+00:00,2026-07-22 13:00:00+00:00,1,4127.175,4111.849768970366,4.0,-1.0,-1.0269305891181635,stop,270.43544264196237,256.5495212204253
V1 Legacy M15,MTF,V1 Legacy MTF,Legacy,2026-07-23 11:30:00+00:00,2026-07-23 12:00:00+00:00,2026-07-23 13:15:00+00:00,-1,4078.585,4095.923943089577,2.0,2.0,1.9764773147998171,target,256.5495212204253,281.90273666117156
V1 Legacy M15,MTF,V1 Legacy MTF,Legacy,2026-07-24 00:00:00+00:00,2026-07-24 00:30:00+00:00,2026-07-24 07:45:00+00:00,-1,4041.385,4051.3055178466925,3.0,-1.0,-1.040737641547084,stop,281.90273666117156,267.23339719625073
V1 Legacy M15,MTF,V1 Legacy MTF,Legacy,2026-07-24 10:15:00+00:00,2026-07-24 10:45:00+00:00,2026-07-24 13:15:00+00:00,1,4061.685,4050.836368994445,2.0,-1.0,-1.0374396087204019,stop,267.23339719625073,253.37147164503563
V1 Legacy M15,MTF,V1 Legacy MTF,Legacy,2026-07-27 06:30:00+00:00,2026-07-27 07:00:00+00:00,2026-07-27 12:30:00+00:00,1,4098.505,4083.4811871042866,4.0,-1.0,-1.0272800588535642,stop,253.37147164503563,240.35729862986932
V1 Legacy M15,MTF,V1 Legacy MTF,Legacy,2026-07-27 13:45:00+00:00,2026-07-27 14:15:00+00:00,2026-07-27 16:45:00+00:00,-1,4074.085,4090.234656981146,2.0,-1.0,-1.0252270683195084,stop,240.35729862986932,228.03625819869444
V1 Legacy M15,MTF,V1 Legacy MTF,Legacy,2026-07-27 22:15:00+00:00,2026-07-27 22:45:00+00:00,2026-07-28 01:30:00+00:00,-1,4072.225,4084.384069126109,2.0,2.0,1.9665087437388133,target,228.03625819869444,250.45802298055514
V1 Legacy M15,MTF,V1 Legacy MTF,Legacy,2026-07-28 09:00:00+00:00,2026-07-28 09:30:00+00:00,2026-07-29 02:30:00+00:00,-1,4040.875,4055.582329377173,3.0,0.5371471459843306,0.5096718994839583,time_exit,250.45802298055514,256.84059379622994
V1 Legacy M15,MTF,V1 Legacy MTF,Legacy,2026-07-29 06:15:00+00:00,2026-07-29 06:45:00+00:00,2026-07-29 11:15:00+00:00,1,4040.885,4025.697103024786,2.0,-1.0,-1.026605954771714,stop,256.84059379622994,243.65688964531432
V1 Legacy M15,MTF,V1 Legacy MTF,Legacy,2026-07-29 13:45:00+00:00,2026-07-29 14:15:00+00:00,2026-07-29 17:00:00+00:00,-1,4007.055,4026.990566468827,4.0,-1.0,-1.02010003079805,stop,243.65688964531432,231.22916961374722
V1 Legacy M15,MTF,V1 Legacy MTF,Legacy,2026-07-30 05:30:00+00:00,2026-07-30 06:00:00+00:00,2026-07-30 08:30:00+00:00,-1,4033.075,4056.0040613430924,2.0,-1.0,-1.0175893593708534,stop,231.22916961374722,219.46435248499185
V1 Legacy M15,MTF,V1 Legacy MTF,Legacy,2026-07-30 10:15:00+00:00,2026-07-30 10:45:00+00:00,2026-07-31 03:45:00+00:00,1,4076.255,4059.1143586421904,3.0,-0.012251583567749923,-0.03603281155629745,time_exit,219.46435248499185,219.06895660217103
V1 Legacy M15,MTF,V1 Legacy MTF,Legacy,2026-07-31 07:15:00+00:00,2026-07-31 07:45:00+00:00,2026-07-31 13:00:00+00:00,-1,4072.505,4087.7868539472674,2.0,2.0,1.9733507137677608,target,219.06895660217103,240.6839506959337
V1 Legacy M15,MTF,V1 Legacy MTF,Legacy,2026-08-03 12:30:00+00:00,2026-08-03 13:00:00+00:00,2026-08-04 00:15:00+00:00,-1,4044.785,4065.117812720761,2.0,-1.0,-1.0198928945815255,stop,240.6839506959337,228.41035813820403
V1 Legacy M15,MTF,V1 Legacy MTF,Legacy,2026-08-04 11:15:00+00:00,2026-08-04 11:45:00+00:00,2026-08-04 14:00:00+00:00,1,4060.805,4044.8159255009427,2.0,2.0,1.9746026263106131,target,228.41035813820403,250.9613427910163
V1 Legacy M15,MTF,V1 Legacy MTF,Legacy,2026-08-04 16:45:00+00:00,2026-08-04 17:15:00+00:00,2026-08-04 19:00:00+00:00,1,4093.105,4075.475870777289,4.0,-1.0,-1.0232178512522727,stop,250.9613427910163,238.12193649511585
V1 Legacy M15,MTF,V1 Legacy MTF,Legacy,2026-08-05 04:00:00+00:00,2026-08-05 04:30:00+00:00,2026-08-05 12:15:00+00:00,1,4138.355,4123.461787905818,4.0,4.0,3.9722131466749424,target,238.12193649511585,285.4154908279956
V1 Legacy M15,MTF,V1 Legacy MTF,Legacy,2026-08-05 18:15:00+00:00,2026-08-05 18:45:00+00:00,2026-08-06 11:45:00+00:00,1,4262.535,4235.4736900906755,4.0,-0.07686250247935099,-0.09261390185463136,time_exit,285.4154908279956,284.0938187152288
V1 Legacy M15,MTF,V1 Legacy MTF,Legacy,2026-08-07 03:45:00+00:00,2026-08-07 04:15:00+00:00,2026-08-07 12:45:00+00:00,1,4265.965,4246.028708866855,4.0,4.0,3.9786020129245228,target,284.0938187152288,340.60863066521995
V1 Legacy M15,MTF,V1 Legacy MTF,Legacy,2026-08-07 19:00:00+00:00,2026-08-07 19:30:00+00:00,2026-08-10 01:00:00+00:00,1,4343.405,4330.864287135908,4.0,-1.0,-1.0346344346375762,stop,340.60863066521995,322.9883597641705
V1 Legacy M15,MTF,V1 Legacy MTF,Legacy,2026-08-10 04:45:00+00:00,2026-08-10 05:15:00+00:00,2026-08-10 14:00:00+00:00,1,4339.085,4321.82159406555,4.0,-1.0,-1.0251345824600064,stop,322.9883597641705,306.43303289785626
V1 Legacy M15,MTF,V1 Legacy MTF,Legacy,2026-08-10 15:45:00+00:00,2026-08-10 16:15:00+00:00,2026-08-11 02:00:00+00:00,1,4358.205,4341.50142521283,4.0,4.0,3.9739085491846473,target,306.43303289785626,367.31987535712483
V1 Legacy M15,MTF,V1 Legacy MTF,Legacy,2026-08-11 18:00:00+00:00,2026-08-11 18:30:00+00:00,2026-08-12 01:15:00+00:00,-1,4363.495,4386.5025015931315,2.0,-1.0,-1.0189655316651272,stop,367.31987535712483,348.60556075290276
V1 Legacy M15,MTF,V1 Legacy MTF,Legacy,2026-08-12 01:45:00+00:00,2026-08-12 02:15:00+00:00,2026-08-12 18:15:00+00:00,1,4396.275,4376.618675440669,4.0,0.47363890293422356,0.45127320080750966,time_exit,348.60556075290276,356.47137811391576
V1 Legacy M15,MTF,V1 Legacy MTF,Legacy,2026-08-13 04:00:00+00:00,2026-08-13 04:30:00+00:00,2026-08-13 14:45:00+00:00,-1,4394.395,4412.91980351546,2.0,2.0,1.9762783178977708,target,356.47137811391576,391.6957108897993
V1 Legacy M15,MTF,V1 Legacy MTF,Legacy,2026-08-13 19:00:00+00:00,2026-08-13 19:30:00+00:00,2026-08-14 12:00:00+00:00,-1,4346.625,4364.252068190892,3.0,-1.0,-1.024658808560382,stop,391.6957108897993,371.6279878678716
V1 Legacy M15,MTF,V1 Legacy MTF,Legacy,2026-08-16 22:45:00+00:00,2026-08-16 23:15:00+00:00,2026-08-16 23:45:00+00:00,1,4384.605,4370.135134204836,3.0,-1.0,-1.0303016286541191,stop,371.6279878678716,352.4835418101855
V1 Legacy M15,MTF,V1 Legacy MTF,Legacy,2026-08-17 06:45:00+00:00,2026-08-17 07:15:00+00:00,2026-08-17 12:30:00+00:00,1,4402.755,4391.033428697764,4.0,-1.0,-1.0375611331149786,stop,352.4835418101855,334.19738065793763
V1 Legacy M15,MTF,V1 Legacy MTF,Legacy,2026-08-17 15:45:00+00:00,2026-08-17 16:15:00+00:00,2026-08-17 17:45:00+00:00,1,4427.335,4412.757781594252,4.0,-1.0,-1.0303716036679145,stop,334.19738065793763,316.98000610543085
V1 Legacy M15,MTF,V1 Legacy MTF,Legacy,2026-08-17 23:30:00+00:00,2026-08-18 00:00:00+00:00,2026-08-18 02:00:00+00:00,1,4422.175,4408.337471117836,4.0,-1.0,-1.0319578375420764,stop,316.98000610543085,300.6245060231991
V1 Legacy M15,MTF,V1 Legacy MTF,Legacy,2026-08-18 03:45:00+00:00,2026-08-18 04:15:00+00:00,2026-08-18 13:45:00+00:00,-1,4391.475,4404.671270525676,2.0,-1.0,-1.0332781522738235,stop,300.6245060231991,285.093069317605
V1 Legacy M15,MTF,V1 Legacy MTF,Legacy,2026-08-18 19:30:00+00:00,2026-08-18 20:00:00+00:00,2026-08-19 02:30:00+00:00,-1,4349.835,4361.597120464925,3.0,-1.0,-1.036981724621605,stop,285.093069317605,270.31125418267317
V1 Legacy M15,MTF,V1 Legacy MTF,Legacy,2026-08-19 04:30:00+00:00,2026-08-19 05:00:00+00:00,2026-08-19 07:45:00+00:00,-1,4346.265,4360.907214971361,3.0,-1.0,-1.0296831115271905,stop,270.31125418267317,256.39450751829156
V1 Legacy M15,MTF,V1 Legacy MTF,Legacy,2026-08-19 10:15:00+00:00,2026-08-19 10:45:00+00:00,2026-08-19 12:45:00+00:00,1,4368.615,4352.495644577295,2.0,2.0,1.9728983269774756,target,256.39450751829156,281.68652226474416
V1 Legacy M15,MTF,V1 Legacy MTF,Legacy,2026-08-19 19:00:00+00:00,2026-08-19 19:30:00+00:00,2026-08-20 12:00:00+00:00,1,4503.105,4470.646257068849,4.0,-1.0,-1.0138733191533378,stop,281.68652226474416,267.4067998002783
V1 Legacy M15,MTF,V1 Legacy MTF,Legacy,2026-08-20 19:00:00+00:00,2026-08-20 19:30:00+00:00,2026-08-21 12:30:00+00:00,1,4527.515,4507.0858468694705,4.0,2.7955148035310935,2.7733527737539805,time_exit,267.4067998002783,304.48746929761717
V1 Legacy M15,MTF,V1 Legacy MTF,Legacy,2026-08-21 14:15:00+00:00,2026-08-21 14:45:00+00:00,2026-08-24 07:45:00+00:00,1,4603.025,4572.071421428516,4.0,1.020883576579818,1.006012840424482,time_exit,304.48746929761717,319.8033844907051
V1 Legacy M15,MTF,V1 Legacy MTF,Legacy,2026-08-24 10:00:00+00:00,2026-08-24 10:30:00+00:00,2026-08-24 17:30:00+00:00,1,4648.085,4631.556784841623,4.0,-1.0,-1.0281221230209132,stop,319.8033844907051,303.36353776011225
V1 Legacy M15,MTF,V1 Legacy MTF,Legacy,2026-08-24 22:00:00+00:00,2026-08-24 22:30:00+00:00,2026-08-25 02:15:00+00:00,1,4658.335,4645.757033216315,4.0,-1.0,-1.0370356757981136,stop,303.36353776011225,287.633597190434
V1 Legacy M15,MTF,V1 Legacy MTF,Legacy,2026-08-25 07:45:00+00:00,2026-08-25 08:15:00+00:00,2026-08-25 15:45:00+00:00,-1,4629.945,4654.08600543531,2.0,-1.0,-1.0191787579535854,stop,287.633597190434,272.9760945739206
V1 Legacy M15,MTF,V1 Legacy MTF,Legacy,2026-08-25 18:45:00+00:00,2026-08-25 19:15:00+00:00,2026-08-26 01:00:00+00:00,1,4654.385,4635.321855173905,4.0,-1.0,-1.0244156199958603,stop,272.9760945739206,258.99404581557104
V1 Legacy M15,MTF,V1 Legacy MTF,Legacy,2026-08-26 05:30:00+00:00,2026-08-26 06:00:00+00:00,2026-08-26 12:45:00+00:00,-1,4637.645,4650.001420568984,2.0,2.0,1.962467731054403,target,258.99404581557104,284.4074186879852
V1 Legacy M15,MTF,V1 Legacy MTF,Legacy,2026-08-27 09:30:00+00:00,2026-08-27 10:00:00+00:00,2026-08-27 16:00:00+00:00,-1,4582.225,4606.822575600925,3.0,-1.0,-1.0186287668115865,stop,284.4074186879852,269.9221397794748
V1 Legacy M15,MTF,V1 Legacy MTF,Legacy,2026-08-28 05:30:00+00:00,2026-08-28 06:00:00+00:00,2026-08-28 06:45:00+00:00,-1,4572.605,4586.77549562999,3.0,-1.0,-1.0322684902447778,stop,269.9221397794748,255.99053379378483
V1 Legacy M15,MTF,V1 Legacy MTF,Legacy,2026-08-28 18:15:00+00:00,2026-08-28 18:45:00+00:00,2026-08-31 11:45:00+00:00,-1,4455.845,4488.410592398186,3.0,0.042990159149647114,0.029307481599926778,time_exit,255.99053379378483,256.3656556867307
V1 Legacy M15,MTF,V1 Legacy MTF,Legacy,2026-08-31 12:30:00+00:00,2026-08-31 13:00:00+00:00,2026-09-01 06:00:00+00:00,-1,4440.215,4464.699707747468,4.0,0.01592830937672354,-0.0022063363204839308,time_exit,256.3656556867307,256.33737424385737
V1 Legacy M15,MTF,V1 Legacy MTF,Legacy,2026-09-01 07:30:00+00:00,2026-09-01 08:00:00+00:00,2026-09-01 13:15:00+00:00,-1,4418.045,4435.9922489245755,4.0,4.0,3.9753831630765966,target,256.33737424385737,307.28933832567213
V1 Legacy M15,MTF,V1 Legacy MTF,Legacy,2026-09-01 16:15:00+00:00,2026-09-01 16:45:00+00:00,2026-09-02 09:45:00+00:00,-1,4352.485,4375.638339176602,4.0,1.8403392994414858,1.8215407798551688,time_exit,307.28933832567213,335.27634137441834
V1 Legacy M15,MTF,V1 Legacy MTF,Legacy,2026-09-02 19:30:00+00:00,2026-09-02 20:00:00+00:00,2026-09-03 03:15:00+00:00,1,4387.795,4368.180973316234,2.0,2.0,1.977629300343353,target,335.27634137441834,368.4289571951168
V1 Legacy M15,MTF,V1 Legacy MTF,Legacy,2026-09-03 04:15:00+00:00,2026-09-03 04:45:00+00:00,2026-09-03 06:30:00+00:00,1,4436.475,4418.3054887373555,2.0,-1.0,-1.0244171399872546,stop,368.4289571951168,349.55771026420143
V1 Legacy M15,MTF,V1 Legacy MTF,Legacy,2026-09-03 23:45:00+00:00,2026-09-04 00:15:00+00:00,2026-09-04 01:30:00+00:00,1,4479.895,4470.505405203949,3.0,-1.0,-1.0477112707982215,stop,349.55771026420143,331.2459326222903
V1 Legacy M15,MTF,V1 Legacy MTF,Legacy,2026-09-04 17:30:00+00:00,2026-09-04 18:00:00+00:00,2026-09-07 11:00:00+00:00,-1,4416.985,4444.585247300534,3.0,0.9228178183572276,0.9068143929099692,time_exit,331.2459326222903,346.26486158702926
V1 Legacy M15,MTF,V1 Legacy MTF,Legacy,2026-09-08 01:15:00+00:00,2026-09-08 01:45:00+00:00,2026-09-08 06:15:00+00:00,1,4434.095,4413.979574996828,2.0,-1.0,-1.0220432578446677,stop,346.26486158702926,328.56997822635225
V1 Legacy M15,MTF,V1 Legacy MTF,Legacy,2026-09-08 16:00:00+00:00,2026-09-08 16:30:00+00:00,2026-09-09 07:45:00+00:00,-1,4386.015,4410.131477506599,4.0,-1.0,-1.0181867977974803,stop,328.56997822635225,311.8426975272184
V1 Legacy M15,MTF,V1 Legacy MTF,Legacy,2026-09-10 10:30:00+00:00,2026-09-10 11:00:00+00:00,2026-09-10 12:45:00+00:00,-1,4383.585,4400.931581976631,2.0,2.0,1.9747294019887862,target,311.8426975272184,342.6329447073431
V1 Legacy M15,MTF,V1 Legacy MTF,Legacy,2026-09-10 17:45:00+00:00,2026-09-10 18:15:00+00:00,2026-09-11 11:15:00+00:00,-1,4352.578,4368.83718500509,4.0,0.9077945785954259,0.8810246144266342,time_exit,342.6329447073431,357.72634760737554
V1 Legacy M15,MTF,V1 Legacy MTF,Legacy,2026-09-11 12:00:00+00:00,2026-09-11 12:30:00+00:00,2026-09-11 12:45:00+00:00,-1,4327.778,4345.924117114027,3.0,-1.0,-1.0238496091081368,stop,357.72634760737554,339.4134485491009
V1 Legacy M15,MTF,V1 Legacy MTF,Legacy,2026-09-14 04:30:00+00:00,2026-09-14 05:00:00+00:00,2026-09-14 06:00:00+00:00,-1,4323.255,4337.124195124611,4.0,-1.0,-1.0311716358531027,stop,339.4134485491009,321.91377250055496
V1 Legacy M15,MTF,V1 Legacy MTF,Legacy,2026-09-14 07:15:00+00:00,2026-09-14 07:45:00+00:00,2026-09-15 00:45:00+00:00,-1,4316.735,4339.3777239665515,4.0,1.0739432250254648,1.0548786681003495,time_exit,321.91377250055496,338.8927710794822
V1 Legacy M15,MTF,V1 Legacy MTF,Legacy,2026-09-15 07:30:00+00:00,2026-09-15 08:00:00+00:00,2026-09-15 14:00:00+00:00,-1,4283.705,4296.093034417724,4.0,-1.0,-1.0345793759974633,stop,338.8927710794822,321.3621974978091
V1 Legacy M15,MTF,V1 Legacy MTF,Legacy,2026-09-15 18:00:00+00:00,2026-09-15 18:30:00+00:00,2026-09-15 21:00:00+00:00,1,4302.355,4289.262985380374,2.0,-1.0,-1.0328624365691623,stop,321.3621974978091,304.76605038136876
V1 Legacy M15,MTF,V1 Legacy MTF,Legacy,2026-09-15 23:45:00+00:00,2026-09-16 00:15:00+00:00,2026-09-16 02:30:00+00:00,-1,4283.395,4299.379338379854,3.0,-1.0,-1.0267974494671532,stop,304.76605038136876,289.11940022058036
V1 Legacy M15,MTF,V1 Legacy MTF,Legacy,2026-09-16 07:00:00+00:00,2026-09-16 07:30:00+00:00,2026-09-16 13:30:00+00:00,1,4335.525,4320.509782677121,2.0,1.0722455528811121,1.043371345423629,time_exit,289.11940022058036,304.2023451003913
M15-0591,M15,M15-0591,M15-0591,,2026-01-02 08:15:00+00:00,2026-01-02 13:30:00+00:00,1,4384.498,4374.355111388867,3.0,-1.0,-1.0432273109574297,stop,100.0,94.78386344521286
M15-0591,M15,M15-0591,M15-0591,,2026-01-02 16:30:00+00:00,2026-01-04 23:15:00+00:00,-1,4321.105,4338.499979020557,3.0,-1.0,-1.0248411049814627,stop,94.78386344521286,89.92694347783267
M15-0591,M15,M15-0591,M15-0591,,2026-01-05 00:15:00+00:00,2026-01-05 09:00:00+00:00,1,4377.625,4359.882088653809,3.0,3.0,2.9753274707031676,target,89.92694347783267,103.30504874213099
M15-0591,M15,M15-0591,M15-0591,,2026-01-06 15:30:00+00:00,2026-01-06 15:45:00+00:00,1,4480.579,4463.884580014695,3.0,-1.0,-1.0268387820837377,stop,103.30504874213099,98.00116722045743
M15-0591,M15,M15-0591,M15-0591,,2026-01-07 02:00:00+00:00,2026-01-07 03:30:00+00:00,-1,4465.255,4478.500203791301,3.0,-1.0,-1.0337122408258654,stop,98.00116722045743,92.93591691190696
M15-0591,M15,M15-0591,M15-0591,,2026-01-07 06:30:00+00:00,2026-01-07 08:45:00+00:00,-1,4454.725,4469.902278497453,3.0,-1.0,-1.02935127665179,stop,92.93591691190696,88.15273167590315
M15-0591,M15,M15-0591,M15-0591,,2026-01-12 01:30:00+00:00,2026-01-12 11:45:00+00:00,1,4582.325,4560.545551210942,3.0,0.43710931769693656,0.41606964380811806,time_exit,88.15273167590315,89.98661545935845
M15-0591,M15,M15-0591,M15-0591,,2026-01-12 21:15:00+00:00,2026-01-12 23:15:00+00:00,-1,4592.288,4605.651293228545,3.0,-1.0,-1.034364942244853,stop,89.98661545935845,85.332665444237
M15-0591,M15,M15-0591,M15-0591,,2026-01-13 14:15:00+00:00,2026-01-13 16:30:00+00:00,1,4618.325,4598.923822214882,3.0,-1.0,-1.023804353793112,stop,85.332665444237,80.96446772410795
M15-0591,M15,M15-0591,M15-0591,,2026-01-14 00:30:00+00:00,2026-01-14 10:45:00+00:00,1,4609.485,4595.722300672016,3.0,1.8993367054709893,1.8658441115390159,time_exit,80.96446772410795,88.51782149145382
M15-0591,M15,M15-0591,M15-0591,,2026-01-14 15:30:00+00:00,2026-01-14 19:00:00+00:00,-1,4615.135,4635.929290602496,3.0,-1.0,-1.022194241141586,stop,88.51782149145382,83.99370112310567
M15-0591,M15,M15-0591,M15-0591,,2026-01-15 02:00:00+00:00,2026-01-15 02:15:00+00:00,-1,4599.748,4610.966832961378,3.0,-1.0,-1.041000236083691,stop,83.99370112310567,79.62182798817086
M15-0591,M15,M15-0591,M15-0591,,2026-01-15 14:00:00+00:00,2026-01-15 14:30:00+00:00,-1,4588.195,4605.954816873127,3.0,-1.0,-1.0258346976929837,stop,79.62182798817086,75.53788629597047
M15-0591,M15,M15-0591,M15-0591,,2026-01-19 00:00:00+00:00,2026-01-19 10:15:00+00:00,1,4672.375,4651.682709466431,3.0,-0.11115250852818544,-0.13373277818185236,time_exit,75.53788629597047,75.03279172635322
M15-0591,M15,M15-0591,M15-0591,,2026-01-20 01:00:00+00:00,2026-01-20 01:15:00+00:00,-1,4660.115,4668.4275384518605,3.0,-1.0,-1.056061274507029,stop,75.03279172635322,71.07083044333557
M15-0591,M15,M15-0591,M15-0591,,2026-01-20 07:00:00+00:00,2026-01-20 14:00:00+00:00,1,4712.245,4703.865451600229,3.0,3.0,2.9437649289056105,target,71.07083044333557,81.53162134969999
M15-0591,M15,M15-0591,M15-0591,,2026-01-21 00:15:00+00:00,2026-01-21 01:45:00+00:00,1,4776.445,4757.521033022679,3.0,3.0,2.9747598111657862,target,81.53162134969999,93.65847087621368
M15-0591,M15,M15-0591,M15-0591,,2026-01-21 05:00:00+00:00,2026-01-21 07:00:00+00:00,1,4865.695,4848.134175476963,3.0,-1.0,-1.0277076682454005,stop,93.65847087621368,88.84579444043251
M15-0591,M15,M15-0591,M15-0591,,2026-01-21 14:00:00+00:00,2026-01-21 14:15:00+00:00,1,4879.195,4865.565290340815,3.0,-1.0,-1.0357982313784078,stop,88.84579444043251,84.24447860309203
M15-0591,M15,M15-0591,M15-0591,,2026-01-22 06:30:00+00:00,2026-01-22 16:45:00+00:00,1,4825.325,4799.29944600841,3.0,2.1275243561728963,2.108983636534193,time_exit,84.24447860309203,93.12798994520583
M15-0591,M15,M15-0591,M15-0591,,2026-01-22 23:15:00+00:00,2026-01-23 08:30:00+00:00,1,4942.745,4922.7549122646,3.0,-1.0,-1.0247259795225758,stop,93.12798994520583,88.35645640932735
M15-0591,M15,M15-0591,M15-0591,,2026-01-23 16:00:00+00:00,2026-01-25 23:15:00+00:00,1,4960.345,4941.993593559768,3.0,3.0,2.972970218843144,target,88.35645640932735,101.49051208669948
M15-0591,M15,M15-0591,M15-0591,,2026-01-25 23:45:00+00:00,2026-01-26 07:00:00+00:00,1,5024.855,4999.67138865454,3.0,3.0,2.9800471229837893,target,101.49051208669948,116.6128375144055
M15-0591,M15,M15-0591,M15-0591,,2026-01-26 20:00:00+00:00,2026-01-27 01:15:00+00:00,-1,5028.265,5063.524607887628,3.0,-1.0,-1.0142606946056378,stop,116.6128375144055,110.69904663554074
M15-0591,M15,M15-0591,M15-0591,,2026-01-27 14:30:00+00:00,2026-01-27 14:45:00+00:00,-1,5059.275,5078.471858571122,3.0,-1.0,-1.0263547026783366,stop,110.69904663554074,105.01822228072096
M15-0591,M15,M15-0591,M15-0591,,2026-01-28 02:15:00+00:00,2026-01-28 08:00:00+00:00,1,5209.785,5183.960197207335,3.0,3.0,2.9798264287172804,target,105.01822228072096,120.66502599317087
M15-0591,M15,M15-0591,M15-0591,,2026-01-28 21:15:00+00:00,2026-01-28 23:45:00+00:00,1,5386.555,5350.063197837655,3.0,3.0,2.9852389997730553,target,120.66502599317087,138.67572306834302
M15-0591,M15,M15-0591,M15-0591,,2026-01-29 09:15:00+00:00,2026-01-29 12:15:00+00:00,-1,5507.155,5533.626152070757,3.0,-1.0,-1.0208043646354321,stop,138.67572306834302,131.59768389948607
M15-0591,M15,M15-0591,M15-0591,,2026-01-30 03:15:00+00:00,2026-01-30 13:30:00+00:00,-1,5179.845,5318.068286765141,3.0,1.120918215924482,1.1171707684999381,time_exit,131.59768389948607,138.94853818222612
M15-0591,M15,M15-0591,M15-0591,,2026-01-30 18:00:00+00:00,2026-01-30 20:00:00+00:00,-1,4848.798,4931.706554040554,3.0,-1.0,-1.00584836879151,stop,138.94853818222612,131.96048015839827
M15-0591,M15,M15-0591,M15-0591,,2026-02-03 16:45:00+00:00,2026-02-03 17:15:00+00:00,1,4980.665,4937.97091623775,3.0,-1.0,-1.0116659372004229,stop,131.96048015839827,125.28548401675508
M15-0591,M15,M15-0591,M15-0591,,2026-02-04 00:45:00+00:00,2026-02-04 11:00:00+00:00,1,4986.335,4942.252262815646,3.0,1.4053120100261585,1.3940007001609223,time_exit,125.28548401675508,134.0178866387229
M15-0591,M15,M15-0591,M15-0591,,2026-02-04 23:30:00+00:00,2026-02-05 01:30:00+00:00,1,5019.125,4955.129976416347,3.0,-1.0,-1.007842992656201,stop,134.0178866387229,127.26443724175141
M15-0591,M15,M15-0591,M15-0591,,2026-02-05 13:15:00+00:00,2026-02-05 17:00:00+00:00,-1,4824.715,4881.242195269216,3.0,-1.0,-1.0085352103125265,stop,127.26443724175141,120.84690394280565
M15-0591,M15,M15-0591,M15-0591,,2026-02-05 23:15:00+00:00,2026-02-06 02:30:00+00:00,-1,4768.375,4807.608092991599,3.0,-1.0,-1.0121539614555015,stop,120.84690394280565,114.7311203150385
M15-0591,M15,M15-0591,M15-0591,,2026-02-09 00:30:00+00:00,2026-02-09 00:45:00+00:00,1,5034.795,5017.356624133614,3.0,-1.0,-1.0288719261390904,stop,114.7311203150385,108.82893887770703
M15-0591,M15,M15-0591,M15-0591,,2026-02-09 10:45:00+00:00,2026-02-09 12:00:00+00:00,-1,4986.615,5017.054161603965,3.0,-1.0,-1.0163822350460217,stop,108.82893887770703,103.29834887099649
M15-0591,M15,M15-0591,M15-0591,,2026-02-09 15:00:00+00:00,2026-02-09 23:15:00+00:00,1,5037.605,5011.68745000614,3.0,-1.0,-1.0194370417002903,stop,103.29834887099649,98.03304071171783
M15-0591,M15,M15-0591,M15-0591,,2026-02-11 11:45:00+00:00,2026-02-11 12:30:00+00:00,1,5108.315,5088.095362559558,3.0,-1.0,-1.0252641275841223,stop,98.03304071171783,93.00755271373193
M15-0591,M15,M15-0591,M15-0591,,2026-02-18 11:45:00+00:00,2026-02-18 12:15:00+00:00,-1,4911.095,4922.135910900893,3.0,-1.0,-1.0444808860798165,stop,93.00755271373193,88.15032216020423
M15-0591,M15,M15-0591,M15-0591,,2026-02-18 13:45:00+00:00,2026-02-18 15:15:00+00:00,1,4955.875,4941.617072079634,3.0,3.0,2.965241267681532,target,88.15032216020423,101.21967081164719
M15-0591,M15,M15-0591,M15-0591,,2026-02-18 15:30:00+00:00,2026-02-18 18:30:00+00:00,1,5004.445,4989.81180700227,3.0,-1.0,-1.034199268750002,stop,101.21967081164719,95.98560533482112
M15-0591,M15,M15-0591,M15-0591,,2026-02-19 15:30:00+00:00,2026-02-19 18:00:00+00:00,1,5016.005,4985.70137253873,3.0,-1.0,-1.0165524903129524,stop,95.98560533482112,91.10688502795568
M15-0591,M15,M15-0591,M15-0591,,2026-02-20 15:00:00+00:00,2026-02-20 15:15:00+00:00,1,5053.915,5036.0755962517305,3.0,-1.0,-1.0283300668078117,stop,91.10688502795568,86.42248756958321
M15-0591,M15,M15-0591,M15-0591,,2026-02-20 21:30:00+00:00,2026-02-22 23:15:00+00:00,1,5097.725,5081.97639516295,3.0,3.0,2.967630624726788,target,86.42248756958321,99.24598860841148
M15-0591,M15,M15-0591,M15-0591,,2026-02-23 17:30:00+00:00,2026-02-23 17:45:00+00:00,1,5209.875,5197.694720122855,3.0,-1.0,-1.0427730319216701,stop,99.24598860841148,94.07143658604863
M15-0591,M15,M15-0591,M15-0591,,2026-02-23 23:45:00+00:00,2026-02-24 00:15:00+00:00,1,5242.235,5220.408701163735,3.0,-1.0,-1.0240179750095326,stop,94.07143658604863,89.25489448609447
M15-0591,M15,M15-0591,M15-0591,,2026-02-25 11:00:00+00:00,2026-02-25 12:30:00+00:00,-1,5174.715,5185.656193247514,3.0,-1.0,-1.0472957097360083,stop,89.25489448609447,84.58108108268313
M15-0591,M15,M15-0591,M15-0591,,2026-02-25 16:45:00+00:00,2026-02-25 20:30:00+00:00,1,5207.445,5189.999174103195,3.0,-1.0,-1.0298492317348753,stop,84.58108108268313,80.2257930140678
M15-0591,M15,M15-0591,M15-0591,,2026-02-25 23:00:00+00:00,2026-02-26 00:30:00+00:00,-1,5157.898,5182.6772763611,3.0,-1.0,-1.0208153697663958,stop,80.2257930140678,76.1310068860449
M15-0591,M15,M15-0591,M15-0591,,2026-02-26 08:45:00+00:00,2026-02-26 16:00:00+00:00,-1,5173.855,5191.700465608923,3.0,-1.0,-1.028992546977384,stop,76.1310068860449,72.2140949520637
M15-0591,M15,M15-0591,M15-0591,,2026-03-02 00:00:00+00:00,2026-03-02 00:30:00+00:00,1,5386.675,5350.088917849996,3.0,-1.0,-1.0147232900694707,stop,72.2140949520637,68.55022875110635
M15-0591,M15,M15-0591,M15-0591,,2026-03-02 08:00:00+00:00,2026-03-02 10:15:00+00:00,1,5408.075,5382.887130204048,3.0,-1.0,-1.0214709502780945,stop,68.55022875110635,65.04912538589768
M15-0591,M15,M15-0591,M15-0591,,2026-03-03 10:15:00+00:00,2026-03-03 11:15:00+00:00,-1,5272.585,5304.896556691013,3.0,3.0,2.9836820458685405,target,65.04912538589768,74.75342076156541
M15-0591,M15,M15-0591,M15-0591,,2026-03-03 11:45:00+00:00,2026-03-03 13:00:00+00:00,-1,5123.498,5213.124131896004,3.0,-1.0,-1.0057165225047813,stop,74.75342076156541,70.99438324288249
M15-0591,M15,M15-0591,M15-0591,,2026-03-04 15:15:00+00:00,2026-03-05 01:15:00+00:00,-1,5134.125,5181.480318466312,3.0,-1.0,-1.0108417072596656,stop,70.99438324288249,67.40617906472838
M15-0591,M15,M15-0591,M15-0591,,2026-03-05 03:45:00+00:00,2026-03-05 05:00:00+00:00,1,5188.235,5172.427637723925,3.0,-1.0,-1.0328216365854574,stop,67.40617906472838,63.92525105584812
M15-0591,M15,M15-0591,M15-0591,,2026-03-06 09:15:00+00:00,2026-03-06 13:45:00+00:00,-1,5095.545,5118.627456961871,3.0,-1.0,-1.0220754012816624,stop,63.92525105584812,60.65842972460128
M15-0591,M15,M15-0591,M15-0591,,2026-03-09 19:00:00+00:00,2026-03-10 02:00:00+00:00,1,5122.945,5102.4683362760325,3.0,3.0,2.974981544508133,target,60.65842972460128,69.68131517207789
M15-0591,M15,M15-0591,M15-0591,,2026-03-10 02:30:00+00:00,2026-03-10 03:30:00+00:00,1,5179.415,5162.213381964635,3.0,-1.0,-1.030110045400099,stop,69.68131517207789,66.0923440353055
M15-0591,M15,M15-0591,M15-0591,,2026-03-11 13:45:00+00:00,2026-03-11 14:15:00+00:00,-1,5165.155,5184.14116126464,3.0,-1.0,-1.0272048410840142,stop,66.0923440353055,62.6978252477227
M15-0591,M15,M15-0591,M15-0591,,2026-03-12 08:00:00+00:00,2026-03-12 12:30:00+00:00,1,5182.225,5166.710807566204,3.0,-1.0,-1.0334031244108512,stop,62.6978252477227,59.45821882248458
M15-0591,M15,M15-0591,M15-0591,,2026-03-13 12:30:00+00:00,2026-03-13 14:15:00+00:00,1,5113.495,5090.667476220559,3.0,-1.0,-1.0224005680572565,stop,59.45821882248458,56.41871298749554
M15-0591,M15,M15-0591,M15-0591,,2026-03-13 15:30:00+00:00,2026-03-15 22:15:00+00:00,-1,5062.915,5080.917985940221,3.0,3.0,2.971877359584619,target,56.41871298749554,64.80218777671757
M15-0591,M15,M15-0591,M15-0591,,2026-03-16 06:30:00+00:00,2026-03-16 07:00:00+00:00,1,5027.495,5011.430797992681,3.0,-1.0,-1.0312962635660916,stop,64.80218777671757,61.46067507046572
M15-0591,M15,M15-0591,M15-0591,,2026-03-16 08:15:00+00:00,2026-03-16 11:30:00+00:00,-1,4988.575,5008.509087088142,3.0,-1.0,-1.0250253496833943,stop,61.46067507046572,58.310737572671634
M15-0591,M15,M15-0591,M15-0591,,2026-03-17 05:15:00+00:00,2026-03-17 06:00:00+00:00,1,5040.425,5031.048205639054,3.0,-1.0,-1.053754244851449,stop,58.310737572671634,55.238478210790554
M15-0591,M15,M15-0591,M15-0591,,2026-03-18 12:30:00+00:00,2026-03-18 23:45:00+00:00,-1,4901.365,4934.113717129551,3.0,2.05992801895516,2.0449614326897785,time_exit,55.238478210790554,60.88650608786762
M15-0591,M15,M15-0591,M15-0591,,2026-03-19 02:45:00+00:00,2026-03-19 05:45:00+00:00,1,4861.045,4839.408312807983,3.0,-1.0,-1.0224666787334868,stop,60.88650608786762,57.77378490490021
M15-0591,M15,M15-0591,M15-0591,,2026-03-19 08:00:00+00:00,2026-03-19 12:45:00+00:00,-1,4727.525,4773.436787728821,3.0,3.0,2.9897030256632062,target,57.77378490490021,66.41010788160999
M15-0591,M15,M15-0591,M15-0591,,2026-03-19 20:15:00+00:00,2026-03-20 07:30:00+00:00,1,4653.805,4619.130001188986,3.0,0.9874549725759135,0.9740337608684115,time_exit,66.41010788160999,69.64439223859006
M15-0591,M15,M15-0591,M15-0591,,2026-03-20 15:00:00+00:00,2026-03-20 16:30:00+00:00,-1,4563.705,4591.208474866107,3.0,-1.0,-1.0165931942135205,stop,69.64439223859006,66.10439148034568
M15-0591,M15,M15-0591,M15-0591,,2026-03-23 00:30:00+00:00,2026-03-23 06:15:00+00:00,-1,4426.875,4476.265285539065,3.0,3.0,2.991036952000412,target,66.10439148034568,75.99042536070644
M15-0591,M15,M15-0591,M15-0591,,2026-03-24 01:15:00+00:00,2026-03-24 06:30:00+00:00,-1,4330.805,4390.8062424830505,3.0,-1.0,-1.007217858865545,stop,75.99042536070644,72.16347968440179
M15-0591,M15,M15-0591,M15-0591,,2026-03-24 13:30:00+00:00,2026-03-24 14:30:00+00:00,-1,4356.108,4409.619836044157,3.0,-1.0,-1.0081404569942347,stop,72.16347968440179,68.52593351503545
M15-0591,M15,M15-0591,M15-0591,,2026-03-24 23:45:00+00:00,2026-03-25 10:00:00+00:00,1,4539.205,4480.204135597515,3.0,0.21270874803440448,0.20501529295375512,time_exit,68.52593351503545,69.22837673176117
M15-0591,M15,M15-0591,M15-0591,,2026-03-27 03:00:00+00:00,2026-03-27 10:45:00+00:00,1,4431.925,4414.573937515027,3.0,-1.0,-1.0255426721207317,stop,69.22837673176117,65.67854400875763
M15-0591,M15,M15-0591,M15-0591,,2026-03-27 11:00:00+00:00,2026-03-27 12:30:00+00:00,-1,4414.498,4431.610772232452,3.0,-1.0,-1.0257965099987034,stop,65.67854400875763,62.30990294745863
M15-0591,M15,M15-0591,M15-0591,,2026-03-27 14:45:00+00:00,2026-03-30 00:15:00+00:00,1,4463.815,4428.250081461038,3.0,-1.0,-1.0125511745376552,stop,62.30990294745863,59.15530467671981
M15-0591,M15,M15-0591,M15-0591,,2026-03-30 12:30:00+00:00,2026-03-30 14:00:00+00:00,1,4565.595,4536.708543844875,3.0,-1.0,-1.015805313658006,stop,59.15530467671981,56.15079103563629
M15-0591,M15,M15-0591,M15-0591,,2026-03-30 14:30:00+00:00,2026-03-30 15:45:00+00:00,-1,4518.625,4549.861888316205,3.0,-1.0,-1.0144656694170648,stop,56.15079103563629,53.30263854482307
M15-0591,M15,M15-0591,M15-0591,,2026-03-30 19:15:00+00:00,2026-03-30 22:15:00+00:00,-1,4497.645,4520.2848689469365,3.0,-1.0,-1.0198660381406877,stop,53.30263854482307,50.58456100506538
M15-0591,M15,M15-0591,M15-0591,,2026-03-31 14:15:00+00:00,2026-04-01 00:30:00+00:00,1,4614.538,4582.933312017884,3.0,3.0,2.9853991977310095,target,50.58456100506538,58.135316397170264
M15-0591,M15,M15-0591,M15-0591,,2026-04-01 01:00:00+00:00,2026-04-01 01:15:00+00:00,1,4710.495,4697.9022642279915,3.0,-1.0,-1.0374064467426583,stop,58.135316397170264,55.11981879647783
M15-0591,M15,M15-0591,M15-0591,,2026-04-01 07:30:00+00:00,2026-04-01 15:15:00+00:00,1,4722.885,4706.577470836909,3.0,3.0,2.9710386230018875,target,55.11981879647783,63.30797432333789
M15-0591,M15,M15-0591,M15-0591,,2026-04-02 14:15:00+00:00,2026-04-06 01:30:00+00:00,1,4647.465,4597.604263071197,3.0,-0.13938823266739628,-0.14870912378586532,time_exit,63.30797432333789,62.8372506538238
M15-0591,M15,M15-0591,M15-0591,,2026-04-06 08:15:00+00:00,2026-04-06 12:30:00+00:00,1,4689.435,4660.4781189311625,3.0,-1.0,-1.01619454453279,stop,62.8372506538238,59.64450708843104
M15-0591,M15,M15-0591,M15-0591,,2026-04-07 23:15:00+00:00,2026-04-08 09:30:00+00:00,1,4817.825,4758.3163418093,3.0,-0.3330607780885441,-0.3411567848655091,time_exit,59.64450708843104,58.62710067477218
M15-0591,M15,M15-0591,M15-0591,,2026-04-08 10:15:00+00:00,2026-04-08 12:15:00+00:00,-1,4782.115,4805.093080392943,3.0,-1.0,-1.0208116383885077,stop,58.62710067477218,55.63473934008307
M15-0591,M15,M15-0591,M15-0591,,2026-04-09 14:15:00+00:00,2026-04-09 14:45:00+00:00,1,4770.535,4748.76723997304,3.0,-1.0,-1.0219155990055548,stop,55.63473934008307,52.79203894117113
M15-0591,M15,M15-0591,M15-0591,,2026-04-10 00:30:00+00:00,2026-04-10 01:15:00+00:00,-1,4753.445,4764.560014729133,3.0,-1.0,-1.042765980215399,stop,52.79203894117113,50.03955182946814
M15-0591,M15,M15-0591,M15-0591,,2026-04-13 12:00:00+00:00,2026-04-13 13:00:00+00:00,-1,4706.745,4723.337505253713,3.0,-1.0,-1.0283666928413158,stop,50.03955182946814,47.46660140816155
M15-0591,M15,M15-0591,M15-0591,,2026-04-14 07:45:00+00:00,2026-04-14 10:45:00+00:00,1,4777.735,4766.636110081011,3.0,-1.0,-1.0430469626680945,stop,47.46660140816155,44.99110668681355
M15-0591,M15,M15-0591,M15-0591,,2026-04-14 15:00:00+00:00,2026-04-14 15:15:00+00:00,1,4803.645,4793.372838904492,3.0,-1.0,-1.0467637233814444,stop,44.99110668681355,42.63635376908651
M15-0591,M15,M15-0591,M15-0591,,2026-04-15 14:00:00+00:00,2026-04-15 15:15:00+00:00,1,4828.555,4808.830505610909,3.0,-1.0,-1.0244799937820994,stop,42.63635376908651,40.45234919687425
M15-0591,M15,M15-0591,M15-0591,,2026-04-16 00:45:00+00:00,2026-04-16 01:45:00+00:00,1,4832.245,4813.399157099728,3.0,-1.0,-1.0256409067271288,stop,40.45234919687425,38.37786999139802
M15-0591,M15,M15-0591,M15-0591,,2026-04-17 13:45:00+00:00,2026-04-17 21:00:00+00:00,1,4864.215,4833.28733113761,3.0,-1.0,-1.0157277130120697,stop,38.37786999139802,36.42879668556616
M15-0591,M15,M15-0591,M15-0591,,2026-04-20 12:15:00+00:00,2026-04-20 15:00:00+00:00,1,4810.915,4793.566036944109,3.0,-1.0,-1.0277302740486642,stop,36.42879668556616,34.556847825520165
M15-0591,M15,M15-0591,M15-0591,,2026-04-20 22:45:00+00:00,2026-04-21 00:45:00+00:00,1,4830.315,4818.538533318275,3.0,-1.0,-1.041016674445281,stop,34.556847825520165,32.75813508538843
M15-0591,M15,M15-0591,M15-0591,,2026-04-21 15:30:00+00:00,2026-04-22 02:45:00+00:00,-1,4742.265,4776.451969408285,3.0,-0.261210635354985,-0.2750821925069648,time_exit,32.75813508538843,32.30757610430203
M15-0591,M15,M15-0591,M15-0591,,2026-04-22 15:30:00+00:00,2026-04-22 19:00:00+00:00,-1,4735.105,4745.524258215566,3.0,-1.0,-1.0454457016232277,stop,32.30757610430203,30.618785275896634
M15-0591,M15,M15-0591,M15-0591,,2026-04-24 02:45:00+00:00,2026-04-24 08:30:00+00:00,-1,4683.235,4697.29350434433,3.0,-1.0,-1.0333124697001541,stop,30.618785275896634,29.03684664426386
M15-0591,M15,M15-0591,M15-0591,,2026-04-24 12:00:00+00:00,2026-04-24 13:00:00+00:00,1,4706.705,4691.048052856111,3.0,-1.0,-1.0300614478464092,stop,29.03684664426386,27.541359829499633
M15-0591,M15,M15-0591,M15-0591,,2026-04-24 14:45:00+00:00,2026-04-24 20:15:00+00:00,1,4730.235,4705.215754507767,3.0,-1.0,-1.0189063854921945,stop,27.541359829499633,26.13825645972886
M15-0591,M15,M15-0591,M15-0591,,2026-04-24 20:45:00+00:00,2026-04-27 00:15:00+00:00,-1,4707.105,4718.195560645279,3.0,3.0,2.9575575559202827,target,26.13825645972886,30.003526354281522
M15-0591,M15,M15-0591,M15-0591,,2026-04-27 04:15:00+00:00,2026-04-27 05:45:00+00:00,1,4727.245,4713.9552439390045,3.0,-1.0,-1.035570592705416,stop,30.003526354281522,28.449987875783727
M15-0591,M15,M15-0591,M15-0591,,2026-04-27 13:15:00+00:00,2026-04-28 00:30:00+00:00,-1,4695.835,4708.443641971222,3.0,0.08565553708836603,0.04841254921768321,time_exit,28.449987875783727,28.518854697697673
M15-0591,M15,M15-0591,M15-0591,,2026-04-28 02:30:00+00:00,2026-04-28 05:45:00+00:00,-1,4675.385,4688.294347088248,3.0,3.0,2.963782947595729,target,28.518854697697673,32.74503945959751
M15-0591,M15,M15-0591,M15-0591,,2026-04-28 11:15:00+00:00,2026-04-28 22:30:00+00:00,-1,4598.315,4616.647151799055,3.0,0.15164613682410202,0.12656280208847667,time_exit,32.74503945959751,32.95225465702272
M15-0591,M15,M15-0591,M15-0591,,2026-04-29 00:45:00+00:00,2026-04-29 01:15:00+00:00,1,4603.515,4594.183314093455,3.0,-1.0,-1.0493320826065422,stop,32.95225465702272,31.22336175673098
M15-0591,M15,M15-0591,M15-0591,,2026-04-29 01:30:00+00:00,2026-04-29 02:15:00+00:00,-1,4580.255,4601.198889180988,3.0,-1.0,-1.02186917129106,stop,31.22336175673098,29.628052216567397
M15-0591,M15,M15-0591,M15-0591,,2026-04-29 13:30:00+00:00,2026-04-29 16:15:00+00:00,-1,4537.595,4560.955135728091,3.0,-1.0,-1.0194245232682597,stop,29.628052216567397,28.117874066255332
M15-0591,M15,M15-0591,M15-0591,,2026-04-30 02:00:00+00:00,2026-04-30 02:45:00+00:00,1,4578.755,4564.539481203206,3.0,-1.0,-1.0322095525703412,stop,28.117874066255332,26.6666971557974
M15-0591,M15,M15-0591,M15-0591,,2026-04-30 05:00:00+00:00,2026-04-30 05:30:00+00:00,-1,4541.725,4557.72869167275,3.0,-1.0,-1.0283792333223558,stop,26.6666971557974,25.29552327698148
M15-0591,M15,M15-0591,M15-0591,,2026-04-30 07:15:00+00:00,2026-04-30 10:45:00+00:00,1,4591.535,4573.403884734335,3.0,3.0,2.9746759372894442,target,25.29552327698148,29.057822497640572
M15-0591,M15,M15-0591,M15-0591,,2026-04-30 11:00:00+00:00,2026-04-30 12:45:00+00:00,1,4639.475,4624.676000930745,3.0,-1.0,-1.0313499242637196,stop,29.057822497640572,27.55938334603006
M15-0591,M15,M15-0591,M15-0591,,2026-05-01 06:45:00+00:00,2026-05-01 09:15:00+00:00,-1,4593.158,4602.647893158094,3.0,3.0,2.951599476163938,target,27.55938334603006,31.626596418407235
M15-0591,M15,M15-0591,M15-0591,,2026-05-01 20:00:00+00:00,2026-05-03 22:15:00+00:00,-1,4610.735,4625.704137620104,3.0,-1.0,-1.030801607393919,stop,31.626596418407235,29.99655909718259
M15-0591,M15,M15-0591,M15-0591,,2026-05-04 01:30:00+00:00,2026-05-04 02:15:00+00:00,-1,4594.375,4614.89187756575,3.0,-1.0,-1.0223931491781653,stop,29.99655909718259,28.46314527118872
M15-0591,M15,M15-0591,M15-0591,,2026-05-04 08:30:00+00:00,2026-05-04 15:30:00+00:00,-1,4574.778,4591.849965936565,3.0,3.0,2.97320298074048,target,28.46314527118872,32.6944806892661
M15-0591,M15,M15-0591,M15-0591,,2026-05-05 02:00:00+00:00,2026-05-05 12:15:00+00:00,1,4540.635,4524.0594693967705,3.0,1.461793325353844,1.4343997226470004,time_exit,32.6944806892661,35.03932839090465
M15-0591,M15,M15-0591,M15-0591,,2026-05-05 12:15:00+00:00,2026-05-05 17:15:00+00:00,1,4565.075,4553.163782684797,3.0,-1.0,-1.0383258476375332,stop,35.03932839090465,33.22021637329785
M15-0591,M15,M15-0591,M15-0591,,2026-05-05 23:45:00+00:00,2026-05-06 03:00:00+00:00,1,4584.965,4567.8542922892875,3.0,3.0,2.9732041182777644,target,33.22021637329785,38.15874057985623
M15-0591,M15,M15-0591,M15-0591,,2026-05-06 03:45:00+00:00,2026-05-06 08:00:00+00:00,1,4647.505,4637.192874381802,3.0,3.0,2.9549316487010375,target,38.15874057985623,43.79656409055572
M15-0591,M15,M15-0591,M15-0591,,2026-05-06 08:45:00+00:00,2026-05-06 09:15:00+00:00,1,4677.465,4669.025617792491,3.0,3.0,2.9445757416243312,target,43.79656409055572,50.244679099933
M15-0591,M15,M15-0591,M15-0591,,2026-05-07 16:45:00+00:00,2026-05-08 02:15:00+00:00,-1,4710.975,4731.060564741924,3.0,-1.0,-1.023454530955592,stop,50.244679099933,47.673521875871195
M15-0591,M15,M15-0591,M15-0591,,2026-05-12 05:15:00+00:00,2026-05-12 14:45:00+00:00,-1,4712.535,4725.991857657167,3.0,3.0,2.96498042024328,target,47.673521875871195,54.741074822171086
M15-0591,M15,M15-0591,M15-0591,,2026-05-12 15:00:00+00:00,2026-05-12 19:30:00+00:00,-1,4672.785,4702.776836673628,3.0,-1.0,-1.0155801895390713,stop,54.741074822171086,51.96137726499744
M15-0591,M15,M15-0591,M15-0591,,2026-05-13 12:45:00+00:00,2026-05-13 15:45:00+00:00,-1,4682.655,4695.092536116467,3.0,-1.0,-1.0376493781095444,stop,51.96137726499744,49.265492724760435
M15-0591,M15,M15-0591,M15-0591,,2026-05-14 20:00:00+00:00,2026-05-15 00:45:00+00:00,-1,4653.838,4666.013697401434,3.0,3.0,2.961777647336638,target,49.265492724760435,56.56116448162149
M15-0591,M15,M15-0591,M15-0591,,2026-05-15 05:30:00+00:00,2026-05-15 13:45:00+00:00,-1,4588.635,4607.6300583461225,3.0,3.0,2.9758430065526134,target,56.56116448162149,64.97702176987676
M15-0591,M15,M15-0591,M15-0591,,2026-05-18 01:15:00+00:00,2026-05-18 02:00:00+00:00,-1,4495.795,4520.339370111507,3.0,-1.0,-1.0183170111091675,stop,64.97702176987676,61.66866143990295
M15-0591,M15,M15-0591,M15-0591,,2026-05-18 13:00:00+00:00,2026-05-18 14:45:00+00:00,1,4571.065,4548.545775477594,3.0,-1.0,-1.0202985009339556,stop,61.66866143990295,58.52263929881612
M15-0591,M15,M15-0591,M15-0591,,2026-05-18 23:30:00+00:00,2026-05-19 00:30:00+00:00,1,4585.515,4572.223923914126,3.0,-1.0,-1.0345007053633044,stop,58.52263929881612,55.495553717098744
M15-0591,M15,M15-0591,M15-0591,,2026-05-19 14:15:00+00:00,2026-05-20 01:30:00+00:00,-1,4492.475,4527.468634344485,3.0,0.5443847247321677,0.5315467469566237,time_exit,55.495553717098744,56.97047776954276
M15-0591,M15,M15-0591,M15-0591,,2026-05-21 01:45:00+00:00,2026-05-21 02:15:00+00:00,1,4567.525,4555.897480637138,3.0,-1.0,-1.039282024458189,stop,56.97047776954276,54.01005809600873
M15-0591,M15,M15-0591,M15-0591,,2026-05-21 17:45:00+00:00,2026-05-22 01:15:00+00:00,1,4548.015,4524.677211947689,3.0,-1.0,-1.0194877723193205,stop,54.01005809600873,51.25692840545187
M15-0591,M15,M15-0591,M15-0591,,2026-05-22 01:45:00+00:00,2026-05-22 12:00:00+00:00,-1,4524.855,4539.588844797539,3.0,0.29659603857979816,0.26588541917137654,time_exit,51.25692840545187,51.93835190017791
M15-0591,M15,M15-0591,M15-0591,,2026-05-22 15:00:00+00:00,2026-05-22 15:30:00+00:00,-1,4500.445,4514.512333015151,3.0,-1.0,-1.0319921693412162,stop,51.93835190017791,49.25835327770431
M15-0591,M15,M15-0591,M15-0591,,2026-05-24 22:45:00+00:00,2026-05-25 09:00:00+00:00,1,4558.105,4531.724603595716,3.0,-0.08176526110308917,-0.09904364058665091,time_exit,49.25835327770431,49.014416945807945
M15-0591,M15,M15-0591,M15-0591,,2026-05-26 18:15:00+00:00,2026-05-26 19:30:00+00:00,-1,4487.165,4502.021466920874,3.0,-1.0,-1.030203446242627,stop,49.014416945807945,46.489675883150724
M15-0591,M15,M15-0591,M15-0591,,2026-05-27 06:15:00+00:00,2026-05-27 11:00:00+00:00,-1,4493.745,4509.598301234791,3.0,3.0,2.9716542003873725,target,46.489675883150724,53.39723791379134
M15-0591,M15,M15-0591,M15-0591,,2026-05-27 12:00:00+00:00,2026-05-27 12:30:00+00:00,-1,4428.455,4453.380360407906,3.0,-1.0,-1.0177668644606455,stop,53.39723791379134,50.67994094367242
M15-0591,M15,M15-0591,M15-0591,,2026-05-27 13:30:00+00:00,2026-05-27 14:15:00+00:00,-1,4404.605,4440.617210171458,3.0,-1.0,-1.0122308655287446,stop,50.67994094367242,48.11495091935446
M15-0591,M15,M15-0591,M15-0591,,2026-05-28 01:45:00+00:00,2026-05-28 12:00:00+00:00,-1,4417.318,4441.243257933319,3.0,1.2360577295518462,1.2175947394670106,time_exit,48.11495091935446,51.04417647581043
M15-0591,M15,M15-0591,M15-0591,,2026-05-28 13:30:00+00:00,2026-05-28 17:15:00+00:00,1,4428.445,4399.991326407465,3.0,3.0,2.9844362978804893,target,51.04417647581043,58.661081129301735
M15-0591,M15,M15-0591,M15-0591,,2026-05-29 01:45:00+00:00,2026-05-29 12:00:00+00:00,1,4506.165,4491.095522525779,3.0,2.1274792078786837,2.0975766116691688,time_exit,58.661081129301735,64.81338671890428
M15-0591,M15,M15-0591,M15-0591,,2026-06-01 07:30:00+00:00,2026-06-01 13:30:00+00:00,-1,4503.635,4515.636659275015,3.0,3.0,2.962474897038813,target,64.81338671890428,74.41378827624541
M15-0591,M15,M15-0591,M15-0591,,2026-06-01 14:30:00+00:00,2026-06-01 15:45:00+00:00,-1,4455.965,4470.8005618788,3.0,-1.0,-1.0300357009488637,stop,74.41378827624541,70.58134534787628
M15-0591,M15,M15-0591,M15-0591,,2026-06-02 13:15:00+00:00,2026-06-02 23:15:00+00:00,-1,4513.885,4526.737265313264,3.0,3.0,2.9648786817733876,target,70.58134534787628,81.04460165551646
M15-0591,M15,M15-0591,M15-0591,,2026-06-03 09:30:00+00:00,2026-06-03 10:15:00+00:00,-1,4439.715,4459.881672203885,3.0,-1.0,-1.0220151096577295,stop,81.04460165551646,76.90316128310997
M15-0591,M15,M15-0591,M15-0591,,2026-06-04 11:45:00+00:00,2026-06-04 14:45:00+00:00,1,4491.305,4472.238936356058,3.0,-1.0,-1.0235565404788047,stop,76.90316128310997,72.96742459736879
M15-0591,M15,M15-0591,M15-0591,,2026-06-04 23:30:00+00:00,2026-06-05 01:45:00+00:00,-1,4469.095,4476.5894182093525,3.0,3.0,2.9403676859876455,target,72.96742459736879,83.69497746816094
M15-0591,M15,M15-0591,M15-0591,,2026-06-05 02:45:00+00:00,2026-06-05 07:15:00+00:00,-1,4442.675,4460.506087906169,3.0,-1.0,-1.0249153333962475,stop,83.69497746816094,79.40596418139236
M15-0591,M15,M15-0591,M15-0591,,2026-06-05 14:30:00+00:00,2026-06-08 01:45:00+00:00,-1,4360.945,4392.669353394533,3.0,1.1045142375080967,1.0907678738052151,time_exit,79.40596418139236,83.73663791727189
M15-0591,M15,M15-0591,M15-0591,,2026-06-08 11:30:00+00:00,2026-06-08 22:45:00+00:00,1,4325.115,4295.54402267853,3.0,0.07067740701565328,0.05605119107094103,time_exit,83.73663791727189,83.97131483184884
M15-0591,M15,M15-0591,M15-0591,,2026-06-08 23:45:00+00:00,2026-06-09 01:30:00+00:00,-1,4319.475,4328.877440573877,3.0,-1.0,-1.0459399340635147,stop,83.97131483184884,79.5798672569263
M15-0591,M15,M15-0591,M15-0591,,2026-06-09 01:45:00+00:00,2026-06-09 08:15:00+00:00,1,4335.495,4321.237070137656,3.0,-1.0,-1.0304076050440552,stop,79.5798672569263,75.47988223542964
M15-0591,M15,M15-0591,M15-0591,,2026-06-09 15:15:00+00:00,2026-06-10 00:00:00+00:00,-1,4294.695,4322.183648637094,3.0,3.0,2.984376478244898,target,75.47988223542964,86.74290149163521
M15-0591,M15,M15-0591,M15-0591,,2026-06-10 01:15:00+00:00,2026-06-10 11:30:00+00:00,-1,4203.045,4222.081414012819,3.0,1.924206942301976,1.902127967778887,time_exit,86.74290149163521,94.99270643831163
M15-0591,M15,M15-0591,M15-0591,,2026-06-10 15:15:00+00:00,2026-06-10 23:15:00+00:00,-1,4123.115,4153.6846818612485,3.0,3.0,2.986512404614761,target,94.99270643831163,109.17755124460894
M15-0591,M15,M15-0591,M15-0591,,2026-06-15 09:15:00+00:00,2026-06-15 12:30:00+00:00,1,4339.965,4326.626560690018,3.0,-1.0,-1.0325372774066006,stop,109.17755124460894,103.54105666880753
M15-0591,M15,M15-0591,M15-0591,,2026-06-16 08:15:00+00:00,2026-06-16 14:30:00+00:00,1,4337.655,4325.572952335903,3.0,-1.0,-1.035901654426426,stop,103.54105666880753,98.17813907359363
M15-0591,M15,M15-0591,M15-0591,,2026-06-16 15:00:00+00:00,2026-06-16 16:00:00+00:00,-1,4323.895,4336.1376609236295,3.0,-1.0,-1.035318261503548,stop,98.17813907359363,93.0958580604273
M15-0591,M15,M15-0591,M15-0591,,2026-06-17 04:45:00+00:00,2026-06-17 09:45:00+00:00,-1,4322.995,4334.662396339179,3.0,-1.0,-1.0370519255052923,stop,93.0958580604273,88.26859611752063
M15-0591,M15,M15-0591,M15-0591,,2026-06-17 14:15:00+00:00,2026-06-17 15:00:00+00:00,1,4342.165,4331.7254638248405,3.0,-1.0,-1.0415934666746216,stop,88.26859611752063,83.6715964660931
M15-0591,M15,M15-0591,M15-0591,,2026-06-18 01:45:00+00:00,2026-06-18 06:00:00+00:00,1,4322.305,4304.777320908084,3.0,-1.0,-1.0246598821060884,stop,83.6715964660931,79.38485005756435
M15-0591,M15,M15-0591,M15-0591,,2026-06-18 09:30:00+00:00,2026-06-18 16:45:00+00:00,-1,4266.115,4282.79419064217,3.0,3.0,2.9744225298965414,target,79.38485005756435,91.19105438474827
M15-0591,M15,M15-0591,M15-0591,,2026-06-18 23:45:00+00:00,2026-06-19 04:00:00+00:00,-1,4194.555,4208.792117671254,3.0,3.0,2.9705378918903707,target,91.19105438474827,104.73537850731479
M15-0591,M15,M15-0591,M15-0591,,2026-06-19 04:45:00+00:00,2026-06-19 07:15:00+00:00,-1,4135.085,4156.09826189269,3.0,-1.0,-1.019678453640929,stop,104.73537850731479,99.39555806742298
M15-0591,M15,M15-0591,M15-0591,,2026-06-23 05:30:00+00:00,2026-06-23 14:15:00+00:00,-1,4124.995,4141.213300991524,3.0,-1.0,-1.0254341993169058,stop,99.39555806742298,94.29937784229674
M15-0591,M15,M15-0591,M15-0591,,2026-06-23 22:45:00+00:00,2026-06-24 02:45:00+00:00,-1,4103.795,4115.66210033441,3.0,3.0,2.9654187216391805,target,94.29937784229674,108.28123486692041
M15-0591,M15,M15-0591,M15-0591,,2026-06-24 03:15:00+00:00,2026-06-24 05:45:00+00:00,-1,4057.555,4078.211409701212,3.0,-1.0,-1.0196430795994618,stop,108.28123486692041,102.76082427779345
M15-0591,M15,M15-0591,M15-0591,,2026-06-24 12:15:00+00:00,2026-06-24 13:15:00+00:00,-1,4037.985,4059.5902138200986,3.0,3.0,2.9813101363697516,target,102.76082427779345,118.07891862984827
M15-0591,M15,M15-0591,M15-0591,,2026-06-26 00:30:00+00:00,2026-06-26 01:15:00+00:00,-1,4015.215,4025.1584678085474,3.0,-1.0,-1.040380429416673,stop,118.07891862984827,111.93656882638939
M15-0591,M15,M15-0591,M15-0591,,2026-06-26 02:45:00+00:00,2026-06-26 05:30:00+00:00,-1,3992.005,4017.609569754594,3.0,-1.0,-1.0155909864460182,stop,111.93656882638939,106.25248030870063
M15-0591,M15,M15-0591,M15-0591,,2026-06-26 08:30:00+00:00,2026-06-26 14:00:00+00:00,1,4035.435,4024.553738395384,3.0,3.0,2.9629139051459985,target,106.25248030870063,121.99332787684565
M15-0591,M15,M15-0591,M15-0591,,2026-06-26 14:15:00+00:00,2026-06-28 22:30:00+00:00,1,4082.115,4056.7455536078787,3.0,-1.0,-1.0160906743367792,stop,121.99332787684565,115.79551373749705
M15-0591,M15,M15-0591,M15-0591,,2026-06-28 23:30:00+00:00,2026-06-29 01:00:00+00:00,-1,4056.675,4071.4472130110803,3.0,-1.0,-1.0274615252092374,stop,115.79551373749705,109.84674197964125
M15-0591,M15,M15-0591,M15-0591,,2026-06-29 14:45:00+00:00,2026-06-30 01:15:00+00:00,-1,4020.715,4036.5372614993694,3.0,3.0,2.974588240750791,target,109.84674197964125,126.1841833285126
M15-0591,M15,M15-0591,M15-0591,,2026-06-30 20:30:00+00:00,2026-07-01 01:15:00+00:00,-1,4012.635,4023.1511374205666,3.0,3.0,2.9618430718473445,target,126.1841833285126,144.8710707869261
M15-0591,M15,M15-0591,M15-0591,,2026-07-01 07:15:00+00:00,2026-07-01 08:00:00+00:00,-1,3961.265,3978.1140676929417,3.0,-1.0,-1.0235102919175723,stop,144.8710707869261,137.45721918934922
M15-0591,M15,M15-0591,M15-0591,,2026-07-01 11:45:00+00:00,2026-07-01 13:15:00+00:00,1,4029.055,4013.7770877398398,3.0,-1.0,-1.0263717642266248,stop,137.45721918934922,130.4031087610963
M15-0591,M15,M15-0591,M15-0591,,2026-07-03 00:30:00+00:00,2026-07-03 01:30:00+00:00,1,4136.865,4121.672056208339,3.0,3.0,2.9727711425992984,target,130.4031087610963,149.78603869260752
M15-0591,M15,M15-0591,M15-0591,,2026-07-03 13:45:00+00:00,2026-07-05 22:15:00+00:00,-1,4166.735,4179.775701868512,3.0,-1.0,-1.0319517694830578,stop,149.78603869260752,142.05744030897282
M15-0591,M15,M15-0591,M15-0591,,2026-07-07 11:45:00+00:00,2026-07-07 19:00:00+00:00,1,4147.995,4131.982848080883,3.0,-1.0,-1.025905293810307,stop,142.05744030897282,134.77056630706696
M15-0591,M15,M15-0591,M15-0591,,2026-07-07 20:15:00+00:00,2026-07-08 03:15:00+00:00,-1,4112.775,4128.586719033077,3.0,-1.0,-1.0260109289280703,stop,134.77056630706696,127.85676261062316
M15-0591,M15,M15-0591,M15-0591,,2026-07-08 03:30:00+00:00,2026-07-08 08:30:00+00:00,1,4129.485,4112.9619039675445,3.0,-1.0,-1.024992198749488,stop,127.85676261062316,121.30415339896047
M15-0591,M15,M15-0591,M15-0591,,2026-07-08 15:15:00+00:00,2026-07-08 17:00:00+00:00,-1,4033.655,4062.78781704086,3.0,-1.0,-1.0138457430819088,stop,121.30415339896047,115.15496842187592
M15-0591,M15,M15-0591,M15-0591,,2026-07-09 06:45:00+00:00,2026-07-09 17:00:00+00:00,1,4102.615,4090.108792101634,3.0,2.011001272678937,1.9781966445027481,time_exit,115.15496842187592,126.54492702837466
M15-0591,M15,M15-0591,M15-0591,,2026-07-10 08:15:00+00:00,2026-07-10 12:15:00+00:00,-1,4107.185,4115.101607647201,3.0,-1.0,-1.0518806183536527,stop,126.54492702837466,119.88941922376843
M15-0591,M15,M15-0591,M15-0591,,2026-07-13 08:45:00+00:00,2026-07-13 10:45:00+00:00,1,4075.355,4061.664443469395,3.0,-1.0,-1.0297676357486971,stop,119.88941922376843,113.7165070345012
M15-0591,M15,M15-0591,M15-0591,,2026-07-13 14:15:00+00:00,2026-07-14 01:30:00+00:00,-1,4035.875,4059.1657350290984,3.0,1.6435720020074447,1.6262437597044097,time_exit,113.7165070345012,122.96304503151322
M15-0591,M15,M15-0591,M15-0591,,2026-07-14 02:15:00+00:00,2026-07-14 12:30:00+00:00,1,4016.465,3997.4363933585296,3.0,0.6926413608905873,0.6715338511518206,time_exit,122.96304503151322,127.09173739048157
M15-0591,M15,M15-0591,M15-0591,,2026-07-14 19:30:00+00:00,2026-07-15 01:15:00+00:00,-1,4051.415,4060.5501968680665,3.0,-1.0,-1.0443495094688364,stop,127.09173739048157,120.455327710417
M15-0591,M15,M15-0591,M15-0591,,2026-07-15 02:00:00+00:00,2026-07-15 12:15:00+00:00,-1,4036.485,4055.3271175912564,3.0,-0.06156420552953955,-0.08298687726720633,time_exit,120.455327710417,119.95551713557272
M15-0591,M15,M15-0591,M15-0591,,2026-07-16 02:00:00+00:00,2026-07-16 12:15:00+00:00,-1,4038.665,4046.572552244166,3.0,0.8978758256371797,0.8468023091393343,time_exit,119.95551713557272,125.03444758079301
M15-0591,M15,M15-0591,M15-0591,,2026-07-16 13:45:00+00:00,2026-07-16 15:30:00+00:00,-1,3986.135,4009.976767320735,3.0,-1.0,-1.016719125500958,stop,125.03444758079301,118.67820187070106
M15-0591,M15,M15-0591,M15-0591,,2026-07-17 01:15:00+00:00,2026-07-17 02:00:00+00:00,1,3991.865,3980.710932753508,3.0,-1.0,-1.0357884250810445,stop,118.67820187070106,112.53192648034587
M15-0591,M15,M15-0591,M15-0591,,2026-07-21 01:15:00+00:00,2026-07-21 06:45:00+00:00,1,4028.705,4012.895586906287,3.0,3.0,2.974517048949767,target,112.53192648034587,129.2683331736934
M15-0591,M15,M15-0591,M15-0591,,2026-07-21 13:00:00+00:00,2026-07-21 14:15:00+00:00,-1,4053.715,4064.364674918685,3.0,-1.0,-1.0380642135178018,stop,129.2683331736934,122.55889164325805
M15-0591,M15,M15-0591,M15-0591,,2026-07-21 19:30:00+00:00,2026-07-22 02:30:00+00:00,1,4083.855,4070.1496206733004,3.0,3.0,2.9702025394361455,target,122.55889164325805,140.76012820272226
M15-0591,M15,M15-0591,M15-0591,,2026-07-22 14:45:00+00:00,2026-07-22 17:45:00+00:00,1,4150.685,4141.402314388723,3.0,-1.0,-1.044714268842172,stop,140.76012820272226,133.40742248185038
M15-0591,M15,M15-0591,M15-0591,,2026-07-24 03:30:00+00:00,2026-07-24 07:15:00+00:00,-1,4030.135,4042.57526730704,3.0,-1.0,-1.0323958874880395,stop,133.40742248185038,126.52095876531828
M15-0591,M15,M15-0591,M15-0591,,2026-07-24 14:30:00+00:00,2026-07-27 01:45:00+00:00,1,4065.955,4047.0684391485815,3.0,1.9357679933165146,1.9142396958568177,time_exit,126.52095876531828,138.63053084664008
M15-0591,M15,M15-0591,M15-0591,,2026-07-27 14:30:00+00:00,2026-07-27 16:45:00+00:00,-1,4068.115,4090.4005883773752,3.0,-1.0,-1.018254465312345,stop,138.63053084664008,131.5724729934795
M15-0591,M15,M15-0591,M15-0591,,2026-07-29 02:45:00+00:00,2026-07-29 03:45:00+00:00,1,4034.535,4025.087357847559,3.0,-1.0,-1.0427041470760787,stop,131.5724729934795,124.71291483191168
M15-0591,M15,M15-0591,M15-0591,,2026-07-29 06:30:00+00:00,2026-07-29 10:45:00+00:00,1,4040.885,4028.7643609649595,3.0,-1.0,-1.0333388774990973,stop,124.71291483191168,118.26937966080926
M15-0591,M15,M15-0591,M15-0591,,2026-07-29 13:15:00+00:00,2026-07-29 17:00:00+00:00,-1,4015.495,4028.0696016418956,3.0,-1.0,-1.0319333774091204,stop,118.26937966080926,112.16707364093625
M15-0591,M15,M15-0591,M15-0591,,2026-07-30 06:15:00+00:00,2026-07-30 08:15:00+00:00,-1,4032.215,4052.4878736117107,3.0,-1.0,-1.0198897062016448,stop,112.16707364093625,106.44717145187862
M15-0591,M15,M15-0591,M15-0591,,2026-07-30 09:15:00+00:00,2026-07-30 14:00:00+00:00,1,4065.705,4050.70255420281,3.0,3.0,2.9728997187861093,target,106.44717145187862,122.27000975562196
M15-0591,M15,M15-0591,M15-0591,,2026-07-30 14:45:00+00:00,2026-07-30 15:15:00+00:00,1,4110.475,4083.950830591243,3.0,-1.0,-1.0154970922431332,stop,122.27000975562196,116.06176778685327
M15-0591,M15,M15-0591,M15-0591,,2026-07-31 00:45:00+00:00,2026-07-31 08:45:00+00:00,-1,4092.685,4104.3736795298455,3.0,3.0,2.964985908035635,target,116.06176778685327,133.2678430843395
M15-0591,M15,M15-0591,M15-0591,,2026-07-31 12:45:00+00:00,2026-08-02 22:15:00+00:00,-1,4044.375,4060.0042361560736,3.0,-1.0,-1.0258769843875468,stop,133.2678430843395,126.43202243537975
M15-0591,M15,M15-0591,M15-0591,,2026-08-03 13:15:00+00:00,2026-08-03 19:45:00+00:00,-1,4038.635,4054.268375264913,3.0,-1.0,-1.0258334168505772,stop,126.43202243537975,119.94711275666903
M15-0591,M15,M15-0591,M15-0591,,2026-08-03 20:15:00+00:00,2026-08-04 01:15:00+00:00,1,4052.255,4045.3494479317487,3.0,-1.0,-1.0586811157160112,stop,119.94711275666903,113.5978255986618
M15-0591,M15,M15-0591,M15-0591,,2026-08-05 02:30:00+00:00,2026-08-05 04:15:00+00:00,1,4103.875,4091.68918588966,3.0,3.0,2.9663225209014326,target,113.5978255986618,130.446215018599
M15-0591,M15,M15-0591,M15-0591,,2026-08-05 05:15:00+00:00,2026-08-05 06:00:00+00:00,1,4136.905,4126.943145486981,3.0,3.0,2.9584725414871937,target,130.446215018599,149.74229228227196
M15-0591,M15,M15-0591,M15-0591,,2026-08-05 06:45:00+00:00,2026-08-05 09:00:00+00:00,1,4175.465,4158.903629444838,3.0,-1.0,-1.025212074001318,stop,149.74229228227196,142.066411980451
M15-0591,M15,M15-0591,M15-0591,,2026-08-05 12:00:00+00:00,2026-08-05 14:30:00+00:00,1,4188.495,4172.814248032633,3.0,3.0,2.9732889404237963,target,142.066411980451,163.18663655780927
M15-0591,M15,M15-0591,M15-0591,,2026-08-06 00:30:00+00:00,2026-08-06 04:30:00+00:00,1,4273.685,4259.7279705085975,3.0,-1.0,-1.0306203050056781,stop,163.18663655780927,154.77746350070626
M15-0591,M15,M15-0591,M15-0591,,2026-08-07 02:00:00+00:00,2026-08-07 08:45:00+00:00,1,4256.595,4237.753523689248,3.0,3.0,2.9774083785697254,target,154.77746350070626,177.81924933274487
M15-0591,M15,M15-0591,M15-0591,,2026-08-07 08:45:00+00:00,2026-08-07 19:00:00+00:00,1,4309.025,4287.781182771451,3.0,1.2342414603701604,1.2139577940514286,time_exit,177.81924933274487,188.61250251573787
M15-0591,M15,M15-0591,M15-0591,,2026-08-10 06:00:00+00:00,2026-08-10 11:15:00+00:00,1,4347.215,4330.303766397383,3.0,-1.0,-1.0257060785874732,stop,188.61250251573787,178.9394529993385
M15-0591,M15,M15-0591,M15-0591,,2026-08-10 16:15:00+00:00,2026-08-11 00:15:00+00:00,1,4361.225,4347.3807102553965,3.0,3.0,2.968498022791672,target,178.9394529993385,205.49852362073648
M15-0591,M15,M15-0591,M15-0591,,2026-08-11 00:45:00+00:00,2026-08-11 01:15:00+00:00,1,4413.745,4403.077801235502,3.0,-1.0,-1.0413767953278392,stop,205.49852362073648,194.79845392209822
M15-0591,M15,M15-0591,M15-0591,,2026-08-11 02:15:00+00:00,2026-08-11 03:00:00+00:00,1,4433.695,4413.139108482957,3.0,-1.0,-1.0215689745021477,stop,194.79845392209822,184.84845108170813
M15-0591,M15,M15-0591,M15-0591,,2026-08-11 06:15:00+00:00,2026-08-11 12:15:00+00:00,-1,4372.515,4393.037859235244,3.0,-1.0,-1.0213055839338956,stop,184.84845108170813,175.40911331814414
M15-0591,M15,M15-0591,M15-0591,,2026-08-12 01:30:00+00:00,2026-08-12 11:45:00+00:00,1,4390.425,4377.021026805206,3.0,1.69427375524894,1.6615191015638284,time_exit,175.40911331814414,189.98139293646767
M15-0591,M15,M15-0591,M15-0591,,2026-08-13 20:00:00+00:00,2026-08-13 22:45:00+00:00,-1,4349.915,4359.83948182907,3.0,-1.0,-1.0438301472552312,stop,189.98139293646767,180.06597766823631
M15-0591,M15,M15-0591,M15-0591,,2026-08-14 12:15:00+00:00,2026-08-16 23:30:00+00:00,1,4371.515,4360.0164382679495,3.0,0.25481447752133846,0.21679654882843985,time_exit,180.06597766823631,182.01786179423095
M15-0591,M15,M15-0591,M15-0591,,2026-08-17 00:45:00+00:00,2026-08-17 11:00:00+00:00,1,4395.355,4377.2415077139585,3.0,0.18825745726729035,0.16399181632632595,time_exit,182.01786179423095,183.51033378220447
M15-0591,M15,M15-0591,M15-0591,,2026-08-18 01:00:00+00:00,2026-08-18 01:30:00+00:00,1,4434.105,4419.854993022982,3.0,-1.0,-1.0311165110806704,stop,183.51033378220447,174.04930702636668
M15-0591,M15,M15-0591,M15-0591,,2026-08-18 02:45:00+00:00,2026-08-18 13:00:00+00:00,-1,4394.755,4408.676994130216,3.0,0.05746303241601459,0.02589603878784149,time_exit,174.04930702636668,174.27466640665426
M15-0591,M15,M15-0591,M15-0591,,2026-08-19 14:30:00+00:00,2026-08-20 01:45:00+00:00,1,4485.835,4453.16410275152,3.0,0.23139860354928146,0.21766823377742384,time_exit,174.27466640665426,176.17136934809858
M15-0591,M15,M15-0591,M15-0591,,2026-08-20 01:45:00+00:00,2026-08-20 12:00:00+00:00,-1,4493.545,4510.871430794248,3.0,1.5398439711459349,1.5139093452939,time_exit,176.17136934809858,189.50674346956407
M15-0591,M15,M15-0591,M15-0591,,2026-08-20 16:00:00+00:00,2026-08-21 03:15:00+00:00,1,4521.465,4497.240235400703,3.0,0.44045835641719716,0.42179371684364636,time_exit,189.50674346956407,193.50338115431222
M15-0591,M15,M15-0591,M15-0591,,2026-08-21 06:30:00+00:00,2026-08-21 09:15:00+00:00,1,4555.215,4540.311747728543,3.0,3.0,2.9694347588229166,target,193.50338115431222,222.2331644517809
M15-0591,M15,M15-0591,M15-0591,,2026-08-24 03:00:00+00:00,2026-08-24 13:15:00+00:00,1,4643.315,4625.4545644347345,3.0,1.8722947644700485,1.8462969942419232,time_exit,222.2331644517809,242.74858562919064
M15-0591,M15,M15-0591,M15-0591,,2026-08-25 00:45:00+00:00,2026-08-25 01:15:00+00:00,1,4693.425,4673.8184480588,3.0,-1.0,-1.023938043844096,stop,242.74858562919064,230.32061003343694
M15-0591,M15,M15-0591,M15-0591,,2026-08-25 02:45:00+00:00,2026-08-25 13:00:00+00:00,-1,4630.325,4662.736931752107,3.0,-0.31840126281056,-0.33268712838442843,time_exit,230.32061003343694,226.48937491544825
M15-0591,M15,M15-0591,M15-0591,,2026-08-26 07:30:00+00:00,2026-08-26 13:30:00+00:00,-1,4631.125,4640.008509033553,3.0,3.0,2.947868291882092,target,226.48937491544825,259.8724172535205
M15-0591,M15,M15-0591,M15-0591,,2026-08-26 22:45:00+00:00,2026-08-27 01:00:00+00:00,1,4610.595,4601.106425785957,3.0,-1.0,-1.0485910200625956,stop,259.8724172535205,246.24742309882043
M15-0591,M15,M15-0591,M15-0591,,2026-08-27 10:00:00+00:00,2026-08-27 12:00:00+00:00,-1,4580.325,4599.970090721111,3.0,-1.0,-1.0233153670045305,stop,246.24742309882043,233.64798449170596
M15-0591,M15,M15-0591,M15-0591,,2026-08-28 07:30:00+00:00,2026-08-28 14:15:00+00:00,1,4607.195,4586.868991363838,3.0,-1.0,-1.0226665012421743,stop,233.64798449170596,221.70078615058503
M15-0591,M15,M15-0591,M15-0591,,2026-08-28 16:30:00+00:00,2026-08-31 03:45:00+00:00,-1,4480.765,4531.741801262077,3.0,1.142480472648387,1.1336906606376962,time_exit,221.70078615058503,234.26779168633269
M15-0591,M15,M15-0591,M15-0591,,2026-08-31 14:30:00+00:00,2026-08-31 14:45:00+00:00,-1,4419.915,4434.698305122152,3.0,-1.0,-1.0298980164684344,stop,234.26779168633269,222.20419498732298
M15-0591,M15,M15-0591,M15-0591,,2026-08-31 20:45:00+00:00,2026-09-01 01:30:00+00:00,1,4447.965,4440.385798752368,3.0,-1.0,-1.0586864612071036,stop,222.20419498732298,210.44196634449787
M15-0591,M15,M15-0591,M15-0591,,2026-09-02 01:45:00+00:00,2026-09-02 11:45:00+00:00,-1,4308.805,4332.183594225443,3.0,-1.0,-1.0184305564246066,stop,210.44196634449787,199.72593990053213
M15-0591,M15,M15-0591,M15-0591,,2026-09-02 14:00:00+00:00,2026-09-03 01:15:00+00:00,1,4384.845,4355.4087415132335,3.0,0.5472842279613092,0.5323881602359519,time_exit,199.72593990053213,205.04252618528417
M15-0591,M15,M15-0591,M15-0591,,2026-09-03 01:15:00+00:00,2026-09-03 11:30:00+00:00,1,4400.915,4384.637626257346,3.0,2.039026720448559,2.0119897114716894,time_exit,205.04252618528417,225.669698840232
M15-0591,M15,M15-0591,M15-0591,,2026-09-07 02:15:00+00:00,2026-09-07 02:45:00+00:00,-1,4403.335,4417.566656261581,3.0,-1.0,-1.0309404254787065,stop,225.669698840232,214.037098073232
M15-0591,M15,M15-0591,M15-0591,,2026-09-08 00:30:00+00:00,2026-09-08 06:15:00+00:00,1,4421.105,4409.895967006409,3.0,-1.0,-1.039442340856057,stop,214.037098073232,202.9131369606681
M15-0591,M15,M15-0591,M15-0591,,2026-09-08 07:00:00+00:00,2026-09-08 13:15:00+00:00,-1,4403.605,4412.397439843834,3.0,-1.0,-1.0500839935013937,stop,202.9131369606681,192.25934510099043
M15-0591,M15,M15-0591,M15-0591,,2026-09-09 03:45:00+00:00,2026-09-09 04:15:00+00:00,1,4378.245,4371.804843272291,3.0,-1.0,-1.0679835163197562,stop,192.25934510099043,181.99285452967595
M15-0591,M15,M15-0591,M15-0591,,2026-09-09 06:00:00+00:00,2026-09-09 15:15:00+00:00,1,4398.655,4383.0797078442465,3.0,-1.0,-1.0282412359011528,stop,181.99285452967595,172.63622664633732
M15-0591,M15,M15-0591,M15-0591,,2026-09-10 06:00:00+00:00,2026-09-10 06:15:00+00:00,1,4430.748,4416.414995169562,3.0,-1.0,-1.0309129038357034,stop,172.63622664633732,163.73758096037662
M15-0591,M15,M15-0591,M15-0591,,2026-09-10 09:00:00+00:00,2026-09-10 12:45:00+00:00,-1,4394.565,4406.784749606916,3.0,3.0,2.9640371927300984,target,163.73758096037662,188.0037949510872
M15-0591,M15,M15-0591,M15-0591,,2026-09-11 07:00:00+00:00,2026-09-11 07:45:00+00:00,1,4352.948,4344.484640270046,3.0,-1.0,-1.0514328604584016,stop,188.0037949510872,178.1201265559644
M15-0591,M15,M15-0591,M15-0591,,2026-09-11 13:15:00+00:00,2026-09-11 18:15:00+00:00,1,4389.168,4350.484698936071,3.0,-1.0,-1.011346415324655,stop,178.1201265559644,169.11306898148698
M15-0591,M15,M15-0591,M15-0591,,2026-09-11 18:45:00+00:00,2026-09-14 06:00:00+00:00,-1,4346.935,4361.267546252075,3.0,0.6827816793951582,0.6524525604546149,time_exit,169.11306898148698,174.62998172465242
M15-0591,M15,M15-0591,M15-0591,,2026-09-14 08:30:00+00:00,2026-09-14 13:00:00+00:00,-1,4310.368,4322.890271532738,3.0,3.0,2.9655783857686577,target,174.62998172465242,200.52392669014267
M15-0591,M15,M15-0591,M15-0591,,2026-09-15 08:00:00+00:00,2026-09-15 13:00:00+00:00,-1,4280.745,4293.694641301269,3.0,-1.0,-1.0330568615794817,stop,200.52392669014267,190.16629577123703
M15-0591,MTF,M15-0591 MTF,M15-0591,,2026-01-02 08:15:00+00:00,2026-01-02 13:30:00+00:00,1,4384.498,4374.355111388867,3.0,-1.0,-1.0432273109574297,stop,100.0,94.78386344521286
M15-0591,MTF,M15-0591 MTF,M15-0591,,2026-01-02 16:30:00+00:00,2026-01-04 23:15:00+00:00,-1,4321.105,4338.499979020557,3.0,-1.0,-1.0248411049814627,stop,94.78386344521286,89.92694347783267
M15-0591,MTF,M15-0591 MTF,M15-0591,,2026-01-05 00:15:00+00:00,2026-01-05 09:00:00+00:00,1,4377.625,4359.882088653809,3.0,3.0,2.9753274707031676,target,89.92694347783267,103.30504874213099
M15-0591,MTF,M15-0591 MTF,M15-0591,,2026-01-06 15:30:00+00:00,2026-01-06 15:45:00+00:00,1,4480.579,4463.884580014695,4.0,-1.0,-1.0268387820837377,stop,103.30504874213099,98.00116722045743
M15-0591,MTF,M15-0591 MTF,M15-0591,,2026-01-07 02:00:00+00:00,2026-01-07 03:30:00+00:00,-1,4465.255,4478.500203791301,3.0,-1.0,-1.0337122408258654,stop,98.00116722045743,92.93591691190696
M15-0591,MTF,M15-0591 MTF,M15-0591,,2026-01-07 06:30:00+00:00,2026-01-07 08:45:00+00:00,-1,4454.725,4469.902278497453,3.0,-1.0,-1.02935127665179,stop,92.93591691190696,88.15273167590315
M15-0591,MTF,M15-0591 MTF,M15-0591,,2026-01-12 01:30:00+00:00,2026-01-12 11:45:00+00:00,1,4582.325,4560.545551210942,4.0,0.43710931769693656,0.41606964380811806,time_exit,88.15273167590315,89.98661545935845
M15-0591,MTF,M15-0591 MTF,M15-0591,,2026-01-13 14:15:00+00:00,2026-01-13 16:30:00+00:00,1,4618.325,4598.923822214882,4.0,-1.0,-1.023804353793112,stop,89.98661545935845,85.38018102483856
M15-0591,MTF,M15-0591 MTF,M15-0591,,2026-01-14 00:30:00+00:00,2026-01-14 10:45:00+00:00,1,4609.485,4595.722300672016,4.0,1.8993367054709893,1.8658441115390159,time_exit,85.38018102483856,93.34548642520507
M15-0591,MTF,M15-0591 MTF,M15-0591,,2026-01-14 15:30:00+00:00,2026-01-14 19:00:00+00:00,-1,4615.135,4635.929290602496,3.0,-1.0,-1.022194241141586,stop,93.34548642520507,88.57462549218484
M15-0591,MTF,M15-0591 MTF,M15-0591,,2026-01-15 02:00:00+00:00,2026-01-15 02:15:00+00:00,-1,4599.748,4610.966832961378,3.0,-1.0,-1.041000236083691,stop,88.57462549218484,83.96431518976539
M15-0591,MTF,M15-0591 MTF,M15-0591,,2026-01-15 14:00:00+00:00,2026-01-15 14:30:00+00:00,-1,4588.195,4605.954816873127,3.0,-1.0,-1.0258346976929837,stop,83.96431518976539,79.65763979528082
M15-0591,MTF,M15-0591 MTF,M15-0591,,2026-01-19 00:00:00+00:00,2026-01-19 10:15:00+00:00,1,4672.375,4651.682709466431,3.0,-0.11115250852818544,-0.13373277818185236,time_exit,79.65763979528082,79.12499792161921
M15-0591,MTF,M15-0591 MTF,M15-0591,,2026-01-20 01:00:00+00:00,2026-01-20 01:15:00+00:00,-1,4660.115,4668.4275384518605,3.0,-1.0,-1.056061274507029,stop,79.12499792161921,74.94695561409564
M15-0591,MTF,M15-0591 MTF,M15-0591,,2026-01-20 07:00:00+00:00,2026-01-20 14:15:00+00:00,1,4712.245,4703.865451600229,4.0,4.0,3.9437649289056105,target,74.94695561409564,89.72561436805144
M15-0591,MTF,M15-0591 MTF,M15-0591,,2026-01-21 00:15:00+00:00,2026-01-21 04:30:00+00:00,1,4776.445,4757.521033022679,4.0,4.0,3.9747598111657862,target,89.72561436805144,107.55750266916596
M15-0591,MTF,M15-0591 MTF,M15-0591,,2026-01-21 05:00:00+00:00,2026-01-21 07:00:00+00:00,1,4865.695,4848.134175476963,4.0,-1.0,-1.0277076682454005,stop,107.55750266916596,102.0306191556446
M15-0591,MTF,M15-0591 MTF,M15-0591,,2026-01-21 14:00:00+00:00,2026-01-21 14:15:00+00:00,1,4879.195,4865.565290340815,4.0,-1.0,-1.0357982313784078,stop,102.0306191556446,96.74646241225157
M15-0591,MTF,M15-0591 MTF,M15-0591,,2026-01-22 06:30:00+00:00,2026-01-22 16:45:00+00:00,1,4825.325,4799.29944600841,4.0,2.1275243561728963,2.108983636534193,time_exit,96.74646241225157,106.94829771825202
M15-0591,MTF,M15-0591 MTF,M15-0591,,2026-01-22 23:15:00+00:00,2026-01-23 08:30:00+00:00,1,4942.745,4922.7549122646,4.0,-1.0,-1.0247259795225758,stop,106.94829771825202,101.46866276137163
M15-0591,MTF,M15-0591 MTF,M15-0591,,2026-01-23 16:00:00+00:00,2026-01-26 00:00:00+00:00,1,4960.345,4941.993593559768,4.0,4.0,3.972970218843144,target,101.46866276137163,121.62526152621002
M15-0591,MTF,M15-0591 MTF,M15-0591,,2026-01-26 02:15:00+00:00,2026-01-26 05:30:00+00:00,1,5074.625,5054.707265404388,4.0,-1.0,-1.0254779225802009,stop,121.62526152621002,115.38906050005146
M15-0591,MTF,M15-0591 MTF,M15-0591,,2026-01-26 20:00:00+00:00,2026-01-27 01:15:00+00:00,-1,5028.265,5063.524607887628,3.0,-1.0,-1.0142606946056378,stop,115.38906050005146,109.53733106741775
M15-0591,MTF,M15-0591 MTF,M15-0591,,2026-01-28 02:15:00+00:00,2026-01-28 12:30:00+00:00,1,5209.785,5183.960197207335,4.0,1.9868496349011602,1.9666760636184406,time_exit,109.53733106741775,120.3085534215647
M15-0591,MTF,M15-0591 MTF,M15-0591,,2026-01-28 21:15:00+00:00,2026-01-28 23:45:00+00:00,1,5386.555,5350.063197837655,4.0,4.0,3.9852389997730553,target,120.3085534215647,144.28147037665968
M15-0591,MTF,M15-0591 MTF,M15-0591,,2026-01-30 03:15:00+00:00,2026-01-30 13:30:00+00:00,-1,5179.845,5318.068286765141,3.0,1.120918215924482,1.1171707684999381,time_exit,144.28147037665968,152.3408224337094
M15-0591,MTF,M15-0591 MTF,M15-0591,,2026-01-30 18:00:00+00:00,2026-01-30 20:00:00+00:00,-1,4848.798,4931.706554040554,3.0,-1.0,-1.00584836879151,stop,152.3408224337094,144.6792340464442
M15-0591,MTF,M15-0591 MTF,M15-0591,,2026-02-03 16:45:00+00:00,2026-02-03 17:15:00+00:00,1,4980.665,4937.97091623775,3.0,-1.0,-1.0116659372004229,stop,144.6792340464442,137.36088140119244
M15-0591,MTF,M15-0591 MTF,M15-0591,,2026-02-04 00:45:00+00:00,2026-02-04 11:00:00+00:00,1,4986.335,4942.252262815646,3.0,1.4053120100261585,1.3940007001609223,time_exit,137.36088140119244,146.93493964359163
M15-0591,MTF,M15-0591 MTF,M15-0591,,2026-02-04 23:30:00+00:00,2026-02-05 01:30:00+00:00,1,5019.125,4955.129976416347,3.0,-1.0,-1.007842992656201,stop,146.93493964359163,139.53057217878384
M15-0591,MTF,M15-0591 MTF,M15-0591,,2026-02-05 13:15:00+00:00,2026-02-05 17:00:00+00:00,-1,4824.715,4881.242195269216,4.0,-1.0,-1.0085352103125265,stop,139.53057217878384,132.494497430916
M15-0591,MTF,M15-0591 MTF,M15-0591,,2026-02-05 23:15:00+00:00,2026-02-06 02:30:00+00:00,-1,4768.375,4807.608092991599,4.0,-1.0,-1.0121539614555015,stop,132.494497430916,125.78925590862812
M15-0591,MTF,M15-0591 MTF,M15-0591,,2026-02-09 00:30:00+00:00,2026-02-09 00:45:00+00:00,1,5034.795,5017.356624133614,3.0,-1.0,-1.0288719261390904,stop,125.78925590862812,119.31820420791246
M15-0591,MTF,M15-0591 MTF,M15-0591,,2026-02-09 10:45:00+00:00,2026-02-09 12:00:00+00:00,-1,4986.615,5017.054161603965,3.0,-1.0,-1.0163822350460217,stop,119.31820420791246,113.25455905418667
M15-0591,MTF,M15-0591 MTF,M15-0591,,2026-02-09 15:00:00+00:00,2026-02-09 23:15:00+00:00,1,5037.605,5011.68745000614,3.0,-1.0,-1.0194370417002903,stop,113.25455905418667,107.48176442212312
M15-0591,MTF,M15-0591 MTF,M15-0591,,2026-02-11 11:45:00+00:00,2026-02-11 12:30:00+00:00,1,5108.315,5088.095362559558,4.0,-1.0,-1.0252641275841223,stop,107.48176442212312,101.9719045505506
M15-0591,MTF,M15-0591 MTF,M15-0591,,2026-02-18 11:45:00+00:00,2026-02-18 12:15:00+00:00,-1,4911.095,4922.135910900893,3.0,-1.0,-1.0444808860798165,stop,101.9719045505506,96.64651928954032
M15-0591,MTF,M15-0591 MTF,M15-0591,,2026-02-18 13:45:00+00:00,2026-02-18 15:15:00+00:00,1,4955.875,4941.617072079634,3.0,3.0,2.965241267681532,target,96.64651928954032,110.97553165829653
M15-0591,MTF,M15-0591 MTF,M15-0591,,2026-02-18 15:30:00+00:00,2026-02-18 18:30:00+00:00,1,5004.445,4989.81180700227,3.0,-1.0,-1.034199268750002,stop,110.97553165829653,105.23699097378888
M15-0591,MTF,M15-0591 MTF,M15-0591,,2026-02-19 15:30:00+00:00,2026-02-19 18:00:00+00:00,1,5016.005,4985.70137253873,3.0,-1.0,-1.0165524903129524,stop,105.23699097378888,99.88804471141654
M15-0591,MTF,M15-0591 MTF,M15-0591,,2026-02-20 15:00:00+00:00,2026-02-20 15:15:00+00:00,1,5053.915,5036.0755962517305,4.0,-1.0,-1.0283300668078117,stop,99.88804471141654,94.7521507268469
M15-0591,MTF,M15-0591 MTF,M15-0591,,2026-02-20 21:30:00+00:00,2026-02-23 00:00:00+00:00,1,5097.725,5081.97639516295,4.0,4.0,3.967630624726788,target,94.7521507268469,113.54922747597521
M15-0591,MTF,M15-0591 MTF,M15-0591,,2026-02-23 17:30:00+00:00,2026-02-23 17:45:00+00:00,1,5209.875,5197.694720122855,4.0,-1.0,-1.0427730319216701,stop,113.54922747597521,107.62892386560091
M15-0591,MTF,M15-0591 MTF,M15-0591,,2026-02-23 23:45:00+00:00,2026-02-24 00:15:00+00:00,1,5242.235,5220.408701163735,4.0,-1.0,-1.0240179750095326,stop,107.62892386560091,102.11822623213553
M15-0591,MTF,M15-0591 MTF,M15-0591,,2026-02-25 11:00:00+00:00,2026-02-25 12:30:00+00:00,-1,5174.715,5185.656193247514,3.0,-1.0,-1.0472957097360083,stop,102.11822623213553,96.7708272211972
M15-0591,MTF,M15-0591 MTF,M15-0591,,2026-02-25 16:45:00+00:00,2026-02-25 20:30:00+00:00,1,5207.445,5189.999174103195,4.0,-1.0,-1.0298492317348753,stop,96.7708272211972,91.78785911779228
M15-0591,MTF,M15-0591 MTF,M15-0591,,2026-02-25 23:00:00+00:00,2026-02-26 00:30:00+00:00,-1,5157.898,5182.6772763611,3.0,-1.0,-1.0208153697663958,stop,91.78785911779228,87.10293625052253
M15-0591,MTF,M15-0591 MTF,M15-0591,,2026-02-26 08:45:00+00:00,2026-02-26 16:00:00+00:00,-1,5173.855,5191.700465608923,3.0,-1.0,-1.028992546977384,stop,87.10293625052253,82.62152263944084
M15-0591,MTF,M15-0591 MTF,M15-0591,,2026-03-02 00:00:00+00:00,2026-03-02 00:30:00+00:00,1,5386.675,5350.088917849996,4.0,-1.0,-1.0147232900694707,stop,82.62152263944084,78.4296234752787
M15-0591,MTF,M15-0591 MTF,M15-0591,,2026-03-02 08:00:00+00:00,2026-03-02 10:15:00+00:00,1,5408.075,5382.887130204048,4.0,-1.0,-1.0214709502780945,stop,78.4296234752787,74.4239443742164
M15-0591,MTF,M15-0591 MTF,M15-0591,,2026-03-03 10:15:00+00:00,2026-03-03 11:15:00+00:00,-1,5272.585,5304.896556691013,3.0,3.0,2.9836820458685405,target,74.4239443742164,85.52681370481983
M15-0591,MTF,M15-0591 MTF,M15-0591,,2026-03-03 11:45:00+00:00,2026-03-03 13:00:00+00:00,-1,5123.498,5213.124131896004,3.0,-1.0,-1.0057165225047813,stop,85.52681370481983,81.22602722181355
M15-0591,MTF,M15-0591 MTF,M15-0591,,2026-03-04 15:15:00+00:00,2026-03-05 01:15:00+00:00,-1,5134.125,5181.480318466312,3.0,-1.0,-1.0108417072596656,stop,81.22602722181355,77.12069442027264
M15-0591,MTF,M15-0591 MTF,M15-0591,,2026-03-05 03:45:00+00:00,2026-03-05 05:00:00+00:00,1,5188.235,5172.427637723925,3.0,-1.0,-1.0328216365854574,stop,77.12069442027264,73.138098328985
M15-0591,MTF,M15-0591 MTF,M15-0591,,2026-03-06 09:15:00+00:00,2026-03-06 13:45:00+00:00,-1,5095.545,5118.627456961871,4.0,-1.0,-1.0220754012816624,stop,73.138098328985,69.40046576905625
M15-0591,MTF,M15-0591 MTF,M15-0591,,2026-03-09 19:00:00+00:00,2026-03-10 02:00:00+00:00,1,5122.945,5102.4683362760325,3.0,3.0,2.974981544508133,target,69.40046576905625,79.72372101121678
M15-0591,MTF,M15-0591 MTF,M15-0591,,2026-03-10 02:30:00+00:00,2026-03-10 03:30:00+00:00,1,5179.415,5162.213381964635,3.0,-1.0,-1.030110045400099,stop,79.72372101121678,75.61751071770031
M15-0591,MTF,M15-0591 MTF,M15-0591,,2026-03-11 13:45:00+00:00,2026-03-11 14:15:00+00:00,-1,5165.155,5184.14116126464,3.0,-1.0,-1.0272048410840142,stop,75.61751071770031,71.7337770637031
M15-0591,MTF,M15-0591 MTF,M15-0591,,2026-03-12 08:00:00+00:00,2026-03-12 12:30:00+00:00,1,5182.225,5166.710807566204,3.0,-1.0,-1.0334031244108512,stop,71.7337770637031,68.02728159653199
M15-0591,MTF,M15-0591 MTF,M15-0591,,2026-03-13 15:30:00+00:00,2026-03-15 23:30:00+00:00,-1,5062.915,5080.917985940221,4.0,4.0,3.971877359584619,target,68.02728159653199,81.53708257689964
M15-0591,MTF,M15-0591 MTF,M15-0591,,2026-03-16 08:15:00+00:00,2026-03-16 11:30:00+00:00,-1,4988.575,5008.509087088142,4.0,-1.0,-1.0250253496833943,stop,81.53708257689964,77.35820374787211
M15-0591,MTF,M15-0591 MTF,M15-0591,,2026-03-17 05:15:00+00:00,2026-03-17 06:00:00+00:00,1,5040.425,5031.048205639054,3.0,-1.0,-1.053754244851449,stop,77.35820374787211,73.28237696920193
M15-0591,MTF,M15-0591 MTF,M15-0591,,2026-03-18 12:30:00+00:00,2026-03-18 23:45:00+00:00,-1,4901.365,4934.113717129551,4.0,2.05992801895516,2.0449614326897785,time_exit,73.28237696920193,80.77535869909451
M15-0591,MTF,M15-0591 MTF,M15-0591,,2026-03-19 08:00:00+00:00,2026-03-19 13:00:00+00:00,-1,4727.525,4773.436787728821,4.0,4.0,3.9897030256632062,target,80.77535869909451,96.88884334913492
M15-0591,MTF,M15-0591 MTF,M15-0591,,2026-03-20 15:00:00+00:00,2026-03-20 16:30:00+00:00,-1,4563.705,4591.208474866107,4.0,-1.0,-1.0165931942135205,stop,96.88884334913492,91.9640164119374
M15-0591,MTF,M15-0591 MTF,M15-0591,,2026-03-23 00:30:00+00:00,2026-03-23 06:45:00+00:00,-1,4426.875,4476.265285539065,4.0,4.0,3.991036952000412,target,91.9640164119374,110.31560579965812
M15-0591,MTF,M15-0591 MTF,M15-0591,,2026-03-24 01:15:00+00:00,2026-03-24 06:30:00+00:00,-1,4330.805,4390.8062424830505,4.0,-1.0,-1.007217858865545,stop,110.31560579965812,104.76001338600875
M15-0591,MTF,M15-0591 MTF,M15-0591,,2026-03-24 13:30:00+00:00,2026-03-24 14:30:00+00:00,-1,4356.108,4409.619836044157,4.0,-1.0,-1.0081404569942347,stop,104.76001338600875,99.4793729975241
M15-0591,MTF,M15-0591 MTF,M15-0591,,2026-03-24 23:45:00+00:00,2026-03-25 10:00:00+00:00,1,4539.205,4480.204135597515,3.0,0.21270874803440448,0.20501529295375512,time_exit,99.4793729975241,100.49911263742125
M15-0591,MTF,M15-0591 MTF,M15-0591,,2026-03-27 03:00:00+00:00,2026-03-27 10:45:00+00:00,1,4431.925,4414.573937515027,3.0,-1.0,-1.0255426721207317,stop,100.49911263742125,95.34580621142408
M15-0591,MTF,M15-0591 MTF,M15-0591,,2026-03-27 11:00:00+00:00,2026-03-27 12:30:00+00:00,-1,4414.498,4431.610772232452,4.0,-1.0,-1.0257965099987034,stop,95.34580621142408,90.4555364486895
M15-0591,MTF,M15-0591 MTF,M15-0591,,2026-03-30 00:00:00+00:00,2026-03-30 01:45:00+00:00,-1,4448.675,4474.508499523283,3.0,-1.0,-1.017220566636706,stop,90.4555364486895,85.85487484660135
M15-0591,MTF,M15-0591 MTF,M15-0591,,2026-03-30 12:30:00+00:00,2026-03-30 14:00:00+00:00,1,4565.595,4536.708543844875,3.0,-1.0,-1.015805313658006,stop,85.85487484660135,81.4942829429703
M15-0591,MTF,M15-0591 MTF,M15-0591,,2026-03-30 14:30:00+00:00,2026-03-30 15:45:00+00:00,-1,4518.625,4549.861888316205,3.0,-1.0,-1.0144656694170648,stop,81.4942829429703,77.3606253280001
M15-0591,MTF,M15-0591 MTF,M15-0591,,2026-03-30 19:15:00+00:00,2026-03-30 22:15:00+00:00,-1,4497.645,4520.2848689469365,3.0,-1.0,-1.0198660381406877,stop,77.3606253280001,73.41575160493242
M15-0591,MTF,M15-0591 MTF,M15-0591,,2026-03-31 14:15:00+00:00,2026-04-01 00:30:00+00:00,1,4614.538,4582.933312017884,3.0,3.0,2.9853991977310095,target,73.41575160493242,84.37451790204165
M15-0591,MTF,M15-0591 MTF,M15-0591,,2026-04-01 01:00:00+00:00,2026-04-01 01:15:00+00:00,1,4710.495,4697.9022642279915,3.0,-1.0,-1.0374064467426583,stop,84.37451790204165,79.99798446142255
M15-0591,MTF,M15-0591 MTF,M15-0591,,2026-04-01 07:30:00+00:00,2026-04-01 15:15:00+00:00,1,4722.885,4706.577470836909,3.0,3.0,2.9710386230018875,target,79.99798446142255,91.88183954128212
M15-0591,MTF,M15-0591 MTF,M15-0591,,2026-04-02 14:15:00+00:00,2026-04-06 01:30:00+00:00,1,4647.465,4597.604263071197,3.0,-0.13938823266739628,-0.14870912378586532,time_exit,91.88183954128212,91.19865614878124
M15-0591,MTF,M15-0591 MTF,M15-0591,,2026-04-06 08:15:00+00:00,2026-04-06 12:30:00+00:00,1,4689.435,4660.4781189311625,3.0,-1.0,-1.01619454453279,stop,91.19865614878124,86.56487730642559
M15-0591,MTF,M15-0591 MTF,M15-0591,,2026-04-07 23:15:00+00:00,2026-04-08 09:30:00+00:00,1,4817.825,4758.3163418093,4.0,-0.3330607780885441,-0.3411567848655091,time_exit,86.56487730642559,85.08826754521871
M15-0591,MTF,M15-0591 MTF,M15-0591,,2026-04-09 14:15:00+00:00,2026-04-09 14:45:00+00:00,1,4770.535,4748.76723997304,4.0,-1.0,-1.0219155990055548,stop,85.08826754521871,80.74061615037786
M15-0591,MTF,M15-0591 MTF,M15-0591,,2026-04-13 12:00:00+00:00,2026-04-13 13:00:00+00:00,-1,4706.745,4723.337505253713,3.0,-1.0,-1.0283666928413158,stop,80.74061615037786,76.58906812995114
M15-0591,MTF,M15-0591 MTF,M15-0591,,2026-04-14 07:45:00+00:00,2026-04-14 10:45:00+00:00,1,4777.735,4766.636110081011,4.0,-1.0,-1.0430469626680945,stop,76.58906812995114,72.59476838562487
M15-0591,MTF,M15-0591 MTF,M15-0591,,2026-04-14 15:00:00+00:00,2026-04-14 15:15:00+00:00,1,4803.645,4793.372838904492,4.0,-1.0,-1.0467637233814444,stop,72.59476838562487,68.79528988295736
M15-0591,MTF,M15-0591 MTF,M15-0591,,2026-04-15 14:00:00+00:00,2026-04-15 15:15:00+00:00,1,4828.555,4808.830505610909,4.0,-1.0,-1.0244799937820994,stop,68.79528988295736,65.27131997538086
M15-0591,MTF,M15-0591 MTF,M15-0591,,2026-04-16 00:45:00+00:00,2026-04-16 01:45:00+00:00,1,4832.245,4813.399157099728,4.0,-1.0,-1.0256409067271288,stop,65.27131997538086,61.92407318523955
M15-0591,MTF,M15-0591 MTF,M15-0591,,2026-04-17 13:45:00+00:00,2026-04-17 21:00:00+00:00,1,4864.215,4833.28733113761,3.0,-1.0,-1.0157277130120697,stop,61.92407318523955,58.779173323397785
M15-0591,MTF,M15-0591 MTF,M15-0591,,2026-04-20 12:15:00+00:00,2026-04-20 15:00:00+00:00,1,4810.915,4793.566036944109,3.0,-1.0,-1.0277302740486642,stop,58.779173323397785,55.75871652799731
M15-0591,MTF,M15-0591 MTF,M15-0591,,2026-04-20 22:45:00+00:00,2026-04-21 00:45:00+00:00,1,4830.315,4818.538533318275,4.0,-1.0,-1.041016674445281,stop,55.75871652799731,52.856428845431665
M15-0591,MTF,M15-0591 MTF,M15-0591,,2026-04-21 15:30:00+00:00,2026-04-22 02:45:00+00:00,-1,4742.265,4776.451969408285,3.0,-0.261210635354985,-0.2750821925069648,time_exit,52.856428845431665,52.12943572868718
M15-0591,MTF,M15-0591 MTF,M15-0591,,2026-04-22 15:30:00+00:00,2026-04-22 19:00:00+00:00,-1,4735.105,4745.524258215566,3.0,-1.0,-1.0454457016232277,stop,52.12943572868718,49.40451100315716
M15-0591,MTF,M15-0591 MTF,M15-0591,,2026-04-24 02:45:00+00:00,2026-04-24 08:30:00+00:00,-1,4683.235,4697.29350434433,4.0,-1.0,-1.0333124697001541,stop,49.40451100315716,46.851996139207124
M15-0591,MTF,M15-0591 MTF,M15-0591,,2026-04-24 12:00:00+00:00,2026-04-24 13:00:00+00:00,1,4706.705,4691.048052856111,3.0,-1.0,-1.0300614478464092,stop,46.851996139207124,44.43897439032482
M15-0591,MTF,M15-0591 MTF,M15-0591,,2026-04-24 14:45:00+00:00,2026-04-24 20:15:00+00:00,1,4730.235,4705.215754507767,3.0,-1.0,-1.0189063854921945,stop,44.43897439032482,42.17501665177352
M15-0591,MTF,M15-0591 MTF,M15-0591,,2026-04-24 20:45:00+00:00,2026-04-27 00:15:00+00:00,-1,4707.105,4718.195560645279,3.0,3.0,2.9575575559202827,target,42.17501665177352,48.41176861024935
M15-0591,MTF,M15-0591 MTF,M15-0591,,2026-04-27 04:15:00+00:00,2026-04-27 05:45:00+00:00,1,4727.245,4713.9552439390045,3.0,-1.0,-1.035570592705416,stop,48.41176861024935,45.905078414567676
M15-0591,MTF,M15-0591 MTF,M15-0591,,2026-04-27 13:15:00+00:00,2026-04-28 00:30:00+00:00,-1,4695.835,4708.443641971222,4.0,0.08565553708836603,0.04841254921768321,time_exit,45.905078414567676,46.016197507972024
M15-0591,MTF,M15-0591 MTF,M15-0591,,2026-04-28 02:30:00+00:00,2026-04-28 06:00:00+00:00,-1,4675.385,4688.294347088248,4.0,4.0,3.963782947595729,target,46.016197507972024,55.13610845773686
M15-0591,MTF,M15-0591 MTF,M15-0591,,2026-04-28 11:15:00+00:00,2026-04-28 22:30:00+00:00,-1,4598.315,4616.647151799055,4.0,0.15164613682410202,0.12656280208847667,time_exit,55.13610845773686,55.48501747687012
M15-0591,MTF,M15-0591 MTF,M15-0591,,2026-04-29 01:30:00+00:00,2026-04-29 02:15:00+00:00,-1,4580.255,4601.198889180988,4.0,-1.0,-1.02186917129106,stop,55.48501747687012,52.650096035462155
M15-0591,MTF,M15-0591 MTF,M15-0591,,2026-04-29 13:30:00+00:00,2026-04-29 16:15:00+00:00,-1,4537.595,4560.955135728091,4.0,-1.0,-1.0194245232682597,stop,52.650096035462155,49.9664560829132
M15-0591,MTF,M15-0591 MTF,M15-0591,,2026-04-30 02:00:00+00:00,2026-04-30 02:45:00+00:00,1,4578.755,4564.539481203206,3.0,-1.0,-1.0322095525703412,stop,49.9664560829132,47.387663419069725
M15-0591,MTF,M15-0591 MTF,M15-0591,,2026-04-30 05:00:00+00:00,2026-04-30 05:30:00+00:00,-1,4541.725,4557.72869167275,4.0,-1.0,-1.0283792333223558,stop,47.387663419069725,44.951038970277686
M15-0591,MTF,M15-0591 MTF,M15-0591,,2026-04-30 07:15:00+00:00,2026-04-30 10:45:00+00:00,1,4591.535,4573.403884734335,3.0,3.0,2.9746759372894442,target,44.951038970277686,51.63677766932994
M15-0591,MTF,M15-0591 MTF,M15-0591,,2026-04-30 11:00:00+00:00,2026-04-30 12:45:00+00:00,1,4639.475,4624.676000930745,3.0,-1.0,-1.0313499242637196,stop,51.63677766932994,48.973998332405635
M15-0591,MTF,M15-0591 MTF,M15-0591,,2026-05-01 06:45:00+00:00,2026-05-01 09:15:00+00:00,-1,4593.158,4602.647893158094,3.0,3.0,2.951599476163938,target,48.973998332405635,56.201579723584736
M15-0591,MTF,M15-0591 MTF,M15-0591,,2026-05-01 20:00:00+00:00,2026-05-03 22:15:00+00:00,-1,4610.735,4625.704137620104,3.0,-1.0,-1.030801607393919,stop,56.201579723584736,53.304945787727306
M15-0591,MTF,M15-0591 MTF,M15-0591,,2026-05-04 01:30:00+00:00,2026-05-04 02:15:00+00:00,-1,4594.375,4614.89187756575,3.0,-1.0,-1.0223931491781653,stop,53.304945787727306,50.58001521819301
M15-0591,MTF,M15-0591 MTF,M15-0591,,2026-05-04 08:30:00+00:00,2026-05-04 16:15:00+00:00,-1,4574.778,4591.849965936565,4.0,4.0,3.97320298074048,target,50.58001521819301,60.62824857973417
M15-0591,MTF,M15-0591 MTF,M15-0591,,2026-05-05 12:15:00+00:00,2026-05-05 17:15:00+00:00,1,4565.075,4553.163782684797,3.0,-1.0,-1.0383258476375332,stop,60.62824857973417,57.48065469986759
M15-0591,MTF,M15-0591 MTF,M15-0591,,2026-05-05 23:45:00+00:00,2026-05-06 03:00:00+00:00,1,4584.965,4567.8542922892875,3.0,3.0,2.9732041182777644,target,57.48065469986759,66.02574066361501
M15-0591,MTF,M15-0591 MTF,M15-0591,,2026-05-06 03:45:00+00:00,2026-05-06 08:00:00+00:00,1,4647.505,4637.192874381802,3.0,3.0,2.9549316487010375,target,66.02574066361501,75.78081819940716
M15-0591,MTF,M15-0591 MTF,M15-0591,,2026-05-06 08:45:00+00:00,2026-05-06 09:15:00+00:00,1,4677.465,4669.025617792491,3.0,3.0,2.9445757416243312,target,75.78081819940716,86.93793614692807
M15-0591,MTF,M15-0591 MTF,M15-0591,,2026-05-07 22:45:00+00:00,2026-05-08 00:00:00+00:00,-1,4686.805,4705.34762925482,3.0,-1.0,-1.0252758383700182,stop,86.93793614692807,82.48116787846803
M15-0591,MTF,M15-0591 MTF,M15-0591,,2026-05-12 05:15:00+00:00,2026-05-12 14:45:00+00:00,-1,4712.535,4725.991857657167,3.0,3.0,2.96498042024328,target,82.48116787846803,94.70892026839087
M15-0591,MTF,M15-0591 MTF,M15-0591,,2026-05-12 15:00:00+00:00,2026-05-12 19:30:00+00:00,-1,4672.785,4702.776836673628,3.0,-1.0,-1.0155801895390713,stop,94.70892026839087,89.89969510853021
M15-0591,MTF,M15-0591 MTF,M15-0591,,2026-05-13 12:45:00+00:00,2026-05-13 15:45:00+00:00,-1,4682.655,4695.092536116467,3.0,-1.0,-1.0376493781095444,stop,89.89969510853021,85.23547697245002
M15-0591,MTF,M15-0591 MTF,M15-0591,,2026-05-14 20:00:00+00:00,2026-05-15 00:45:00+00:00,-1,4653.838,4666.013697401434,3.0,3.0,2.961777647336638,target,85.23547697245002,97.85790349530397
M15-0591,MTF,M15-0591 MTF,M15-0591,,2026-05-15 05:30:00+00:00,2026-05-15 13:45:00+00:00,-1,4588.635,4607.6300583461225,3.0,3.0,2.9758430065526134,target,97.85790349530397,112.41839138292401
M15-0591,MTF,M15-0591 MTF,M15-0591,,2026-05-18 01:15:00+00:00,2026-05-18 02:00:00+00:00,-1,4495.795,4520.339370111507,4.0,-1.0,-1.0183170111091675,stop,112.41839138292401,106.69451336758603
M15-0591,MTF,M15-0591 MTF,M15-0591,,2026-05-18 13:00:00+00:00,2026-05-18 14:45:00+00:00,1,4571.065,4548.545775477594,3.0,-1.0,-1.0202985009339556,stop,106.69451336758603,101.25150076524473
M15-0591,MTF,M15-0591 MTF,M15-0591,,2026-05-18 23:30:00+00:00,2026-05-19 00:30:00+00:00,1,4585.515,4572.223923914126,3.0,-1.0,-1.0345007053633044,stop,101.25150076524473,96.01426331720779
M15-0591,MTF,M15-0591 MTF,M15-0591,,2026-05-19 14:15:00+00:00,2026-05-20 01:30:00+00:00,-1,4492.475,4527.468634344485,4.0,0.5443847247321677,0.5315467469566237,time_exit,96.01426331720779,98.5660667835927
M15-0591,MTF,M15-0591 MTF,M15-0591,,2026-05-21 01:45:00+00:00,2026-05-21 02:15:00+00:00,1,4567.525,4555.897480637138,3.0,-1.0,-1.039282024458189,stop,98.5660667835927,93.44416971210603
M15-0591,MTF,M15-0591 MTF,M15-0591,,2026-05-22 01:45:00+00:00,2026-05-22 12:00:00+00:00,-1,4524.855,4539.588844797539,3.0,0.29659603857979816,0.26588541917137654,time_exit,93.44416971210603,94.68644182375726
M15-0591,MTF,M15-0591 MTF,M15-0591,,2026-05-22 15:00:00+00:00,2026-05-22 15:30:00+00:00,-1,4500.445,4514.512333015151,4.0,-1.0,-1.0319921693412162,stop,94.68644182375726,89.80065849851226
M15-0591,MTF,M15-0591 MTF,M15-0591,,2026-05-25 00:15:00+00:00,2026-05-25 01:15:00+00:00,1,4572.495,4563.34050359166,3.0,-1.0,-1.0499480779285089,stop,89.80065849851226,85.0863570591509
M15-0591,MTF,M15-0591 MTF,M15-0591,,2026-05-25 06:00:00+00:00,2026-05-25 07:15:00+00:00,-1,4553.185,4564.28091586545,3.0,-1.0,-1.0410347830247857,stop,85.0863570591509,80.65746419617876
M15-0591,MTF,M15-0591 MTF,M15-0591,,2026-05-26 18:15:00+00:00,2026-05-26 19:30:00+00:00,-1,4487.165,4502.021466920874,4.0,-1.0,-1.030203446242627,stop,80.65746419617876,76.50278431717403
M15-0591,MTF,M15-0591 MTF,M15-0591,,2026-05-27 06:15:00+00:00,2026-05-27 12:00:00+00:00,-1,4493.745,4509.598301234791,4.0,4.0,3.9716542003873725,target,76.50278431717403,91.69491455090571
M15-0591,MTF,M15-0591 MTF,M15-0591,,2026-05-27 12:00:00+00:00,2026-05-27 12:30:00+00:00,-1,4428.455,4453.380360407906,4.0,-1.0,-1.0177668644606455,stop,91.69491455090571,87.0287122674326
M15-0591,MTF,M15-0591 MTF,M15-0591,,2026-05-27 13:30:00+00:00,2026-05-27 14:15:00+00:00,-1,4404.605,4440.617210171458,4.0,-1.0,-1.0122308655287446,stop,87.0287122674326,82.62405483021682
M15-0591,MTF,M15-0591 MTF,M15-0591,,2026-05-28 01:45:00+00:00,2026-05-28 12:00:00+00:00,-1,4417.318,4441.243257933319,4.0,1.2360577295518462,1.2175947394670106,time_exit,82.62405483021682,87.65418555595211
M15-0591,MTF,M15-0591 MTF,M15-0591,,2026-05-28 13:30:00+00:00,2026-05-28 17:15:00+00:00,1,4428.445,4399.991326407465,3.0,3.0,2.9844362978804893,target,87.65418555595211,100.73410220766887
M15-0591,MTF,M15-0591 MTF,M15-0591,,2026-05-29 01:45:00+00:00,2026-05-29 12:00:00+00:00,1,4506.165,4491.095522525779,3.0,2.1274792078786837,2.0975766116691688,time_exit,100.73410220766887,111.29897704708377
M15-0591,MTF,M15-0591 MTF,M15-0591,,2026-06-01 07:30:00+00:00,2026-06-01 13:30:00+00:00,-1,4503.635,4515.636659275015,3.0,3.0,2.962474897038813,target,111.29897704708377,127.78499832548799
M15-0591,MTF,M15-0591 MTF,M15-0591,,2026-06-01 14:30:00+00:00,2026-06-01 15:45:00+00:00,-1,4455.965,4470.8005618788,3.0,-1.0,-1.0300357009488637,stop,127.78499832548799,121.20384280944081
M15-0591,MTF,M15-0591 MTF,M15-0591,,2026-06-02 13:15:00+00:00,2026-06-02 23:15:00+00:00,-1,4513.885,4526.737265313264,3.0,3.0,2.9648786817733876,target,121.20384280944081,139.171577294177
M15-0591,MTF,M15-0591 MTF,M15-0591,,2026-06-03 09:30:00+00:00,2026-06-03 10:15:00+00:00,-1,4439.715,4459.881672203885,4.0,-1.0,-1.0220151096577295,stop,139.171577294177,132.05980455269963
M15-0591,MTF,M15-0591 MTF,M15-0591,,2026-06-04 11:45:00+00:00,2026-06-04 14:45:00+00:00,1,4491.305,4472.238936356058,3.0,-1.0,-1.0235565404788047,stop,132.05980455269963,125.30127071848621
M15-0591,MTF,M15-0591 MTF,M15-0591,,2026-06-04 23:30:00+00:00,2026-06-05 01:45:00+00:00,-1,4469.095,4476.5894182093525,3.0,3.0,2.9403676859876455,target,125.30127071848621,143.72286109017753
M15-0591,MTF,M15-0591 MTF,M15-0591,,2026-06-05 02:45:00+00:00,2026-06-05 07:15:00+00:00,-1,4442.675,4460.506087906169,4.0,-1.0,-1.0249153333962475,stop,143.72286109017753,136.35767288563244
M15-0591,MTF,M15-0591 MTF,M15-0591,,2026-06-05 14:30:00+00:00,2026-06-08 01:45:00+00:00,-1,4360.945,4392.669353394533,4.0,1.1045142375080967,1.0907678738052151,time_exit,136.35767288563244,143.79440133215687
M15-0591,MTF,M15-0591 MTF,M15-0591,,2026-06-08 23:45:00+00:00,2026-06-09 01:30:00+00:00,-1,4319.475,4328.877440573877,4.0,-1.0,-1.0459399340635147,stop,143.79440133215687,136.27438599975392
M15-0591,MTF,M15-0591 MTF,M15-0591,,2026-06-09 15:15:00+00:00,2026-06-10 01:45:00+00:00,-1,4294.695,4322.183648637094,4.0,4.0,3.984376478244898,target,136.27438599975392,163.42280890798818
M15-0591,MTF,M15-0591 MTF,M15-0591,,2026-06-10 08:45:00+00:00,2026-06-10 19:00:00+00:00,-1,4170.345,4188.664182302007,4.0,4.0,3.97723509198583,target,163.42280890798818,195.92135542897543
M15-0591,MTF,M15-0591 MTF,M15-0591,,2026-06-10 23:00:00+00:00,2026-06-11 00:45:00+00:00,-1,4045.685,4074.02712676606,4.0,-1.0,-1.014274458065175,stop,195.92135542897543,185.98545409891952
M15-0591,MTF,M15-0591 MTF,M15-0591,,2026-06-15 09:15:00+00:00,2026-06-15 12:30:00+00:00,1,4339.965,4326.626560690018,3.0,-1.0,-1.0325372774066006,stop,185.98545409891952,176.3836083782931
M15-0591,MTF,M15-0591 MTF,M15-0591,,2026-06-16 08:15:00+00:00,2026-06-16 14:30:00+00:00,1,4337.655,4325.572952335903,3.0,-1.0,-1.035901654426426,stop,176.3836083782931,167.2478047916543
M15-0591,MTF,M15-0591 MTF,M15-0591,,2026-06-16 15:00:00+00:00,2026-06-16 16:00:00+00:00,-1,4323.895,4336.1376609236295,3.0,-1.0,-1.035318261503548,stop,167.2478047916543,158.59006946679528
M15-0591,MTF,M15-0591 MTF,M15-0591,,2026-06-17 04:45:00+00:00,2026-06-17 09:45:00+00:00,-1,4322.995,4334.662396339179,3.0,-1.0,-1.0370519255052923,stop,158.59006946679528,150.3667626214674
M15-0591,MTF,M15-0591 MTF,M15-0591,,2026-06-17 14:15:00+00:00,2026-06-17 15:00:00+00:00,1,4342.165,4331.7254638248405,4.0,-1.0,-1.0415934666746216,stop,150.3667626214674,142.5357107438907
M15-0591,MTF,M15-0591 MTF,M15-0591,,2026-06-18 09:30:00+00:00,2026-06-18 19:45:00+00:00,-1,4266.115,4282.79419064217,4.0,3.13624330593973,3.1106658358362713,time_exit,142.5357107438907,164.70475903377377
M15-0591,MTF,M15-0591 MTF,M15-0591,,2026-06-18 23:45:00+00:00,2026-06-19 04:45:00+00:00,-1,4194.555,4208.792117671254,4.0,4.0,3.9705378918903707,target,164.70475903377377,197.40308336968738
M15-0591,MTF,M15-0591 MTF,M15-0591,,2026-06-19 04:45:00+00:00,2026-06-19 07:15:00+00:00,-1,4135.085,4156.09826189269,4.0,-1.0,-1.019678453640929,stop,197.40308336968738,187.33869982996967
M15-0591,MTF,M15-0591 MTF,M15-0591,,2026-06-23 05:30:00+00:00,2026-06-23 14:15:00+00:00,-1,4124.995,4141.213300991524,4.0,-1.0,-1.0254341993169058,stop,187.33869982996967,177.73352434690892
M15-0591,MTF,M15-0591 MTF,M15-0591,,2026-06-23 22:45:00+00:00,2026-06-24 02:45:00+00:00,-1,4103.795,4115.66210033441,4.0,4.0,3.9654187216391805,target,177.73352434690892,212.9729165923162
M15-0591,MTF,M15-0591 MTF,M15-0591,,2026-06-24 03:15:00+00:00,2026-06-24 05:45:00+00:00,-1,4057.555,4078.211409701212,4.0,-1.0,-1.0196430795994618,stop,212.9729165923162,202.11509856504279
M15-0591,MTF,M15-0591 MTF,M15-0591,,2026-06-24 12:15:00+00:00,2026-06-24 23:30:00+00:00,-1,4037.985,4059.5902138200986,4.0,1.852330661165268,1.8336407975350195,time_exit,202.11509856504279,220.6454230913765
M15-0591,MTF,M15-0591 MTF,M15-0591,,2026-06-26 00:30:00+00:00,2026-06-26 01:15:00+00:00,-1,4015.215,4025.1584678085474,4.0,-1.0,-1.040380429416673,stop,220.6454230913765,209.16766409014502
M15-0591,MTF,M15-0591 MTF,M15-0591,,2026-06-26 02:45:00+00:00,2026-06-26 05:30:00+00:00,-1,3992.005,4017.609569754594,3.0,-1.0,-1.0155909864460182,stop,209.16766409014502,198.54622437484903
M15-0591,MTF,M15-0591 MTF,M15-0591,,2026-06-26 08:30:00+00:00,2026-06-26 14:00:00+00:00,1,4035.435,4024.553738395384,3.0,3.0,2.9629139051459985,target,198.54622437484903,227.95999282557293
M15-0591,MTF,M15-0591 MTF,M15-0591,,2026-06-26 14:15:00+00:00,2026-06-28 22:30:00+00:00,1,4082.115,4056.7455536078787,3.0,-1.0,-1.0160906743367792,stop,227.95999282557293,216.3785916839757
M15-0591,MTF,M15-0591 MTF,M15-0591,,2026-06-28 23:30:00+00:00,2026-06-29 01:00:00+00:00,-1,4056.675,4071.4472130110803,3.0,-1.0,-1.0274615252092374,stop,216.3785916839757,205.2625577922635
M15-0591,MTF,M15-0591 MTF,M15-0591,,2026-06-29 14:45:00+00:00,2026-06-30 01:15:00+00:00,-1,4020.715,4036.5372614993694,3.0,3.0,2.974588240750791,target,205.2625577922635,235.79113732602832
M15-0591,MTF,M15-0591 MTF,M15-0591,,2026-06-30 20:30:00+00:00,2026-07-01 02:15:00+00:00,-1,4012.635,4023.1511374205666,4.0,4.0,3.9618430718473445,target,235.79113732602832,282.4995115169349
M15-0591,MTF,M15-0591 MTF,M15-0591,,2026-07-01 07:15:00+00:00,2026-07-01 08:00:00+00:00,-1,3961.265,3978.1140676929417,4.0,-1.0,-1.0235102919175723,stop,282.4995115169349,268.0424536419714
M15-0591,MTF,M15-0591 MTF,M15-0591,,2026-07-01 11:45:00+00:00,2026-07-01 13:15:00+00:00,1,4029.055,4013.7770877398398,3.0,-1.0,-1.0263717642266248,stop,268.0424536419714,254.28689334036423
M15-0591,MTF,M15-0591 MTF,M15-0591,,2026-07-03 00:30:00+00:00,2026-07-03 01:30:00+00:00,1,4136.865,4121.672056208339,3.0,3.0,2.9727711425992984,target,254.28689334036423,292.08373026353723
M15-0591,MTF,M15-0591 MTF,M15-0591,,2026-07-07 11:45:00+00:00,2026-07-07 19:00:00+00:00,1,4147.995,4131.982848080883,3.0,-1.0,-1.025905293810307,stop,292.08373026353723,277.101218007876
M15-0591,MTF,M15-0591 MTF,M15-0591,,2026-07-07 20:15:00+00:00,2026-07-08 03:15:00+00:00,-1,4112.775,4128.586719033077,3.0,-1.0,-1.0260109289280703,stop,277.101218007876,262.885774103108
M15-0591,MTF,M15-0591 MTF,M15-0591,,2026-07-08 03:30:00+00:00,2026-07-08 08:30:00+00:00,1,4129.485,4112.9619039675445,3.0,-1.0,-1.024992198749488,stop,262.885774103108,249.41298072221272
M15-0591,MTF,M15-0591 MTF,M15-0591,,2026-07-08 15:15:00+00:00,2026-07-08 17:00:00+00:00,-1,4033.655,4062.78781704086,3.0,-1.0,-1.0138457430819088,stop,249.41298072221272,236.76966628348345
M15-0591,MTF,M15-0591 MTF,M15-0591,,2026-07-09 06:45:00+00:00,2026-07-09 17:00:00+00:00,1,4102.615,4090.108792101634,3.0,2.011001272678937,1.9781966445027481,time_exit,236.76966628348345,260.18851425158454
M15-0591,MTF,M15-0591 MTF,M15-0591,,2026-07-10 08:15:00+00:00,2026-07-10 12:15:00+00:00,-1,4107.185,4115.101607647201,3.0,-1.0,-1.0518806183536527,stop,260.18851425158454,246.50415148861077
M15-0591,MTF,M15-0591 MTF,M15-0591,,2026-07-13 14:15:00+00:00,2026-07-14 01:30:00+00:00,-1,4035.875,4059.1657350290984,4.0,1.6435720020074447,1.6262437597044097,time_exit,246.50415148861077,266.54794339359
M15-0591,MTF,M15-0591 MTF,M15-0591,,2026-07-14 19:30:00+00:00,2026-07-15 01:15:00+00:00,-1,4051.415,4060.5501968680665,3.0,-1.0,-1.0443495094688364,stop,266.54794339359,252.62948269693885
M15-0591,MTF,M15-0591 MTF,M15-0591,,2026-07-15 02:00:00+00:00,2026-07-15 12:15:00+00:00,-1,4036.485,4055.3271175912564,4.0,-0.06156420552953955,-0.08298687726720633,time_exit,252.62948269693885,251.5812361032064
M15-0591,MTF,M15-0591 MTF,M15-0591,,2026-07-16 02:00:00+00:00,2026-07-16 12:15:00+00:00,-1,4038.665,4046.572552244166,3.0,0.8978758256371797,0.8468023091393343,time_exit,251.5812361032064,262.23321468662255
M15-0591,MTF,M15-0591 MTF,M15-0591,,2026-07-16 13:45:00+00:00,2026-07-16 15:30:00+00:00,-1,3986.135,4009.976767320735,4.0,-1.0,-1.016719125500958,stop,262.23321468662255,248.90233845094815
M15-0591,MTF,M15-0591 MTF,M15-0591,,2026-07-21 01:15:00+00:00,2026-07-21 06:45:00+00:00,1,4028.705,4012.895586906287,3.0,3.0,2.974517048949767,target,248.90233845094815,285.9205509132387
M15-0591,MTF,M15-0591 MTF,M15-0591,,2026-07-21 13:00:00+00:00,2026-07-21 14:15:00+00:00,-1,4053.715,4064.364674918685,3.0,-1.0,-1.0380642135178018,stop,285.9205509132387,271.0803563226223
M15-0591,MTF,M15-0591 MTF,M15-0591,,2026-07-21 19:30:00+00:00,2026-07-22 02:30:00+00:00,1,4083.855,4070.1496206733004,3.0,3.0,2.9702025394361455,target,271.0803563226223,311.3385344596577
M15-0591,MTF,M15-0591 MTF,M15-0591,,2026-07-22 14:45:00+00:00,2026-07-22 17:45:00+00:00,1,4150.685,4141.402314388723,4.0,-1.0,-1.044714268842172,stop,311.3385344596577,295.07554399013696
M15-0591,MTF,M15-0591 MTF,M15-0591,,2026-07-24 03:30:00+00:00,2026-07-24 07:15:00+00:00,-1,4030.135,4042.57526730704,3.0,-1.0,-1.0323958874880395,stop,295.07554399013696,279.8438050844513
M15-0591,MTF,M15-0591 MTF,M15-0591,,2026-07-24 14:30:00+00:00,2026-07-27 01:45:00+00:00,1,4065.955,4047.0684391485815,3.0,1.9357679933165146,1.9142396958568177,time_exit,279.8438050844513,306.628211101065
M15-0591,MTF,M15-0591 MTF,M15-0591,,2026-07-27 14:30:00+00:00,2026-07-27 16:45:00+00:00,-1,4068.115,4090.4005883773752,3.0,-1.0,-1.018254465312345,stop,306.628211101065,291.0169338438452
M15-0591,MTF,M15-0591 MTF,M15-0591,,2026-07-29 06:30:00+00:00,2026-07-29 10:45:00+00:00,1,4040.885,4028.7643609649595,3.0,-1.0,-1.0333388774990973,stop,291.0169338438452,275.98097825627383
M15-0591,MTF,M15-0591 MTF,M15-0591,,2026-07-29 13:15:00+00:00,2026-07-29 17:00:00+00:00,-1,4015.495,4028.0696016418956,4.0,-1.0,-1.0319333774091204,stop,275.98097825627383,261.7412791066404
M15-0591,MTF,M15-0591 MTF,M15-0591,,2026-07-30 06:15:00+00:00,2026-07-30 08:15:00+00:00,-1,4032.215,4052.4878736117107,3.0,-1.0,-1.0198897062016448,stop,261.7412791066404,248.39391729419467
M15-0591,MTF,M15-0591 MTF,M15-0591,,2026-07-30 09:15:00+00:00,2026-07-30 14:00:00+00:00,1,4065.705,4050.70255420281,3.0,3.0,2.9728997187861093,target,248.39391729419467,285.3164276377993
M15-0591,MTF,M15-0591 MTF,M15-0591,,2026-07-30 14:45:00+00:00,2026-07-30 15:15:00+00:00,1,4110.475,4083.950830591243,3.0,-1.0,-1.0154970922431332,stop,285.3164276377993,270.8295275060301
M15-0591,MTF,M15-0591 MTF,M15-0591,,2026-07-31 12:45:00+00:00,2026-08-02 22:15:00+00:00,-1,4044.375,4060.0042361560736,3.0,-1.0,-1.0258769843875468,stop,270.8295275060301,256.9376385579806
M15-0591,MTF,M15-0591 MTF,M15-0591,,2026-08-03 13:15:00+00:00,2026-08-03 19:45:00+00:00,-1,4038.635,4054.268375264913,3.0,-1.0,-1.0258334168505772,stop,256.9376385579806,243.75887777400803
M15-0591,MTF,M15-0591 MTF,M15-0591,,2026-08-03 20:15:00+00:00,2026-08-04 01:15:00+00:00,1,4052.255,4045.3494479317487,3.0,-1.0,-1.0586811157160112,stop,243.75887777400803,230.85573173963454
M15-0591,MTF,M15-0591 MTF,M15-0591,,2026-08-05 02:30:00+00:00,2026-08-05 05:45:00+00:00,1,4103.875,4091.68918588966,4.0,4.0,3.9663225209014326,target,230.85573173963454,276.6381461335391
M15-0591,MTF,M15-0591 MTF,M15-0591,,2026-08-05 06:45:00+00:00,2026-08-05 09:00:00+00:00,1,4175.465,4158.903629444838,4.0,-1.0,-1.025212074001318,stop,276.6381461335391,262.45750775626686
M15-0591,MTF,M15-0591 MTF,M15-0591,,2026-08-05 12:00:00+00:00,2026-08-05 15:15:00+00:00,1,4188.495,4172.814248032633,4.0,4.0,3.9732889404237963,target,262.45750775626686,314.5984834012252
M15-0591,MTF,M15-0591 MTF,M15-0591,,2026-08-06 00:30:00+00:00,2026-08-06 04:30:00+00:00,1,4273.685,4259.7279705085975,4.0,-1.0,-1.0306203050056781,stop,314.5984834012252,298.38690415536047
M15-0591,MTF,M15-0591 MTF,M15-0591,,2026-08-07 02:00:00+00:00,2026-08-07 12:15:00+00:00,1,4256.595,4237.753523689248,4.0,3.096360340230225,3.0737687187999505,time_exit,298.38690415536047,344.24552075997576
M15-0591,MTF,M15-0591 MTF,M15-0591,,2026-08-10 06:00:00+00:00,2026-08-10 11:15:00+00:00,1,4347.215,4330.303766397383,4.0,-1.0,-1.0257060785874732,stop,344.24552075997576,326.59078460147487
M15-0591,MTF,M15-0591 MTF,M15-0591,,2026-08-10 16:15:00+00:00,2026-08-11 01:00:00+00:00,1,4361.225,4347.3807102553965,4.0,4.0,3.968498022791672,target,326.59078460147487,391.39452874912155
M15-0591,MTF,M15-0591 MTF,M15-0591,,2026-08-11 02:15:00+00:00,2026-08-11 03:00:00+00:00,1,4433.695,4413.139108482957,4.0,-1.0,-1.0215689745021477,stop,391.39452874912155,371.40270338112197
M15-0591,MTF,M15-0591 MTF,M15-0591,,2026-08-11 06:15:00+00:00,2026-08-11 12:15:00+00:00,-1,4372.515,4393.037859235244,3.0,-1.0,-1.0213055839338956,stop,371.40270338112197,352.43692063855775
M15-0591,MTF,M15-0591 MTF,M15-0591,,2026-08-12 01:30:00+00:00,2026-08-12 11:45:00+00:00,1,4390.425,4377.021026805206,4.0,1.69427375524894,1.6615191015638284,time_exit,352.43692063855775,381.7159544254227
M15-0591,MTF,M15-0591 MTF,M15-0591,,2026-08-13 20:00:00+00:00,2026-08-13 22:45:00+00:00,-1,4349.915,4359.83948182907,3.0,-1.0,-1.0438301472552312,stop,381.7159544254227,361.79362337954467
M15-0591,MTF,M15-0591 MTF,M15-0591,,2026-08-14 12:15:00+00:00,2026-08-16 23:30:00+00:00,1,4371.515,4360.0164382679495,3.0,0.25481447752133846,0.21679654882843985,time_exit,361.79362337954467,365.7154038263858
M15-0591,MTF,M15-0591 MTF,M15-0591,,2026-08-17 00:45:00+00:00,2026-08-17 11:00:00+00:00,1,4395.355,4377.2415077139585,3.0,0.18825745726729035,0.16399181632632595,time_exit,365.7154038263858,368.71412049298607
M15-0591,MTF,M15-0591 MTF,M15-0591,,2026-08-18 01:00:00+00:00,2026-08-18 01:30:00+00:00,1,4434.105,4419.854993022982,4.0,-1.0,-1.0311165110806704,stop,368.71412049298607,349.7047596175408
M15-0591,MTF,M15-0591 MTF,M15-0591,,2026-08-18 02:45:00+00:00,2026-08-18 13:00:00+00:00,-1,4394.755,4408.676994130216,3.0,0.05746303241601459,0.02589603878784149,time_exit,349.7047596175408,350.1575580185082
M15-0591,MTF,M15-0591 MTF,M15-0591,,2026-08-19 14:30:00+00:00,2026-08-20 01:45:00+00:00,1,4485.835,4453.16410275152,3.0,0.23139860354928146,0.21766823377742384,time_exit,350.1575580185082,353.96846687839343
M15-0591,MTF,M15-0591 MTF,M15-0591,,2026-08-20 16:00:00+00:00,2026-08-21 03:15:00+00:00,1,4521.465,4497.240235400703,4.0,0.44045835641719716,0.42179371684364636,time_exit,353.96846687839343,361.43355064289767
M15-0591,MTF,M15-0591 MTF,M15-0591,,2026-08-21 06:30:00+00:00,2026-08-21 16:00:00+00:00,1,4555.215,4540.311747728543,4.0,4.0,3.9694347588229166,target,361.43355064289767,433.1678955892327
M15-0591,MTF,M15-0591 MTF,M15-0591,,2026-08-24 03:00:00+00:00,2026-08-24 13:15:00+00:00,1,4643.315,4625.4545644347345,4.0,1.8722947644700485,1.8462969942419232,time_exit,433.1678955892327,473.15572477065774
M15-0591,MTF,M15-0591 MTF,M15-0591,,2026-08-25 00:45:00+00:00,2026-08-25 01:15:00+00:00,1,4693.425,4673.8184480588,4.0,-1.0,-1.023938043844096,stop,473.15572477065774,448.93161740789265
M15-0591,MTF,M15-0591 MTF,M15-0591,,2026-08-25 03:00:00+00:00,2026-08-25 13:15:00+00:00,-1,4629.235,4658.147143194419,3.0,0.21893914807469944,0.2029277615480392,time_exit,448.93161740789265,453.4866518183289
M15-0591,MTF,M15-0591 MTF,M15-0591,,2026-08-26 07:30:00+00:00,2026-08-26 13:30:00+00:00,-1,4631.125,4640.008509033553,3.0,3.0,2.947868291882092,target,453.4866518183289,520.3275979026802
M15-0591,MTF,M15-0591 MTF,M15-0591,,2026-08-26 22:45:00+00:00,2026-08-27 01:00:00+00:00,1,4610.595,4601.106425785957,3.0,-1.0,-1.0485910200625956,stop,520.3275979026802,493.0470555701056
M15-0591,MTF,M15-0591 MTF,M15-0591,,2026-08-27 10:00:00+00:00,2026-08-27 12:00:00+00:00,-1,4580.325,4599.970090721111,3.0,-1.0,-1.0233153670045305,stop,493.0470555701056,467.8199241390443
M15-0591,MTF,M15-0591 MTF,M15-0591,,2026-08-28 07:30:00+00:00,2026-08-28 14:15:00+00:00,1,4607.195,4586.868991363838,3.0,-1.0,-1.0226665012421743,stop,467.8199241390443,443.8987358875115
M15-0591,MTF,M15-0591 MTF,M15-0591,,2026-08-28 16:30:00+00:00,2026-08-31 03:45:00+00:00,-1,4480.765,4531.741801262077,3.0,1.142480472648387,1.1336906606376962,time_exit,443.8987358875115,469.0609284447391
M15-0591,MTF,M15-0591 MTF,M15-0591,,2026-08-31 14:30:00+00:00,2026-08-31 14:45:00+00:00,-1,4419.915,4434.698305122152,4.0,-1.0,-1.0298980164684344,stop,469.0609284447391,444.90668245433517
M15-0591,MTF,M15-0591 MTF,M15-0591,,2026-08-31 20:45:00+00:00,2026-09-01 01:30:00+00:00,1,4447.965,4440.385798752368,3.0,-1.0,-1.0586864612071036,stop,444.90668245433517,421.35584839358654
M15-0591,MTF,M15-0591 MTF,M15-0591,,2026-09-02 01:45:00+00:00,2026-09-02 11:45:00+00:00,-1,4308.805,4332.183594225443,4.0,-1.0,-1.0184305564246066,stop,421.35584839358654,399.89976483697444
M15-0591,MTF,M15-0591 MTF,M15-0591,,2026-09-02 14:00:00+00:00,2026-09-03 01:15:00+00:00,1,4384.845,4355.4087415132335,3.0,0.5472842279613092,0.5323881602359519,time_exit,399.89976483697444,410.54485984099176
M15-0591,MTF,M15-0591 MTF,M15-0591,,2026-09-03 01:15:00+00:00,2026-09-03 11:30:00+00:00,1,4400.915,4384.637626257346,3.0,2.039026720448559,2.0119897114716894,time_exit,410.54485984099176,451.8454615458749
M15-0591,MTF,M15-0591 MTF,M15-0591,,2026-09-07 02:15:00+00:00,2026-09-07 02:45:00+00:00,-1,4403.335,4417.566656261581,4.0,-1.0,-1.0309404254787065,stop,451.8454615458749,428.55417392703856
M15-0591,MTF,M15-0591 MTF,M15-0591,,2026-09-08 00:30:00+00:00,2026-09-08 06:15:00+00:00,1,4421.105,4409.895967006409,3.0,-1.0,-1.039442340856057,stop,428.55417392703856,406.28130624052085
M15-0591,MTF,M15-0591 MTF,M15-0591,,2026-09-08 07:00:00+00:00,2026-09-08 13:15:00+00:00,-1,4403.605,4412.397439843834,3.0,-1.0,-1.0500839935013937,stop,406.28130624052085,384.9498314134204
M15-0591,MTF,M15-0591 MTF,M15-0591,,2026-09-09 06:00:00+00:00,2026-09-09 15:15:00+00:00,1,4398.655,4383.0797078442465,3.0,-1.0,-1.0282412359011528,stop,384.9498314134204,365.1587668927966
M15-0591,MTF,M15-0591 MTF,M15-0591,,2026-09-10 06:00:00+00:00,2026-09-10 06:15:00+00:00,1,4430.748,4416.414995169562,3.0,-1.0,-1.0309129038357034,stop,365.1587668927966,346.33642265587076
M15-0591,MTF,M15-0591 MTF,M15-0591,,2026-09-10 09:00:00+00:00,2026-09-10 12:45:00+00:00,-1,4394.565,4406.784749606916,3.0,3.0,2.9640371927300984,target,346.33642265587076,397.66412455332534
M15-0591,MTF,M15-0591 MTF,M15-0591,,2026-09-11 07:00:00+00:00,2026-09-11 07:45:00+00:00,1,4352.948,4344.484640270046,3.0,-1.0,-1.0514328604584016,stop,397.66412455332534,376.7582681542859
M15-0591,MTF,M15-0591 MTF,M15-0591,,2026-09-11 13:15:00+00:00,2026-09-11 18:15:00+00:00,1,4389.168,4350.484698936071,3.0,-1.0,-1.011346415324655,stop,376.7582681542859,357.70661195719777
M15-0591,MTF,M15-0591 MTF,M15-0591,,2026-09-11 18:45:00+00:00,2026-09-14 06:00:00+00:00,-1,4346.935,4361.267546252075,3.0,0.6827816793951582,0.6524525604546149,time_exit,357.70661195719777,369.3759417003487
M15-0591,MTF,M15-0591 MTF,M15-0591,,2026-09-14 08:30:00+00:00,2026-09-14 13:15:00+00:00,-1,4310.368,4322.890271532738,4.0,4.0,3.9655783857686577,target,369.3759417003487,442.615404231841
M15-0591,MTF,M15-0591 MTF,M15-0591,,2026-09-15 08:00:00+00:00,2026-09-15 13:00:00+00:00,-1,4280.745,4293.694641301269,4.0,-1.0,-1.0330568615794817,stop,442.615404231841,419.75306021271706
