year,feed,entry_time,month,hour_utc,session,technique,direction,direction_text,net_r,gross_r,target_r,reason,h1_bias,h4_bias,h1_align_trade,h4_align_trade,both_align_trade,both_oppose_trade,htf_state,router_mode,h4_adx,h4_adx_band,m15_adx,m15_adx_band,range_atr,range_atr_band,atr
2024,secondary,2024-01-02 05:45:00+00:00,2024-01,5,ASIA,M15-0591 MTF,1,LONG,-1.0698952764830783,-1.0,3.0,stop,0,1,False,True,False,False,NEUTRAL_MIX,MIXED,23.11525781108285,22-30,13.154093622368709,<15,0.8252415603283043,0.6-1.0 ATR,1.878237929974768
2024,secondary,2024-01-03 07:15:00+00:00,2024-01,7,LONDON,Structural Frequency M15,-1,SHORT,1.9408608945514405,2.0,2.0,target,0,0,False,False,False,False,NEUTRAL_MIX,MIXED,18.034586140946573,18-22,28.468742434287332,25+,1.56773347356977,1.5+ ATR,1.5691442719523951
2024,secondary,2024-01-04 04:15:00+00:00,2024-01,4,ASIA,Structural Portfolio MTF,-1,SHORT,-1.0570735683342922,-1.0,3.0,stop,-1,0,True,False,False,False,NEUTRAL_MIX,MIXED,22.18692950688532,22-30,15.942144524050711,15-20,1.1075006632594218,1.0-1.5 ATR,1.9051907326089603
2024,secondary,2024-01-04 12:00:00+00:00,2024-01,12,OTHER,Outcome First M15,-1,SHORT,0.25144683349926417,0.29410596510112036,3.0,time_exit,-1,-1,True,True,True,False,STRONG_ALIGNED,TREND,22.21887386554356,22-30,19.15843500737531,15-20,1.3586041879392796,1.0-1.5 ATR,2.14190418801369
2024,secondary,2024-01-05 06:45:00+00:00,2024-01,6,OTHER,V1 Legacy M15,-1,SHORT,-1.0506787685382553,-1.0,2.0,stop,-1,-1,True,True,True,False,STRONG_ALIGNED,TREND,24.16505778440481,22-30,17.361209684497855,15-20,1.2898663551450364,1.0-1.5 ATR,1.4807735641614714
2024,secondary,2024-01-05 09:45:00+00:00,2024-01,9,LONDON,V1 Legacy M15,-1,SHORT,1.924272150273666,2.0,2.0,target,-1,-1,True,True,True,False,STRONG_ALIGNED,TREND,24.384491132364612,22-30,12.464745380302741,<15,0.9338699658180438,0.6-1.0 ATR,1.7561331449001882
2024,secondary,2024-01-05 16:15:00+00:00,2024-01,16,NEW_YORK,Structural Frequency M15,-1,SHORT,1.9767920357582147,2.0,2.0,target,0,0,False,False,False,False,NEUTRAL_MIX,MIXED,23.62824686254003,22-30,20.796154690077685,20-25,0.8197779267518255,0.6-1.0 ATR,5.379505663776387
2024,secondary,2024-01-08 11:15:00+00:00,2024-01,11,LONDON,V1 Legacy M15,-1,SHORT,-1.0316939764226083,-1.0,3.0,stop,-1,-1,True,True,True,False,STRONG_ALIGNED,TREND,19.37663945960435,18-22,44.432618913806934,25+,1.1973684481604951,1.0-1.5 ATR,2.313406541032131
2024,secondary,2024-01-09 01:45:00+00:00,2024-01,1,ASIA,Structural Portfolio MTF,-1,SHORT,-1.05044158343634,-1.0,3.0,stop,0,-1,False,True,False,False,NEUTRAL_MIX,MIXED,20.959086426296107,18-22,26.63181338448602,25+,0.9619238401472042,0.6-1.0 ATR,1.8816458480984932
2024,secondary,2024-01-09 08:00:00+00:00,2024-01,8,LONDON,M15-0591 MTF,1,LONG,-1.0654190672931918,-1.0,3.0,stop,0,-1,False,False,False,False,NEUTRAL_MIX,MIXED,19.57195247187011,18-22,23.405028641215335,20-25,0.929771036819384,0.6-1.0 ATR,2.204843901153037
2024,secondary,2024-01-09 08:30:00+00:00,2024-01,8,LONDON,Structural Portfolio MTF,-1,SHORT,-1.0299512592370699,-1.0,3.0,stop,0,-1,False,True,False,False,NEUTRAL_MIX,MIXED,19.57195247187011,18-22,20.885541719641733,20-25,0.7878924854954997,0.6-1.0 ATR,2.436880710688082
2024,secondary,2024-01-09 11:15:00+00:00,2024-01,11,LONDON,Structural Portfolio MTF,-1,SHORT,-1.042101185406369,-1.0,3.0,stop,0,-1,False,True,False,False,NEUTRAL_MIX,MIXED,19.57195247187011,18-22,17.40803080715567,15-20,0.8520102079423522,0.6-1.0 ATR,2.3121788702011883
2024,secondary,2024-01-10 07:30:00+00:00,2024-01,7,LONDON,Outcome First M15,1,LONG,-1.0404408410615429,-1.0,3.0,stop,-1,-1,False,False,False,True,ALIGNED_WEAK,MIXED,14.630345836852978,<18,26.065199031862633,25+,1.3209717319888545,1.0-1.5 ATR,1.9606778383519343
2024,secondary,2024-01-11 08:30:00+00:00,2024-01,8,LONDON,Structural Frequency M15,-1,SHORT,-1.0795837405778352,-1.0,3.0,stop,0,0,False,False,False,False,NEUTRAL_MIX,MIXED,11.287892519585597,<18,40.4725614671041,25+,1.1770969787091718,1.0-1.5 ATR,1.750068207854023
2024,secondary,2024-01-12 00:30:00+00:00,2024-01,0,ASIA,Structural Portfolio MTF,-1,SHORT,-1.0428579305523478,-1.0,2.0,stop,0,0,False,False,False,False,NEUTRAL_MIX,MIXED,11.045811642381281,<18,27.84337245039344,25+,0.5078605100356138,<0.6 ATR,2.894495576938918
2024,secondary,2024-01-12 18:30:00+00:00,2024-01,18,OTHER,Structural Portfolio MTF,1,LONG,1.0731009690993825,1.1077708077021478,3.0,time_exit,1,0,True,False,False,False,NEUTRAL_MIX,MIXED,14.57994997398027,<18,29.31370205639618,25+,0.952512746066869,0.6-1.0 ATR,3.7374827945344853
2024,secondary,2024-01-15 16:15:00+00:00,2024-01,16,NEW_YORK,Structural Portfolio MTF,1,LONG,-1.0427801285364715,-1.0,4.0,stop,1,1,True,True,True,False,STRONG_ALIGNED,TREND,24.557511788218044,22-30,17.66558148638973,15-20,0.9570862222888091,0.6-1.0 ATR,1.8075696418059768
2024,secondary,2024-01-16 14:00:00+00:00,2024-01,14,NEW_YORK,Outcome First M15,1,LONG,-1.0300527572936997,-1.0,2.0,stop,-1,0,False,False,False,False,NEUTRAL_MIX,MIXED,24.296798322629,22-30,48.35943368142147,25+,1.7424118718440678,1.5+ ATR,3.701765411626666
2024,secondary,2024-01-17 05:15:00+00:00,2024-01,5,ASIA,V1 Legacy M15,-1,SHORT,-1.0438971686245708,-1.0,2.0,stop,-1,-1,True,True,True,False,STRONG_ALIGNED,TREND,22.229626412654024,22-30,20.065695090942118,20-25,2.3398972313556694,1.5+ ATR,2.149667059132223
2024,secondary,2024-01-17 15:15:00+00:00,2024-01,15,NEW_YORK,M15-0591 MTF,-1,SHORT,0.22260991951718734,0.2472340652353176,4.0,time_exit,-1,-1,True,True,True,False,STRONG_ALIGNED,TREND,21.902568364568396,18-22,27.430753916856645,25+,0.974394873917343,0.6-1.0 ATR,3.745914616038394
2024,secondary,2024-01-18 13:30:00+00:00,2024-01,13,NEW_YORK,Structural Frequency M15,-1,SHORT,-1.0329144214714252,-1.0,3.0,stop,0,-1,False,True,False,False,NEUTRAL_MIX,MIXED,25.912721868430236,22-30,11.635555975100019,<15,1.4741058647475207,1.0-1.5 ATR,2.211510094329861
2024,secondary,2024-01-19 16:15:00+00:00,2024-01,16,NEW_YORK,Structural Frequency M15,1,LONG,-1.045996558632443,-1.0,3.0,stop,1,0,True,False,False,False,NEUTRAL_MIX,MIXED,20.015846024665144,18-22,27.633528874036024,25+,1.0230066073036626,1.0-1.5 ATR,3.069383890174441
2024,secondary,2024-01-22 13:30:00+00:00,2024-01,13,NEW_YORK,Outcome First M15,-1,SHORT,-1.0375625625201699,-1.0,2.0,stop,1,0,False,False,False,False,NEUTRAL_MIX,MIXED,19.752059154189872,18-22,23.191796923944082,20-25,1.1478274590024091,1.0-1.5 ATR,2.4132546910904384
2024,secondary,2024-01-25 07:45:00+00:00,2024-01,7,LONDON,Outcome First M15,1,LONG,-1.0629804695099694,-1.0,3.0,stop,-1,-1,False,False,False,True,ALIGNED_WEAK,MIXED,16.833494297330407,<18,10.587635997836957,<15,1.502269697341773,1.5+ ATR,1.517703514911053
2024,secondary,2024-01-25 12:30:00+00:00,2024-01,12,NEW_YORK,Structural Portfolio MTF,-1,SHORT,-1.0389785278191799,-1.0,4.0,stop,-1,-1,True,True,True,False,ALIGNED_WEAK,MIXED,16.33715568836107,<18,14.86834396034646,<15,1.3160577087885896,1.0-1.5 ATR,1.7856359826067558
2024,secondary,2024-01-25 15:45:00+00:00,2024-01,15,NEW_YORK,Structural Frequency M15,-1,SHORT,-0.0819615493207077,-0.04450008220308658,3.0,time_exit,0,-1,False,True,False,False,NEUTRAL_MIX,MIXED,16.33715568836107,<18,15.206114484944598,15-20,1.1799033126213585,1.0-1.5 ATR,3.432484642323939
2024,secondary,2024-01-29 12:00:00+00:00,2024-01,12,OTHER,Structural Portfolio MTF,1,LONG,2.9283141115553213,3.0,3.0,target,1,0,True,False,False,False,NEUTRAL_MIX,MIXED,14.831166416194272,<18,25.05629083636169,25+,0.843403107890408,0.6-1.0 ATR,1.7903657051690647
2024,secondary,2024-01-29 16:00:00+00:00,2024-01,16,NEW_YORK,Structural Portfolio MTF,1,LONG,2.4298256302208183,2.468983672599751,3.0,time_exit,0,0,False,False,False,False,NEUTRAL_MIX,MIXED,14.926256539589833,<18,26.513115376371164,25+,0.793851420176798,0.6-1.0 ATR,2.8216867074460112
2024,secondary,2024-01-30 14:00:00+00:00,2024-01,14,NEW_YORK,V1 Legacy M15,1,LONG,1.9572360748325088,2.0,2.0,target,1,1,True,True,True,False,STRONG_ALIGNED,TREND,19.19395549285963,18-22,16.75550876371691,15-20,1.0390366481687234,1.0-1.5 ATR,2.049975815341985
2024,secondary,2024-01-30 17:00:00+00:00,2024-01,17,OTHER,Structural Frequency M15,1,LONG,0.2713780098292108,0.3051386122196784,3.0,time_exit,1,1,True,True,True,False,STRONG_ALIGNED,TREND,21.366131191450094,18-22,23.748159495510368,20-25,0.6966698450117847,0.6-1.0 ATR,3.100464323905886
2024,secondary,2024-01-31 13:45:00+00:00,2024-01,13,NEW_YORK,Outcome First M15,1,LONG,-1.0395759295630684,-1.0,3.0,stop,1,1,True,True,True,False,STRONG_ALIGNED,TREND,28.452789856594144,22-30,17.931881953770784,15-20,2.327482812228256,1.5+ ATR,1.8689719112620904
2024,secondary,2024-02-01 10:30:00+00:00,2024-02,10,LONDON,M15-0591 MTF,-1,SHORT,-1.0505108100531002,-1.0,3.0,stop,0,1,False,False,False,False,NEUTRAL_MIX,MIXED,33.86556509534713,30+,24.201719009717028,20-25,1.1929984070908686,1.0-1.5 ATR,2.062031252831893
2024,secondary,2024-02-02 03:15:00+00:00,2024-02,3,ASIA,Structural Portfolio MTF,1,LONG,-1.0785661070574806,-1.0,4.0,stop,1,1,True,True,True,False,STRONG_ALIGNED,TREND,32.6288679244256,30+,12.31256850389603,<15,0.8069249037969961,0.6-1.0 ATR,1.8465163151973885
2024,secondary,2024-02-05 03:15:00+00:00,2024-02,3,ASIA,M15-0591 MTF,-1,SHORT,2.9404211652711676,3.0,3.0,target,-1,0,True,False,False,False,NEUTRAL_MIX,MIXED,27.053006901853664,22-30,15.299589363805243,15-20,1.0800558871606316,1.0-1.5 ATR,2.194330893589594
2024,secondary,2024-02-06 06:30:00+00:00,2024-02,6,OTHER,Structural Portfolio MTF,-1,SHORT,-1.0743775107752425,-1.0,3.0,stop,0,-1,False,True,False,False,NEUTRAL_MIX,MIXED,28.440933342283916,22-30,19.266965466861716,15-20,1.0915635943026092,1.0-1.5 ATR,1.456626080513207
2024,secondary,2024-02-07 07:15:00+00:00,2024-02,7,LONDON,Structural Portfolio MTF,1,LONG,-1.0953069615752573,-1.0,3.0,stop,1,0,True,False,False,False,NEUTRAL_MIX,MIXED,22.128004534170373,22-30,14.03821692506458,<15,1.1575123095103454,1.0-1.5 ATR,1.045345254696831
2024,secondary,2024-02-07 09:45:00+00:00,2024-02,9,LONDON,Structural Frequency M15,1,LONG,-1.0566804499060491,-1.0,2.0,stop,0,0,False,False,False,False,NEUTRAL_MIX,MIXED,21.095567284201454,18-22,13.607269720369029,<15,0.8954448552137332,0.6-1.0 ATR,1.2954454908596267
2024,secondary,2024-02-07 13:30:00+00:00,2024-02,13,NEW_YORK,Structural Frequency M15,1,LONG,1.953848923193898,2.0,2.0,target,1,0,True,False,False,False,NEUTRAL_MIX,MIXED,20.3210869608193,18-22,12.808330035564397,<15,1.8062862526191923,1.5+ ATR,1.5888954454691195
2024,secondary,2024-02-08 02:15:00+00:00,2024-02,2,ASIA,V1 Legacy M15,1,LONG,-1.1028346364174655,-1.0,2.0,stop,1,1,True,True,True,False,STRONG_ALIGNED,TREND,18.079399389695205,18-22,17.95313229580789,15-20,1.2553792305414875,1.0-1.5 ATR,1.3223095934796274
2024,secondary,2024-02-08 11:15:00+00:00,2024-02,11,LONDON,Outcome First M15,-1,SHORT,1.963340944234667,2.0,2.0,target,1,0,False,False,False,False,NEUTRAL_MIX,MIXED,17.22864552084883,<18,23.047804930730408,20-25,1.9836305761345772,1.5+ ATR,2.0618758599547
2024,secondary,2024-02-08 13:45:00+00:00,2024-02,13,NEW_YORK,M15-0591 MTF,-1,SHORT,-1.0452433794510927,-1.0,4.0,stop,-1,-1,True,True,True,False,ALIGNED_WEAK,MIXED,17.30688291177848,<18,31.13212137262615,25+,1.7884277294023683,1.5+ ATR,2.354022995050881
2024,secondary,2024-02-12 09:00:00+00:00,2024-02,9,LONDON,Outcome First M15,-1,SHORT,-1.0515137420418434,-1.0,3.0,stop,-1,-1,True,True,True,False,ALIGNED_WEAK,MIXED,17.694749104432397,<18,21.43948579443518,20-25,1.396974461005629,1.0-1.5 ATR,1.3815571106509204
2024,secondary,2024-02-12 14:15:00+00:00,2024-02,14,NEW_YORK,M15-0591 MTF,-1,SHORT,-0.2853299453447323,-0.2315881783111245,4.0,time_exit,-1,-1,True,True,True,False,STRONG_ALIGNED,TREND,19.038950849374356,18-22,17.077325166183908,15-20,1.1183643311809972,1.0-1.5 ATR,2.0744581486698834
2024,secondary,2024-02-13 03:15:00+00:00,2024-02,3,ASIA,V1 Legacy M15,-1,SHORT,-1.0629403147374277,-1.0,2.0,stop,-1,-1,True,True,True,False,STRONG_ALIGNED,TREND,25.227723902037567,22-30,13.555017304327638,<15,1.6272979732720032,1.5+ ATR,1.1552893390630843
2024,secondary,2024-02-13 11:45:00+00:00,2024-02,11,LONDON,Structural Portfolio MTF,1,LONG,-1.0848206117667878,-1.0,3.0,stop,0,0,False,False,False,False,NEUTRAL_MIX,MIXED,27.55903092770714,22-30,55.947561643119165,25+,1.2503423306092656,1.0-1.5 ATR,1.3116407881677772
2024,secondary,2024-02-13 19:30:00+00:00,2024-02,19,OTHER,V1 Legacy M15,-1,SHORT,0.2452037697929668,0.29081121117216646,3.0,time_exit,-1,-1,True,True,True,False,STRONG_ALIGNED,TREND,29.350281640149028,22-30,45.86558004072492,25+,0.5316473183721281,<0.6 ATR,2.6709435953665666
2024,secondary,2024-02-14 15:00:00+00:00,2024-02,15,NEW_YORK,V1 Legacy M15,-1,SHORT,-1.0334825933840492,-1.0,2.0,stop,-1,-1,True,True,True,False,STRONG_ALIGNED,TREND,39.50165087424555,30+,17.883854635472368,15-20,2.212100346652191,1.5+ ATR,2.4592012782027557
2024,secondary,2024-02-14 19:45:00+00:00,2024-02,19,OTHER,V1 Legacy M15,-1,SHORT,-1.0424407194517962,-1.0,2.0,stop,-1,-1,True,True,True,False,STRONG_ALIGNED,TREND,41.385827419783936,30+,16.472506819728856,15-20,0.557779457845047,<0.6 ATR,2.384454969242352
2024,secondary,2024-02-15 15:45:00+00:00,2024-02,15,NEW_YORK,Structural Frequency M15,-1,SHORT,-0.5119059160678182,-0.48368068059644187,2.0,time_exit,0,-1,False,True,False,False,NEUTRAL_MIX,MIXED,44.53153836922717,30+,53.069936147299266,25+,2.1512721522920644,1.5+ ATR,2.9145545315220276
2024,secondary,2024-02-16 14:00:00+00:00,2024-02,14,NEW_YORK,Structural Frequency M15,-1,SHORT,-1.0306185399407854,-1.0,3.0,stop,0,0,False,False,False,False,NEUTRAL_MIX,MIXED,32.11866964947373,30+,29.66516256004035,25+,2.8283548126479103,1.5+ ATR,2.2698707995513683
2024,secondary,2024-02-19 08:00:00+00:00,2024-02,8,LONDON,Outcome First M15,-1,SHORT,1.9131708391678304,2.0,2.0,target,1,0,False,False,False,False,NEUTRAL_MIX,MIXED,25.03561570374477,22-30,37.49161915130634,25+,0.8639893862472894,0.6-1.0 ATR,1.5740934109237348
2024,secondary,2024-02-19 13:30:00+00:00,2024-02,13,NEW_YORK,Structural Frequency M15,1,LONG,-1.0845620723594358,-1.0,3.0,stop,1,0,True,False,False,False,NEUTRAL_MIX,MIXED,23.936329320205903,22-30,20.45394215334829,20-25,1.351141638971681,1.0-1.5 ATR,1.4654274155200468
2024,secondary,2024-02-19 16:45:00+00:00,2024-02,16,NEW_YORK,Structural Portfolio MTF,1,LONG,2.940917735123258,3.0,3.0,target,0,0,False,False,False,False,NEUTRAL_MIX,MIXED,22.23351031889114,22-30,21.702959421267686,20-25,0.7417653247095396,0.6-1.0 ATR,1.4290233914816928
2024,secondary,2024-02-21 02:30:00+00:00,2024-02,2,ASIA,M15-0591 MTF,1,LONG,0.4842075266339825,0.5662091748111229,4.0,time_exit,1,1,True,True,True,False,STRONG_ALIGNED,TREND,19.501753156384147,18-22,24.978877546342215,20-25,1.1021880701624673,1.0-1.5 ATR,1.1976177530259082
2024,secondary,2024-02-21 13:15:00+00:00,2024-02,13,NEW_YORK,V1 Legacy M15,1,LONG,-1.05573643907546,-1.0,2.0,stop,1,1,True,True,True,False,STRONG_ALIGNED,TREND,21.958990395329444,18-22,18.159471838182572,15-20,1.5945659530353296,1.5+ ATR,1.436127490142909
2024,secondary,2024-02-21 19:30:00+00:00,2024-02,19,OTHER,Structural Portfolio MTF,1,LONG,0.6758966310773951,0.716657321468884,3.0,time_exit,0,1,False,True,False,False,NEUTRAL_MIX,MIXED,21.834979852393815,18-22,24.8218618342296,20-25,0.8966771420623137,0.6-1.0 ATR,2.2750663581189214
2024,secondary,2024-02-22 16:00:00+00:00,2024-02,16,NEW_YORK,Structural Portfolio MTF,1,LONG,-1.063514535848665,-1.0,3.0,stop,0,0,False,False,False,False,NEUTRAL_MIX,MIXED,19.024868122299356,18-22,33.10748005077271,25+,0.5480314542969298,<0.6 ATR,2.55459789583821
2024,secondary,2024-02-22 19:00:00+00:00,2024-02,19,OTHER,Structural Portfolio MTF,1,LONG,-1.0597854240995142,-1.0,2.0,stop,0,0,False,False,False,False,NEUTRAL_MIX,MIXED,19.024868122299356,18-22,31.690492408441767,25+,0.5063500689896192,<0.6 ATR,2.231657640049172
2024,secondary,2024-02-23 09:00:00+00:00,2024-02,9,LONDON,Structural Portfolio MTF,-1,SHORT,-1.0615152917391273,-1.0,3.0,stop,-1,0,True,False,False,False,NEUTRAL_MIX,MIXED,15.64295364893967,<18,27.144451687104386,25+,0.8834093967715769,0.6-1.0 ATR,1.6300483165138837
2024,secondary,2024-02-26 12:45:00+00:00,2024-02,12,NEW_YORK,Structural Portfolio MTF,1,LONG,-1.0806333049160888,-1.0,3.0,stop,0,1,False,True,False,False,NEUTRAL_MIX,MIXED,17.20461982397567,<18,15.362158346598218,15-20,0.5207988532190846,<0.6 ATR,1.6129067773629586
2024,secondary,2024-02-26 16:00:00+00:00,2024-02,16,NEW_YORK,Structural Portfolio MTF,1,LONG,1.694380190891867,1.739225240798317,3.0,time_exit,0,1,False,True,False,False,NEUTRAL_MIX,MIXED,16.266153134446846,<18,19.349837813838864,15-20,1.2355372892813212,1.0-1.5 ATR,2.2500332641656033
2024,secondary,2024-02-27 11:45:00+00:00,2024-02,11,LONDON,Outcome First M15,1,LONG,-1.0577512210936015,-1.0,3.0,stop,1,1,True,True,True,False,ALIGNED_WEAK,MIXED,15.268977823887848,<18,34.20818284770184,25+,1.6606243308020194,1.5+ ATR,1.4873923946466023
2024,secondary,2024-02-27 18:15:00+00:00,2024-02,18,OTHER,Structural Portfolio MTF,1,LONG,-1.037168024334009,-1.0,3.0,stop,0,1,False,True,False,False,NEUTRAL_MIX,MIXED,16.224497245219457,<18,17.613594311258495,15-20,1.6598290870640124,1.5+ ATR,2.048403673907144
2024,secondary,2024-02-28 14:45:00+00:00,2024-02,14,NEW_YORK,Structural Portfolio MTF,-1,SHORT,-0.8835813444216023,-0.8453921624690025,3.0,time_exit,0,0,False,False,False,False,NEUTRAL_MIX,MIXED,13.484717360737418,<18,35.779443488937545,25+,0.8088607069480227,0.6-1.0 ATR,1.829734078175336
2024,secondary,2024-02-29 13:30:00+00:00,2024-02,13,NEW_YORK,Structural Frequency M15,1,LONG,2.953220038897448,3.0,3.0,target,0,0,False,False,False,False,NEUTRAL_MIX,MIXED,15.31603991087283,<18,35.07496838442889,25+,1.7652906174275713,1.5+ ATR,1.5408227818962092
2024,secondary,2024-03-01 02:15:00+00:00,2024-03,2,ASIA,V1 Legacy M15,1,LONG,-1.0961898923087785,-1.0,2.0,stop,1,1,True,True,True,False,STRONG_ALIGNED,TREND,18.617533480467486,18-22,12.156134770406759,<15,1.077268670086931,1.0-1.5 ATR,1.1603419227806284
2024,secondary,2024-03-01 10:45:00+00:00,2024-03,10,LONDON,M15-0591 MTF,1,LONG,-1.0404685587838567,-1.0,4.0,stop,1,1,True,True,True,False,STRONG_ALIGNED,TREND,20.872485592936656,18-22,25.008256431997893,25+,1.8974053362939622,1.5+ ATR,2.2715230728815965
2024,secondary,2024-03-01 17:15:00+00:00,2024-03,17,OTHER,M15-0591 MTF,1,LONG,-0.5053313906376817,-0.4812711786738189,4.0,time_exit,1,1,True,True,True,False,STRONG_ALIGNED,TREND,25.636388339888743,22-30,39.94477373601939,25+,1.2624252009165582,1.0-1.5 ATR,4.2061897973398565
2024,secondary,2024-03-04 06:15:00+00:00,2024-03,6,OTHER,V1 Legacy M15,1,LONG,1.9095142896202797,2.0,2.0,target,1,1,True,True,True,False,STRONG_ALIGNED,TREND,36.852621037141255,30+,15.103087589829377,15-20,1.2166137267857142,1.0-1.5 ATR,1.3151257172045059
2024,secondary,2024-03-04 13:45:00+00:00,2024-03,13,NEW_YORK,V1 Legacy M15,1,LONG,1.9478278568671819,2.0,2.0,target,1,1,True,True,True,False,STRONG_ALIGNED,TREND,40.93165092408931,30+,15.202569838255313,15-20,2.4441923373948864,1.5+ ATR,1.8615556273487648
2024,secondary,2024-03-04 14:45:00+00:00,2024-03,14,NEW_YORK,M15-0591 MTF,1,LONG,2.1562584496562436,2.1882557814062418,4.0,time_exit,1,1,True,True,True,False,STRONG_ALIGNED,TREND,40.93165092408931,30+,28.571523607944492,25+,2.2842579402494994,1.5+ ATR,2.8455630537460377
2024,secondary,2024-03-05 05:00:00+00:00,2024-03,5,ASIA,V1 Legacy M15,1,LONG,1.944933832327412,2.0,2.0,target,1,1,True,True,True,False,STRONG_ALIGNED,TREND,50.16704289823517,30+,21.988727442831653,20-25,0.8575872483437129,0.6-1.0 ATR,1.7257719291633498
2024,secondary,2024-03-05 13:15:00+00:00,2024-03,13,NEW_YORK,V1 Legacy M15,1,LONG,-0.2581479082101042,-0.22512068534640667,3.0,time_exit,1,1,True,True,True,False,STRONG_ALIGNED,TREND,53.53305370591963,30+,34.22727890833461,25+,1.5786067772091765,1.5+ ATR,2.6098963082396653
2024,secondary,2024-03-06 07:30:00+00:00,2024-03,7,LONDON,M15-0591 MTF,1,LONG,-1.0763434002388406,-1.0,4.0,stop,1,1,True,True,True,False,STRONG_ALIGNED,TREND,59.772448706282816,30+,14.075507032830934,<15,0.7550610099191564,0.6-1.0 ATR,1.5495436588957079
2024,secondary,2024-03-06 10:00:00+00:00,2024-03,10,LONDON,Outcome First M15,1,LONG,2.954378398516882,3.0,3.0,target,1,1,True,True,True,False,STRONG_ALIGNED,TREND,60.708881991216494,30+,14.806465844250825,<15,1.9901626201771887,1.5+ ATR,2.060133156171367
2024,secondary,2024-03-06 18:30:00+00:00,2024-03,18,OTHER,V1 Legacy M15,1,LONG,-1.0230711732351443,-1.0,3.0,stop,1,1,True,True,True,False,STRONG_ALIGNED,TREND,62.87501316798411,30+,27.67032511715749,25+,1.123370036114246,1.0-1.5 ATR,4.121527058007435
2024,secondary,2024-03-06 21:45:00+00:00,2024-03,21,OTHER,V1 Legacy M15,1,LONG,1.950626820509507,2.0,2.0,target,1,1,True,True,True,False,STRONG_ALIGNED,TREND,64.11082948652731,30+,17.244108512845493,15-20,0.8681010020263155,0.6-1.0 ATR,3.0987177686940517
2024,secondary,2024-03-07 13:00:00+00:00,2024-03,13,NEW_YORK,Outcome First M15,1,LONG,-1.044716677000808,-1.0,3.0,stop,1,1,True,True,True,False,STRONG_ALIGNED,TREND,68.65869074988002,30+,15.687140709854297,15-20,1.619550180578235,1.5+ ATR,2.3710287251665636
2024,secondary,2024-03-07 19:45:00+00:00,2024-03,19,OTHER,V1 Legacy M15,1,LONG,-1.05416566138638,-1.0,2.0,stop,1,1,True,True,True,False,STRONG_ALIGNED,TREND,68.61307061882212,30+,8.943388237484264,<15,0.4744670494889499,<0.6 ATR,2.97175536534849
2024,secondary,2024-03-08 03:45:00+00:00,2024-03,3,ASIA,Structural Portfolio MTF,1,LONG,2.9459180812009387,3.0,3.0,target,0,1,False,True,False,False,NEUTRAL_MIX,MIXED,68.59959860648908,30+,13.612109015017133,<15,1.1380444352879795,1.0-1.5 ATR,1.8979926732415078
2024,secondary,2024-03-08 16:45:00+00:00,2024-03,16,NEW_YORK,V1 Legacy M15,1,LONG,-0.06533942218559326,-0.04465022016812658,3.0,time_exit,1,1,True,True,True,False,STRONG_ALIGNED,TREND,67.11561449407833,30+,32.17199800439259,25+,0.9148358645164009,0.6-1.0 ATR,4.962638847133405
2024,secondary,2024-03-11 10:00:00+00:00,2024-03,10,LONDON,Structural Portfolio MTF,1,LONG,-1.0445620117044545,-1.0,4.0,stop,1,1,True,True,True,False,STRONG_ALIGNED,TREND,70.22862955029406,30+,9.725322849455148,<15,0.9685506817254615,0.6-1.0 ATR,2.333383314514425
2024,secondary,2024-03-11 14:00:00+00:00,2024-03,14,NEW_YORK,Structural Portfolio MTF,1,LONG,-1.0293861805703333,-1.0,4.0,stop,1,1,True,True,True,False,STRONG_ALIGNED,TREND,70.64874506630936,30+,12.419848816771543,<15,1.6251143130527999,1.5+ ATR,2.9474849624589683
2024,secondary,2024-03-12 06:15:00+00:00,2024-03,6,OTHER,M15-0591 MTF,-1,SHORT,-1.082566814057112,-1.0,3.0,stop,0,1,False,False,False,False,NEUTRAL_MIX,MIXED,71.35279250641275,30+,20.72891484156162,20-25,0.9926139116647767,0.6-1.0 ATR,1.7630218350103135
2024,secondary,2024-03-13 23:30:00+00:00,2024-03,23,OTHER,V1 Legacy M15,1,LONG,-1.0715227099952473,-1.0,3.0,stop,1,1,True,True,True,False,STRONG_ALIGNED,TREND,41.940962851687026,30+,37.14137902728514,25+,0.6675781404909205,0.6-1.0 ATR,1.7226447815598176
2024,secondary,2024-03-14 08:30:00+00:00,2024-03,8,LONDON,Structural Frequency M15,1,LONG,-1.093099197559724,-1.0,2.0,stop,0,1,False,True,False,False,NEUTRAL_MIX,MIXED,38.556068942713594,30+,40.73349072131023,25+,1.2951439448139672,1.0-1.5 ATR,1.40524920591829
2024,secondary,2024-03-18 11:00:00+00:00,2024-03,11,LONDON,Structural Portfolio MTF,1,LONG,0.6164209816587892,0.6628696343275639,3.0,time_exit,0,0,False,False,False,False,NEUTRAL_MIX,MIXED,24.07477979107019,22-30,38.74801631806254,25+,0.9520346685010277,0.6-1.0 ATR,1.7646416202941277
2024,secondary,2024-03-19 13:45:00+00:00,2024-03,13,NEW_YORK,Structural Portfolio MTF,-1,SHORT,-1.0298762211509578,-1.0,3.0,stop,-1,0,True,False,False,False,NEUTRAL_MIX,MIXED,17.592313694171786,<18,20.81928751000681,20-25,1.5724737977162762,1.5+ ATR,2.7218259574284156
2024,secondary,2024-03-20 01:15:00+00:00,2024-03,1,ASIA,Structural Portfolio MTF,1,LONG,-1.0729133222840905,-1.0,2.0,stop,0,0,False,False,False,False,NEUTRAL_MIX,MIXED,17.683333863727658,<18,12.31884818978751,<15,1.2807650701692692,1.0-1.5 ATR,1.2961003064991963
2024,secondary,2024-03-20 12:00:00+00:00,2024-03,12,OTHER,Outcome First M15,1,LONG,-1.1205050652223583,-1.0,2.0,stop,-1,0,False,False,False,False,NEUTRAL_MIX,MIXED,18.457914167307596,18-22,34.226500157009355,25+,0.8409052456813109,0.6-1.0 ATR,1.4746013375087461
2024,secondary,2024-03-20 20:30:00+00:00,2024-03,20,OTHER,M15-0591 MTF,1,LONG,3.964120134943108,4.0,4.0,target,1,1,True,True,True,False,STRONG_ALIGNED,TREND,18.755779429516984,18-22,44.231507679352134,25+,0.8211180218568591,0.6-1.0 ATR,4.834871351407657
2024,secondary,2024-03-22 14:30:00+00:00,2024-03,14,NEW_YORK,Structural Frequency M15,-1,SHORT,1.9611022729437533,2.0,2.0,target,0,0,False,False,False,False,NEUTRAL_MIX,MIXED,20.92750442940446,18-22,27.312841289116026,25+,0.7905080836836175,0.6-1.0 ATR,3.0107219004128414
2024,secondary,2024-03-25 00:30:00+00:00,2024-03,0,ASIA,Structural Portfolio MTF,-1,SHORT,-1.0452118017213832,-1.0,3.0,stop,-1,0,True,False,False,False,NEUTRAL_MIX,MIXED,17.702176259187286,<18,19.810836858800837,15-20,1.6042198408504493,1.5+ ATR,2.1817458623030968
2024,secondary,2024-03-25 03:15:00+00:00,2024-03,3,ASIA,Structural Portfolio MTF,-1,SHORT,1.9541903585667868,2.0,2.0,target,0,0,False,False,False,False,NEUTRAL_MIX,MIXED,17.702176259187286,<18,31.123803408251277,25+,0.8421818871702317,0.6-1.0 ATR,2.552892709702159
2024,secondary,2024-03-25 12:15:00+00:00,2024-03,12,OTHER,M15-0591 MTF,1,LONG,-0.3226135905822447,-0.28802071181822403,3.0,time_exit,0,0,False,False,False,False,NEUTRAL_MIX,MIXED,14.762426557293288,<18,16.44269199035731,15-20,1.7196267251288788,1.5+ ATR,2.372607927278025
2024,secondary,2024-03-27 08:00:00+00:00,2024-03,8,LONDON,V1 Legacy M15,1,LONG,-1.0584344627551932,-1.0,2.0,stop,1,1,True,True,True,False,STRONG_ALIGNED,TREND,22.71818267396434,22-30,11.822924942487658,<15,0.8661594086873673,0.6-1.0 ATR,1.9165063420779824
2024,secondary,2024-03-28 05:45:00+00:00,2024-03,5,ASIA,V1 Legacy M15,1,LONG,-1.060624476290331,-1.0,3.0,stop,1,1,True,True,True,False,STRONG_ALIGNED,TREND,31.887841614360113,30+,26.201795265402655,25+,1.462221719127292,1.0-1.5 ATR,1.8533441027106783
2024,secondary,2024-03-28 08:45:00+00:00,2024-03,8,LONDON,Outcome First M15,1,LONG,2.9609419051920285,3.0,3.0,target,1,1,True,True,True,False,STRONG_ALIGNED,TREND,33.23246053694957,30+,20.726775028015574,20-25,1.5233820306167412,1.5+ ATR,2.3303412595476853
2024,secondary,2024-03-28 12:15:00+00:00,2024-03,12,OTHER,V1 Legacy M15,1,LONG,-1.0317660588654132,-1.0,3.0,stop,1,1,True,True,True,False,STRONG_ALIGNED,TREND,35.17895786911639,30+,29.588718032811435,25+,1.5710552732564105,1.5+ ATR,3.392624111150558
2024,secondary,2024-03-28 16:30:00+00:00,2024-03,16,NEW_YORK,V1 Legacy M15,1,LONG,2.9695418730315217,3.0,3.0,target,1,1,True,True,True,False,STRONG_ALIGNED,TREND,37.13191199664023,30+,26.421790363778953,25+,1.157350153337199,1.0-1.5 ATR,4.354775419925605
2024,secondary,2024-04-01 01:45:00+00:00,2024-04,1,ASIA,M15-0591 MTF,1,LONG,-1.023768172624387,-1.0,4.0,stop,1,1,True,True,True,False,STRONG_ALIGNED,TREND,44.03419751759346,30+,59.030508826561636,25+,0.8721826505968145,0.6-1.0 ATR,4.849901562597612
2024,secondary,2024-04-01 12:45:00+00:00,2024-04,12,NEW_YORK,Outcome First M15,1,LONG,-1.0252657294463041,-1.0,3.0,stop,1,1,True,True,True,False,STRONG_ALIGNED,TREND,49.69753548313217,30+,34.32030229348226,25+,1.370489618697517,1.0-1.5 ATR,3.2397180828113656
2024,secondary,2024-04-02 03:00:00+00:00,2024-04,3,ASIA,V1 Legacy M15,1,LONG,1.9665352229396744,2.0,2.0,target,1,1,True,True,True,False,STRONG_ALIGNED,TREND,46.64945100908479,30+,16.417355554340727,15-20,1.7274637985500294,1.5+ ATR,2.761273494705792
2024,secondary,2024-04-02 17:00:00+00:00,2024-04,17,OTHER,Structural Portfolio MTF,1,LONG,1.0288736530168383,1.0516865716754435,4.0,time_exit,1,1,True,True,True,False,STRONG_ALIGNED,TREND,46.40587449306113,30+,15.028007343556636,15-20,0.5764268943272981,<0.6 ATR,4.978948810758897
2024,secondary,2024-04-03 13:00:00+00:00,2024-04,13,NEW_YORK,Outcome First M15,1,LONG,2.976914864976334,3.0,3.0,target,1,1,True,True,True,False,STRONG_ALIGNED,TREND,47.90122610528904,30+,24.345307682263,20-25,0.8301326355507328,0.6-1.0 ATR,3.445232577927411
2024,secondary,2024-04-04 13:30:00+00:00,2024-04,13,NEW_YORK,Structural Frequency M15,1,LONG,1.968694494154925,2.0,2.0,target,0,1,False,True,False,False,NEUTRAL_MIX,MIXED,49.269992145553346,30+,21.066838950220877,20-25,1.2714884867388125,1.0-1.5 ATR,3.1459191661730515
2024,secondary,2024-04-04 20:30:00+00:00,2024-04,20,OTHER,Structural Portfolio MTF,1,LONG,-1.019207782448323,-1.0,3.0,stop,0,1,False,True,False,False,NEUTRAL_MIX,MIXED,47.33507219124401,30+,18.768219815340856,15-20,0.7950790016167754,0.6-1.0 ATR,5.093833432608077
2024,secondary,2024-04-05 09:45:00+00:00,2024-04,9,LONDON,V1 Legacy M15,1,LONG,-1.029491561379297,-1.0,3.0,stop,1,1,True,True,True,False,STRONG_ALIGNED,TREND,41.779800616029576,30+,23.802031635339628,20-25,1.553587853698616,1.5+ ATR,3.5273190292739605
2024,secondary,2024-04-05 15:15:00+00:00,2024-04,15,NEW_YORK,M15-0591 MTF,1,LONG,-1.0160168029598056,-1.0,4.0,stop,1,1,True,True,True,False,STRONG_ALIGNED,TREND,40.042177362747985,30+,33.769740231439584,25+,1.3234370258247217,1.0-1.5 ATR,6.6720212807234756
2024,secondary,2024-04-08 08:15:00+00:00,2024-04,8,LONDON,Outcome First M15,1,LONG,-1.032458660350821,-1.0,3.0,stop,1,1,True,True,True,False,STRONG_ALIGNED,TREND,38.356461599128366,30+,32.93648241977423,25+,0.8152982862564896,0.6-1.0 ATR,4.906179820843652
2024,secondary,2024-04-08 18:00:00+00:00,2024-04,18,OTHER,M15-0591 MTF,1,LONG,1.2057671340145073,1.2434243699094834,4.0,time_exit,1,1,True,True,True,False,STRONG_ALIGNED,TREND,36.59132515830912,30+,20.81856639020862,20-25,0.46362776230839364,<0.6 ATR,4.551064822982178
2024,secondary,2024-04-09 09:15:00+00:00,2024-04,9,LONDON,V1 Legacy M15,1,LONG,-1.0281054443067268,-1.0,3.0,stop,1,1,True,True,True,False,STRONG_ALIGNED,TREND,33.675380030225014,30+,50.42884148334619,25+,0.7140602785946039,0.6-1.0 ATR,3.15099448526726
2024,secondary,2024-04-09 14:15:00+00:00,2024-04,14,NEW_YORK,V1 Legacy M15,1,LONG,-1.0170818614862092,-1.0,3.0,stop,1,1,True,True,True,False,STRONG_ALIGNED,TREND,33.966789618229896,30+,28.399132442884948,25+,1.4885955656779417,1.0-1.5 ATR,4.641959279821804
2024,secondary,2024-04-10 00:00:00+00:00,2024-04,0,ASIA,V1 Legacy M15,1,LONG,-1.064879326948533,-1.0,2.0,stop,1,1,True,True,True,False,STRONG_ALIGNED,TREND,32.02591641649385,30+,10.922127701876375,<15,0.7272526444984175,0.6-1.0 ATR,2.695074421285657
2024,secondary,2024-04-10 02:15:00+00:00,2024-04,2,ASIA,Structural Portfolio MTF,1,LONG,-1.0467329809007135,-1.0,4.0,stop,1,1,True,True,True,False,STRONG_ALIGNED,TREND,32.02591641649385,30+,16.2422040207187,15-20,0.6452968999947437,0.6-1.0 ATR,2.7739169365520646
2024,secondary,2024-04-11 08:30:00+00:00,2024-04,8,LONDON,M15-0591 MTF,-1,SHORT,-1.038145818677748,-1.0,3.0,stop,-1,1,True,False,False,False,OPPOSED_HTF,MIXED,22.286919139895943,22-30,17.21604543218678,15-20,0.8444505355307508,0.6-1.0 ATR,3.327607576486188
2024,secondary,2024-04-11 17:30:00+00:00,2024-04,17,OTHER,M15-0591 MTF,1,LONG,3.968249497307956,4.0,4.0,target,1,1,True,True,True,False,STRONG_ALIGNED,TREND,19.846189035474612,18-22,16.289623805301254,15-20,0.9276333131142128,0.6-1.0 ATR,4.452190258384578
2024,secondary,2024-04-12 01:45:00+00:00,2024-04,1,ASIA,M15-0591 MTF,1,LONG,0.7696286185540998,0.7946272354209444,4.0,time_exit,1,1,True,True,True,False,STRONG_ALIGNED,TREND,20.570581149296082,18-22,44.79329887689518,25+,1.6223940622383286,1.5+ ATR,4.160518185506296
2024,secondary,2024-04-12 13:45:00+00:00,2024-04,13,NEW_YORK,Outcome First M15,1,LONG,-1.0221627359683572,-1.0,3.0,stop,1,1,True,True,True,False,STRONG_ALIGNED,TREND,24.116656516128636,22-30,22.693931304894697,20-25,2.4689441803329903,1.5+ ATR,4.4067419938723384
2024,secondary,2024-04-16 12:45:00+00:00,2024-04,12,NEW_YORK,Outcome First M15,1,LONG,-1.0295719439975786,-1.0,3.0,stop,1,1,True,True,True,False,STRONG_ALIGNED,TREND,19.81815203628854,18-22,20.911689982625152,20-25,1.45945633412984,1.0-1.5 ATR,3.9535269847180334
2024,secondary,2024-04-16 15:45:00+00:00,2024-04,15,NEW_YORK,M15-0591 MTF,1,LONG,-0.14274454709947335,-0.1217199034565556,4.0,time_exit,1,1,True,True,True,False,STRONG_ALIGNED,TREND,19.81815203628854,18-22,19.357072547370006,15-20,1.1456329322515082,1.0-1.5 ATR,6.703717904570324
2024,secondary,2024-04-17 07:15:00+00:00,2024-04,7,LONDON,Structural Frequency M15,1,LONG,1.9643342738985445,2.0,2.0,target,0,1,False,True,False,False,NEUTRAL_MIX,MIXED,19.904770699994685,18-22,21.794794363678076,20-25,0.7715479678883933,0.6-1.0 ATR,2.903254357769573
2024,secondary,2024-04-18 07:45:00+00:00,2024-04,7,LONDON,Outcome First M15,-1,SHORT,-1.042336157728785,-1.0,3.0,stop,0,1,False,False,False,False,NEUTRAL_MIX,MIXED,15.889327046769528,<18,22.824863156461443,20-25,1.0182522519081239,1.0-1.5 ATR,2.6123192902502113
2024,secondary,2024-04-18 11:30:00+00:00,2024-04,11,LONDON,Outcome First M15,-1,SHORT,-1.086277479880772,-1.0,3.0,stop,1,1,False,False,False,True,ALIGNED_WEAK,MIXED,14.940422401793759,<18,18.693395971997173,15-20,0.9829902964192696,0.6-1.0 ATR,2.5025679388297144
2024,secondary,2024-04-18 13:30:00+00:00,2024-04,13,NEW_YORK,Outcome First M15,1,LONG,-1.0226771643761152,-1.0,3.0,stop,1,1,True,True,True,False,ALIGNED_WEAK,MIXED,14.325744286084985,<18,27.44027426488852,25+,2.459859073350241,1.5+ ATR,3.630289270123897
2024,secondary,2024-04-18 22:30:00+00:00,2024-04,22,OTHER,Structural Portfolio MTF,1,LONG,-1.0650727960516357,-1.0,3.0,stop,0,1,False,True,False,False,NEUTRAL_MIX,MIXED,12.460110833261247,<18,12.775451219972002,<15,0.3398080042147339,<0.6 ATR,3.1782653339661944
2024,secondary,2024-04-19 07:15:00+00:00,2024-04,7,LONDON,Structural Portfolio MTF,1,LONG,-1.0170372020045402,-1.0,4.0,stop,1,1,True,True,True,False,ALIGNED_WEAK,MIXED,12.7851417914962,<18,21.60155339664921,20-25,0.9693483068996865,0.6-1.0 ATR,6.096879684973658
2024,secondary,2024-04-23 06:45:00+00:00,2024-04,6,OTHER,V1 Legacy M15,-1,SHORT,-1.014977373360671,-1.0,3.0,stop,-1,-1,True,True,True,False,STRONG_ALIGNED,TREND,19.18044828431314,18-22,35.80003341106975,25+,1.105365676507643,1.0-1.5 ATR,5.147617771141016
2024,secondary,2024-04-23 14:45:00+00:00,2024-04,14,NEW_YORK,Structural Portfolio MTF,-1,SHORT,-0.17094567686659223,-0.15451255759333937,3.0,time_exit,0,-1,False,True,False,False,NEUTRAL_MIX,MIXED,22.53592749294866,22-30,30.596756216530487,25+,1.282082615776531,1.0-1.5 ATR,5.8888560745574905
2024,secondary,2024-04-24 08:45:00+00:00,2024-04,8,LONDON,M15-0591 MTF,-1,SHORT,-1.0407218581023256,-1.0,4.0,stop,-1,-1,True,True,True,False,STRONG_ALIGNED,TREND,22.447635766958292,22-30,19.42150356707087,15-20,1.0047033085966601,1.0-1.5 ATR,2.886424255983316
2024,secondary,2024-04-24 20:30:00+00:00,2024-04,20,OTHER,V1 Legacy M15,-1,SHORT,-1.0347406018385923,-1.0,2.0,stop,-1,-1,True,True,True,False,STRONG_ALIGNED,TREND,21.252725650450312,18-22,14.530169167796416,<15,0.933427726058819,0.6-1.0 ATR,3.2675266813400126
2024,secondary,2024-04-25 08:00:00+00:00,2024-04,8,LONDON,V1 Legacy M15,1,LONG,-1.0287400972467788,-1.0,2.0,stop,0,-1,False,False,False,False,NEUTRAL_MIX,MIXED,20.592786543510815,18-22,20.15346271917258,20-25,1.2875306254835084,1.0-1.5 ATR,2.8193504124509112
2024,secondary,2024-04-26 07:45:00+00:00,2024-04,7,LONDON,Structural Portfolio MTF,1,LONG,-1.029186084334879,-1.0,3.0,stop,1,0,True,False,False,False,NEUTRAL_MIX,MIXED,15.487245961772873,<18,20.640281996282052,20-25,0.8449268776048922,0.6-1.0 ATR,3.0653540189678887
2024,secondary,2024-04-26 16:00:00+00:00,2024-04,16,NEW_YORK,Structural Frequency M15,1,LONG,-1.0276353252483061,-1.0,2.0,stop,0,0,False,False,False,False,NEUTRAL_MIX,MIXED,14.139242688511263,<18,20.505861167415013,20-25,0.4315619469920305,<0.6 ATR,4.35626915927976
2024,secondary,2024-04-29 10:30:00+00:00,2024-04,10,LONDON,M15-0591 MTF,1,LONG,-1.0691160472084493,-1.0,3.0,stop,1,0,True,False,False,False,NEUTRAL_MIX,MIXED,12.679901576615984,<18,30.983385656928235,25+,0.7488990700714073,0.6-1.0 ATR,2.6705868386367477
2024,secondary,2024-04-29 16:30:00+00:00,2024-04,16,NEW_YORK,M15-0591 MTF,1,LONG,-1.034127913635864,-1.0,3.0,stop,1,0,True,False,False,False,NEUTRAL_MIX,MIXED,12.715097571769006,<18,22.3418002689084,20-25,1.2759385285104101,1.0-1.5 ATR,4.067594076071283
2024,secondary,2024-04-30 02:45:00+00:00,2024-04,2,ASIA,M15-0591 MTF,-1,SHORT,2.955330852835863,3.0,3.0,target,0,-1,False,True,False,False,NEUTRAL_MIX,MIXED,12.159094244227342,<18,27.981822133826274,25+,1.4499036898186388,1.0-1.5 ATR,2.5449966269563866
2024,secondary,2024-04-30 09:30:00+00:00,2024-04,9,LONDON,Outcome First M15,1,LONG,-1.0520343438921393,-1.0,3.0,stop,-1,-1,False,False,False,True,ALIGNED_WEAK,MIXED,13.33668560117479,<18,60.9886065811215,25+,1.1730769752958445,1.0-1.5 ATR,2.787540859520581
2024,secondary,2024-04-30 14:00:00+00:00,2024-04,14,NEW_YORK,Outcome First M15,1,LONG,-1.054708621991691,-1.0,3.0,stop,-1,-1,False,False,False,True,ALIGNED_WEAK,MIXED,14.580669969211158,<18,53.64631734321145,25+,1.6226273442216432,1.5+ ATR,3.8641034999984134
2024,secondary,2024-05-01 07:45:00+00:00,2024-05,7,LONDON,Outcome First M15,-1,SHORT,-1.0383088309323356,-1.0,3.0,stop,-1,-1,True,True,True,False,STRONG_ALIGNED,TREND,22.562834164767683,22-30,25.1375834109372,25+,1.5593378127874475,1.5+ ATR,2.21889059036861
2024,secondary,2024-05-02 13:00:00+00:00,2024-05,13,NEW_YORK,V1 Legacy M15,-1,SHORT,-1.0224164241994456,-1.0,3.0,stop,-1,-1,True,True,True,False,STRONG_ALIGNED,TREND,19.29593063296877,18-22,43.404193556522,25+,2.685279628532577,1.5+ ATR,4.062891582714547
2024,secondary,2024-05-03 00:30:00+00:00,2024-05,0,ASIA,V1 Legacy M15,-1,SHORT,-1.0629326604911367,-1.0,2.0,stop,-1,-1,True,True,True,False,STRONG_ALIGNED,TREND,20.009972884244057,18-22,8.61420919003331,<15,1.2712985230875822,1.0-1.5 ATR,2.367657906727859
2024,secondary,2024-05-03 08:00:00+00:00,2024-05,8,LONDON,M15-0591 MTF,-1,SHORT,-1.076149251544514,-1.0,4.0,stop,-1,-1,True,True,True,False,STRONG_ALIGNED,TREND,19.860310937814564,18-22,16.225596557091336,15-20,1.0600044101364607,1.0-1.5 ATR,2.301877215478697
2024,secondary,2024-05-03 11:15:00+00:00,2024-05,11,LONDON,V1 Legacy M15,-1,SHORT,-1.0400466815902702,-1.0,2.0,stop,-1,-1,True,True,True,False,STRONG_ALIGNED,TREND,19.860310937814564,18-22,11.456209000739362,<15,1.4155186789194472,1.0-1.5 ATR,2.359559114083732
2024,secondary,2024-05-06 00:00:00+00:00,2024-05,0,ASIA,M15-0591 MTF,-1,SHORT,-1.0307806158902924,-1.0,4.0,stop,-1,-1,True,True,True,False,STRONG_ALIGNED,TREND,24.25483132316259,22-30,23.92880557733728,20-25,0.9271207121718507,0.6-1.0 ATR,3.332899329539932
2024,secondary,2024-05-07 15:00:00+00:00,2024-05,15,NEW_YORK,Structural Frequency M15,-1,SHORT,0.8546695223802852,0.8814382944146647,2.0,time_exit,0,-1,False,True,False,False,NEUTRAL_MIX,MIXED,16.243661033068626,<18,28.6662916800595,25+,2.30983354146842,1.5+ ATR,3.6496136404014075
2024,secondary,2024-05-08 13:45:00+00:00,2024-05,13,NEW_YORK,Structural Frequency M15,-1,SHORT,-1.0325944864181542,-1.0,3.0,stop,0,0,False,False,False,False,NEUTRAL_MIX,MIXED,14.154859033657436,<18,21.203303378223406,20-25,1.5627990330150061,1.5+ ATR,3.423344836398419
2024,secondary,2024-05-09 08:30:00+00:00,2024-05,8,LONDON,Outcome First M15,1,LONG,-1.0522493743318178,-1.0,3.0,stop,-1,-1,False,False,False,True,ALIGNED_WEAK,MIXED,11.975115564551189,<18,23.16794317330009,20-25,0.9217374076101992,0.6-1.0 ATR,2.343400606470524
2024,secondary,2024-05-09 12:30:00+00:00,2024-05,12,NEW_YORK,M15-0591 MTF,1,LONG,-1.0489298012856836,-1.0,3.0,stop,0,0,False,False,False,False,NEUTRAL_MIX,MIXED,11.839069048462848,<18,21.617207641322622,20-25,1.8782021972453604,1.5+ ATR,2.5929050701476175
2024,secondary,2024-05-09 13:30:00+00:00,2024-05,13,NEW_YORK,Structural Portfolio MTF,-1,SHORT,-1.0190618114465975,-1.0,3.0,stop,0,0,False,False,False,False,NEUTRAL_MIX,MIXED,11.839069048462848,<18,24.076002565206124,20-25,1.4607148469387663,1.0-1.5 ATR,4.182883478459133
2024,secondary,2024-05-10 01:15:00+00:00,2024-05,1,ASIA,V1 Legacy M15,1,LONG,2.953328341545271,3.0,3.0,target,1,1,True,True,True,False,STRONG_ALIGNED,TREND,18.40960364094432,18-22,44.980152129705196,25+,2.1938686950146358,1.5+ ATR,2.3656839681398667
2024,secondary,2024-05-10 07:00:00+00:00,2024-05,7,LONDON,M15-0591 MTF,1,LONG,-1.0311527747157019,-1.0,4.0,stop,1,1,True,True,True,False,STRONG_ALIGNED,TREND,20.967514713706745,18-22,51.8366990429725,25+,1.6780034010505385,1.5+ ATR,3.0095290610487178
2024,secondary,2024-05-10 15:45:00+00:00,2024-05,15,NEW_YORK,Outcome First M15,1,LONG,-1.0242258560896818,-1.0,3.0,stop,1,1,True,True,True,False,STRONG_ALIGNED,TREND,26.985147690043615,22-30,24.342887912187507,20-25,0.7612981578447269,0.6-1.0 ATR,4.860119470766491
2024,secondary,2024-05-13 12:00:00+00:00,2024-05,12,OTHER,Structural Frequency M15,1,LONG,-1.0367615351571011,-1.0,3.0,stop,0,1,False,True,False,False,NEUTRAL_MIX,MIXED,29.237046975399494,22-30,54.62594774756033,25+,1.457715964846786,1.0-1.5 ATR,2.9772603886219384
2024,secondary,2024-05-13 16:15:00+00:00,2024-05,16,NEW_YORK,Structural Portfolio MTF,1,LONG,1.7573606024934911,1.800565674995113,3.0,time_exit,0,0,False,False,False,False,NEUTRAL_MIX,MIXED,27.35682496608732,22-30,33.50051717271052,25+,0.46651241010576416,<0.6 ATR,3.794111285482632
2024,secondary,2024-05-14 18:00:00+00:00,2024-05,18,OTHER,V1 Legacy M15,1,LONG,1.9720136628684137,2.0,2.0,target,1,1,True,True,True,False,STRONG_ALIGNED,TREND,21.098624792729318,18-22,20.466888611766777,20-25,0.5000521216117116,<0.6 ATR,3.379647694630386
2024,secondary,2024-05-15 09:00:00+00:00,2024-05,9,LONDON,M15-0591 MTF,1,LONG,-1.0472933846827963,-1.0,4.0,stop,1,1,True,True,True,False,STRONG_ALIGNED,TREND,23.307472434224422,22-30,33.67848923154205,25+,1.2019816646679389,1.0-1.5 ATR,2.354445232558308
2024,secondary,2024-05-15 16:15:00+00:00,2024-05,16,NEW_YORK,M15-0591 MTF,1,LONG,0.8163208665621013,0.842374300277838,4.0,time_exit,1,1,True,True,True,False,STRONG_ALIGNED,TREND,26.87010491699296,22-30,20.95873352092564,20-25,0.927120544111443,0.6-1.0 ATR,5.738196649604911
2024,secondary,2024-05-16 07:45:00+00:00,2024-05,7,LONDON,Structural Portfolio MTF,1,LONG,-1.0401223464512575,-1.0,4.0,stop,1,1,True,True,True,False,STRONG_ALIGNED,TREND,33.18747940636238,30+,15.621804610690951,15-20,1.122109976620536,1.0-1.5 ATR,2.6735347359045094
2024,secondary,2024-05-16 11:15:00+00:00,2024-05,11,LONDON,Structural Frequency M15,1,LONG,-1.042634629165473,-1.0,3.0,stop,1,1,True,True,True,False,STRONG_ALIGNED,TREND,34.80111110566062,30+,18.383430390029186,15-20,0.874163498631198,0.6-1.0 ATR,2.4709336450012764
2024,secondary,2024-05-16 15:30:00+00:00,2024-05,15,NEW_YORK,Structural Portfolio MTF,1,LONG,0.15108211551710887,0.17534981648576045,3.0,time_exit,0,1,False,True,False,False,NEUTRAL_MIX,MIXED,35.66464205680943,30+,36.92586144778285,25+,1.109881126271908,1.0-1.5 ATR,4.189637871957916
2024,secondary,2024-05-17 10:45:00+00:00,2024-05,10,LONDON,Outcome First M15,1,LONG,2.9429361099046307,3.0,3.0,target,1,1,True,True,True,False,STRONG_ALIGNED,TREND,31.831409953844553,30+,19.969075941373728,15-20,1.4795586976359816,1.0-1.5 ATR,2.4061228565572046
2024,secondary,2024-05-17 18:00:00+00:00,2024-05,18,OTHER,V1 Legacy M15,1,LONG,2.9731434013953804,3.0,3.0,target,1,1,True,True,True,False,STRONG_ALIGNED,TREND,33.25165105571319,30+,47.12586008708322,25+,0.49793043504235296,<0.6 ATR,4.398204740816411
2024,secondary,2024-05-20 06:00:00+00:00,2024-05,6,OTHER,M15-0591 MTF,1,LONG,-1.0240205719550872,-1.0,4.0,stop,1,1,True,True,True,False,STRONG_ALIGNED,TREND,39.774133314085546,30+,53.18097455064488,25+,0.6958763532229872,0.6-1.0 ATR,4.138666282682607
2024,secondary,2024-05-20 09:15:00+00:00,2024-05,9,LONDON,V1 Legacy M15,1,LONG,-1.024531013209562,-1.0,3.0,stop,1,1,True,True,True,False,STRONG_ALIGNED,TREND,41.88237572085915,30+,29.793440027787074,25+,1.6775950295628779,1.5+ ATR,4.929676026850683
2024,secondary,2024-05-21 12:30:00+00:00,2024-05,12,NEW_YORK,V1 Legacy M15,1,LONG,-1.023430664745912,-1.0,2.0,stop,1,1,True,True,True,False,STRONG_ALIGNED,TREND,34.80835230065864,30+,19.60578182631051,15-20,1.2745478696575836,1.0-1.5 ATR,3.4992801025184304
2024,secondary,2024-05-22 10:15:00+00:00,2024-05,10,LONDON,Structural Frequency M15,1,LONG,-1.0736096291186386,-1.0,2.0,stop,0,1,False,True,False,False,NEUTRAL_MIX,MIXED,28.235351645933548,22-30,16.87361140302118,15-20,0.8199527284896504,0.6-1.0 ATR,2.8416272292815927
2024,secondary,2024-05-23 13:00:00+00:00,2024-05,13,NEW_YORK,Structural Frequency M15,-1,SHORT,-1.0343986894031234,-1.0,3.0,stop,-1,0,True,False,False,False,NEUTRAL_MIX,MIXED,30.33532209439794,30+,21.80922062584118,20-25,1.0876352832543368,1.0-1.5 ATR,3.1904077161027673
2024,secondary,2024-05-24 02:45:00+00:00,2024-05,2,ASIA,Structural Portfolio MTF,-1,SHORT,-1.0411156783612028,-1.0,4.0,stop,-1,-1,True,True,True,False,STRONG_ALIGNED,TREND,35.731902187193946,30+,30.47918639380494,25+,1.681093381310959,1.5+ ATR,3.2657317321174277
2024,secondary,2024-05-24 10:00:00+00:00,2024-05,10,LONDON,Structural Portfolio MTF,-1,SHORT,-1.0391950683737676,-1.0,4.0,stop,-1,-1,True,True,True,False,STRONG_ALIGNED,TREND,38.04086213545109,30+,21.357062876040125,20-25,0.6713070522587324,0.6-1.0 ATR,2.7409216003453816
2024,secondary,2024-05-24 12:00:00+00:00,2024-05,12,OTHER,Outcome First M15,-1,SHORT,-1.039330595682511,-1.0,3.0,stop,-1,-1,True,True,True,False,STRONG_ALIGNED,TREND,38.36306484586472,30+,20.883400910904772,20-25,1.1419192968143272,1.0-1.5 ATR,2.9511717766757757
2024,secondary,2024-05-24 15:30:00+00:00,2024-05,15,NEW_YORK,Outcome First M15,-1,SHORT,-1.026869950236997,-1.0,3.0,stop,-1,-1,True,True,True,False,STRONG_ALIGNED,TREND,38.36306484586472,30+,15.239899033315883,15-20,1.6445105380411396,1.5+ ATR,3.897816311736824
2024,secondary,2024-05-27 15:15:00+00:00,2024-05,15,NEW_YORK,Structural Frequency M15,-1,SHORT,1.9464463678471995,2.0,2.0,target,0,-1,False,True,False,False,NEUTRAL_MIX,MIXED,36.01675857548277,30+,22.87606680492431,20-25,0.45433758807368135,<0.6 ATR,2.6632179061614574
2024,secondary,2024-05-28 07:00:00+00:00,2024-05,7,LONDON,M15-0591 MTF,-1,SHORT,-1.0387604567878375,-1.0,4.0,stop,-1,-1,True,True,True,False,STRONG_ALIGNED,TREND,27.313966046677987,22-30,19.60347581406622,15-20,0.8943669138927713,0.6-1.0 ATR,2.3815728946514696
2024,secondary,2024-05-29 13:00:00+00:00,2024-05,13,NEW_YORK,V1 Legacy M15,-1,SHORT,-1.0309439551611628,-1.0,3.0,stop,-1,-1,True,True,True,False,STRONG_ALIGNED,TREND,19.743077188501516,18-22,43.04004603857622,25+,2.5637349486339107,1.5+ ATR,3.2491658330119413
2024,secondary,2024-05-29 20:00:00+00:00,2024-05,20,OTHER,V1 Legacy M15,-1,SHORT,-1.0448162374644996,-1.0,3.0,stop,-1,-1,True,True,True,False,STRONG_ALIGNED,TREND,20.07453929371302,18-22,37.19715321809964,25+,0.6762660370164434,0.6-1.0 ATR,2.543377762379006
2024,secondary,2024-05-30 15:00:00+00:00,2024-05,15,NEW_YORK,Structural Portfolio MTF,-1,SHORT,0.2770264362158643,0.3053115611985523,3.0,time_exit,0,-1,False,True,False,False,NEUTRAL_MIX,MIXED,22.852479087551764,22-30,24.99416515480063,20-25,1.1749367710994472,1.0-1.5 ATR,3.9661708737222163
2024,secondary,2024-05-31 17:30:00+00:00,2024-05,17,OTHER,V1 Legacy M15,-1,SHORT,-0.46088273168671723,-0.44158282317250536,3.0,time_exit,-1,-1,True,True,True,False,STRONG_ALIGNED,TREND,19.009007842882454,18-22,27.77195429529558,25+,1.8259101037071717,1.5+ ATR,4.775700612147286
2024,secondary,2024-06-03 12:00:00+00:00,2024-06,12,OTHER,Structural Frequency M15,-1,SHORT,-1.0638053178909708,-1.0,2.0,stop,0,-1,False,True,False,False,NEUTRAL_MIX,MIXED,15.303197666773285,<18,26.936534127804588,25+,0.5632146344708505,<0.6 ATR,2.716548730018718
2024,secondary,2024-06-05 14:15:00+00:00,2024-06,14,NEW_YORK,Structural Frequency M15,-1,SHORT,-1.023451969861902,-1.0,2.0,stop,0,-1,False,True,False,False,NEUTRAL_MIX,MIXED,14.127127978531446,<18,23.40067651604832,20-25,2.1973643985160574,1.5+ ATR,3.82276148902403
2024,secondary,2024-06-06 07:15:00+00:00,2024-06,7,LONDON,Structural Portfolio MTF,1,LONG,-1.052839456854863,-1.0,3.0,stop,1,0,True,False,False,False,NEUTRAL_MIX,MIXED,18.086360609764977,18-22,34.0142567675248,25+,0.4657032980573749,<0.6 ATR,2.4049647161020555
2024,secondary,2024-06-06 09:15:00+00:00,2024-06,9,LONDON,Structural Portfolio MTF,1,LONG,-1.0683753347584737,-1.0,3.0,stop,1,0,True,False,False,False,NEUTRAL_MIX,MIXED,19.72176305346279,18-22,27.841731255530558,25+,0.4380858960488149,<0.6 ATR,2.259830797861313
2024,secondary,2024-06-06 15:45:00+00:00,2024-06,15,NEW_YORK,M15-0591 MTF,1,LONG,-1.0291884607129271,-1.0,3.0,stop,1,0,True,False,False,False,NEUTRAL_MIX,MIXED,20.754697394765408,18-22,30.481197164844332,25+,0.9785111766722893,0.6-1.0 ATR,4.282015474007526
2024,secondary,2024-06-07 03:00:00+00:00,2024-06,3,ASIA,Structural Portfolio MTF,1,LONG,-1.032002144896225,-1.0,4.0,stop,1,1,True,True,True,False,STRONG_ALIGNED,TREND,25.7312555105579,22-30,22.416074618683727,20-25,1.4185410222995476,1.0-1.5 ATR,2.664709684512735
2024,secondary,2024-06-07 10:15:00+00:00,2024-06,10,LONDON,V1 Legacy M15,-1,SHORT,1.9802553443842505,2.0,2.0,target,0,1,False,False,False,False,NEUTRAL_MIX,MIXED,29.228020776227833,22-30,44.28192593358273,25+,0.8106616012981926,0.6-1.0 ATR,5.057597391358088
2024,secondary,2024-06-10 03:00:00+00:00,2024-06,3,ASIA,Structural Portfolio MTF,-1,SHORT,-1.0436642715570368,-1.0,4.0,stop,-1,-1,True,True,True,False,STRONG_ALIGNED,TREND,28.18988761913186,22-30,28.75803006542203,25+,0.5686230277422574,<0.6 ATR,2.98967842851835
2024,secondary,2024-06-11 02:45:00+00:00,2024-06,2,ASIA,M15-0591 MTF,-1,SHORT,-1.0481505738152916,-1.0,4.0,stop,-1,-1,True,True,True,False,STRONG_ALIGNED,TREND,25.00172771698607,22-30,28.221674528064895,25+,1.441696594153897,1.0-1.5 ATR,2.684337339557299
2024,secondary,2024-06-11 23:30:00+00:00,2024-06,23,OTHER,Structural Portfolio MTF,-1,SHORT,2.8676184288474738,3.0,3.0,target,0,-1,False,True,False,False,NEUTRAL_MIX,MIXED,21.18983461067754,18-22,20.28697394226056,20-25,0.7545439859622324,0.6-1.0 ATR,1.8951844115174128
2024,secondary,2024-06-12 07:15:00+00:00,2024-06,7,LONDON,Structural Portfolio MTF,-1,SHORT,-1.0668580485159522,-1.0,3.0,stop,0,-1,False,True,False,False,NEUTRAL_MIX,MIXED,18.933043500838323,18-22,13.51249494673888,<15,0.8290656185181613,0.6-1.0 ATR,1.9178216590884485
2024,secondary,2024-06-12 20:15:00+00:00,2024-06,20,OTHER,Structural Portfolio MTF,1,LONG,-1.0308561164902017,-1.0,2.0,stop,0,0,False,False,False,False,NEUTRAL_MIX,MIXED,17.93190734768224,<18,22.954825246626978,20-25,0.5556265423716873,<0.6 ATR,4.679402083460287
2024,secondary,2024-06-13 01:45:00+00:00,2024-06,1,ASIA,M15-0591 MTF,-1,SHORT,-1.0452024295455544,-1.0,3.0,stop,0,0,False,False,False,False,NEUTRAL_MIX,MIXED,18.30940946283613,18-22,24.09668965289932,20-25,1.3172705159291915,1.0-1.5 ATR,3.5300266298908394
2024,secondary,2024-06-13 08:30:00+00:00,2024-06,8,LONDON,Structural Portfolio MTF,-1,SHORT,-1.0618017183105466,-1.0,3.0,stop,0,-1,False,True,False,False,NEUTRAL_MIX,MIXED,16.659044714170008,<18,22.56727391149028,20-25,0.6444594277856679,0.6-1.0 ATR,2.56028530092105
2024,secondary,2024-06-13 11:15:00+00:00,2024-06,11,LONDON,Structural Portfolio MTF,-1,SHORT,-1.0355418014371613,-1.0,3.0,stop,0,-1,False,True,False,False,NEUTRAL_MIX,MIXED,16.659044714170008,<18,16.28535001338278,15-20,1.643219443304254,1.5+ ATR,2.5985573730880938
2024,secondary,2024-06-13 15:30:00+00:00,2024-06,15,NEW_YORK,Structural Portfolio MTF,-1,SHORT,-1.0260971817435582,-1.0,4.0,stop,-1,-1,True,True,True,False,ALIGNED_WEAK,MIXED,15.483506135478338,<18,15.714093770690665,15-20,1.0211479339164784,1.0-1.5 ATR,5.670089325640783
2024,secondary,2024-06-14 16:30:00+00:00,2024-06,16,NEW_YORK,Structural Portfolio MTF,1,LONG,-1.040775705042547,-1.0,3.0,stop,1,0,True,False,False,False,NEUTRAL_MIX,MIXED,17.268371666302237,<18,23.809383611239095,20-25,0.6647883499276135,0.6-1.0 ATR,4.226909211489517
2024,secondary,2024-06-17 14:00:00+00:00,2024-06,14,NEW_YORK,Structural Portfolio MTF,-1,SHORT,-1.040062990037765,-1.0,3.0,stop,0,-1,False,True,False,False,NEUTRAL_MIX,MIXED,19.45568572918219,18-22,22.39937412060167,20-25,0.8535259911196583,0.6-1.0 ATR,2.929026211282086
2024,secondary,2024-06-17 16:30:00+00:00,2024-06,16,NEW_YORK,Outcome First M15,1,LONG,1.9531840201503332,2.0,2.0,target,0,-1,False,False,False,False,NEUTRAL_MIX,MIXED,18.07924334657354,18-22,21.402022680793046,20-25,0.653875057885158,0.6-1.0 ATR,3.4410243560554563
2024,secondary,2024-06-18 08:00:00+00:00,2024-06,8,LONDON,M15-0591 MTF,-1,SHORT,-1.0638285516614392,-1.0,3.0,stop,0,-1,False,True,False,False,NEUTRAL_MIX,MIXED,14.108013038152984,<18,18.081411187753453,15-20,1.129688701788222,1.0-1.5 ATR,2.00055112211248
2024,secondary,2024-06-19 09:00:00+00:00,2024-06,9,LONDON,Outcome First M15,-1,SHORT,1.9103386449118647,2.0,2.0,target,1,0,False,False,False,False,NEUTRAL_MIX,MIXED,13.942161118966862,<18,19.9327636897611,15-20,0.7116818674795037,0.6-1.0 ATR,1.6158905440051987
2024,secondary,2024-06-19 12:00:00+00:00,2024-06,12,OTHER,Outcome First M15,1,LONG,-1.048253462602539,-1.0,3.0,stop,1,1,True,True,True,False,ALIGNED_WEAK,MIXED,14.364241318690443,<18,19.21878855229539,15-20,1.135192428175004,1.0-1.5 ATR,1.7970521555359353
2024,secondary,2024-06-19 16:00:00+00:00,2024-06,16,NEW_YORK,Outcome First M15,1,LONG,1.9903717031198356,2.0335612442773514,3.0,time_exit,1,1,True,True,True,False,ALIGNED_WEAK,MIXED,14.45742990596713,<18,16.039058318295044,15-20,0.8375011095338468,0.6-1.0 ATR,2.244773145490538
2024,secondary,2024-06-20 13:45:00+00:00,2024-06,13,NEW_YORK,Outcome First M15,1,LONG,1.288320076712674,1.3114094485187677,3.0,time_exit,1,1,True,True,True,False,STRONG_ALIGNED,TREND,18.212429170555623,18-22,15.714573045024792,15-20,2.1652002892996327,1.5+ ATR,3.5701085198452494
2024,secondary,2024-06-21 09:15:00+00:00,2024-06,9,LONDON,M15-0591 MTF,1,LONG,-1.066323529207959,-1.0,4.0,stop,1,1,True,True,True,False,STRONG_ALIGNED,TREND,29.322268233895535,22-30,22.9976932235791,20-25,0.8165393157286168,0.6-1.0 ATR,2.4371147373651123
2024,secondary,2024-06-21 11:15:00+00:00,2024-06,11,LONDON,Outcome First M15,1,LONG,-1.0545816841456699,-1.0,3.0,stop,1,1,True,True,True,False,STRONG_ALIGNED,TREND,29.322268233895535,22-30,16.771182881943254,15-20,1.0859778244831781,1.0-1.5 ATR,2.2376147516237586
2024,secondary,2024-06-24 02:15:00+00:00,2024-06,2,ASIA,Structural Portfolio MTF,-1,SHORT,-1.039486444524358,-1.0,3.0,stop,-1,0,True,False,False,False,NEUTRAL_MIX,MIXED,26.902309030648652,22-30,39.71853597309841,25+,1.570875238302484,1.5+ ATR,2.5718146810727376
2024,secondary,2024-06-24 19:30:00+00:00,2024-06,19,OTHER,Structural Portfolio MTF,-1,SHORT,1.9183220088448936,2.0,2.0,target,0,0,False,False,False,False,NEUTRAL_MIX,MIXED,21.59421455576744,18-22,14.982636562174289,<15,0.7064402893244522,0.6-1.0 ATR,2.1516326616273718
2024,secondary,2024-06-25 10:30:00+00:00,2024-06,10,LONDON,Structural Portfolio MTF,1,LONG,-1.035372917850888,-1.0,3.0,stop,0,0,False,False,False,False,NEUTRAL_MIX,MIXED,17.97257567509701,<18,25.36767700693966,25+,0.9308083190855517,0.6-1.0 ATR,2.3313070537787333
2024,secondary,2024-06-25 16:15:00+00:00,2024-06,16,NEW_YORK,Outcome First M15,1,LONG,-1.0290984133603858,-1.0,2.0,stop,-1,0,False,False,False,False,NEUTRAL_MIX,MIXED,16.339747512124454,<18,29.71770224786386,25+,0.6761433067742476,0.6-1.0 ATR,3.7418103154343108
2024,secondary,2024-06-26 10:15:00+00:00,2024-06,10,LONDON,Outcome First M15,-1,SHORT,2.954934976706324,3.0,3.0,target,-1,-1,True,True,True,False,ALIGNED_WEAK,MIXED,16.670272937353705,<18,15.514999113567145,15-20,1.1664579207259376,1.0-1.5 ATR,2.537596896901261
2024,secondary,2024-06-26 19:15:00+00:00,2024-06,19,OTHER,V1 Legacy M15,-1,SHORT,-1.0442237276444883,-1.0,2.0,stop,-1,-1,True,True,True,False,STRONG_ALIGNED,TREND,19.391552164980823,18-22,21.81629150318446,20-25,0.8276797500595497,0.6-1.0 ATR,2.754688633902375
2024,secondary,2024-06-27 16:45:00+00:00,2024-06,16,NEW_YORK,Structural Frequency M15,-1,SHORT,-1.0420290830238474,-1.0,2.0,stop,0,0,False,False,False,False,NEUTRAL_MIX,MIXED,22.199131142436354,22-30,61.57476179218803,25+,0.4249166267058286,<0.6 ATR,3.435968159962825
2024,secondary,2024-06-28 10:15:00+00:00,2024-06,10,LONDON,Structural Portfolio MTF,1,LONG,-1.0587218222811494,-1.0,3.0,stop,1,0,True,False,False,False,NEUTRAL_MIX,MIXED,19.459894421740064,18-22,26.885518392294678,25+,0.8611463843324463,0.6-1.0 ATR,1.997337538998767
2024,secondary,2024-06-28 13:45:00+00:00,2024-06,13,NEW_YORK,Outcome First M15,-1,SHORT,0.45107842691578226,0.4765556840126155,2.0,time_exit,1,0,False,False,False,False,NEUTRAL_MIX,MIXED,19.416230930227783,18-22,36.430064599425464,25+,1.64086531939284,1.5+ ATR,3.0898331143205504
2024,secondary,2024-07-01 08:00:00+00:00,2024-07,8,LONDON,Structural Frequency M15,-1,SHORT,-1.0410639554784442,-1.0,2.0,stop,0,0,False,False,False,False,NEUTRAL_MIX,MIXED,16.60686052332915,<18,14.559988284912466,<15,1.2749445224479157,1.0-1.5 ATR,2.3844174757997396
2024,secondary,2024-07-01 09:30:00+00:00,2024-07,9,LONDON,Structural Portfolio MTF,1,LONG,-1.0390901619124053,-1.0,3.0,stop,1,0,True,False,False,False,NEUTRAL_MIX,MIXED,16.60686052332915,<18,13.943395720945084,<15,0.7813797811216183,0.6-1.0 ATR,2.44439393768057
2024,secondary,2024-07-01 14:45:00+00:00,2024-07,14,NEW_YORK,Structural Portfolio MTF,-1,SHORT,-0.6994913455607501,-0.6801554501908331,3.0,time_exit,0,0,False,False,False,False,NEUTRAL_MIX,MIXED,17.006562046644323,<18,20.8612380680532,20-25,1.2389295252707002,1.0-1.5 ATR,4.019599096172893
2024,secondary,2024-07-02 12:45:00+00:00,2024-07,12,NEW_YORK,Structural Frequency M15,1,LONG,1.0423327202241204,1.075736715005521,2.0,time_exit,0,0,False,False,False,False,NEUTRAL_MIX,MIXED,14.450955352393326,<18,22.67398229536417,20-25,1.7420310293340169,1.5+ ATR,2.726702291758797
2024,secondary,2024-07-03 11:30:00+00:00,2024-07,11,LONDON,Outcome First M15,-1,SHORT,-1.0464075084383462,-1.0,3.0,stop,1,1,False,False,False,True,ALIGNED_WEAK,MIXED,12.510194336005428,<18,32.18251961533121,25+,1.315034491738043,1.0-1.5 ATR,2.6235053313624555
2024,secondary,2024-07-03 22:00:00+00:00,2024-07,22,OTHER,Structural Portfolio MTF,1,LONG,-1.0864324053674617,-1.0,4.0,stop,1,1,True,True,True,False,STRONG_ALIGNED,TREND,18.388360209927324,18-22,16.91512611860477,15-20,0.322971433541587,<0.6 ATR,2.260261819428128
2024,secondary,2024-07-04 11:15:00+00:00,2024-07,11,LONDON,Outcome First M15,1,LONG,-1.0805540156354239,-1.0,3.0,stop,1,1,True,True,True,False,STRONG_ALIGNED,TREND,23.414562205292818,22-30,17.707820503803653,15-20,0.826901940409985,0.6-1.0 ATR,1.8865598491962472
2024,secondary,2024-07-04 23:15:00+00:00,2024-07,23,OTHER,Structural Portfolio MTF,1,LONG,-1.0761917042137326,-1.0,4.0,stop_same_bar,1,1,True,True,True,False,STRONG_ALIGNED,TREND,26.022912449951534,22-30,17.805835520653947,15-20,0.598429423957137,<0.6 ATR,1.437095111923717
2024,secondary,2024-07-05 14:45:00+00:00,2024-07,14,NEW_YORK,M15-0591 MTF,1,LONG,0.295236213782116,0.31999893669432394,4.0,time_exit,1,1,True,True,True,False,STRONG_ALIGNED,TREND,29.8226887563428,22-30,18.94342294469251,15-20,1.1903523325269891,1.0-1.5 ATR,5.174938404096577
2024,secondary,2024-07-08 04:30:00+00:00,2024-07,4,ASIA,Structural Portfolio MTF,1,LONG,-1.0847508618794122,-1.0,4.0,stop,1,1,True,True,True,False,STRONG_ALIGNED,TREND,38.748952785759556,30+,18.689213856641075,15-20,0.3510047921874711,<0.6 ATR,2.2221918827340357
2024,secondary,2024-07-08 10:30:00+00:00,2024-07,10,LONDON,Structural Frequency M15,1,LONG,-1.0480581145236953,-1.0,2.0,stop,0,1,False,True,False,False,NEUTRAL_MIX,MIXED,38.46332186789392,30+,41.676901055550935,25+,0.7344236778000416,0.6-1.0 ATR,2.478133610086619
2024,secondary,2024-07-08 17:00:00+00:00,2024-07,17,OTHER,Structural Frequency M15,1,LONG,0.6366477263507186,0.66641779571074,2.0,time_exit,0,0,False,False,False,False,NEUTRAL_MIX,MIXED,34.999782063332276,30+,36.916073843368295,25+,0.4402509581224669,<0.6 ATR,3.929576910809982
2024,secondary,2024-07-09 13:15:00+00:00,2024-07,13,NEW_YORK,Outcome First M15,1,LONG,-1.0363932832096892,-1.0,2.0,stop,-1,0,False,False,False,False,NEUTRAL_MIX,MIXED,25.489305000031937,22-30,20.253893108060893,20-25,1.7762446255389366,1.5+ ATR,2.6122528019427698
2024,secondary,2024-07-10 11:45:00+00:00,2024-07,11,LONDON,V1 Legacy M15,1,LONG,-1.0432545598487777,-1.0,3.0,stop,1,1,True,True,True,False,STRONG_ALIGNED,TREND,20.657515235259453,18-22,33.42348987689672,25+,2.0106397509787026,1.5+ ATR,1.8551309344124909
2024,secondary,2024-07-11 02:00:00+00:00,2024-07,2,ASIA,V1 Legacy M15,1,LONG,1.9333566666477202,2.0,2.0,target,1,1,True,True,True,False,STRONG_ALIGNED,TREND,19.048377279302446,18-22,16.843895881885853,15-20,0.8064361714450793,0.6-1.0 ATR,1.4508277795916713
2024,secondary,2024-07-11 08:15:00+00:00,2024-07,8,LONDON,V1 Legacy M15,1,LONG,2.9525725028389007,3.0,3.0,target,1,1,True,True,True,False,STRONG_ALIGNED,TREND,20.001669630338156,18-22,31.426545150639324,25+,2.1933562897632,1.5+ ATR,2.0516502590127894
2024,secondary,2024-07-11 15:15:00+00:00,2024-07,15,NEW_YORK,M15-0591 MTF,1,LONG,-1.0250803277940161,-1.0,4.0,stop,1,1,True,True,True,False,STRONG_ALIGNED,TREND,20.688831369055144,18-22,38.383620548329795,25+,1.272952821187815,1.0-1.5 ATR,5.899668766193946
2024,secondary,2024-07-12 03:00:00+00:00,2024-07,3,ASIA,Structural Portfolio MTF,1,LONG,-1.080083053224518,-1.0,4.0,stop,1,1,True,True,True,False,STRONG_ALIGNED,TREND,28.596834596259995,22-30,16.289282623672975,15-20,0.8784614280918115,0.6-1.0 ATR,2.6865152236974708
2024,secondary,2024-07-12 16:30:00+00:00,2024-07,16,NEW_YORK,V1 Legacy M15,1,LONG,-1.0327989003257165,-1.0,3.0,stop,1,1,True,True,True,False,STRONG_ALIGNED,TREND,30.53159861754788,30+,22.99057736192751,20-25,0.6001157912099738,0.6-1.0 ATR,3.5326515833318264
2024,secondary,2024-07-15 03:45:00+00:00,2024-07,3,ASIA,V1 Legacy M15,1,LONG,-1.081698022609354,-1.0,2.0,stop,1,1,True,True,True,False,STRONG_ALIGNED,TREND,29.064452171379383,22-30,17.402705595841503,15-20,0.8086733241338772,0.6-1.0 ATR,2.0156470497471304
2024,secondary,2024-07-15 08:15:00+00:00,2024-07,8,LONDON,Structural Frequency M15,1,LONG,1.9617626033544262,2.0,2.0,target,0,1,False,True,False,False,NEUTRAL_MIX,MIXED,26.7265919955074,22-30,21.474507061155844,20-25,0.5140537789332843,<0.6 ATR,2.159307149347369
2024,secondary,2024-07-16 01:15:00+00:00,2024-07,1,ASIA,V1 Legacy M15,1,LONG,1.9514276044287915,2.0,2.0,target,1,1,True,True,True,False,STRONG_ALIGNED,TREND,28.185457415352495,22-30,11.985395138896216,<15,2.0085496280919117,1.5+ ATR,2.0213590658732574
2024,secondary,2024-07-16 14:30:00+00:00,2024-07,14,NEW_YORK,M15-0591 MTF,1,LONG,2.7858034056607774,2.808224120442679,4.0,time_exit,1,1,True,True,True,False,STRONG_ALIGNED,TREND,32.42811654250415,30+,27.83406249337937,25+,1.030497008347951,1.0-1.5 ATR,4.434753291837439
2024,secondary,2024-07-17 02:00:00+00:00,2024-07,2,ASIA,M15-0591 MTF,1,LONG,-1.0460706894474838,-1.0,4.0,stop,1,1,True,True,True,False,STRONG_ALIGNED,TREND,38.96995534489967,30+,42.3170398480956,25+,1.3703969149916828,1.0-1.5 ATR,3.276423020864019
2024,secondary,2024-07-17 07:45:00+00:00,2024-07,7,LONDON,Outcome First M15,1,LONG,-1.0265010791224662,-1.0,3.0,stop,1,1,True,True,True,False,STRONG_ALIGNED,TREND,41.23594147650026,30+,30.447007564670034,25+,1.5646566380852553,1.5+ ATR,3.6365806155164995
2024,secondary,2024-07-17 18:45:00+00:00,2024-07,18,OTHER,Structural Portfolio MTF,1,LONG,2.9580395415804683,3.0,3.0,target,0,1,False,True,False,False,NEUTRAL_MIX,MIXED,45.313429356326196,30+,28.921359220936658,25+,0.4108260463805586,<0.6 ATR,4.6491696834396254
2024,secondary,2024-07-22 00:30:00+00:00,2024-07,0,ASIA,Structural Portfolio MTF,-1,SHORT,2.9282751945261434,3.0,3.0,target,-1,0,True,False,False,False,NEUTRAL_MIX,MIXED,34.09137146499096,30+,29.663635889550328,25+,0.9204397463886886,0.6-1.0 ATR,2.683499935428423
2024,secondary,2024-07-23 07:00:00+00:00,2024-07,7,LONDON,M15-0591 MTF,-1,SHORT,-1.0650140834129593,-1.0,4.0,stop,-1,-1,True,True,True,False,STRONG_ALIGNED,TREND,31.290794460594807,30+,23.401375957781998,20-25,1.3648354190389582,1.0-1.5 ATR,2.652334449635616
2024,secondary,2024-07-25 07:15:00+00:00,2024-07,7,LONDON,V1 Legacy M15,-1,SHORT,-1.0193861178091168,-1.0,3.0,stop,-1,-1,True,True,True,False,STRONG_ALIGNED,TREND,20.086511496754746,18-22,50.21276894086954,25+,1.4254844334427061,1.0-1.5 ATR,4.391489554804615
2024,secondary,2024-07-25 14:15:00+00:00,2024-07,14,NEW_YORK,V1 Legacy M15,-1,SHORT,-1.014909747515321,-1.0,2.0,stop,-1,-1,True,True,True,False,STRONG_ALIGNED,TREND,21.40595836600864,18-22,18.9792712816417,15-20,0.9057598363945185,0.6-1.0 ATR,5.851440731901945
2024,secondary,2024-07-26 11:15:00+00:00,2024-07,11,LONDON,Structural Portfolio MTF,-1,SHORT,-1.0647692911117301,-1.0,3.0,stop,0,-1,False,True,False,False,NEUTRAL_MIX,MIXED,23.625058939852156,22-30,10.124623926287983,<15,1.0689633363406557,1.0-1.5 ATR,2.619360182721391
2024,secondary,2024-07-29 12:45:00+00:00,2024-07,12,NEW_YORK,Outcome First M15,1,LONG,-1.041159755534142,-1.0,2.0,stop,0,-1,False,False,False,False,NEUTRAL_MIX,MIXED,18.27637892470379,18-22,16.909400246673886,15-20,1.1692979343616114,1.0-1.5 ATR,3.087322652263629
2024,secondary,2024-07-30 13:15:00+00:00,2024-07,13,NEW_YORK,Structural Frequency M15,1,LONG,-1.0450198936801274,-1.0,2.0,stop,0,0,False,False,False,False,NEUTRAL_MIX,MIXED,14.840629850270714,<18,25.065196716686064,25+,2.1796286823413595,1.5+ ATR,2.404079209661972
2024,secondary,2024-07-30 16:30:00+00:00,2024-07,16,NEW_YORK,Outcome First M15,1,LONG,1.9670940971807482,2.0,2.0,target,0,-1,False,False,False,False,NEUTRAL_MIX,MIXED,14.00778495041046,<18,20.545764131598634,20-25,1.2359446963877254,1.0-1.5 ATR,3.7380313322296224
2024,secondary,2024-07-31 14:00:00+00:00,2024-07,14,NEW_YORK,M15-0591 MTF,1,LONG,-1.0362872442758149,-1.0,3.0,stop,1,0,True,False,False,False,NEUTRAL_MIX,MIXED,18.424826304533042,18-22,20.706727674886746,20-25,1.5153846052405773,1.5+ ATR,3.1741116963744833
2024,secondary,2024-07-31 19:00:00+00:00,2024-07,19,OTHER,M15-0591 MTF,1,LONG,1.272032042373161,1.2977511882345836,4.0,time_exit,1,1,True,True,True,False,STRONG_ALIGNED,TREND,19.94469987268979,18-22,19.71604776228831,15-20,1.3960545345478688,1.0-1.5 ATR,3.6316632871667522
2024,secondary,2024-08-01 10:30:00+00:00,2024-08,10,LONDON,Structural Portfolio MTF,1,LONG,2.9582667984223443,3.0,3.0,target,0,1,False,True,False,False,NEUTRAL_MIX,MIXED,29.41538125703756,22-30,32.14326200570017,25+,0.9959493589006585,0.6-1.0 ATR,3.062404702349882
2024,secondary,2024-08-01 13:15:00+00:00,2024-08,13,NEW_YORK,M15-0591 MTF,1,LONG,-1.0294936018216998,-1.0,4.0,stop,1,1,True,True,True,False,STRONG_ALIGNED,TREND,30.158136160881742,30+,32.449658654092495,25+,1.2813307177184534,1.0-1.5 ATR,3.8319537119523956
2024,secondary,2024-08-01 22:00:00+00:00,2024-08,22,OTHER,V1 Legacy M15,1,LONG,-1.0499443404132631,-1.0,2.0,stop,1,1,True,True,True,False,STRONG_ALIGNED,TREND,32.53892702222158,30+,18.3476094616099,15-20,1.2935405692917592,1.0-1.5 ATR,3.5793233779556926
2024,secondary,2024-08-02 04:45:00+00:00,2024-08,4,ASIA,V1 Legacy M15,1,LONG,-1.0301460779167602,-1.0,3.0,stop,1,1,True,True,True,False,STRONG_ALIGNED,TREND,34.51916538619241,30+,22.055437416602306,20-25,0.9477813549377351,0.6-1.0 ATR,3.8827520512276754
2024,secondary,2024-08-02 16:15:00+00:00,2024-08,16,NEW_YORK,Structural Frequency M15,1,LONG,-0.5678879108975549,-0.559084852630109,2.0,time_exit,0,1,False,True,False,False,NEUTRAL_MIX,MIXED,34.77964709338878,30+,31.573760334185824,25+,0.9165713588685706,0.6-1.0 ATR,10.081048148183717
2024,secondary,2024-08-05 20:30:00+00:00,2024-08,20,OTHER,Structural Portfolio MTF,-1,SHORT,-1.0384598186869265,-1.0,3.0,stop,-1,0,True,False,False,False,NEUTRAL_MIX,MIXED,28.20640828571054,22-30,15.017282156169493,15-20,0.37435266230365677,<0.6 ATR,4.888438588198205
2024,secondary,2024-08-06 11:15:00+00:00,2024-08,11,LONDON,Structural Frequency M15,-1,SHORT,1.9536853673938555,2.0,2.0,target,0,0,False,False,False,False,NEUTRAL_MIX,MIXED,29.861206385564458,22-30,18.096261810428604,15-20,0.563053067716376,<0.6 ATR,3.7651868386014873
2024,secondary,2024-08-07 06:00:00+00:00,2024-08,6,OTHER,Structural Portfolio MTF,-1,SHORT,-1.04776060462271,-1.0,4.0,stop,-1,-1,True,True,True,False,STRONG_ALIGNED,TREND,34.434789284746174,30+,19.353889539692506,15-20,1.3739168902354861,1.0-1.5 ATR,3.3699272735529755
2024,secondary,2024-08-07 18:45:00+00:00,2024-08,18,OTHER,V1 Legacy M15,-1,SHORT,-1.022955434382443,-1.0,2.0,stop,-1,-1,True,True,True,False,STRONG_ALIGNED,TREND,33.972112544896866,30+,20.96127218404558,20-25,1.2735074619024072,1.0-1.5 ATR,3.9183123376015057
2024,secondary,2024-08-08 07:00:00+00:00,2024-08,7,LONDON,M15-0591 MTF,1,LONG,2.9518325073697937,3.0,3.0,target,0,-1,False,False,False,False,NEUTRAL_MIX,MIXED,33.20882370893356,30+,31.801546877358373,25+,0.5807121525166876,<0.6 ATR,3.03076144071083
2024,secondary,2024-08-08 13:00:00+00:00,2024-08,13,NEW_YORK,Structural Portfolio MTF,-1,SHORT,-1.0310078599734975,-1.0,3.0,stop,0,0,False,False,False,False,NEUTRAL_MIX,MIXED,30.162529607246306,30+,40.843637047408194,25+,0.8257944427104983,0.6-1.0 ATR,3.6570844314329793
2024,secondary,2024-08-08 15:15:00+00:00,2024-08,15,NEW_YORK,Outcome First M15,-1,SHORT,-1.0201473272903987,-1.0,2.0,stop,1,0,False,False,False,False,NEUTRAL_MIX,MIXED,30.162529607246306,30+,36.92988702731464,25+,0.8754370818506975,0.6-1.0 ATR,5.357323898235232
2024,secondary,2024-08-09 07:30:00+00:00,2024-08,7,LONDON,Structural Frequency M15,1,LONG,0.4841422727132057,0.5148884699168099,2.0,time_exit,1,0,True,False,False,False,NEUTRAL_MIX,MIXED,23.999163463538533,22-30,16.135015670808315,15-20,1.515821151833203,1.5+ ATR,2.6520279091885453
2024,secondary,2024-08-12 04:45:00+00:00,2024-08,4,ASIA,V1 Legacy M15,1,LONG,1.9588588328268788,2.0,2.0,target,1,1,True,True,True,False,STRONG_ALIGNED,TREND,18.433180780128925,18-22,12.981476236349206,<15,0.8581598916351225,0.6-1.0 ATR,2.1091640586362104
2024,secondary,2024-08-12 13:30:00+00:00,2024-08,13,NEW_YORK,V1 Legacy M15,1,LONG,2.949680784899696,3.0,3.0,target,1,1,True,True,True,False,STRONG_ALIGNED,TREND,19.300916730257935,18-22,41.41938093096019,25+,1.1045332015054703,1.0-1.5 ATR,2.3086675860214534
2024,secondary,2024-08-12 17:45:00+00:00,2024-08,17,OTHER,V1 Legacy M15,1,LONG,-1.0369353270448676,-1.0,3.0,stop,1,1,True,True,True,False,STRONG_ALIGNED,TREND,20.706450571038456,18-22,42.95912104312369,25+,1.037124306018988,1.0-1.5 ATR,3.712187611125061
2024,secondary,2024-08-13 12:45:00+00:00,2024-08,12,NEW_YORK,V1 Legacy M15,1,LONG,-1.0310219363629958,-1.0,3.0,stop,1,1,True,True,True,False,STRONG_ALIGNED,TREND,25.884061497833784,22-30,23.60042981300226,20-25,2.7922633705101876,1.5+ ATR,2.850733954421222
2024,secondary,2024-08-14 07:45:00+00:00,2024-08,7,LONDON,M15-0591 MTF,1,LONG,-1.052975055525433,-1.0,4.0,stop,1,1,True,True,True,False,STRONG_ALIGNED,TREND,28.06305601731468,22-30,19.51625863045181,15-20,0.8765172807499232,0.6-1.0 ATR,2.4414806724277582
2024,secondary,2024-08-16 08:30:00+00:00,2024-08,8,LONDON,M15-0591 MTF,1,LONG,3.965836508994077,4.0,4.0,target,1,1,True,True,True,False,STRONG_ALIGNED,TREND,18.566060025403964,18-22,19.510558779534904,15-20,1.186370692693003,1.0-1.5 ATR,2.722589170395028
2024,secondary,2024-08-19 08:15:00+00:00,2024-08,8,LONDON,Outcome First M15,1,LONG,-1.046083875051705,-1.0,3.0,stop,1,1,True,True,True,False,STRONG_ALIGNED,TREND,20.154337158216848,18-22,11.552201889624408,<15,0.8125286307901972,0.6-1.0 ATR,3.052200139197776
2024,secondary,2024-08-19 14:00:00+00:00,2024-08,14,NEW_YORK,Structural Frequency M15,1,LONG,0.9795027277426378,1.0056912210785012,2.0,time_exit,0,1,False,True,False,False,NEUTRAL_MIX,MIXED,18.921138566884064,18-22,38.61679011832848,25+,1.8950845589539698,1.5+ ATR,4.057866422722715
2024,secondary,2024-08-20 09:30:00+00:00,2024-08,9,LONDON,M15-0591 MTF,1,LONG,-1.0478666882166343,-1.0,4.0,stop,1,1,True,True,True,False,ALIGNED_WEAK,MIXED,14.245893410736928,<18,36.804145989673,25+,0.6692552877452272,0.6-1.0 ATR,3.6906693831608277
2024,secondary,2024-08-21 02:30:00+00:00,2024-08,2,ASIA,Structural Portfolio MTF,1,LONG,-1.0365063443197828,-1.0,4.0,stop,1,1,True,True,True,False,ALIGNED_WEAK,MIXED,12.862601512796719,<18,13.067763355929273,<15,0.9616320955979879,0.6-1.0 ATR,2.55815088874534
2024,secondary,2024-08-21 09:00:00+00:00,2024-08,9,LONDON,V1 Legacy M15,-1,SHORT,-1.0351522829893722,-1.0,2.0,stop,0,1,False,False,False,False,NEUTRAL_MIX,MIXED,11.939655359934592,<18,15.548525896799367,15-20,0.95570070457293,0.6-1.0 ATR,3.023959264832095
2024,secondary,2024-08-22 13:30:00+00:00,2024-08,13,NEW_YORK,Structural Portfolio MTF,-1,SHORT,-0.007745901497280263,0.013879367477789046,3.0,time_exit,-1,0,True,False,False,False,NEUTRAL_MIX,MIXED,12.37324821275027,<18,25.216552737577928,25+,2.0391703382147437,1.5+ ATR,3.8790285694940594
2024,secondary,2024-08-23 10:15:00+00:00,2024-08,10,LONDON,Structural Portfolio MTF,-1,SHORT,-1.0553857794860415,-1.0,3.0,stop,0,0,False,False,False,False,NEUTRAL_MIX,MIXED,19.92954003088524,18-22,31.088192795087217,25+,1.2651266825419663,1.0-1.5 ATR,2.2922605617433045
2024,secondary,2024-08-23 14:00:00+00:00,2024-08,14,NEW_YORK,Outcome First M15,-1,SHORT,-1.0425119086933732,-1.0,2.0,stop,0,1,False,False,False,False,NEUTRAL_MIX,MIXED,19.661342643795038,18-22,21.186721242663957,20-25,1.5817013443490815,1.5+ ATR,2.8640046467583797
2024,secondary,2024-08-26 17:00:00+00:00,2024-08,17,OTHER,Structural Portfolio MTF,1,LONG,-1.0285287825369962,-1.0,4.0,stop,1,1,True,True,True,False,ALIGNED_WEAK,MIXED,14.984766315269445,<18,37.21302241307911,25+,1.169784207239038,1.0-1.5 ATR,3.3339482409366723
2024,secondary,2024-08-27 08:45:00+00:00,2024-08,8,LONDON,Structural Portfolio MTF,1,LONG,0.7754291824861045,0.8081022801855484,3.0,time_exit,0,0,False,False,False,False,NEUTRAL_MIX,MIXED,13.14744375365073,<18,26.150444433222713,25+,0.6832537260538546,0.6-1.0 ATR,3.146708050048997
2024,secondary,2024-08-28 16:30:00+00:00,2024-08,16,NEW_YORK,Structural Portfolio MTF,-1,SHORT,-1.0214641509330629,-1.0,3.0,stop,-1,0,True,False,False,False,NEUTRAL_MIX,MIXED,13.675715695942491,<18,21.817303318578173,20-25,1.969383547821428,1.5+ ATR,4.021562995568505
2024,secondary,2024-08-29 10:00:00+00:00,2024-08,10,LONDON,Outcome First M15,1,LONG,-1.032848263580123,-1.0,3.0,stop,1,1,True,True,True,False,ALIGNED_WEAK,MIXED,14.801397759047257,<18,23.82484464605698,20-25,2.0658566025648235,1.5+ ATR,2.9043642199322153
2024,secondary,2024-08-29 13:30:00+00:00,2024-08,13,NEW_YORK,Structural Portfolio MTF,1,LONG,1.343994464449482,1.3786741988742917,3.0,time_exit,0,1,False,True,False,False,NEUTRAL_MIX,MIXED,13.781594204115743,<18,31.825470997930132,25+,1.2221563662421076,1.0-1.5 ATR,3.7883859446201646
2024,secondary,2024-08-30 15:00:00+00:00,2024-08,15,NEW_YORK,M15-0591 MTF,-1,SHORT,1.7054501810719715,1.734500988448389,3.0,time_exit,0,1,False,False,False,False,NEUTRAL_MIX,MIXED,13.469430897724399,<18,22.37313193161565,20-25,1.2887336660208124,1.0-1.5 ATR,4.531580227924171
2024,secondary,2024-09-02 09:30:00+00:00,2024-09,9,LONDON,Structural Portfolio MTF,-1,SHORT,1.0237002896420224,1.0619702387575984,3.0,time_exit,0,0,False,False,False,False,NEUTRAL_MIX,MIXED,20.941753826908958,18-22,25.700545333273297,25+,0.6622450105009937,0.6-1.0 ATR,3.050230606451584
2024,secondary,2024-09-03 11:15:00+00:00,2024-09,11,LONDON,Outcome First M15,1,LONG,-1.0357438055650858,-1.0,2.0,stop,-1,0,False,False,False,False,NEUTRAL_MIX,MIXED,24.758989408810397,22-30,28.32132642162249,25+,1.1373343649630916,1.0-1.5 ATR,2.523444369935157
2024,secondary,2024-09-04 07:30:00+00:00,2024-09,7,LONDON,M15-0591 MTF,-1,SHORT,-1.0531842608332949,-1.0,4.0,stop,-1,-1,True,True,True,False,STRONG_ALIGNED,TREND,30.95970484904656,30+,33.80596405157286,25+,1.9056622091559994,1.5+ ATR,2.5555420979653944
2024,secondary,2024-09-06 03:00:00+00:00,2024-09,3,ASIA,Structural Portfolio MTF,1,LONG,-1.0512104058995695,-1.0,4.0,stop,1,1,True,True,True,False,STRONG_ALIGNED,TREND,26.784931506146393,22-30,16.733743461044654,15-20,0.8238818986144048,0.6-1.0 ATR,1.6628596917882785
2024,secondary,2024-09-06 17:30:00+00:00,2024-09,17,OTHER,Structural Portfolio MTF,1,LONG,-0.08389207041137582,-0.06062199225730167,2.0,time_exit,0,0,False,False,False,False,NEUTRAL_MIX,MIXED,22.65869042962501,22-30,29.221735209755366,25+,0.8853949522006205,0.6-1.0 ATR,6.8218143609106185
2024,secondary,2024-09-09 10:45:00+00:00,2024-09,10,LONDON,Outcome First M15,-1,SHORT,-1.0508581232689855,-1.0,2.0,stop,-1,0,True,False,False,False,NEUTRAL_MIX,MIXED,25.278144973787608,22-30,15.359232902124257,15-20,0.7100603326612644,0.6-1.0 ATR,2.746245509436265
2024,secondary,2024-09-09 18:15:00+00:00,2024-09,18,OTHER,Structural Portfolio MTF,-1,SHORT,-1.039778552955265,-1.0,3.0,stop,0,-1,False,True,False,False,NEUTRAL_MIX,MIXED,25.844503486022028,22-30,21.87636279711139,20-25,0.38901621081254856,<0.6 ATR,3.058998486244236
2024,secondary,2024-09-10 09:45:00+00:00,2024-09,9,LONDON,Structural Frequency M15,1,LONG,1.9292035726182033,2.0,2.0,target,0,1,False,True,False,False,NEUTRAL_MIX,MIXED,24.86883017989322,22-30,15.07169443304223,15-20,0.8155992563116904,0.6-1.0 ATR,2.05983512981314
2024,secondary,2024-09-10 13:30:00+00:00,2024-09,13,NEW_YORK,M15-0591 MTF,1,LONG,-1.0427354848886077,-1.0,4.0,stop,1,1,True,True,True,False,STRONG_ALIGNED,TREND,24.52423978510182,22-30,25.955444343376456,25+,1.0759330334198358,1.0-1.5 ATR,2.4536843074783894
2024,secondary,2024-09-10 15:15:00+00:00,2024-09,15,NEW_YORK,Structural Frequency M15,1,LONG,1.4788560801638166,1.5060876200395812,3.0,time_exit,1,1,True,True,True,False,STRONG_ALIGNED,TREND,24.52423978510182,22-30,20.051885648795288,20-25,0.9019132492349751,0.6-1.0 ATR,3.4593127472590144
2024,secondary,2024-09-11 15:15:00+00:00,2024-09,15,NEW_YORK,Structural Frequency M15,1,LONG,0.39261614761894803,0.4117091997373211,3.0,time_exit,0,1,False,True,False,False,NEUTRAL_MIX,MIXED,19.08314268053712,18-22,35.36897614344692,25+,1.1431360147188054,1.0-1.5 ATR,4.846317436130049
2024,secondary,2024-09-12 08:30:00+00:00,2024-09,8,LONDON,Outcome First M15,1,LONG,-1.0531756620092627,-1.0,3.0,stop,1,1,True,True,True,False,ALIGNED_WEAK,MIXED,16.583148339974176,<18,20.746068980489486,20-25,1.3953165331964728,1.0-1.5 ATR,1.8705433053391347
2024,secondary,2024-09-12 12:00:00+00:00,2024-09,12,OTHER,Structural Frequency M15,1,LONG,2.9626250851178186,3.0,3.0,target,1,1,True,True,True,False,ALIGNED_WEAK,MIXED,15.506483241334827,<18,18.96304764855716,15-20,0.8488094066661721,0.6-1.0 ATR,2.3091167282160954
2024,secondary,2024-09-12 15:00:00+00:00,2024-09,15,NEW_YORK,V1 Legacy M15,1,LONG,0.9828883184027482,0.9983272589886977,3.0,time_exit,1,1,True,True,True,False,ALIGNED_WEAK,MIXED,15.506483241334827,<18,47.70676792109986,25+,0.9459834175863325,0.6-1.0 ATR,5.676632275121052
2024,secondary,2024-09-13 12:45:00+00:00,2024-09,12,NEW_YORK,V1 Legacy M15,1,LONG,1.967677851983709,2.0,2.0,target,1,1,True,True,True,False,STRONG_ALIGNED,TREND,26.738806712496906,22-30,18.891848943133162,15-20,1.0696746680163713,1.0-1.5 ATR,2.851334233852775
2024,secondary,2024-09-16 05:45:00+00:00,2024-09,5,ASIA,V1 Legacy M15,1,LONG,-1.0606729743301184,-1.0,3.0,stop,1,1,True,True,True,False,STRONG_ALIGNED,TREND,36.80780002314569,30+,31.553737669624642,25+,1.1443428134317493,1.0-1.5 ATR,1.8700689818484242
2024,secondary,2024-09-16 08:30:00+00:00,2024-09,8,LONDON,Outcome First M15,1,LONG,-1.0338705432914856,-1.0,3.0,stop,1,1,True,True,True,False,STRONG_ALIGNED,TREND,38.67034473663561,30+,28.129414837561107,25+,1.6427701291195118,1.5+ ATR,2.5749189889806456
2024,secondary,2024-09-16 12:00:00+00:00,2024-09,12,OTHER,Outcome First M15,1,LONG,-1.0322849166287236,-1.0,3.0,stop,1,1,True,True,True,False,STRONG_ALIGNED,TREND,39.628375060723435,30+,23.259633318863028,20-25,1.1726391067144202,1.0-1.5 ATR,2.7033040104572277
2024,secondary,2024-09-17 06:00:00+00:00,2024-09,6,OTHER,Structural Portfolio MTF,1,LONG,-1.0516134873633167,-1.0,3.0,stop,0,1,False,True,False,False,NEUTRAL_MIX,MIXED,41.96434357305184,30+,23.810909380801284,20-25,0.7815550406261773,0.6-1.0 ATR,2.072790674732206
2024,secondary,2024-09-17 11:30:00+00:00,2024-09,11,LONDON,Structural Frequency M15,1,LONG,-1.0396486962173255,-1.0,2.0,stop,0,1,False,True,False,False,NEUTRAL_MIX,MIXED,41.2911418379385,30+,30.50626493808823,25+,0.8710337634986529,0.6-1.0 ATR,2.766827304511924
2024,secondary,2024-09-17 14:15:00+00:00,2024-09,14,NEW_YORK,Structural Frequency M15,1,LONG,-1.031436577912538,-1.0,2.0,stop,0,1,False,True,False,False,NEUTRAL_MIX,MIXED,39.80770758496278,30+,24.975508569266676,20-25,1.7537596159466826,1.5+ ATR,4.190996264919902
2024,secondary,2024-09-17 15:00:00+00:00,2024-09,15,NEW_YORK,Outcome First M15,-1,SHORT,1.9583902377729832,2.0,2.0,target,0,1,False,False,False,False,NEUTRAL_MIX,MIXED,39.80770758496278,30+,24.746999785273033,20-25,1.1206192125465022,1.0-1.5 ATR,4.417200726686995
2024,secondary,2024-09-19 14:45:00+00:00,2024-09,14,NEW_YORK,Structural Frequency M15,1,LONG,1.7028434314371221,1.7213936926790299,2.0,time_exit,0,1,False,True,False,False,NEUTRAL_MIX,MIXED,33.3189468913712,30+,27.74968747513492,25+,0.9256948679008213,0.6-1.0 ATR,4.947634645945371
2024,secondary,2024-09-20 11:45:00+00:00,2024-09,11,LONDON,M15-0591 MTF,1,LONG,-1.0551391587197205,-1.0,4.0,stop,1,1,True,True,True,False,STRONG_ALIGNED,TREND,36.948270117114276,30+,44.4929678243756,25+,1.7314011389155823,1.5+ ATR,2.991796576525411
2024,secondary,2024-09-20 16:00:00+00:00,2024-09,16,NEW_YORK,M15-0591 MTF,1,LONG,0.4071647255677688,0.42896811051848105,4.0,time_exit,1,1,True,True,True,False,STRONG_ALIGNED,TREND,40.113052572290236,30+,30.086827880171665,25+,0.7177036776616461,0.6-1.0 ATR,4.639797877097992
2024,secondary,2024-09-23 04:15:00+00:00,2024-09,4,ASIA,M15-0591 MTF,1,LONG,-1.07691663646347,-1.0,4.0,stop,1,1,True,True,True,False,STRONG_ALIGNED,TREND,46.08823524801649,30+,24.70766747665474,20-25,1.1778103858530953,1.0-1.5 ATR,2.5470992920707536
2024,secondary,2024-09-23 10:00:00+00:00,2024-09,10,LONDON,Outcome First M15,1,LONG,1.2480124340357917,1.2885141095537174,3.0,time_exit,1,1,True,True,True,False,STRONG_ALIGNED,TREND,47.15389711719621,30+,24.579600237107005,20-25,0.9201203511442202,0.6-1.0 ATR,2.825717306183551
2024,secondary,2024-09-24 08:15:00+00:00,2024-09,8,LONDON,Outcome First M15,1,LONG,2.954252012905941,3.0,3.0,target,1,1,True,True,True,False,STRONG_ALIGNED,TREND,54.31833035855225,30+,23.74381129408866,20-25,0.5373725381319537,<0.6 ATR,3.144931830485668
2024,secondary,2024-09-24 16:15:00+00:00,2024-09,16,NEW_YORK,V1 Legacy M15,1,LONG,0.4434982338107363,0.46721531854712106,3.0,time_exit,1,1,True,True,True,False,STRONG_ALIGNED,TREND,57.07354953829283,30+,29.576459466395335,25+,1.783479612324086,1.5+ ATR,4.6257887911873965
2024,secondary,2024-09-25 10:30:00+00:00,2024-09,10,LONDON,Outcome First M15,1,LONG,-1.0493322935356455,-1.0,3.0,stop,1,1,True,True,True,False,STRONG_ALIGNED,TREND,62.864811896234464,30+,12.047008075121973,<15,0.8940852298487781,0.6-1.0 ATR,2.8744463214478873
2024,secondary,2024-09-25 17:30:00+00:00,2024-09,17,OTHER,Structural Portfolio MTF,1,LONG,1.1638171672096422,1.187338763641748,3.0,time_exit,0,1,False,True,False,False,NEUTRAL_MIX,MIXED,64.54041441735549,30+,26.81479183186977,25+,1.4373053409082843,1.0-1.5 ATR,3.910094702944896
2024,secondary,2024-09-26 10:45:00+00:00,2024-09,10,LONDON,V1 Legacy M15,1,LONG,-1.0359576896530565,-1.0,3.0,stop,1,1,True,True,True,False,STRONG_ALIGNED,TREND,65.06259217424855,30+,29.23169256173329,25+,1.6207356070113794,1.5+ ATR,2.6654563405108385
2024,secondary,2024-09-26 15:45:00+00:00,2024-09,15,NEW_YORK,Structural Portfolio MTF,1,LONG,-1.0259806906769815,-1.0,4.0,stop,1,1,True,True,True,False,STRONG_ALIGNED,TREND,65.8638135029263,30+,29.06135779619014,25+,0.6769025186880471,0.6-1.0 ATR,5.746765439046317
2024,secondary,2024-09-27 10:00:00+00:00,2024-09,10,LONDON,Structural Portfolio MTF,1,LONG,-1.0471871593218531,-1.0,3.0,stop,0,1,False,True,False,False,NEUTRAL_MIX,MIXED,60.371367297276784,30+,24.875247903192534,20-25,0.6532394518271919,0.6-1.0 ATR,2.8473479285383356
2024,secondary,2024-09-30 08:15:00+00:00,2024-09,8,LONDON,Structural Frequency M15,-1,SHORT,2.9649375689872097,3.0,3.0,target,-1,0,True,False,False,False,NEUTRAL_MIX,MIXED,39.33195359799384,30+,17.174476548927565,15-20,1.184832908760528,1.0-1.5 ATR,3.0721631489859047
2024,secondary,2024-10-01 07:30:00+00:00,2024-10,7,LONDON,Structural Portfolio MTF,-1,SHORT,-1.074842363039943,-1.0,3.0,stop,0,0,False,False,False,False,NEUTRAL_MIX,MIXED,35.10895072175147,30+,24.282270246166,20-25,0.8666154853725724,0.6-1.0 ATR,2.007810879644883
2024,secondary,2024-10-01 11:30:00+00:00,2024-10,11,LONDON,Structural Frequency M15,-1,SHORT,-1.069115236095133,-1.0,2.0,stop,0,0,False,False,False,False,NEUTRAL_MIX,MIXED,33.376177132866886,30+,32.483016667618834,25+,1.753184861613612,1.5+ ATR,2.2131151625556473
2024,secondary,2024-10-02 07:30:00+00:00,2024-10,7,LONDON,Structural Frequency M15,1,LONG,-1.0455357906910872,-1.0,2.0,stop,0,1,False,True,False,False,NEUTRAL_MIX,MIXED,28.093727042742227,22-30,33.63522881652234,25+,0.5990900880666657,<0.6 ATR,2.754176763840035
2024,secondary,2024-10-02 14:45:00+00:00,2024-10,14,NEW_YORK,Outcome First M15,-1,SHORT,1.393241493131701,1.4280392728664688,2.0,time_exit,1,0,False,False,False,False,NEUTRAL_MIX,MIXED,24.325046639679684,22-30,19.510414751449172,15-20,0.7577800046727314,0.6-1.0 ATR,4.328433027758182
2024,secondary,2024-10-03 09:45:00+00:00,2024-10,9,LONDON,Structural Frequency M15,1,LONG,-1.0423213138117866,-1.0,2.0,stop,0,0,False,False,False,False,NEUTRAL_MIX,MIXED,19.75453267223511,18-22,30.911923600798634,25+,1.2441476767471336,1.0-1.5 ATR,2.9417729650623543
2024,secondary,2024-10-03 17:00:00+00:00,2024-10,17,OTHER,M15-0591 MTF,1,LONG,0.1942623409171852,0.22608061577033312,3.0,time_exit,0,0,False,False,False,False,NEUTRAL_MIX,MIXED,18.021224739379136,18-22,18.446665133271633,15-20,1.022620630966749,1.0-1.5 ATR,4.840504728836461
2024,secondary,2024-10-04 11:45:00+00:00,2024-10,11,LONDON,Outcome First M15,1,LONG,-1.0666474905881669,-1.0,3.0,stop,1,1,True,True,True,False,ALIGNED_WEAK,MIXED,16.76724607850564,<18,17.58805761189033,15-20,1.1091474516867328,1.0-1.5 ATR,2.0285851052340416
2024,secondary,2024-10-04 16:00:00+00:00,2024-10,16,NEW_YORK,Structural Portfolio MTF,-1,SHORT,0.06353000323668564,0.07879001975655926,3.0,time_exit,0,0,False,False,False,False,NEUTRAL_MIX,MIXED,16.79698793821634,<18,22.971759142590372,20-25,0.836433899990913,0.6-1.0 ATR,6.479890401451873
2024,secondary,2024-10-07 10:15:00+00:00,2024-10,10,LONDON,M15-0591 MTF,1,LONG,-1.0724566682824757,-1.0,3.0,stop,0,0,False,False,False,False,NEUTRAL_MIX,MIXED,18.08830482456446,18-22,27.631161660646896,25+,0.8986782728891765,0.6-1.0 ATR,2.703971013105265
2024,secondary,2024-10-08 07:15:00+00:00,2024-10,7,LONDON,Structural Portfolio MTF,-1,SHORT,-1.0266252879835005,-1.0,3.0,stop,-1,0,True,False,False,False,NEUTRAL_MIX,MIXED,21.461072826515288,18-22,16.29497093183312,15-20,1.987820391794123,1.5+ ATR,3.435924104710213
2024,secondary,2024-10-08 16:15:00+00:00,2024-10,16,NEW_YORK,Outcome First M15,1,LONG,0.1025340990235519,0.1258844065162108,2.0,time_exit,-1,0,False,False,False,False,NEUTRAL_MIX,MIXED,24.900158530350975,22-30,44.78501576769341,25+,0.8078439592990524,0.6-1.0 ATR,5.607518565752199
2024,secondary,2024-10-09 12:00:00+00:00,2024-10,12,OTHER,Outcome First M15,-1,SHORT,2.9290392503690654,3.0,3.0,target,-1,-1,True,True,True,False,STRONG_ALIGNED,TREND,32.95743624468381,30+,13.206330899154661,<15,0.8795826058170125,0.6-1.0 ATR,2.808150119914554
2024,secondary,2024-10-09 13:45:00+00:00,2024-10,13,NEW_YORK,M15-0591 MTF,-1,SHORT,-1.0376672848197506,-1.0,4.0,stop,-1,-1,True,True,True,False,STRONG_ALIGNED,TREND,32.95743624468381,30+,13.37485127098904,<15,1.780607864788668,1.5+ ATR,3.616742421141888
2024,secondary,2024-10-10 03:45:00+00:00,2024-10,3,ASIA,Structural Portfolio MTF,-1,SHORT,-1.0510974824676074,-1.0,3.0,stop,0,-1,False,True,False,False,NEUTRAL_MIX,MIXED,37.83223228178797,30+,17.135163416171068,15-20,1.2293121275761854,1.0-1.5 ATR,2.3183697094241333
2024,secondary,2024-10-10 11:30:00+00:00,2024-10,11,LONDON,Structural Frequency M15,-1,SHORT,-1.0533281804188117,-1.0,2.0,stop,0,-1,False,True,False,False,NEUTRAL_MIX,MIXED,37.9612207436141,30+,15.679636385075831,15-20,1.9169786246400127,1.5+ ATR,2.3213613040864938
2024,secondary,2024-10-10 15:45:00+00:00,2024-10,15,NEW_YORK,Structural Frequency M15,-1,SHORT,-1.0272496170647318,-1.0,2.0,stop,0,-1,False,True,False,False,NEUTRAL_MIX,MIXED,37.68340762286012,30+,30.011505069832257,25+,1.2628424030200944,1.0-1.5 ATR,4.569057854092478
2024,secondary,2024-10-11 13:00:00+00:00,2024-10,13,NEW_YORK,Outcome First M15,-1,SHORT,-1.0358664261053334,-1.0,2.0,stop,1,0,False,False,False,False,NEUTRAL_MIX,MIXED,28.10521752997341,22-30,23.67450100394549,20-25,1.27755551596947,1.0-1.5 ATR,2.990085324864623
2024,secondary,2024-10-13 22:00:00+00:00,2024-10,22,OTHER,Structural Portfolio MTF,1,LONG,-1.2380051440481297,-1.0,3.0,stop,1,0,True,False,False,False,NEUTRAL_MIX,MIXED,28.46827804010697,22-30,29.698894063950767,25+,0.47726721201329925,<0.6 ATR,2.1581201768612144
2024,secondary,2024-10-14 04:45:00+00:00,2024-10,4,ASIA,V1 Legacy M15,1,LONG,-1.0720922546836356,-1.0,3.0,stop,1,1,True,True,True,False,STRONG_ALIGNED,TREND,26.119377283366138,22-30,29.68714888342391,25+,0.8492553942524672,0.6-1.0 ATR,2.4727543848554228
2024,secondary,2024-10-14 14:00:00+00:00,2024-10,14,NEW_YORK,Outcome First M15,1,LONG,-1.033309713069902,-1.0,3.0,stop,1,1,True,True,True,False,STRONG_ALIGNED,TREND,24.878009359505892,22-30,25.575199644428363,25+,1.5692346834809314,1.5+ ATR,3.7151868113618396
2024,secondary,2024-10-15 08:30:00+00:00,2024-10,8,LONDON,M15-0591 MTF,1,LONG,-1.0498374500291057,-1.0,4.0,stop,1,1,True,True,True,False,STRONG_ALIGNED,TREND,18.322783179390523,18-22,27.92033522331273,25+,0.7711743527088252,0.6-1.0 ATR,2.8398247326398574
2024,secondary,2024-10-15 12:45:00+00:00,2024-10,12,NEW_YORK,Structural Frequency M15,1,LONG,1.8441460741208315,1.8761028000114242,3.0,time_exit,0,1,False,True,False,False,NEUTRAL_MIX,MIXED,17.345798862475284,<18,20.898586299614404,20-25,1.1639407767512286,1.0-1.5 ATR,3.144489885658992
2024,secondary,2024-10-16 13:00:00+00:00,2024-10,13,NEW_YORK,V1 Legacy M15,1,LONG,-1.0493251162180959,-1.0,3.0,stop,1,1,True,True,True,False,STRONG_ALIGNED,TREND,19.64996056736439,18-22,29.978201883817096,25+,0.8822595893332907,0.6-1.0 ATR,2.8676367257301507
2024,secondary,2024-10-16 17:15:00+00:00,2024-10,17,OTHER,Structural Portfolio MTF,1,LONG,1.2476817520821526,1.276497305302898,4.0,time_exit,1,1,True,True,True,False,STRONG_ALIGNED,TREND,20.184800279253714,18-22,24.27895191602043,20-25,0.6398558205402746,0.6-1.0 ATR,4.0321583662729745
2024,secondary,2024-10-17 11:30:00+00:00,2024-10,11,LONDON,M15-0591 MTF,1,LONG,-1.051244720049872,-1.0,4.0,stop,1,1,True,True,True,False,STRONG_ALIGNED,TREND,22.90257652611842,22-30,19.60323427279443,15-20,0.8095320417222429,0.6-1.0 ATR,2.878206025104278
2024,secondary,2024-10-17 15:00:00+00:00,2024-10,15,NEW_YORK,M15-0591 MTF,1,LONG,-1.0354855058642976,-1.0,4.0,stop,1,1,True,True,True,False,STRONG_ALIGNED,TREND,24.136154811755077,22-30,17.109648600346087,15-20,0.8707974027315013,0.6-1.0 ATR,4.180076776276534
2024,secondary,2024-10-17 22:00:00+00:00,2024-10,22,OTHER,V1 Legacy M15,1,LONG,1.8598348612193731,2.0,2.0,target,1,1,True,True,True,False,STRONG_ALIGNED,TREND,27.393363408451098,22-30,14.160470248716889,<15,0.7051485271303198,0.6-1.0 ATR,2.410839609802713
2024,secondary,2024-10-18 02:30:00+00:00,2024-10,2,ASIA,M15-0591 MTF,1,LONG,-1.0560263542109845,-1.0,4.0,stop,1,1,True,True,True,False,STRONG_ALIGNED,TREND,28.85723449751001,22-30,28.784094369540007,25+,1.3483549027086827,1.0-1.5 ATR,2.692169541348406
2024,secondary,2024-10-18 09:00:00+00:00,2024-10,9,LONDON,Outcome First M15,1,LONG,2.944429361054993,3.0,3.0,target,1,1,True,True,True,False,STRONG_ALIGNED,TREND,33.43893612190546,30+,25.907673409665215,25+,0.7824193314593783,0.6-1.0 ATR,2.901257559377974
2024,secondary,2024-10-21 01:45:00+00:00,2024-10,1,ASIA,M15-0591 MTF,1,LONG,0.8556319295540711,0.8934178244377419,4.0,time_exit,1,1,True,True,True,False,STRONG_ALIGNED,TREND,43.536882072431844,30+,23.2659129298816,20-25,1.2606583750534133,1.0-1.5 ATR,2.8239212703831127
2024,secondary,2024-10-21 13:00:00+00:00,2024-10,13,NEW_YORK,M15-0591 MTF,1,LONG,-1.0614622509201217,-1.0,4.0,stop,1,1,True,True,True,False,STRONG_ALIGNED,TREND,49.53968220664265,30+,17.944605561098737,15-20,1.1079649060689072,1.0-1.5 ATR,2.9694081301482576
2024,secondary,2024-10-21 19:45:00+00:00,2024-10,19,OTHER,Structural Portfolio MTF,1,LONG,2.941377608120048,3.0,3.0,target,0,1,False,True,False,False,NEUTRAL_MIX,MIXED,49.244836201054056,30+,34.72417969688332,25+,0.7646122584095985,0.6-1.0 ATR,3.374259268830393
2024,secondary,2024-10-22 12:30:00+00:00,2024-10,12,NEW_YORK,Structural Portfolio MTF,1,LONG,2.2989096894797214,2.338330512952988,4.0,time_exit,1,1,True,True,True,False,STRONG_ALIGNED,TREND,48.70769438679089,30+,19.244913959790917,15-20,1.089911036512793,1.0-1.5 ATR,2.9084942658646655
2024,secondary,2024-10-23 06:15:00+00:00,2024-10,6,OTHER,M15-0591 MTF,1,LONG,-1.0802161197970246,-1.0,4.0,stop,1,1,True,True,True,False,STRONG_ALIGNED,TREND,50.17939101822652,30+,31.53677812648987,25+,1.0139008144910469,1.0-1.5 ATR,2.278329366132291
2024,secondary,2024-10-23 08:00:00+00:00,2024-10,8,LONDON,M15-0591 MTF,1,LONG,-1.087610480288573,-1.0,4.0,stop,1,1,True,True,True,False,STRONG_ALIGNED,TREND,50.00035966343733,30+,30.402057293190435,25+,0.6086005534155045,0.6-1.0 ATR,2.3825150862298465
2024,secondary,2024-10-23 16:00:00+00:00,2024-10,16,NEW_YORK,Structural Portfolio MTF,1,LONG,1.1713351122792566,1.1914267453189518,3.0,time_exit,0,0,False,False,False,False,NEUTRAL_MIX,MIXED,47.223740572855576,30+,52.205162360201925,25+,0.8136019107368408,0.6-1.0 ATR,5.567833531631695
2024,secondary,2024-10-24 15:15:00+00:00,2024-10,15,NEW_YORK,Structural Portfolio MTF,1,LONG,-1.0228696590211763,-1.0,4.0,stop,1,1,True,True,True,False,STRONG_ALIGNED,TREND,35.355207877110516,30+,38.97119408267517,25+,0.8822785059820929,0.6-1.0 ATR,4.1483499543335745
2024,secondary,2024-10-25 18:00:00+00:00,2024-10,18,OTHER,V1 Legacy M15,1,LONG,-1.0323474845284628,-1.0,3.0,stop,1,1,True,True,True,False,STRONG_ALIGNED,TREND,24.660751414528356,22-30,28.995938159630217,25+,1.0443609941827852,1.0-1.5 ATR,3.437508696702454
2024,secondary,2024-10-29 13:15:00+00:00,2024-10,13,NEW_YORK,Outcome First M15,1,LONG,2.963716479596628,3.0,3.0,target,1,1,True,True,True,False,ALIGNED_WEAK,MIXED,15.024571442485943,<18,19.551794093527793,15-20,2.2538373825085043,1.5+ ATR,3.4430168122257965
2024,secondary,2024-10-30 00:45:00+00:00,2024-10,0,ASIA,M15-0591 MTF,1,LONG,3.9040838525816826,4.0,4.0,target,1,1,True,True,True,False,STRONG_ALIGNED,TREND,18.16586817600152,18-22,30.96931105959752,25+,1.060857442223051,1.0-1.5 ATR,2.0266625037712105
2024,secondary,2024-10-30 15:45:00+00:00,2024-10,15,NEW_YORK,Outcome First M15,1,LONG,-0.42471139516350764,-0.40252055644713897,3.0,time_exit,1,1,True,True,True,False,STRONG_ALIGNED,TREND,23.044829091509044,22-30,22.539521390565444,20-25,0.9765140734575397,0.6-1.0 ATR,4.659431055499296
2024,secondary,2024-10-31 10:45:00+00:00,2024-10,10,LONDON,Structural Frequency M15,1,LONG,-1.0395162497747723,-1.0,2.0,stop,0,1,False,True,False,False,NEUTRAL_MIX,MIXED,25.231051607115283,22-30,27.278413084805763,25+,1.2322932673112756,1.0-1.5 ATR,2.653589114492812
2024,secondary,2024-11-01 11:15:00+00:00,2024-11,11,LONDON,Outcome First M15,1,LONG,-1.0392218338031136,-1.0,2.0,stop,-1,0,False,False,False,False,NEUTRAL_MIX,MIXED,25.684940513237212,22-30,20.753676906502136,20-25,1.1950778147142678,1.0-1.5 ATR,2.9537825541876837
2024,secondary,2024-11-01 15:00:00+00:00,2024-11,15,NEW_YORK,Structural Frequency M15,-1,SHORT,1.0374436795604627,1.0589946121376914,3.0,time_exit,-1,0,True,False,False,False,NEUTRAL_MIX,MIXED,25.33987590082267,22-30,21.192683752206527,20-25,1.4015838680536232,1.0-1.5 ATR,5.579402116592411
2024,secondary,2024-11-04 10:45:00+00:00,2024-11,10,LONDON,Structural Portfolio MTF,-1,SHORT,-1.0604329355582027,-1.0,3.0,stop,0,0,False,False,False,False,NEUTRAL_MIX,MIXED,20.272947609360088,18-22,15.14422732848735,15-20,0.6450491161928086,0.6-1.0 ATR,3.2555660449469754
2024,secondary,2024-11-05 06:15:00+00:00,2024-11,6,OTHER,Structural Portfolio MTF,-1,SHORT,-1.0773911901905024,-1.0,3.0,stop,-1,0,True,False,False,False,NEUTRAL_MIX,MIXED,18.21346491836177,18-22,18.884483839419893,15-20,1.2365454039205979,1.0-1.5 ATR,2.4261139061195673
2024,secondary,2024-11-05 08:00:00+00:00,2024-11,8,LONDON,Structural Portfolio MTF,-1,SHORT,-1.051806007249571,-1.0,3.0,stop,-1,0,True,False,False,False,NEUTRAL_MIX,MIXED,18.215995492854017,18-22,15.755687958628984,15-20,0.7562450388331736,0.6-1.0 ATR,2.6181989941448105
2024,secondary,2024-11-05 10:00:00+00:00,2024-11,10,LONDON,Structural Portfolio MTF,-1,SHORT,-1.0519502292151066,-1.0,3.0,stop,0,0,False,False,False,False,NEUTRAL_MIX,MIXED,18.215995492854017,18-22,14.983908027455533,<15,1.1457715551117587,1.0-1.5 ATR,2.941249488141797
2024,secondary,2024-11-05 16:15:00+00:00,2024-11,16,NEW_YORK,Structural Portfolio MTF,1,LONG,-1.0290310352898853,-1.0,3.0,stop,0,0,False,False,False,False,NEUTRAL_MIX,MIXED,16.76062266560079,<18,13.496812020069619,<15,0.8391584719385133,0.6-1.0 ATR,4.0516780962073335
2024,secondary,2024-11-06 12:30:00+00:00,2024-11,12,NEW_YORK,M15-0591 MTF,-1,SHORT,3.968289324542885,4.0,4.0,target,-1,-1,True,True,True,False,STRONG_ALIGNED,TREND,18.721065983217233,18-22,30.39592615093401,25+,1.228415357128565,1.0-1.5 ATR,7.562588619630616
2024,secondary,2024-11-06 14:30:00+00:00,2024-11,14,NEW_YORK,M15-0591 MTF,-1,SHORT,-1.0147086192392245,-1.0,4.0,stop,-1,-1,True,True,True,False,STRONG_ALIGNED,TREND,18.721065983217233,18-22,49.97104812435313,25+,1.1851395555585766,1.0-1.5 ATR,9.01159694645933
2024,secondary,2024-11-06 20:45:00+00:00,2024-11,20,OTHER,V1 Legacy M15,-1,SHORT,-1.0307208390109865,-1.0,3.0,stop,-1,-1,True,True,True,False,STRONG_ALIGNED,TREND,25.044819986896492,22-30,39.69101198730452,25+,0.706420652337328,0.6-1.0 ATR,4.5865023754325716
2024,secondary,2024-11-08 12:30:00+00:00,2024-11,12,NEW_YORK,Structural Portfolio MTF,-1,SHORT,-1.0399469291134642,-1.0,3.0,stop,0,-1,False,True,False,False,NEUTRAL_MIX,MIXED,30.056168123153636,30+,24.79360194708203,20-25,1.2905747659599915,1.0-1.5 ATR,3.6030458076880167
2024,secondary,2024-11-08 17:00:00+00:00,2024-11,17,OTHER,V1 Legacy M15,-1,SHORT,1.1432887008217785,1.1703388505348784,2.0,time_exit,-1,-1,True,True,True,False,STRONG_ALIGNED,TREND,28.863464494705443,22-30,18.593175552879046,15-20,1.1828309385070594,1.0-1.5 ATR,4.802038748808004
2024,secondary,2024-11-11 12:00:00+00:00,2024-11,12,OTHER,M15-0591 MTF,-1,SHORT,3.9621256531062783,4.0,4.0,target,-1,-1,True,True,True,False,STRONG_ALIGNED,TREND,26.898040073591613,22-30,32.55628400252177,25+,1.0832676858166697,1.0-1.5 ATR,3.6186808222242925
2024,secondary,2024-11-11 15:15:00+00:00,2024-11,15,NEW_YORK,M15-0591 MTF,-1,SHORT,-0.4849112930259089,-0.4525896120476011,4.0,time_exit,-1,-1,True,True,True,False,STRONG_ALIGNED,TREND,26.898040073591613,22-30,55.39228204780901,25+,0.9589540959319619,0.6-1.0 ATR,5.870979668248436
2024,secondary,2024-11-12 04:00:00+00:00,2024-11,4,ASIA,V1 Legacy M15,-1,SHORT,1.961912693732068,2.0,2.0,target,-1,-1,True,True,True,False,STRONG_ALIGNED,TREND,33.62278735984959,30+,13.116767381624198,<15,0.8917554723850812,0.6-1.0 ATR,2.758603760984547
2024,secondary,2024-11-12 09:15:00+00:00,2024-11,9,LONDON,V1 Legacy M15,-1,SHORT,-1.0204480975959607,-1.0,3.0,stop,-1,-1,True,True,True,False,STRONG_ALIGNED,TREND,35.387184171338376,30+,43.84517651631405,25+,1.9475934482473507,1.5+ ATR,5.0729273139068995
2024,secondary,2024-11-12 15:30:00+00:00,2024-11,15,NEW_YORK,Outcome First M15,-1,SHORT,-0.4148869790692056,-0.3966746456555151,3.0,time_exit,-1,-1,True,True,True,False,STRONG_ALIGNED,TREND,37.15091471221315,30+,28.97603532285705,25+,1.319205748651283,1.0-1.5 ATR,5.738301252658661
2024,secondary,2024-11-13 09:00:00+00:00,2024-11,9,LONDON,Outcome First M15,1,LONG,-1.0377391098055733,-1.0,2.0,stop,0,-1,False,False,False,False,NEUTRAL_MIX,MIXED,38.665585930648035,30+,13.646187329896213,<15,0.954092700453711,0.6-1.0 ATR,3.1967543599796744
2024,secondary,2024-11-13 17:15:00+00:00,2024-11,17,OTHER,M15-0591 MTF,-1,SHORT,1.6453504865808304,1.667802693392336,4.0,time_exit,-1,-1,True,True,True,False,STRONG_ALIGNED,TREND,38.57518764525254,30+,23.001458746474835,20-25,1.2513771327338,1.0-1.5 ATR,5.609819627008732
2024,secondary,2024-11-14 06:15:00+00:00,2024-11,6,OTHER,M15-0591 MTF,-1,SHORT,3.910028771650356,4.0,4.0,target,-1,-1,True,True,True,False,STRONG_ALIGNED,TREND,41.4176257648828,30+,35.36728032178638,25+,0.8322610461831719,0.6-1.0 ATR,3.5205300229262133
2024,secondary,2024-11-14 10:45:00+00:00,2024-11,10,LONDON,M15-0591 MTF,-1,SHORT,-1.0320532193193805,-1.0,4.0,stop,-1,-1,True,True,True,False,STRONG_ALIGNED,TREND,42.73981773541363,30+,41.19649449731606,25+,0.9922077185641942,0.6-1.0 ATR,4.666361602890616
2024,secondary,2024-11-15 12:30:00+00:00,2024-11,12,NEW_YORK,Structural Portfolio MTF,-1,SHORT,-1.045662972229012,-1.0,3.0,stop,0,-1,False,True,False,False,NEUTRAL_MIX,MIXED,44.31996760733601,30+,12.982144819113728,<15,0.8295347203622527,0.6-1.0 ATR,3.3392212911724712
2024,secondary,2024-11-15 15:45:00+00:00,2024-11,15,NEW_YORK,Structural Portfolio MTF,-1,SHORT,-1.0224179588050801,-1.0,3.0,stop,0,-1,False,True,False,False,NEUTRAL_MIX,MIXED,44.31996760733601,30+,12.398201362684203,<15,0.9876339898023754,0.6-1.0 ATR,5.022103381630808
2024,secondary,2024-11-18 16:45:00+00:00,2024-11,16,NEW_YORK,Outcome First M15,-1,SHORT,-1.050922765193218,-1.0,2.0,stop,1,0,False,False,False,False,NEUTRAL_MIX,MIXED,33.219371830415724,30+,40.91606450163217,25+,0.6941415616747635,0.6-1.0 ATR,3.659195962667436
2024,secondary,2024-11-19 13:45:00+00:00,2024-11,13,NEW_YORK,Outcome First M15,-1,SHORT,1.9481592463890114,2.0,2.0,target,1,0,False,False,False,False,NEUTRAL_MIX,MIXED,32.15056547314555,30+,36.10545802979622,25+,1.7348790441604438,1.5+ ATR,4.023335242589107
2024,secondary,2024-11-21 07:45:00+00:00,2024-11,7,LONDON,M15-0591 MTF,1,LONG,1.7090964483959004,1.7705136774753125,4.0,time_exit,1,1,True,True,True,False,STRONG_ALIGNED,TREND,35.60005529395305,30+,27.46345889348836,25+,0.732220726039546,0.6-1.0 ATR,2.4309609612225933
2024,secondary,2024-11-21 18:00:00+00:00,2024-11,18,OTHER,V1 Legacy M15,1,LONG,1.9756026476938606,2.0,2.0,target,1,1,True,True,True,False,STRONG_ALIGNED,TREND,38.70919073641505,30+,18.771411544838372,15-20,0.8709203986350615,0.6-1.0 ATR,4.213932760963955
2024,secondary,2024-11-22 08:00:00+00:00,2024-11,8,LONDON,V1 Legacy M15,1,LONG,-1.0289845907125301,-1.0,3.0,stop,1,1,True,True,True,False,STRONG_ALIGNED,TREND,43.70459122094223,30+,35.48966657070352,25+,1.630439785763518,1.5+ ATR,3.3242564658476415
2024,secondary,2024-11-22 15:15:00+00:00,2024-11,15,NEW_YORK,Structural Portfolio MTF,1,LONG,-1.0227156263318982,-1.0,4.0,stop,1,1,True,True,True,False,STRONG_ALIGNED,TREND,45.52533975478487,30+,28.267713375919662,25+,0.769268298536677,0.6-1.0 ATR,5.381737435268154
2024,secondary,2024-11-25 10:30:00+00:00,2024-11,10,LONDON,Structural Portfolio MTF,-1,SHORT,-1.0457685431210186,-1.0,3.0,stop,0,0,False,False,False,False,NEUTRAL_MIX,MIXED,40.837532564928736,30+,40.562324818757254,25+,0.5869391945536715,<0.6 ATR,4.531985637835294
2024,secondary,2024-11-26 14:00:00+00:00,2024-11,14,NEW_YORK,Structural Portfolio MTF,-1,SHORT,-1.0209660631673487,-1.0,3.0,stop,-1,0,True,False,False,False,NEUTRAL_MIX,MIXED,33.6461844705831,30+,27.39740266060318,25+,1.657293549298578,1.5+ ATR,4.833181184703134
2024,secondary,2024-11-29 06:45:00+00:00,2024-11,6,OTHER,M15-0591 MTF,1,LONG,-1.0861303562393119,-1.0,3.0,stop,1,0,True,False,False,False,NEUTRAL_MIX,MIXED,15.870111808355293,<18,55.45023560642635,25+,0.5134515422399066,<0.6 ATR,3.2330217429247314
2024,secondary,2024-11-29 10:00:00+00:00,2024-11,10,LONDON,Outcome First M15,1,LONG,-1.0266925153428126,-1.0,3.0,stop,1,1,True,True,True,False,ALIGNED_WEAK,MIXED,16.51021821469808,<18,33.094428642300024,25+,1.2858435639999855,1.0-1.5 ATR,3.7096269978297576
2024,secondary,2024-11-29 16:15:00+00:00,2024-11,16,NEW_YORK,Structural Portfolio MTF,1,LONG,-1.028965989021714,-1.0,4.0,stop,1,1,True,True,True,False,ALIGNED_WEAK,MIXED,16.561549883611903,<18,17.153909677856078,15-20,0.9676988395220061,0.6-1.0 ATR,4.112849822126412
2024,secondary,2024-12-01 23:30:00+00:00,2024-12,23,OTHER,M15-0591 MTF,-1,SHORT,2.9648449368369696,3.0,3.0,target,0,1,False,False,False,False,NEUTRAL_MIX,MIXED,16.19571330869542,<18,21.894649042577427,20-25,1.709716549528528,1.5+ ATR,3.5736917921774944
2024,secondary,2024-12-02 15:00:00+00:00,2024-12,15,NEW_YORK,Structural Frequency M15,-1,SHORT,0.4612808425741849,0.49607646140585504,2.0,time_exit,0,-1,False,True,False,False,NEUTRAL_MIX,MIXED,14.765953355256807,<18,26.71100716756844,25+,0.996281182969226,0.6-1.0 ATR,4.3963492183465265
2024,secondary,2024-12-03 13:30:00+00:00,2024-12,13,NEW_YORK,Outcome First M15,1,LONG,-1.0299730418328732,-1.0,3.0,stop,-1,0,False,False,False,False,NEUTRAL_MIX,MIXED,10.38996096541932,<18,12.926299687574431,<15,1.3713883918793355,1.0-1.5 ATR,2.989670923480524
2024,secondary,2024-12-04 07:30:00+00:00,2024-12,7,LONDON,Outcome First M15,-1,SHORT,-1.039311766663573,-1.0,3.0,stop,1,0,False,False,False,False,NEUTRAL_MIX,MIXED,11.455934530364829,<18,27.618015290502843,25+,1.2144890047600376,1.0-1.5 ATR,2.379601617365723
2024,secondary,2024-12-04 15:45:00+00:00,2024-12,15,NEW_YORK,Structural Portfolio MTF,1,LONG,-1.0240710755633025,-1.0,3.0,stop,1,0,True,False,False,False,NEUTRAL_MIX,MIXED,12.467102096578692,<18,17.99017802868206,15-20,0.8657920484302559,0.6-1.0 ATR,4.4236950511892505
2024,secondary,2024-12-05 09:30:00+00:00,2024-12,9,LONDON,M15-0591 MTF,-1,SHORT,-1.0580840433041547,-1.0,3.0,stop,0,1,False,False,False,False,NEUTRAL_MIX,MIXED,16.50546706260074,<18,18.501549495891897,15-20,0.9146777813666419,0.6-1.0 ATR,2.8534638680087583
2024,secondary,2024-12-05 15:30:00+00:00,2024-12,15,NEW_YORK,M15-0591 MTF,-1,SHORT,-1.0319389256532507,-1.0,3.0,stop,0,1,False,False,False,False,NEUTRAL_MIX,MIXED,16.685563074022664,<18,22.255332755401795,20-25,1.490927331222829,1.0-1.5 ATR,4.124949533895782
2024,secondary,2024-12-05 16:15:00+00:00,2024-12,16,NEW_YORK,Structural Portfolio MTF,1,LONG,-1.0280683485309556,-1.0,3.0,stop,0,0,False,False,False,False,NEUTRAL_MIX,MIXED,15.510169300665154,<18,24.508756347375726,20-25,0.8050208419705409,0.6-1.0 ATR,4.384979637743811
2024,secondary,2024-12-06 00:30:00+00:00,2024-12,0,ASIA,Structural Portfolio MTF,-1,SHORT,3.8899240994516133,4.0,4.0,target,-1,-1,True,True,True,False,ALIGNED_WEAK,MIXED,15.048888744781936,<18,18.16373261423272,15-20,0.41221337502347594,<0.6 ATR,2.207594549663712
2024,secondary,2024-12-06 09:45:00+00:00,2024-12,9,LONDON,Structural Portfolio MTF,-1,SHORT,2.921471027567752,3.0,3.0,target,0,-1,False,True,False,False,NEUTRAL_MIX,MIXED,16.96634765690186,<18,21.821054734407916,20-25,0.901326292632596,0.6-1.0 ATR,3.2507650380883546
2024,secondary,2024-12-06 11:45:00+00:00,2024-12,11,LONDON,Outcome First M15,1,LONG,-1.0500204470865726,-1.0,3.0,stop,-1,-1,False,False,False,True,ALIGNED_WEAK,MIXED,16.96634765690186,<18,16.60402800103217,15-20,0.8347091120694604,0.6-1.0 ATR,3.1268377956594486
2024,secondary,2024-12-06 19:30:00+00:00,2024-12,19,OTHER,V1 Legacy M15,-1,SHORT,-1.0476400799724266,-1.0,2.0,stop,-1,-1,True,True,True,False,STRONG_ALIGNED,TREND,19.379615130031656,18-22,9.18073303112153,<15,0.4601212486398752,<0.6 ATR,3.5860113065360792
2024,secondary,2024-12-09 08:00:00+00:00,2024-12,8,LONDON,Structural Portfolio MTF,1,LONG,1.3322821668962626,1.3592510922349819,3.0,time_exit,1,0,True,False,False,False,NEUTRAL_MIX,MIXED,22.333104107625463,22-30,16.243804102396147,15-20,1.0030323376442736,1.0-1.5 ATR,3.4894189037016656
2024,secondary,2024-12-10 01:30:00+00:00,2024-12,1,ASIA,M15-0591 MTF,1,LONG,1.7948105682694273,1.8570471077806787,4.0,time_exit,1,1,True,True,True,False,STRONG_ALIGNED,TREND,19.109207915685666,18-22,20.904931839420374,20-25,1.2290358993734631,1.0-1.5 ATR,2.481619944181088
2024,secondary,2024-12-10 11:45:00+00:00,2024-12,11,LONDON,M15-0591 MTF,1,LONG,3.9403011887844825,4.0,4.0,target,1,1,True,True,True,False,STRONG_ALIGNED,TREND,19.292345257234807,18-22,19.992960344984752,15-20,0.627238308356967,0.6-1.0 ATR,3.156694949303355
2024,secondary,2024-12-10 17:00:00+00:00,2024-12,17,OTHER,V1 Legacy M15,1,LONG,-1.0323765820115085,-1.0,3.0,stop,1,1,True,True,True,False,STRONG_ALIGNED,TREND,20.992921179879588,18-22,35.31611654244773,25+,0.971337644214736,0.6-1.0 ATR,3.9533112125027734
2024,secondary,2024-12-11 10:15:00+00:00,2024-12,10,LONDON,V1 Legacy M15,1,LONG,1.9793047174141498,2.0,2.0,target,1,1,True,True,True,False,STRONG_ALIGNED,TREND,25.001631272857832,22-30,15.657792075473887,15-20,1.2445344751800442,1.0-1.5 ATR,4.692517657379343
2024,secondary,2024-12-12 04:30:00+00:00,2024-12,4,ASIA,V1 Legacy M15,1,LONG,-1.0332664770781586,-1.0,3.0,stop,1,1,True,True,True,False,STRONG_ALIGNED,TREND,25.915504335690017,22-30,33.70947050552525,25+,0.9234753022705109,0.6-1.0 ATR,3.3460559176866282
2024,secondary,2024-12-13 07:45:00+00:00,2024-12,7,LONDON,M15-0591 MTF,-1,SHORT,2.9574435825934486,3.0,3.0,target,-1,0,True,False,False,False,NEUTRAL_MIX,MIXED,22.315277676213558,22-30,17.76577983613305,15-20,1.251054305262507,1.0-1.5 ATR,3.1653302205527485
2024,secondary,2024-12-13 15:30:00+00:00,2024-12,15,NEW_YORK,V1 Legacy M15,-1,SHORT,-1.0278678592032562,-1.0,2.0,stop,-1,0,True,False,False,False,NEUTRAL_MIX,MIXED,21.51593913801375,18-22,50.84161742690719,25+,1.172723718081946,1.0-1.5 ATR,4.06745418929706
2024,secondary,2024-12-16 12:45:00+00:00,2024-12,12,NEW_YORK,Structural Portfolio MTF,-1,SHORT,1.368864006286928,1.4290106578804063,3.0,time_exit,0,0,False,False,False,False,NEUTRAL_MIX,MIXED,26.960791848988297,22-30,30.319396131110977,25+,1.650526881010224,1.5+ ATR,2.7264021275713626
2024,secondary,2024-12-17 06:30:00+00:00,2024-12,6,OTHER,V1 Legacy M15,-1,SHORT,-1.0364999039930967,-1.0,3.0,stop,-1,-1,True,True,True,False,STRONG_ALIGNED,TREND,26.989944581307782,22-30,25.67749871894616,25+,2.0799362142663655,1.5+ ATR,2.442382590944859
2024,secondary,2024-12-17 10:45:00+00:00,2024-12,10,LONDON,M15-0591 MTF,-1,SHORT,-1.0862874822934054,-1.0,4.0,stop,-1,-1,True,True,True,False,STRONG_ALIGNED,TREND,26.937335535963157,22-30,31.646856433353506,25+,0.9371748272564291,0.6-1.0 ATR,3.414517661947653
2024,secondary,2024-12-17 14:00:00+00:00,2024-12,14,NEW_YORK,V1 Legacy M15,-1,SHORT,-1.0259234083327535,-1.0,3.0,stop,-1,-1,True,True,True,False,STRONG_ALIGNED,TREND,27.58927546527962,22-30,23.474065852599225,20-25,2.22341781670968,1.5+ ATR,3.625049659774686
2024,secondary,2024-12-18 08:15:00+00:00,2024-12,8,LONDON,V1 Legacy M15,-1,SHORT,-1.0565386576419165,-1.0,2.0,stop,-1,-1,True,True,True,False,STRONG_ALIGNED,TREND,29.05789068213335,22-30,14.937980998211076,<15,1.2216421690349044,1.0-1.5 ATR,2.144654192863764
2024,secondary,2024-12-18 15:00:00+00:00,2024-12,15,NEW_YORK,M15-0591 MTF,-1,SHORT,3.9417951479732714,4.0,4.0,target,-1,-1,True,True,True,False,STRONG_ALIGNED,TREND,29.10557061275676,22-30,21.449693686829097,20-25,1.044275003687124,1.0-1.5 ATR,2.671710028631383
2024,secondary,2024-12-18 21:30:00+00:00,2024-12,21,OTHER,M15-0591 MTF,-1,SHORT,-1.0338288733079095,-1.0,4.0,stop,-1,-1,True,True,True,False,STRONG_ALIGNED,TREND,31.94383212019891,30+,53.10046195591082,25+,1.0157121460358904,1.0-1.5 ATR,6.035174457570683
2024,secondary,2024-12-19 11:45:00+00:00,2024-12,11,LONDON,Structural Frequency M15,-1,SHORT,1.9739352677664064,2.0,2.0,target,0,-1,False,True,False,False,NEUTRAL_MIX,MIXED,36.6461623093157,30+,22.456839274158032,20-25,0.8109264868280804,0.6-1.0 ATR,3.995429983639354
2024,secondary,2024-12-19 14:30:00+00:00,2024-12,14,NEW_YORK,M15-0591 MTF,-1,SHORT,-0.6032519495172949,-0.57260069342904,4.0,time_exit,-1,-1,True,True,True,False,STRONG_ALIGNED,TREND,36.966866034886465,30+,31.843624118105215,25+,1.0057857515747686,1.0-1.5 ATR,4.543711215678305
2024,secondary,2024-12-20 16:45:00+00:00,2024-12,16,NEW_YORK,Structural Portfolio MTF,-1,SHORT,-1.0388122446533261,-1.0,3.0,stop,0,0,False,False,False,False,NEUTRAL_MIX,MIXED,39.080973079185824,30+,38.23788257583454,25+,1.0811033789969127,1.0-1.5 ATR,4.245662430783368
2024,secondary,2024-12-24 00:45:00+00:00,2024-12,0,ASIA,Structural Portfolio MTF,-1,SHORT,-1.0892359567496557,-1.0,4.0,stop,-1,-1,True,True,True,False,STRONG_ALIGNED,TREND,28.494529255636056,22-30,20.657208526618923,20-25,0.7911232906928045,0.6-1.0 ATR,1.8960382252005452
2024,secondary,2024-12-24 11:30:00+00:00,2024-12,11,LONDON,V1 Legacy M15,-1,SHORT,-1.052902067658939,-1.0,2.0,stop,-1,-1,True,True,True,False,STRONG_ALIGNED,TREND,26.8755970886491,22-30,17.871410070425394,15-20,1.5890347271659055,1.5+ ATR,2.0956118472873713
2024,secondary,2024-12-26 07:45:00+00:00,2024-12,7,LONDON,Outcome First M15,-1,SHORT,-1.0496487352711643,-1.0,2.0,stop,1,0,False,False,False,False,NEUTRAL_MIX,MIXED,23.41600112016804,22-30,27.134070821638144,25+,0.6256150312239345,0.6-1.0 ATR,2.061970917604467
2024,secondary,2024-12-26 16:30:00+00:00,2024-12,16,NEW_YORK,Outcome First M15,-1,SHORT,1.4362064113357973,1.4808790882721838,2.0,time_exit,1,0,False,False,False,False,NEUTRAL_MIX,MIXED,19.882588100086352,18-22,25.576863752209956,25+,0.850454306062059,0.6-1.0 ATR,2.7514705767495253
2024,secondary,2024-12-27 10:30:00+00:00,2024-12,10,LONDON,Structural Portfolio MTF,1,LONG,-1.0712164467123553,-1.0,3.0,stop,0,0,False,False,False,False,NEUTRAL_MIX,MIXED,18.899770994711343,18-22,25.546799771849994,25+,0.825300787336087,0.6-1.0 ATR,2.2900741511472815
2024,secondary,2024-12-30 02:15:00+00:00,2024-12,2,ASIA,Structural Portfolio MTF,-1,SHORT,-1.0749211294355232,-1.0,3.0,stop,0,-1,False,True,False,False,NEUTRAL_MIX,MIXED,17.3079716795474,<18,25.647562386559503,25+,0.8499173977963699,0.6-1.0 ATR,2.5178917451846843
2024,secondary,2024-12-30 06:15:00+00:00,2024-12,6,OTHER,Structural Portfolio MTF,1,LONG,-1.1010396315942452,-1.0,2.0,stop,0,0,False,False,False,False,NEUTRAL_MIX,MIXED,16.496057430120196,<18,15.536723284374045,15-20,0.8544269561655454,0.6-1.0 ATR,2.258823865601863
2024,secondary,2024-12-30 11:30:00+00:00,2024-12,11,LONDON,Outcome First M15,1,LONG,-1.0364918770102605,-1.0,3.0,stop,-1,-1,False,False,False,True,ALIGNED_WEAK,MIXED,16.402773920912242,<18,33.316230966340235,25+,1.2912441339850436,1.0-1.5 ATR,2.788008793418153
2024,secondary,2024-12-30 14:15:00+00:00,2024-12,14,NEW_YORK,Structural Portfolio MTF,-1,SHORT,0.3156859989943969,0.3394563135950736,4.0,time_exit,-1,-1,True,True,True,False,ALIGNED_WEAK,MIXED,17.021259905920413,<18,25.659025237493758,25+,1.6366164805722705,1.5+ ATR,4.081591551408588
2024,secondary,2024-12-31 10:30:00+00:00,2024-12,10,LONDON,Structural Frequency M15,-1,SHORT,-1.0619490594559167,-1.0,2.0,stop,0,-1,False,True,False,False,NEUTRAL_MIX,MIXED,22.254714797273536,22-30,25.290707274920816,25+,0.8780093512832725,0.6-1.0 ATR,2.2778800670822688
2025,secondary,2025-01-02 00:30:00+00:00,2025-01,0,ASIA,Structural Portfolio MTF,1,LONG,2.9485460355434405,3.0,3.0,target,1,0,True,False,False,False,NEUTRAL_MIX,MIXED,16.500323494009297,<18,31.027105751947563,25+,0.6019682298441194,0.6-1.0 ATR,2.043297202442185
2025,secondary,2025-01-02 13:30:00+00:00,2025-01,13,NEW_YORK,Outcome First M15,-1,SHORT,-1.0396762314029575,-1.0,2.0,stop,1,0,False,False,False,False,NEUTRAL_MIX,MIXED,18.062292575928648,18-22,19.259814349543905,15-20,1.570211258352819,1.5+ ATR,3.2416020283408558
2025,secondary,2025-01-02 16:00:00+00:00,2025-01,16,NEW_YORK,V1 Legacy M15,1,LONG,0.04555973693917672,0.07472250028009927,2.0,time_exit,1,1,True,True,True,False,STRONG_ALIGNED,TREND,19.83086136313934,18-22,21.763507871126762,20-25,1.109295354163666,1.0-1.5 ATR,3.9033788285040734
2025,secondary,2025-01-03 10:15:00+00:00,2025-01,10,LONDON,Structural Frequency M15,1,LONG,-1.0378827401183912,-1.0,2.0,stop,0,1,False,True,False,False,NEUTRAL_MIX,MIXED,26.601410975369053,22-30,27.353972382089648,25+,1.2250300950984507,1.0-1.5 ATR,2.628506852920602
2025,secondary,2025-01-05 23:00:00+00:00,2025-01,23,OTHER,Structural Portfolio MTF,1,LONG,-1.0511882990408292,-1.0,3.0,stop,0,1,False,True,False,False,NEUTRAL_MIX,MIXED,25.436167031145693,22-30,46.00736667170738,25+,0.7581902883994446,0.6-1.0 ATR,2.202613282643698
2025,secondary,2025-01-07 16:45:00+00:00,2025-01,16,NEW_YORK,Outcome First M15,1,LONG,-0.1041997161573029,-0.07748881756760781,3.0,time_exit,1,1,True,True,True,False,ALIGNED_WEAK,MIXED,16.712265222306016,<18,31.819905714573128,25+,1.2161428367332232,1.0-1.5 ATR,4.769176633543773
2025,secondary,2025-01-08 13:00:00+00:00,2025-01,13,NEW_YORK,Structural Portfolio MTF,1,LONG,1.0567532991637973,1.0983042971988501,4.0,time_exit,1,1,True,True,True,False,STRONG_ALIGNED,TREND,20.21856549048431,18-22,21.1911815204572,20-25,0.9416669364334497,0.6-1.0 ATR,2.3256630505629188
2025,secondary,2025-01-09 06:45:00+00:00,2025-01,6,OTHER,V1 Legacy M15,1,LONG,1.9602291283121283,2.0,2.0,target,1,1,True,True,True,False,STRONG_ALIGNED,TREND,26.17086290185929,22-30,11.660065001968082,<15,1.8106573904588565,1.5+ ATR,2.2864623764911784
2025,secondary,2025-01-10 02:30:00+00:00,2025-01,2,ASIA,V1 Legacy M15,1,LONG,1.939485684907088,2.0,2.0,target,1,1,True,True,True,False,STRONG_ALIGNED,TREND,32.689253225085665,30+,9.863230408777474,<15,1.4360506204023549,1.0-1.5 ATR,1.9776461634788542
2025,secondary,2025-01-10 15:00:00+00:00,2025-01,15,NEW_YORK,M15-0591 MTF,1,LONG,-1.0584796747047343,-1.0,4.0,stop,1,1,True,True,True,False,STRONG_ALIGNED,TREND,36.359885937994065,30+,19.614263291290406,15-20,1.6041526700952395,1.5+ ATR,5.111732912250166
2025,secondary,2025-01-14 05:45:00+00:00,2025-01,5,ASIA,Structural Portfolio MTF,-1,SHORT,-1.0422101165977533,-1.0,2.0,stop,0,0,False,False,False,False,NEUTRAL_MIX,MIXED,32.76350273597799,30+,22.113840010223292,20-25,0.9844455331753478,0.6-1.0 ATR,2.437920554383939
2025,secondary,2025-01-15 06:30:00+00:00,2025-01,6,OTHER,M15-0591 MTF,1,LONG,3.908650400036768,4.0,4.0,target,1,1,True,True,True,False,STRONG_ALIGNED,TREND,22.362856904889828,22-30,22.048626454214066,20-25,1.2979335093130278,1.0-1.5 ATR,2.0108888331125314
2025,secondary,2025-01-15 16:30:00+00:00,2025-01,16,NEW_YORK,Structural Frequency M15,1,LONG,1.9592648969936564,2.0,2.0,target,0,1,False,True,False,False,NEUTRAL_MIX,MIXED,21.60695153955717,18-22,22.554155179593582,20-25,0.6921690464538823,0.6-1.0 ATR,4.3630960030241654
2025,secondary,2025-01-16 01:30:00+00:00,2025-01,1,ASIA,M15-0591 MTF,1,LONG,-1.0480546918919853,-1.0,4.0,stop,1,1,True,True,True,False,STRONG_ALIGNED,TREND,22.569765535809594,22-30,23.905153562146594,20-25,0.6339489834476858,0.6-1.0 ATR,2.823571054984863
2025,secondary,2025-01-16 07:30:00+00:00,2025-01,7,LONDON,Structural Portfolio MTF,1,LONG,2.465559549442235,2.502319107786423,4.0,time_exit,1,1,True,True,True,False,STRONG_ALIGNED,TREND,23.51809154700392,22-30,19.8423168003338,15-20,1.217668559565714,1.0-1.5 ATR,2.4719370278175625
2025,secondary,2025-01-17 11:30:00+00:00,2025-01,11,LONDON,Structural Frequency M15,1,LONG,1.9095379817689002,2.0,2.0,target,0,1,False,True,False,False,NEUTRAL_MIX,MIXED,31.70344357764025,30+,32.40968366122822,25+,0.870708900143972,0.6-1.0 ATR,2.3084638271962814
2025,secondary,2025-01-17 15:00:00+00:00,2025-01,15,NEW_YORK,Outcome First M15,1,LONG,-1.0298207881996422,-1.0,3.0,stop,1,1,True,True,True,False,STRONG_ALIGNED,TREND,31.272291621421367,30+,21.80398949258576,20-25,0.9636467495436013,0.6-1.0 ATR,3.4244913933063756
2025,secondary,2025-01-20 06:30:00+00:00,2025-01,6,OTHER,V1 Legacy M15,1,LONG,-1.0478340249192362,-1.0,3.0,stop,1,1,True,True,True,False,STRONG_ALIGNED,TREND,26.78078399660458,22-30,29.76961682978525,25+,0.7596883790917234,0.6-1.0 ATR,2.435209029012932
2025,secondary,2025-01-20 10:30:00+00:00,2025-01,10,LONDON,V1 Legacy M15,1,LONG,-1.0435683167536052,-1.0,2.0,stop,1,1,True,True,True,False,STRONG_ALIGNED,TREND,26.132448059133143,22-30,15.888214720532583,15-20,1.0512097045261086,1.0-1.5 ATR,2.7777521339725695
2025,secondary,2025-01-21 02:00:00+00:00,2025-01,2,ASIA,M15-0591 MTF,1,LONG,0.7528039804966088,0.7901553811650815,4.0,time_exit,1,1,True,True,True,False,STRONG_ALIGNED,TREND,23.352607278517688,22-30,17.210546909714743,15-20,1.2349950966519234,1.0-1.5 ATR,4.048599070194707
2025,secondary,2025-01-21 12:30:00+00:00,2025-01,12,NEW_YORK,V1 Legacy M15,1,LONG,1.971727517417468,2.0,2.0,target,1,1,True,True,True,False,STRONG_ALIGNED,TREND,25.895421738516827,22-30,15.75983858481594,15-20,0.8943558255653011,0.6-1.0 ATR,3.309644679877934
2025,secondary,2025-01-22 00:45:00+00:00,2025-01,0,ASIA,V1 Legacy M15,1,LONG,2.9350843625358123,3.0,3.0,target,1,1,True,True,True,False,STRONG_ALIGNED,TREND,29.359177094800437,22-30,26.658031389879064,25+,1.2518508154208872,1.0-1.5 ATR,2.300593620679808
2025,secondary,2025-01-22 07:30:00+00:00,2025-01,7,LONDON,Structural Portfolio MTF,1,LONG,0.7673654415590849,0.8158397122182216,4.0,time_exit,1,1,True,True,True,False,STRONG_ALIGNED,TREND,30.780875123617847,30+,24.544137780592187,20-25,0.8417083880208287,0.6-1.0 ATR,2.8513438076141653
2025,secondary,2025-01-23 04:30:00+00:00,2025-01,4,ASIA,Structural Portfolio MTF,1,LONG,-1.073510550662544,-1.0,3.0,stop,0,1,False,True,False,False,NEUTRAL_MIX,MIXED,39.058980723210965,30+,26.454018171079884,25+,0.7183913148356464,0.6-1.0 ATR,1.8513586850701342
2025,secondary,2025-01-23 10:15:00+00:00,2025-01,10,LONDON,Structural Portfolio MTF,1,LONG,-1.0474148146429685,-1.0,3.0,stop,0,1,False,True,False,False,NEUTRAL_MIX,MIXED,39.35537362380499,30+,21.783964752886643,20-25,0.7472859122993241,0.6-1.0 ATR,2.6228247685933987
2025,secondary,2025-01-24 00:15:00+00:00,2025-01,0,ASIA,V1 Legacy M15,1,LONG,1.926845494707857,2.0,2.0,target,1,1,True,True,True,False,STRONG_ALIGNED,TREND,33.607391887508456,30+,16.57945663632061,15-20,1.0329310933875833,1.0-1.5 ATR,2.2847603437517905
2025,secondary,2025-01-24 06:15:00+00:00,2025-01,6,OTHER,V1 Legacy M15,1,LONG,-1.0427572518391925,-1.0,3.0,stop,1,1,True,True,True,False,STRONG_ALIGNED,TREND,34.23757725926581,30+,48.04531998699598,25+,1.4578555994347528,1.0-1.5 ATR,2.8672249855342202
2025,secondary,2025-01-24 09:15:00+00:00,2025-01,9,LONDON,Outcome First M15,1,LONG,-1.0587976172567104,-1.0,3.0,stop,1,1,True,True,True,False,STRONG_ALIGNED,TREND,34.87602156965755,30+,34.760544302135045,25+,0.9973517193880921,0.6-1.0 ATR,2.687116237834436
2025,secondary,2025-01-27 08:30:00+00:00,2025-01,8,LONDON,Structural Frequency M15,1,LONG,-1.0310249836221193,-1.0,3.0,stop,0,0,False,False,False,False,NEUTRAL_MIX,MIXED,32.170064320147404,30+,40.044604539655566,25+,1.2351822638239942,1.0-1.5 ATR,3.327444151663901
2025,secondary,2025-01-27 23:00:00+00:00,2025-01,23,OTHER,Structural Portfolio MTF,-1,SHORT,-1.0633037679662432,-1.0,3.0,stop,-1,0,True,False,False,False,NEUTRAL_MIX,MIXED,27.4480390306624,22-30,27.60104038803429,25+,0.6349885373753404,0.6-1.0 ATR,2.881941786799015
2025,secondary,2025-01-29 08:15:00+00:00,2025-01,8,LONDON,Structural Portfolio MTF,1,LONG,-1.0655607179516458,-1.0,4.0,stop,1,1,True,True,True,False,STRONG_ALIGNED,TREND,19.3286611440036,18-22,24.628411058204108,20-25,1.9618252058274135,1.5+ ATR,1.8197339851661436
2025,secondary,2025-01-29 14:15:00+00:00,2025-01,14,NEW_YORK,Structural Frequency M15,1,LONG,-1.039615299418968,-1.0,2.0,stop,0,1,False,True,False,False,NEUTRAL_MIX,MIXED,18.621160717561775,18-22,21.466930465018837,20-25,0.9944556710817763,0.6-1.0 ATR,2.4435478329133753
2025,secondary,2025-01-29 20:00:00+00:00,2025-01,20,OTHER,Structural Portfolio MTF,1,LONG,2.4614776385460155,2.4870933049552955,3.0,time_exit,0,1,False,True,False,False,NEUTRAL_MIX,MIXED,16.999832535984794,<18,30.996638904421214,25+,1.5089260393905237,1.5+ ATR,4.155273244891792
2025,secondary,2025-01-31 07:45:00+00:00,2025-01,7,LONDON,Structural Portfolio MTF,1,LONG,-1.0465131153349465,-1.0,4.0,stop,1,1,True,True,True,False,STRONG_ALIGNED,TREND,21.42768357705343,18-22,14.657636813022153,<15,1.5199665992974416,1.5+ ATR,2.454001293004792
2025,secondary,2025-01-31 11:30:00+00:00,2025-01,11,LONDON,V1 Legacy M15,1,LONG,1.9517479724358449,2.0,2.0,target,1,1,True,True,True,False,STRONG_ALIGNED,TREND,22.441442926707758,22-30,13.428877273268984,<15,0.9333308195744233,0.6-1.0 ATR,2.6571500136798645
2025,secondary,2025-01-31 14:45:00+00:00,2025-01,14,NEW_YORK,V1 Legacy M15,1,LONG,-1.0509516427581647,-1.0,3.0,stop,1,1,True,True,True,False,STRONG_ALIGNED,TREND,23.203937592717217,22-30,34.3724558155499,25+,0.9156206867377619,0.6-1.0 ATR,2.926976245532776
2025,secondary,2025-02-03 09:15:00+00:00,2025-02,9,LONDON,M15-0591 MTF,1,LONG,3.9509797028274587,4.0,4.0,target,1,1,True,True,True,False,STRONG_ALIGNED,TREND,22.689924582198337,22-30,30.194713945764242,25+,0.5907748883463407,<0.6 ATR,3.8424111193250283
2025,secondary,2025-02-04 01:00:00+00:00,2025-02,1,ASIA,Structural Portfolio MTF,1,LONG,-1.038844643263437,-1.0,4.0,stop,1,1,True,True,True,False,STRONG_ALIGNED,TREND,25.212854004481564,22-30,22.71640469863804,20-25,0.5682939923136577,<0.6 ATR,3.0266024685528214
2025,secondary,2025-02-04 08:30:00+00:00,2025-02,8,LONDON,Structural Frequency M15,1,LONG,2.972464724163633,3.0,3.0,target,0,1,False,True,False,False,NEUTRAL_MIX,MIXED,26.38576987432982,22-30,28.193484704290444,25+,1.4720110136185693,1.0-1.5 ATR,3.607309966348077
2025,secondary,2025-02-05 00:45:00+00:00,2025-02,0,ASIA,V1 Legacy M15,1,LONG,-1.039304281770227,-1.0,2.0,stop,1,1,True,True,True,False,STRONG_ALIGNED,TREND,30.578538244842346,30+,17.74390428124616,15-20,2.2417448500276143,1.5+ ATR,2.4445244069290553
2025,secondary,2025-02-05 03:00:00+00:00,2025-02,3,ASIA,M15-0591 MTF,1,LONG,2.4061437867858184,2.443479658365281,4.0,time_exit,1,1,True,True,True,False,STRONG_ALIGNED,TREND,30.578538244842346,30+,22.79739008374174,20-25,0.7976381471449999,0.6-1.0 ATR,3.4602156502658934
2025,secondary,2025-02-05 23:00:00+00:00,2025-02,23,OTHER,Structural Portfolio MTF,1,LONG,-1.0538127065202894,-1.0,4.0,stop,1,1,True,True,True,False,STRONG_ALIGNED,TREND,39.86431833091528,30+,18.459144383481764,15-20,0.8165920620208328,0.6-1.0 ATR,3.5390988161799486
2025,secondary,2025-02-06 09:15:00+00:00,2025-02,9,LONDON,Structural Frequency M15,1,LONG,-1.026566710444125,-1.0,2.0,stop,0,1,False,True,False,False,NEUTRAL_MIX,MIXED,42.755122532917,30+,25.15131895185418,25+,1.0292774463092942,1.0-1.5 ATR,3.827928042266748
2025,secondary,2025-02-06 15:45:00+00:00,2025-02,15,NEW_YORK,Structural Portfolio MTF,1,LONG,1.0970001069341868,1.115422620927976,3.0,time_exit,0,1,False,True,False,False,NEUTRAL_MIX,MIXED,42.140204861384085,30+,28.19688240528172,25+,1.3505011726930023,1.0-1.5 ATR,5.249902882988017
2025,secondary,2025-02-10 00:30:00+00:00,2025-02,0,ASIA,M15-0591 MTF,1,LONG,3.9451304353853756,4.0,4.0,target,1,1,True,True,True,False,STRONG_ALIGNED,TREND,37.049098312324624,30+,15.807520828206917,15-20,0.5732840653415436,<0.6 ATR,3.8200957124027597
2025,secondary,2025-02-10 08:45:00+00:00,2025-02,8,LONDON,V1 Legacy M15,1,LONG,2.967561050451636,3.0,3.0,target,1,1,True,True,True,False,STRONG_ALIGNED,TREND,39.66335549781145,30+,44.981926100798646,25+,1.2892061037590143,1.0-1.5 ATR,3.4207098361862833
2025,secondary,2025-02-11 06:15:00+00:00,2025-02,6,OTHER,V1 Legacy M15,1,LONG,-1.0242026730387217,-1.0,3.0,stop,1,1,True,True,True,False,STRONG_ALIGNED,TREND,48.97835302164299,30+,23.424466612011695,20-25,1.258423199125262,1.0-1.5 ATR,5.4035876044933895
2025,secondary,2025-02-11 11:30:00+00:00,2025-02,11,LONDON,Structural Frequency M15,1,LONG,-1.0813373487509368,-1.0,2.0,stop,0,1,False,True,False,False,NEUTRAL_MIX,MIXED,50.953356700584976,30+,29.200411620831535,25+,0.4659136254826107,<0.6 ATR,4.614589233729837
2025,secondary,2025-02-11 14:00:00+00:00,2025-02,14,NEW_YORK,Structural Portfolio MTF,1,LONG,-0.20218135613781085,-0.18316579258093268,3.0,time_exit,0,1,False,True,False,False,NEUTRAL_MIX,MIXED,52.084176464187195,30+,39.38794107808145,25+,1.1116902501345325,1.0-1.5 ATR,5.721018061668225
2025,secondary,2025-02-13 15:15:00+00:00,2025-02,15,NEW_YORK,Outcome First M15,1,LONG,1.2969195255239674,1.3186032313605076,3.0,time_exit,1,1,True,True,True,False,STRONG_ALIGNED,TREND,31.57451849548599,30+,19.315971665777102,15-20,1.0103774242556247,1.0-1.5 ATR,4.6121378884068704
2025,secondary,2025-02-14 10:30:00+00:00,2025-02,10,LONDON,V1 Legacy M15,1,LONG,-1.0575883515971356,-1.0,2.0,stop,1,1,True,True,True,False,STRONG_ALIGNED,TREND,27.794851928332594,22-30,14.484994186268992,<15,1.3584403954769597,1.0-1.5 ATR,3.032889785755616
2025,secondary,2025-02-14 18:00:00+00:00,2025-02,18,OTHER,M15-0591 MTF,-1,SHORT,-1.0380681202929696,-1.0,3.0,stop,0,0,False,False,False,False,NEUTRAL_MIX,MIXED,26.745591104058608,22-30,56.27101971168689,25+,0.5255321582140027,<0.6 ATR,6.146151000496387
2025,secondary,2025-02-17 10:30:00+00:00,2025-02,10,LONDON,Structural Frequency M15,-1,SHORT,-1.0342733462752989,-1.0,2.0,stop,0,0,False,False,False,False,NEUTRAL_MIX,MIXED,23.297056691077938,22-30,18.793841247902574,15-20,1.3289500927154976,1.0-1.5 ATR,3.664546943255651
2025,secondary,2025-02-18 12:00:00+00:00,2025-02,12,OTHER,Outcome First M15,1,LONG,2.9611473847006295,3.0,3.0,target,1,1,True,True,True,False,ALIGNED_WEAK,MIXED,17.326620384258817,<18,17.380077617064384,15-20,1.1973308544508023,1.0-1.5 ATR,2.7060189653981443
2025,secondary,2025-02-19 08:30:00+00:00,2025-02,8,LONDON,M15-0591 MTF,1,LONG,-1.051278979197303,-1.0,4.0,stop,1,1,True,True,True,False,STRONG_ALIGNED,TREND,20.423090356362316,18-22,18.050015848092926,15-20,0.9250276391350278,0.6-1.0 ATR,2.8323478014665517
2025,secondary,2025-02-19 13:30:00+00:00,2025-02,13,NEW_YORK,Structural Portfolio MTF,1,LONG,-1.032018561045271,-1.0,4.0,stop,1,1,True,True,True,False,STRONG_ALIGNED,TREND,21.219495357844774,18-22,24.097745591590936,20-25,0.8984097014156989,0.6-1.0 ATR,3.7176802462585052
2025,secondary,2025-02-20 00:15:00+00:00,2025-02,0,ASIA,V1 Legacy M15,1,LONG,1.9583447494945019,2.0,2.0,target,1,1,True,True,True,False,STRONG_ALIGNED,TREND,19.84518925672283,18-22,18.63539669791548,15-20,1.6404356864489946,1.5+ ATR,2.956531633677495
2025,secondary,2025-02-21 02:30:00+00:00,2025-02,2,ASIA,Structural Portfolio MTF,1,LONG,-1.023712752328216,-1.0,3.0,stop,0,1,False,True,False,False,NEUTRAL_MIX,MIXED,17.38766953961735,<18,17.140877434764437,15-20,0.6101983469953224,0.6-1.0 ATR,4.605060000304272
2025,secondary,2025-02-21 06:00:00+00:00,2025-02,6,OTHER,Structural Portfolio MTF,1,LONG,-1.0469355707487362,-1.0,3.0,stop,0,1,False,True,False,False,NEUTRAL_MIX,MIXED,16.805442506540803,<18,29.264115115943994,25+,1.034633175762049,1.0-1.5 ATR,4.127066577828374
2025,secondary,2025-02-21 15:15:00+00:00,2025-02,15,NEW_YORK,Structural Frequency M15,-1,SHORT,-1.0258352811027276,-1.0,2.0,stop,0,0,False,False,False,False,NEUTRAL_MIX,MIXED,16.58973845339228,<18,12.579178747122832,<15,1.7337820368619046,1.5+ ATR,4.637261102642482
2025,secondary,2025-02-24 07:45:00+00:00,2025-02,7,LONDON,Outcome First M15,1,LONG,-1.0397482301453345,-1.0,3.0,stop,1,1,True,True,True,False,ALIGNED_WEAK,MIXED,15.207310838924618,<18,13.248678374713071,<15,1.3187701449298617,1.0-1.5 ATR,3.5639266009087476
2025,secondary,2025-02-24 11:45:00+00:00,2025-02,11,LONDON,Structural Portfolio MTF,1,LONG,-1.029203366065041,-1.0,4.0,stop,1,1,True,True,True,False,ALIGNED_WEAK,MIXED,15.556447803782316,<18,13.525864692570705,<15,1.0050823698765654,1.0-1.5 ATR,3.4325544884684116
2025,secondary,2025-02-24 16:30:00+00:00,2025-02,16,NEW_YORK,Structural Portfolio MTF,1,LONG,-1.0277321781227626,-1.0,3.0,stop,0,1,False,True,False,False,NEUTRAL_MIX,MIXED,14.508214152014263,<18,20.19055060797697,20-25,0.6214653913585667,0.6-1.0 ATR,4.746845184011562
2025,secondary,2025-02-25 23:00:00+00:00,2025-02,23,OTHER,Structural Portfolio MTF,-1,SHORT,-1.1111448142042888,-1.0,3.0,stop,-1,0,True,False,False,False,NEUTRAL_MIX,MIXED,17.6880696366543,<18,19.039360215050426,15-20,0.5167624205361653,<0.6 ATR,3.9283042251678824
2025,secondary,2025-02-26 06:45:00+00:00,2025-02,6,OTHER,M15-0591 MTF,-1,SHORT,-1.036432024870569,-1.0,3.0,stop,-1,0,True,False,False,False,NEUTRAL_MIX,MIXED,19.80955294458448,18-22,14.604336822335448,<15,1.2167806437903546,1.0-1.5 ATR,3.969491152451397
2025,secondary,2025-02-27 09:30:00+00:00,2025-02,9,LONDON,Outcome First M15,1,LONG,-1.0201894688538649,-1.0,2.0,stop,-1,0,False,False,False,False,NEUTRAL_MIX,MIXED,28.119963049117402,22-30,51.68734387715057,25+,1.4807064149759859,1.0-1.5 ATR,5.288016531033206
2025,secondary,2025-02-28 03:45:00+00:00,2025-02,3,ASIA,M15-0591 MTF,-1,SHORT,1.4118565014611593,1.4387879793587135,4.0,time_exit,-1,-1,True,True,True,False,STRONG_ALIGNED,TREND,35.73289228925036,30+,21.273929351511747,20-25,1.4495075004775118,1.0-1.5 ATR,4.091044715564955
2025,secondary,2025-02-28 14:15:00+00:00,2025-02,14,NEW_YORK,M15-0591 MTF,-1,SHORT,-1.0265670161539788,-1.0,4.0,stop,-1,-1,True,True,True,False,STRONG_ALIGNED,TREND,41.47218037639297,30+,24.926114277454055,20-25,1.6683808772189852,1.5+ ATR,4.693172948045392
2025,secondary,2025-03-03 09:00:00+00:00,2025-03,9,LONDON,Outcome First M15,1,LONG,1.7670496895505734,1.7950513188016477,3.0,time_exit,0,-1,False,False,False,False,NEUTRAL_MIX,MIXED,44.967747610123865,30+,11.766056425126376,<15,1.0878373727257808,1.0-1.5 ATR,3.5483244984755142
2025,secondary,2025-03-05 06:15:00+00:00,2025-03,6,OTHER,M15-0591 MTF,1,LONG,-1.042319769965067,-1.0,3.0,stop,1,0,True,False,False,False,NEUTRAL_MIX,MIXED,29.983036377260866,22-30,18.971916732477403,15-20,0.6117410151968844,0.6-1.0 ATR,3.5472527525421422
2025,secondary,2025-03-05 15:00:00+00:00,2025-03,15,NEW_YORK,Structural Frequency M15,1,LONG,-0.11296975174777256,-0.09365018376669744,3.0,time_exit,0,0,False,False,False,False,NEUTRAL_MIX,MIXED,28.82763232437778,22-30,26.555820204368036,25+,1.09222643751331,1.0-1.5 ATR,5.960302531059075
2025,secondary,2025-03-06 10:45:00+00:00,2025-03,10,LONDON,Structural Frequency M15,1,LONG,0.27041390676936433,0.2960605253795418,3.0,time_exit,0,1,False,True,False,False,NEUTRAL_MIX,MIXED,22.476997134908594,22-30,37.590723641058005,25+,1.3399117840383716,1.0-1.5 ATR,4.55253851236017
2025,secondary,2025-03-10 08:15:00+00:00,2025-03,8,LONDON,Structural Portfolio MTF,-1,SHORT,2.9670091037467077,3.0,3.0,target,0,0,False,False,False,False,NEUTRAL_MIX,MIXED,15.984529614373255,<18,15.046533331530563,15-20,1.3686239436336087,1.0-1.5 ATR,3.412186394753202
2025,secondary,2025-03-11 13:15:00+00:00,2025-03,13,NEW_YORK,Structural Frequency M15,-1,SHORT,-1.0345981650913127,-1.0,2.0,stop,0,0,False,False,False,False,NEUTRAL_MIX,MIXED,19.136317832024375,18-22,30.94571967438836,25+,1.9806087487122221,1.5+ ATR,3.145497566872165
2025,secondary,2025-03-12 08:15:00+00:00,2025-03,8,LONDON,Outcome First M15,1,LONG,-1.0392132034415222,-1.0,3.0,stop,1,1,True,True,True,False,ALIGNED_WEAK,MIXED,14.215113048841744,<18,13.967142483332102,<15,0.9909705967946361,0.6-1.0 ATR,2.966788328038885
2025,secondary,2025-03-13 10:30:00+00:00,2025-03,10,LONDON,Outcome First M15,-1,SHORT,-1.0559175769624642,-1.0,3.0,stop,1,1,False,False,False,True,ALIGNED_WEAK,MIXED,12.77693519606041,<18,27.988026748851315,25+,0.7297001649219004,0.6-1.0 ATR,2.946415669551349
2025,secondary,2025-03-14 07:00:00+00:00,2025-03,7,LONDON,Structural Portfolio MTF,1,LONG,-1.0700314921975325,-1.0,4.0,stop,1,1,True,True,True,False,STRONG_ALIGNED,TREND,21.71943768994539,18-22,19.757619705922718,15-20,0.8772566316289447,0.6-1.0 ATR,3.225965923728621
2025,secondary,2025-03-14 08:15:00+00:00,2025-03,8,LONDON,Outcome First M15,1,LONG,-1.0319671961770696,-1.0,3.0,stop,1,1,True,True,True,False,STRONG_ALIGNED,TREND,23.806752895196386,22-30,17.612353184699945,15-20,1.4178417471891336,1.0-1.5 ATR,3.329003402077586
2025,secondary,2025-03-14 16:15:00+00:00,2025-03,16,NEW_YORK,Outcome First M15,1,LONG,0.386994857768807,0.4156124567894485,3.0,time_exit,1,1,True,True,True,False,STRONG_ALIGNED,TREND,27.53102847097437,22-30,24.52743550579377,20-25,1.0489636184101825,1.0-1.5 ATR,5.22420406563342
2025,secondary,2025-03-17 10:00:00+00:00,2025-03,10,LONDON,M15-0591 MTF,1,LONG,-1.0690818248939018,-1.0,4.0,stop,1,1,True,True,True,False,STRONG_ALIGNED,TREND,32.98654899063477,30+,17.76418416154015,15-20,0.8367639968805222,0.6-1.0 ATR,2.5216190083061196
2025,secondary,2025-03-17 14:30:00+00:00,2025-03,14,NEW_YORK,Structural Portfolio MTF,1,LONG,1.5872524758953366,1.611493526968677,3.0,time_exit,0,1,False,True,False,False,NEUTRAL_MIX,MIXED,34.16151285596322,30+,28.98555270945637,25+,1.2625497930273337,1.0-1.5 ATR,4.174092799432179
2025,secondary,2025-03-18 12:45:00+00:00,2025-03,12,NEW_YORK,M15-0591 MTF,1,LONG,-1.0415840704639179,-1.0,4.0,stop,1,1,True,True,True,False,STRONG_ALIGNED,TREND,42.486950921953614,30+,35.844286400662924,25+,1.7569920729619009,1.5+ ATR,3.921474721502217
2025,secondary,2025-03-19 02:30:00+00:00,2025-03,2,ASIA,Structural Portfolio MTF,1,LONG,3.8851995803426584,4.0,4.0,target,1,1,True,True,True,False,STRONG_ALIGNED,TREND,48.16568733302838,30+,15.398381986262851,15-20,0.9534394021138503,0.6-1.0 ATR,2.192063801188047
2025,secondary,2025-03-19 05:45:00+00:00,2025-03,5,ASIA,V1 Legacy M15,1,LONG,-1.043321185490281,-1.0,3.0,stop,1,1,True,True,True,False,STRONG_ALIGNED,TREND,49.03359361457555,30+,24.307360044462364,20-25,2.3317587913222018,1.5+ ATR,2.5088358288906556
2025,secondary,2025-03-19 09:45:00+00:00,2025-03,9,LONDON,Structural Portfolio MTF,1,LONG,2.9594838763103555,3.0,3.0,target,0,1,False,True,False,False,NEUTRAL_MIX,MIXED,50.10539450301849,30+,24.372869787440084,20-25,0.7001277608326351,0.6-1.0 ATR,3.685041708575635
2025,secondary,2025-03-20 00:15:00+00:00,2025-03,0,ASIA,V1 Legacy M15,1,LONG,-1.0829455719602705,-1.0,3.0,stop,1,1,True,True,True,False,STRONG_ALIGNED,TREND,48.65923672990834,30+,29.75584230243374,25+,1.351308657011564,1.0-1.5 ATR,3.1969010022872517
2025,secondary,2025-03-20 06:30:00+00:00,2025-03,6,OTHER,Structural Portfolio MTF,1,LONG,-1.060513216034518,-1.0,4.0,stop,1,1,True,True,True,False,STRONG_ALIGNED,TREND,48.89678141173583,30+,17.671258246133995,15-20,0.8805077216251258,0.6-1.0 ATR,3.3957680626374134
2025,secondary,2025-03-21 00:00:00+00:00,2025-03,0,ASIA,V1 Legacy M15,1,LONG,-1.099142246216019,-1.0,2.0,stop,1,1,True,True,True,False,STRONG_ALIGNED,TREND,40.731735412394606,30+,12.842741600431593,<15,0.691126697887965,0.6-1.0 ATR,2.126961676479895
2025,secondary,2025-03-24 08:00:00+00:00,2025-03,8,LONDON,Structural Portfolio MTF,-1,SHORT,-1.0434090892683827,-1.0,3.0,stop,-1,0,True,False,False,False,NEUTRAL_MIX,MIXED,32.43103353256899,30+,12.569837618702486,<15,0.718672307329608,0.6-1.0 ATR,2.922054987485105
2025,secondary,2025-03-24 10:00:00+00:00,2025-03,10,LONDON,Structural Frequency M15,-1,SHORT,-1.0396960040415553,-1.0,2.0,stop,0,0,False,False,False,False,NEUTRAL_MIX,MIXED,32.43103353256899,30+,14.533273501985919,<15,0.7291907038373527,0.6-1.0 ATR,3.0718987340510826
2025,secondary,2025-03-24 11:45:00+00:00,2025-03,11,LONDON,Structural Frequency M15,-1,SHORT,1.9632677065124489,2.0,2.0,target,0,0,False,False,False,False,NEUTRAL_MIX,MIXED,32.43103353256899,30+,17.5342410416717,15-20,0.9364804700735168,0.6-1.0 ATR,3.160770666971482
2025,secondary,2025-03-25 05:30:00+00:00,2025-03,5,ASIA,M15-0591 MTF,1,LONG,-1.050465909937461,-1.0,3.0,stop,0,0,False,False,False,False,NEUTRAL_MIX,MIXED,32.79662978813142,30+,17.554902834162156,15-20,1.284030352583989,1.0-1.5 ATR,2.4220611247554182
2025,secondary,2025-03-26 16:30:00+00:00,2025-03,16,NEW_YORK,Structural Frequency M15,1,LONG,1.9559621352316807,2.0,2.0,target,0,0,False,False,False,False,NEUTRAL_MIX,MIXED,20.69369476258061,18-22,19.940055534060576,15-20,0.8048390762665646,0.6-1.0 ATR,3.5535053954722358
2025,secondary,2025-03-27 03:00:00+00:00,2025-03,3,ASIA,M15-0591 MTF,1,LONG,3.93843941207072,4.0,4.0,target,1,1,True,True,True,False,STRONG_ALIGNED,TREND,18.2869121809421,18-22,26.66721275766915,25+,0.9703611135131758,0.6-1.0 ATR,2.700025756920767
2025,secondary,2025-03-27 10:45:00+00:00,2025-03,10,LONDON,M15-0591 MTF,1,LONG,-1.0441722310827817,-1.0,4.0,stop,1,1,True,True,True,False,STRONG_ALIGNED,TREND,19.215279420784984,18-22,39.944102428941854,25+,1.2538750015377442,1.0-1.5 ATR,3.828132783661444
2025,secondary,2025-03-28 01:00:00+00:00,2025-03,1,ASIA,M15-0591 MTF,1,LONG,3.930108325178152,4.0,4.0,target,1,1,True,True,True,False,STRONG_ALIGNED,TREND,26.043664835082296,22-30,19.652772407341043,15-20,0.700279513559316,0.6-1.0 ATR,2.656082269987153
2025,secondary,2025-03-28 11:15:00+00:00,2025-03,11,LONDON,V1 Legacy M15,1,LONG,2.969708731025832,3.0,3.0,target,1,1,True,True,True,False,STRONG_ALIGNED,TREND,30.97439992560719,30+,27.619704394569293,25+,0.7340678596545533,0.6-1.0 ATR,3.7734930954524044
2025,secondary,2025-03-31 07:15:00+00:00,2025-03,7,LONDON,M15-0591 MTF,1,LONG,-1.0353516122911126,-1.0,4.0,stop,1,1,True,True,True,False,STRONG_ALIGNED,TREND,40.72150436830562,30+,44.47274684614082,25+,1.0252539531755331,1.0-1.5 ATR,5.744918107125259
2025,secondary,2025-03-31 18:30:00+00:00,2025-03,18,OTHER,V1 Legacy M15,1,LONG,1.9510467688431996,2.0,2.0,target,1,1,True,True,True,False,STRONG_ALIGNED,TREND,45.636404034469884,30+,14.493192206373854,<15,0.8904421174497048,0.6-1.0 ATR,4.772909902523849
2025,secondary,2025-04-01 04:00:00+00:00,2025-04,4,ASIA,V1 Legacy M15,1,LONG,-1.0588215889280623,-1.0,3.0,stop,1,1,True,True,True,False,STRONG_ALIGNED,TREND,47.654609777536,30+,40.76411580714673,25+,0.9072861753405089,0.6-1.0 ATR,3.4829143062985013
2025,secondary,2025-04-01 06:45:00+00:00,2025-04,6,OTHER,Structural Portfolio MTF,1,LONG,-1.0421344506281105,-1.0,4.0,stop,1,1,True,True,True,False,STRONG_ALIGNED,TREND,47.654609777536,30+,36.5093705382483,25+,1.012946256159022,1.0-1.5 ATR,4.6695468503291035
2025,secondary,2025-04-01 08:30:00+00:00,2025-04,8,LONDON,Outcome First M15,1,LONG,-1.0366366888829812,-1.0,3.0,stop,1,1,True,True,True,False,STRONG_ALIGNED,TREND,48.76560631076134,30+,27.45480292555817,25+,0.8009118506248911,0.6-1.0 ATR,5.194079718952991
2025,secondary,2025-04-02 09:30:00+00:00,2025-04,9,LONDON,M15-0591 MTF,1,LONG,-1.0913288351710135,-1.0,4.0,stop,1,1,True,True,True,False,STRONG_ALIGNED,TREND,43.83089450999456,30+,23.822129454096917,20-25,0.7680292113052578,0.6-1.0 ATR,4.309731910293665
2025,secondary,2025-04-02 11:30:00+00:00,2025-04,11,LONDON,Structural Portfolio MTF,1,LONG,-1.0234485756708296,-1.0,3.0,stop,0,1,False,True,False,False,NEUTRAL_MIX,MIXED,43.83089450999456,30+,22.849031893360163,20-25,1.2260813929291157,1.0-1.5 ATR,4.9833559462176495
2025,secondary,2025-04-03 08:15:00+00:00,2025-04,8,LONDON,Structural Frequency M15,1,LONG,-1.030441133540061,-1.0,2.0,stop,0,1,False,True,False,False,NEUTRAL_MIX,MIXED,42.662528111385605,30+,26.58960745093721,25+,0.6654286377123858,0.6-1.0 ATR,7.003004884220235
2025,secondary,2025-04-04 14:30:00+00:00,2025-04,14,NEW_YORK,Structural Portfolio MTF,-1,SHORT,0.6868608407290856,0.6942855548131541,3.0,time_exit,-1,0,True,False,False,False,NEUTRAL_MIX,MIXED,32.27654180634318,30+,29.01891564297404,25+,1.2112401847398413,1.0-1.5 ATR,13.993921448073866
2025,secondary,2025-04-07 12:15:00+00:00,2025-04,12,OTHER,Structural Portfolio MTF,-1,SHORT,1.2025942159199674,1.216910180061968,4.0,time_exit,-1,-1,True,True,True,False,STRONG_ALIGNED,TREND,34.641450740589676,30+,11.32137692769791,<15,0.7078994732081596,0.6-1.0 ATR,9.054958002652699
2025,secondary,2025-04-08 13:00:00+00:00,2025-04,13,NEW_YORK,Outcome First M15,-1,SHORT,-1.0170125277712112,-1.0,3.0,stop,-1,-1,True,True,True,False,STRONG_ALIGNED,TREND,37.463073910473625,30+,13.626702996057244,<15,0.9869918235685033,0.6-1.0 ATR,6.19052747358049
2025,secondary,2025-04-08 14:00:00+00:00,2025-04,14,NEW_YORK,Structural Portfolio MTF,-1,SHORT,2.976711217110739,3.0,3.0,target,0,-1,False,True,False,False,NEUTRAL_MIX,MIXED,37.463073910473625,30+,12.159828793103895,<15,1.0307362892405245,1.0-1.5 ATR,7.470387993880951
2025,secondary,2025-04-08 23:45:00+00:00,2025-04,23,OTHER,V1 Legacy M15,-1,SHORT,-1.017086286538915,-1.0,2.0,stop,-1,-1,True,True,True,False,STRONG_ALIGNED,TREND,37.003389294611125,30+,18.417191609989914,15-20,1.8086736077228358,1.5+ ATR,6.1647385976056555
2025,secondary,2025-04-10 10:00:00+00:00,2025-04,10,LONDON,Structural Frequency M15,1,LONG,1.9773051222046454,2.0,2.0,target,1,0,True,False,False,False,NEUTRAL_MIX,MIXED,28.792153794543015,22-30,19.721629195173104,15-20,1.1887436880989721,1.0-1.5 ATR,7.318650847192112
2025,secondary,2025-04-10 14:15:00+00:00,2025-04,14,NEW_YORK,Outcome First M15,1,LONG,2.2494244961889995,2.2607369633624277,3.0,time_exit,1,1,True,True,True,False,STRONG_ALIGNED,TREND,28.747159517532673,22-30,13.849977483526665,<15,2.871892101576272,1.5+ ATR,9.829756481626049
2025,secondary,2025-04-11 10:15:00+00:00,2025-04,10,LONDON,V1 Legacy M15,1,LONG,-1.013595505324099,-1.0,3.0,stop,1,1,True,True,True,False,STRONG_ALIGNED,TREND,34.92510793178628,30+,28.52957574589781,25+,1.312444132492511,1.0-1.5 ATR,9.440401837501474
2025,secondary,2025-04-11 13:45:00+00:00,2025-04,13,NEW_YORK,V1 Legacy M15,1,LONG,-1.012460823756891,-1.0,3.0,stop,1,1,True,True,True,False,STRONG_ALIGNED,TREND,36.5462005943224,30+,27.897014357204608,25+,1.445706612473249,1.0-1.5 ATR,9.351828291682628
2025,secondary,2025-04-14 01:30:00+00:00,2025-04,1,ASIA,V1 Legacy M15,1,LONG,-1.0229071511604848,-1.0,3.0,stop,1,1,True,True,True,False,STRONG_ALIGNED,TREND,41.09647161178067,30+,22.32117888746874,20-25,2.110181777435829,1.5+ ATR,6.852490223648407
2025,secondary,2025-04-14 11:15:00+00:00,2025-04,11,LONDON,Structural Portfolio MTF,1,LONG,-1.0188105391013405,-1.0,3.0,stop,0,1,False,True,False,False,NEUTRAL_MIX,MIXED,41.92166768811035,30+,15.760237032528414,15-20,1.3032268935457352,1.0-1.5 ATR,6.928954616207702
2025,secondary,2025-04-14 15:00:00+00:00,2025-04,15,NEW_YORK,Structural Frequency M15,1,LONG,1.1780535625061532,1.1970530969523887,2.0,time_exit,0,1,False,True,False,False,NEUTRAL_MIX,MIXED,41.42143015886036,30+,26.85487405669666,25+,0.9465317550654964,0.6-1.0 ATR,8.198351464143748
2025,secondary,2025-04-15 08:30:00+00:00,2025-04,8,LONDON,Outcome First M15,1,LONG,-1.0258134771800071,-1.0,3.0,stop,1,1,True,True,True,False,STRONG_ALIGNED,TREND,37.485359417861275,30+,25.364946520052662,25+,0.8050885931814552,0.6-1.0 ATR,4.409452611881763
2025,secondary,2025-04-15 17:45:00+00:00,2025-04,17,OTHER,V1 Legacy M15,1,LONG,1.9668031611072034,2.0,2.0,target,1,1,True,True,True,False,STRONG_ALIGNED,TREND,36.50622855662415,30+,10.058076092335654,<15,1.320215126906788,1.0-1.5 ATR,4.5598629172691
2025,secondary,2025-04-16 04:00:00+00:00,2025-04,4,ASIA,V1 Legacy M15,1,LONG,2.979197993374768,3.0,3.0,target,1,1,True,True,True,False,STRONG_ALIGNED,TREND,37.460389741925624,30+,50.09330157002377,25+,1.1124813170005834,1.0-1.5 ATR,5.743916686374807
2025,secondary,2025-04-16 18:30:00+00:00,2025-04,18,OTHER,V1 Legacy M15,1,LONG,-1.023104672074502,-1.0,3.0,stop,1,1,True,True,True,False,STRONG_ALIGNED,TREND,42.055008190510655,30+,39.939180925519636,25+,1.0296583236862897,1.0-1.5 ATR,6.982898923459451
2025,secondary,2025-04-17 15:30:00+00:00,2025-04,15,NEW_YORK,Structural Frequency M15,1,LONG,1.9777449185400167,2.0,2.0,target,0,1,False,True,False,False,NEUTRAL_MIX,MIXED,46.827257835256,30+,24.70850954811471,20-25,0.796594626220883,0.6-1.0 ATR,9.477844503945013
2025,secondary,2025-04-21 00:15:00+00:00,2025-04,0,ASIA,V1 Legacy M15,1,LONG,2.972981020260343,3.0,3.0,target,1,1,True,True,True,False,STRONG_ALIGNED,TREND,42.31860467388165,30+,37.013685819502285,25+,1.3233063802857972,1.0-1.5 ATR,6.544213894087015
2025,secondary,2025-04-21 13:45:00+00:00,2025-04,13,NEW_YORK,M15-0591 MTF,1,LONG,0.6664567830941365,0.6944389039185664,4.0,time_exit,1,1,True,True,True,False,STRONG_ALIGNED,TREND,44.090509877460995,30+,30.08796154162885,25+,2.0967999056774542,1.5+ ATR,7.106066706534907
2025,secondary,2025-04-22 02:00:00+00:00,2025-04,2,ASIA,M15-0591 MTF,1,LONG,0.1610695714452101,0.1820997130939055,4.0,time_exit,1,1,True,True,True,False,STRONG_ALIGNED,TREND,47.38167467646329,30+,18.308216078322133,15-20,0.7764507128754339,0.6-1.0 ATR,8.680525226178885
2025,secondary,2025-04-23 02:30:00+00:00,2025-04,2,ASIA,Structural Portfolio MTF,-1,SHORT,1.9770264517769711,2.0,2.0,target,0,0,False,False,False,False,NEUTRAL_MIX,MIXED,44.500539937564845,30+,30.412623104487857,25+,0.3718177852616111,<0.6 ATR,12.828864538160294
2025,secondary,2025-04-23 13:15:00+00:00,2025-04,13,NEW_YORK,Structural Portfolio MTF,-1,SHORT,-1.0110277332437552,-1.0,3.0,stop,-1,0,True,False,False,False,NEUTRAL_MIX,MIXED,38.588265072450106,30+,22.494822521371717,20-25,0.8362985968816371,0.6-1.0 ATR,10.666046832149041
2025,secondary,2025-04-24 07:15:00+00:00,2025-04,7,LONDON,Structural Frequency M15,1,LONG,-1.0139234023210337,-1.0,3.0,stop,0,0,False,False,False,False,NEUTRAL_MIX,MIXED,34.36075101325727,30+,16.180613502330996,15-20,1.6887680338936297,1.5+ ATR,9.13091655604542
2025,secondary,2025-04-24 15:00:00+00:00,2025-04,15,NEW_YORK,Structural Frequency M15,1,LONG,1.9844198008166007,2.0,2.0,target,0,0,False,False,False,False,NEUTRAL_MIX,MIXED,30.11386427162118,30+,17.888934748326662,15-20,0.7108002846108604,0.6-1.0 ATR,8.27236584917627
2025,secondary,2025-04-28 10:45:00+00:00,2025-04,10,LONDON,Outcome First M15,1,LONG,2.9801894930108817,3.0,3.0,target,-1,0,False,False,False,False,NEUTRAL_MIX,MIXED,20.933558469967505,18-22,20.782885499664424,20-25,1.002268193210981,1.0-1.5 ATR,6.335629568026421
2025,secondary,2025-04-29 06:00:00+00:00,2025-04,6,OTHER,Structural Portfolio MTF,1,LONG,1.9438010264508283,2.0,2.0,target,0,0,False,False,False,False,NEUTRAL_MIX,MIXED,16.718134741031683,<18,34.781372451002326,25+,1.0057513634970905,1.0-1.5 ATR,6.30374487184922
2025,secondary,2025-04-29 14:15:00+00:00,2025-04,14,NEW_YORK,Structural Portfolio MTF,-1,SHORT,-1.0256891474127816,-1.0,3.0,stop,0,0,False,False,False,False,NEUTRAL_MIX,MIXED,15.23712424207943,<18,22.74179841008263,20-25,1.573745558499792,1.5+ ATR,7.110425150725872
2025,secondary,2025-04-30 01:45:00+00:00,2025-04,1,ASIA,Structural Portfolio MTF,1,LONG,-1.0351571664088093,-1.0,2.0,stop,0,0,False,False,False,False,NEUTRAL_MIX,MIXED,13.32369644683127,<18,10.507281430792695,<15,1.0267018939913657,1.0-1.5 ATR,5.756295994569925
2025,secondary,2025-04-30 11:45:00+00:00,2025-04,11,LONDON,Outcome First M15,1,LONG,-1.02706360162484,-1.0,2.0,stop,-1,0,False,False,False,False,NEUTRAL_MIX,MIXED,12.755255658647014,<18,41.65625436089685,25+,0.3642151867058905,<0.6 ATR,6.287491800415162
2025,secondary,2025-04-30 14:45:00+00:00,2025-04,14,NEW_YORK,Structural Frequency M15,-1,SHORT,1.9874544877772093,2.0,2.0,target,0,0,False,False,False,False,NEUTRAL_MIX,MIXED,13.698422651200762,<18,28.582273344558985,25+,1.2789969923978963,1.0-1.5 ATR,9.6950970750543
2025,secondary,2025-05-02 01:15:00+00:00,2025-05,1,ASIA,Structural Portfolio MTF,-1,SHORT,-1.0361815739588365,-1.0,4.0,stop,-1,-1,True,True,True,False,STRONG_ALIGNED,TREND,26.02857166870378,22-30,28.394561076670577,25+,0.8260069246560199,0.6-1.0 ATR,5.835302170144563
2025,secondary,2025-05-02 10:30:00+00:00,2025-05,10,LONDON,Structural Portfolio MTF,-1,SHORT,-1.0689774569749182,-1.0,3.0,stop,0,-1,False,True,False,False,NEUTRAL_MIX,MIXED,25.860149738403283,22-30,26.46909570076598,25+,0.8973606885675681,0.6-1.0 ATR,5.204150415207806
2025,secondary,2025-05-05 00:30:00+00:00,2025-05,0,ASIA,Structural Portfolio MTF,-1,SHORT,-1.0442163452916036,-1.0,3.0,stop,0,-1,False,True,False,False,NEUTRAL_MIX,MIXED,26.329741371324754,22-30,24.738442778171795,20-25,0.47905397358664165,<0.6 ATR,5.1977441734953915
2025,secondary,2025-05-05 03:30:00+00:00,2025-05,3,ASIA,Structural Portfolio MTF,-1,SHORT,-1.0243616197384187,-1.0,3.0,stop,0,-1,False,True,False,False,NEUTRAL_MIX,MIXED,26.329741371324754,22-30,39.62616801004425,25+,0.6970302235833602,0.6-1.0 ATR,6.398574766344619
2025,secondary,2025-05-06 07:30:00+00:00,2025-05,7,LONDON,V1 Legacy M15,1,LONG,2.979337839886786,3.0,3.0,target,1,1,True,True,True,False,STRONG_ALIGNED,TREND,25.48261023456073,22-30,29.292361499287896,25+,1.4098340360213337,1.0-1.5 ATR,7.7101273783089495
2025,secondary,2025-05-06 20:45:00+00:00,2025-05,20,OTHER,V1 Legacy M15,1,LONG,-1.0226740082985282,-1.0,3.0,stop,1,1,True,True,True,False,STRONG_ALIGNED,TREND,31.578295805126082,30+,36.71726737209013,25+,1.3092214517983696,1.0-1.5 ATR,5.277945904803662
2025,secondary,2025-05-07 10:00:00+00:00,2025-05,10,LONDON,M15-0591 MTF,-1,SHORT,-1.0229347567309106,-1.0,3.0,stop,0,1,False,False,False,False,NEUTRAL_MIX,MIXED,32.14322327076485,30+,21.5286635986079,20-25,1.1749582896369226,1.0-1.5 ATR,7.276854059766022
2025,secondary,2025-05-07 10:30:00+00:00,2025-05,10,LONDON,Structural Portfolio MTF,1,LONG,-1.0154764477064575,-1.0,3.0,stop,0,1,False,True,False,False,NEUTRAL_MIX,MIXED,32.14322327076485,30+,20.15187688532528,20-25,0.8797294556162607,0.6-1.0 ATR,7.968358857655428
2025,secondary,2025-05-08 07:30:00+00:00,2025-05,7,LONDON,Structural Portfolio MTF,1,LONG,-1.0176449511961083,-1.0,3.0,stop,0,1,False,True,False,False,NEUTRAL_MIX,MIXED,30.34589513924907,30+,39.47857675307698,25+,0.7192070375513351,0.6-1.0 ATR,9.691228861901612
2025,secondary,2025-05-09 08:30:00+00:00,2025-05,8,LONDON,Structural Frequency M15,-1,SHORT,-1.0300799024467777,-1.0,2.0,stop,0,0,False,False,False,False,NEUTRAL_MIX,MIXED,21.501874935324906,18-22,17.078058193298826,15-20,0.6165725572587412,0.6-1.0 ATR,7.233536341333503
2025,secondary,2025-05-09 14:45:00+00:00,2025-05,14,NEW_YORK,Structural Portfolio MTF,1,LONG,-1.0187316852344863,-1.0,3.0,stop,0,0,False,False,False,False,NEUTRAL_MIX,MIXED,20.54131456603636,18-22,23.09524390883913,20-25,1.002454894961894,1.0-1.5 ATR,7.371902753071783
2025,secondary,2025-05-12 16:15:00+00:00,2025-05,16,NEW_YORK,Outcome First M15,-1,SHORT,-1.0242999147040535,-1.0,3.0,stop,-1,-1,True,True,True,False,STRONG_ALIGNED,TREND,23.254381909738168,22-30,19.84898886902141,15-20,1.0349386859915974,1.0-1.5 ATR,8.483594360556625
2025,secondary,2025-05-13 13:00:00+00:00,2025-05,13,NEW_YORK,M15-0591 MTF,-1,SHORT,-1.0364256872907316,-1.0,4.0,stop,-1,-1,True,True,True,False,STRONG_ALIGNED,TREND,25.744521582165696,22-30,17.21322928683007,15-20,1.4710943706874862,1.0-1.5 ATR,5.839190313797328
2025,secondary,2025-05-14 04:15:00+00:00,2025-05,4,ASIA,V1 Legacy M15,-1,SHORT,-1.0263248957483615,-1.0,3.0,stop,-1,-1,True,True,True,False,STRONG_ALIGNED,TREND,27.933133910274243,22-30,30.800804649805023,25+,0.9889101030222214,0.6-1.0 ATR,5.490893442594166
2025,secondary,2025-05-14 12:30:00+00:00,2025-05,12,NEW_YORK,M15-0591 MTF,-1,SHORT,3.9691845967753547,4.0,4.0,target,-1,-1,True,True,True,False,STRONG_ALIGNED,TREND,29.470343768676575,22-30,17.753763329659257,15-20,1.3510783584481625,1.0-1.5 ATR,6.21725597740183
2025,secondary,2025-05-15 01:45:00+00:00,2025-05,1,ASIA,V1 Legacy M15,-1,SHORT,1.9791426055898467,2.0,2.0,target,-1,-1,True,True,True,False,STRONG_ALIGNED,TREND,33.97973156534912,30+,15.40578776759552,15-20,2.033562036994816,1.5+ ATR,5.566587000575986
2025,secondary,2025-05-15 05:00:00+00:00,2025-05,5,ASIA,V1 Legacy M15,-1,SHORT,-1.017302996805113,-1.0,3.0,stop,-1,-1,True,True,True,False,STRONG_ALIGNED,TREND,35.80092942240471,30+,38.495682231167066,25+,1.4362921208576145,1.0-1.5 ATR,6.300946630965255
2025,secondary,2025-05-15 13:15:00+00:00,2025-05,13,NEW_YORK,M15-0591 MTF,1,LONG,2.9800094522195746,3.0,3.0,target,0,-1,False,False,False,False,NEUTRAL_MIX,MIXED,38.40394695662658,30+,29.226358020572864,25+,1.4924795591185305,1.0-1.5 ATR,7.135776121643907
2025,secondary,2025-05-19 00:00:00+00:00,2025-05,0,ASIA,Structural Portfolio MTF,-1,SHORT,-1.0292069682715046,-1.0,2.0,stop,0,0,False,False,False,False,NEUTRAL_MIX,MIXED,28.472597693791503,22-30,36.677572168024156,25+,1.3524940916458437,1.0-1.5 ATR,8.059184929034279
2025,secondary,2025-05-19 04:45:00+00:00,2025-05,4,ASIA,Structural Portfolio MTF,1,LONG,1.203551910432408,1.2332454327240971,3.0,time_exit,1,0,True,False,False,False,NEUTRAL_MIX,MIXED,26.530253168885903,22-30,23.410266449316374,20-25,0.36425360640589377,<0.6 ATR,7.63204523197485
2025,secondary,2025-05-21 07:30:00+00:00,2025-05,7,LONDON,Outcome First M15,-1,SHORT,1.961667437124548,2.0,2.0,target,1,0,False,False,False,False,NEUTRAL_MIX,MIXED,18.953971945855017,18-22,35.52391705481329,25+,0.8727725509598012,0.6-1.0 ATR,6.118432567714998
2025,secondary,2025-05-21 13:15:00+00:00,2025-05,13,NEW_YORK,Structural Portfolio MTF,1,LONG,1.679060467159354,1.7005823393036714,4.0,time_exit,1,1,True,True,True,False,STRONG_ALIGNED,TREND,20.750893048972614,18-22,22.482732146813525,20-25,0.9395850323124066,0.6-1.0 ATR,6.694444657680088
2025,secondary,2025-05-22 14:45:00+00:00,2025-05,14,NEW_YORK,Structural Portfolio MTF,1,LONG,1.0803800481327976,1.0939940080053652,3.0,time_exit,0,1,False,True,False,False,NEUTRAL_MIX,MIXED,22.418405311643788,22-30,34.99266149831072,25+,0.8187179314368331,0.6-1.0 ATR,9.19730680233759
2025,secondary,2025-05-23 16:00:00+00:00,2025-05,16,NEW_YORK,V1 Legacy M15,1,LONG,-1.0237569726767595,-1.0,3.0,stop,1,1,True,True,True,False,STRONG_ALIGNED,TREND,20.656585322604588,18-22,30.777518523125448,25+,0.6515501758211791,0.6-1.0 ATR,7.812138172758499
2025,secondary,2025-05-27 02:30:00+00:00,2025-05,2,ASIA,Structural Portfolio MTF,1,LONG,-1.0341816090390819,-1.0,3.0,stop,0,1,False,True,False,False,NEUTRAL_MIX,MIXED,18.913704476020378,18-22,20.838726612700775,20-25,0.7956573259842377,0.6-1.0 ATR,3.946422533237729
2025,secondary,2025-05-29 16:30:00+00:00,2025-05,16,NEW_YORK,Structural Portfolio MTF,1,LONG,-1.01938209163576,-1.0,3.0,stop,0,1,False,True,False,False,NEUTRAL_MIX,MIXED,23.945265266537216,22-30,48.68727786469296,25+,0.9989766622282175,0.6-1.0 ATR,6.516668753281646
2025,secondary,2025-05-30 05:45:00+00:00,2025-05,5,ASIA,Structural Portfolio MTF,1,LONG,-1.0348661594441204,-1.0,2.0,stop,0,0,False,False,False,False,NEUTRAL_MIX,MIXED,20.995987264187757,18-22,26.921540562768406,25+,0.7511874968474016,0.6-1.0 ATR,4.725850756167922
2025,secondary,2025-05-30 13:45:00+00:00,2025-05,13,NEW_YORK,Structural Portfolio MTF,-1,SHORT,-1.0169976134107084,-1.0,3.0,stop,0,0,False,False,False,False,NEUTRAL_MIX,MIXED,20.901520045525306,18-22,20.70077851764681,20-25,1.6336599432864205,1.5+ ATR,6.831287041016521
2025,secondary,2025-06-02 04:30:00+00:00,2025-06,4,ASIA,V1 Legacy M15,1,LONG,1.9688364396064244,2.0,2.0,target,1,1,True,True,True,False,STRONG_ALIGNED,TREND,20.86107459636611,18-22,15.219329835113625,15-20,0.6006460722890414,0.6-1.0 ATR,4.328672274658184
2025,secondary,2025-06-02 11:45:00+00:00,2025-06,11,LONDON,V1 Legacy M15,1,LONG,0.4579281646185375,0.48468686550620316,3.0,time_exit,1,1,True,True,True,False,STRONG_ALIGNED,TREND,20.806720477979237,18-22,43.63395680700927,25+,1.3110358696459028,1.0-1.5 ATR,5.041814761167
2025,secondary,2025-06-03 07:15:00+00:00,2025-06,7,LONDON,M15-0591 MTF,-1,SHORT,0.030444788854406865,0.0600800868910402,3.0,time_exit,0,1,False,False,False,False,NEUTRAL_MIX,MIXED,22.99365679017872,22-30,31.29666188994147,25+,1.4339064324131654,1.0-1.5 ATR,6.046419629632742
2025,secondary,2025-06-05 03:45:00+00:00,2025-06,3,ASIA,Structural Portfolio MTF,1,LONG,-1.0492011924302633,-1.0,4.0,stop,1,1,True,True,True,False,ALIGNED_WEAK,MIXED,16.93975238167959,<18,15.590544543393923,15-20,0.9484186092891164,0.6-1.0 ATR,4.091020528275324
2025,secondary,2025-06-05 07:15:00+00:00,2025-06,7,LONDON,Structural Frequency M15,1,LONG,1.9674123642828243,2.0,2.0,target,0,1,False,True,False,False,NEUTRAL_MIX,MIXED,17.436029913465784,<18,19.64624589864033,15-20,1.6952205113411059,1.5+ ATR,4.347517004834616
2025,secondary,2025-06-05 11:45:00+00:00,2025-06,11,LONDON,Outcome First M15,-1,SHORT,2.9622560473307007,3.0,3.0,target,1,1,False,False,False,True,ALIGNED_WEAK,MIXED,17.340298192823287,<18,37.94883726956886,25+,0.9437057847096764,0.6-1.0 ATR,5.043944921312674
2025,secondary,2025-06-06 08:30:00+00:00,2025-06,8,LONDON,Structural Frequency M15,1,LONG,-1.0284379593876791,-1.0,2.0,stop,0,1,False,True,False,False,NEUTRAL_MIX,MIXED,16.519103743220544,<18,23.45819742857933,20-25,1.4065281426606329,1.0-1.5 ATR,4.599979057483627
2025,secondary,2025-06-09 07:15:00+00:00,2025-06,7,LONDON,Structural Portfolio MTF,1,LONG,-1.0284884060655664,-1.0,3.0,stop,0,0,False,False,False,False,NEUTRAL_MIX,MIXED,16.09580810079328,<18,19.864340764595063,15-20,0.8767283470803164,0.6-1.0 ATR,4.368513933368991
2025,secondary,2025-06-10 12:00:00+00:00,2025-06,12,OTHER,Structural Portfolio MTF,-1,SHORT,-1.0361551272656575,-1.0,3.0,stop,0,0,False,False,False,False,NEUTRAL_MIX,MIXED,12.971784418542548,<18,42.88137419266683,25+,1.3380092633625993,1.0-1.5 ATR,4.304902931332893
2025,secondary,2025-06-10 14:30:00+00:00,2025-06,14,NEW_YORK,Structural Portfolio MTF,-1,SHORT,-0.45040780993018,-0.4302385764350802,3.0,time_exit,0,0,False,False,False,False,NEUTRAL_MIX,MIXED,12.971784418542548,<18,31.25866177731236,25+,1.3999987636546687,1.0-1.5 ATR,5.557147764681353
2025,secondary,2025-06-12 07:00:00+00:00,2025-06,7,LONDON,Structural Portfolio MTF,1,LONG,-1.0344608047216757,-1.0,4.0,stop,1,1,True,True,True,False,ALIGNED_WEAK,MIXED,12.571034887092718,<18,25.59628936794508,25+,0.9559129910469512,0.6-1.0 ATR,4.226326075530375
2025,secondary,2025-06-12 13:45:00+00:00,2025-06,13,NEW_YORK,Outcome First M15,1,LONG,-1.016796791441318,-1.0,3.0,stop,1,1,True,True,True,False,ALIGNED_WEAK,MIXED,12.303052253329968,<18,22.56237444362715,20-25,2.3593595221181016,1.5+ ATR,7.624950683162251
2025,secondary,2025-06-13 08:15:00+00:00,2025-06,8,LONDON,Outcome First M15,1,LONG,0.8532695509352186,0.8756002945118323,3.0,time_exit,1,1,True,True,True,False,STRONG_ALIGNED,TREND,18.384879147204128,18-22,22.795184933858042,20-25,1.1986111653378795,1.0-1.5 ATR,6.866280106509806
2025,secondary,2025-06-16 12:00:00+00:00,2025-06,12,OTHER,Outcome First M15,-1,SHORT,1.9572394431010798,2.0,2.0,target,0,1,False,False,False,False,NEUTRAL_MIX,MIXED,30.01137248365319,30+,37.85236602010594,25+,1.023696676558094,1.0-1.5 ATR,4.864722250289935
2025,secondary,2025-06-16 15:15:00+00:00,2025-06,15,NEW_YORK,Structural Frequency M15,1,LONG,-1.0182297187876619,-1.0,2.0,stop,0,1,False,True,False,False,NEUTRAL_MIX,MIXED,30.01137248365319,30+,44.98409751965009,25+,0.8793975054461253,0.6-1.0 ATR,7.34593850902821
2025,secondary,2025-06-17 09:00:00+00:00,2025-06,9,LONDON,Structural Portfolio MTF,-1,SHORT,-1.0250201484204509,-1.0,3.0,stop,-1,0,True,False,False,False,NEUTRAL_MIX,MIXED,22.09746192567898,22-30,27.789594744554183,25+,1.232444296002088,1.0-1.5 ATR,5.038767285584091
2025,secondary,2025-06-17 11:45:00+00:00,2025-06,11,LONDON,Structural Portfolio MTF,-1,SHORT,2.922951464622022,3.0,3.0,target,0,0,False,False,False,False,NEUTRAL_MIX,MIXED,22.09746192567898,22-30,22.71182406779238,20-25,0.7837037176218461,0.6-1.0 ATR,5.078449815291617
2025,secondary,2025-06-17 15:45:00+00:00,2025-06,15,NEW_YORK,Structural Portfolio MTF,-1,SHORT,-1.0303771403743203,-1.0,3.0,stop,-1,0,True,False,False,False,NEUTRAL_MIX,MIXED,20.903394175710382,18-22,21.989713535403737,20-25,0.8974354561697249,0.6-1.0 ATR,6.897431962872424
2025,secondary,2025-06-18 14:30:00+00:00,2025-06,14,NEW_YORK,Structural Frequency M15,-1,SHORT,1.0510203044348467,1.0741337914080153,3.0,time_exit,0,0,False,False,False,False,NEUTRAL_MIX,MIXED,17.953276871983004,<18,17.40218346996444,15-20,2.437162801487725,1.5+ ATR,5.3504837641703356
2025,secondary,2025-06-19 11:15:00+00:00,2025-06,11,LONDON,Structural Portfolio MTF,-1,SHORT,2.9478653709023614,3.0,3.0,target,0,0,False,False,False,False,NEUTRAL_MIX,MIXED,15.890167802913744,<18,14.281491641173274,<15,0.6902131556943155,0.6-1.0 ATR,4.9984558705336655
2025,secondary,2025-06-20 11:30:00+00:00,2025-06,11,LONDON,Structural Frequency M15,-1,SHORT,-1.05377295958839,-1.0,2.0,stop,-1,0,True,False,False,False,NEUTRAL_MIX,MIXED,18.620588079536084,18-22,19.701717488641325,15-20,0.8833029598666164,0.6-1.0 ATR,3.7359775184026325
2025,secondary,2025-06-23 07:15:00+00:00,2025-06,7,LONDON,Outcome First M15,-1,SHORT,-1.0423939416627925,-1.0,3.0,stop,-1,-1,True,True,True,False,ALIGNED_WEAK,MIXED,17.043135247052046,<18,18.750747674573248,15-20,1.2895135205227444,1.0-1.5 ATR,4.877808491259647
2025,secondary,2025-06-24 18:15:00+00:00,2025-06,18,OTHER,Structural Portfolio MTF,-1,SHORT,-1.0556238448157678,-1.0,4.0,stop,-1,-1,True,True,True,False,STRONG_ALIGNED,TREND,18.133492421468066,18-22,21.118701748009975,20-25,0.6398483124875418,0.6-1.0 ATR,5.110586268934874
2025,secondary,2025-06-25 08:30:00+00:00,2025-06,8,LONDON,Structural Portfolio MTF,-1,SHORT,-1.04259105243142,-1.0,3.0,stop,0,-1,False,True,False,False,NEUTRAL_MIX,MIXED,20.42462595709927,18-22,19.758841131290634,15-20,0.9302290555374563,0.6-1.0 ATR,3.6765138431674846
2025,secondary,2025-06-26 09:15:00+00:00,2025-06,9,LONDON,Structural Frequency M15,-1,SHORT,1.9649941677807583,2.0,2.0,target,0,0,False,False,False,False,NEUTRAL_MIX,MIXED,20.08310697418805,18-22,29.850846585290558,25+,2.291319215557305,1.5+ ATR,3.5438100221338686
2025,secondary,2025-06-26 22:00:00+00:00,2025-06,22,OTHER,V1 Legacy M15,-1,SHORT,1.9337657100194732,2.0,2.0,target,-1,-1,True,True,True,False,STRONG_ALIGNED,TREND,19.933710014555455,18-22,13.40362301978318,<15,0.7808668487834278,0.6-1.0 ATR,3.2399889993299444
2025,secondary,2025-06-27 02:45:00+00:00,2025-06,2,ASIA,V1 Legacy M15,-1,SHORT,2.9688112862144767,3.0,3.0,target,-1,-1,True,True,True,False,STRONG_ALIGNED,TREND,20.636282900517642,18-22,27.58727153626958,25+,0.766359666194414,0.6-1.0 ATR,4.08424417159511
2025,secondary,2025-06-27 12:15:00+00:00,2025-06,12,OTHER,V1 Legacy M15,-1,SHORT,-1.0261265196654077,-1.0,3.0,stop,-1,-1,True,True,True,False,STRONG_ALIGNED,TREND,25.894811086888932,22-30,44.84957478631405,25+,1.7646409689641762,1.5+ ATR,5.587538866780268
2025,secondary,2025-06-30 08:45:00+00:00,2025-06,8,LONDON,Structural Frequency M15,-1,SHORT,-1.0433382827883122,-1.0,2.0,stop,0,-1,False,True,False,False,NEUTRAL_MIX,MIXED,37.07315119664205,30+,23.63575230988229,20-25,1.1841247708670688,1.0-1.5 ATR,4.205637887596457
2025,secondary,2025-07-01 22:45:00+00:00,2025-07,22,OTHER,Structural Portfolio MTF,1,LONG,-1.0510099032705236,-1.0,3.0,stop,1,0,True,False,False,False,NEUTRAL_MIX,MIXED,28.872956648675856,22-30,18.635752743563792,15-20,0.5995552065018308,<0.6 ATR,2.9355094925605387
2025,secondary,2025-07-02 08:15:00+00:00,2025-07,8,LONDON,Structural Frequency M15,1,LONG,1.960377567109799,2.0,2.0,target,0,0,False,False,False,False,NEUTRAL_MIX,MIXED,25.330664119631873,22-30,18.194991906775204,15-20,0.7554355105437961,0.6-1.0 ATR,3.7858956324959783
2025,secondary,2025-07-03 10:45:00+00:00,2025-07,10,LONDON,Structural Frequency M15,1,LONG,-1.034262317798791,-1.0,3.0,stop,0,1,False,True,False,False,NEUTRAL_MIX,MIXED,23.68733977989308,22-30,24.884680411723195,20-25,1.2461348670679915,1.0-1.5 ATR,3.7716623811825594
2025,secondary,2025-07-03 12:30:00+00:00,2025-07,12,NEW_YORK,Structural Portfolio MTF,1,LONG,-1.0474924825671568,-1.0,3.0,stop,0,1,False,True,False,False,NEUTRAL_MIX,MIXED,23.995650693725374,22-30,20.690130125708222,20-25,1.2139977397450448,1.0-1.5 ATR,3.830320146211023
2025,secondary,2025-07-04 00:30:00+00:00,2025-07,0,ASIA,Structural Portfolio MTF,-1,SHORT,-1.0848377182064244,-1.0,2.0,stop,0,0,False,False,False,False,NEUTRAL_MIX,MIXED,20.654936476291418,18-22,20.139811689261773,20-25,1.130958339588581,1.0-1.5 ATR,2.732196131224624
2025,secondary,2025-07-04 13:45:00+00:00,2025-07,13,NEW_YORK,Structural Frequency M15,1,LONG,-1.0513042191889308,-1.0,2.0,stop,0,1,False,True,False,False,NEUTRAL_MIX,MIXED,17.445322624926366,<18,14.613804735456302,<15,1.231921184478096,1.0-1.5 ATR,3.2550783690752563
2025,secondary,2025-07-04 16:45:00+00:00,2025-07,16,NEW_YORK,Structural Frequency M15,1,LONG,-1.0725253250957727,-1.0,2.0,stop,0,0,False,False,False,False,NEUTRAL_MIX,MIXED,16.32629504474591,<18,12.091367786968659,<15,0.8310878828828288,0.6-1.0 ATR,2.58697069742167
2025,secondary,2025-07-07 10:45:00+00:00,2025-07,10,LONDON,Outcome First M15,-1,SHORT,-1.0255389541652427,-1.0,3.0,stop,-1,-1,True,True,True,False,ALIGNED_WEAK,MIXED,16.8055909644322,<18,31.490290651680162,25+,2.5912097533828504,1.5+ ATR,4.345460642582166
2025,secondary,2025-07-07 20:15:00+00:00,2025-07,20,OTHER,Structural Portfolio MTF,-1,SHORT,-1.0868788708329027,-1.0,2.0,stop,0,0,False,False,False,False,NEUTRAL_MIX,MIXED,17.050557043345822,<18,43.23254782787325,25+,0.5320721361062636,<0.6 ATR,3.608533260265704
2025,secondary,2025-07-07 23:00:00+00:00,2025-07,23,OTHER,Structural Portfolio MTF,-1,SHORT,1.9474991797395582,2.0,2.0,target,0,0,False,False,False,False,NEUTRAL_MIX,MIXED,17.050557043345822,<18,46.42477337821175,25+,0.5664203550793802,<0.6 ATR,3.513291819678507
2025,secondary,2025-07-08 11:00:00+00:00,2025-07,11,LONDON,Structural Portfolio MTF,1,LONG,-1.0724979692786762,-1.0,3.0,stop,0,0,False,False,False,False,NEUTRAL_MIX,MIXED,14.094540795125715,<18,21.435477018665424,20-25,0.7136403977746044,0.6-1.0 ATR,3.5592155487842705
2025,secondary,2025-07-09 06:00:00+00:00,2025-07,6,OTHER,V1 Legacy M15,-1,SHORT,-1.037881527698845,-1.0,3.0,stop,-1,-1,True,True,True,False,STRONG_ALIGNED,TREND,19.390723208435244,18-22,43.225810674822945,25+,1.0799973432756846,1.0-1.5 ATR,4.037046967889365
2025,secondary,2025-07-10 09:45:00+00:00,2025-07,9,LONDON,Outcome First M15,-1,SHORT,1.939695746072684,2.0,2.0,target,1,0,False,False,False,False,NEUTRAL_MIX,MIXED,18.746610528875514,18-22,24.570464499910464,20-25,1.1984298228240793,1.0-1.5 ATR,3.2375696316176077
2025,secondary,2025-07-10 15:45:00+00:00,2025-07,15,NEW_YORK,Structural Frequency M15,1,LONG,-1.0466801398444965,-1.0,2.0,stop,0,0,False,False,False,False,NEUTRAL_MIX,MIXED,17.48873301417984,<18,15.362424342921575,15-20,0.4819951995111218,<0.6 ATR,4.813325946716563
2025,secondary,2025-07-11 00:30:00+00:00,2025-07,0,ASIA,M15-0591 MTF,1,LONG,2.922865671974841,3.0,3.0,target,1,0,True,False,False,False,NEUTRAL_MIX,MIXED,15.937190485757988,<18,15.100356214000202,15-20,1.1291875874689055,1.0-1.5 ATR,2.55936217513501
2025,secondary,2025-07-11 08:45:00+00:00,2025-07,8,LONDON,Outcome First M15,-1,SHORT,-1.0558926207786208,-1.0,2.0,stop,1,0,False,False,False,False,NEUTRAL_MIX,MIXED,14.82196402289842,<18,23.810326045548067,20-25,0.7972244377748708,0.6-1.0 ATR,3.825773339955586
2025,secondary,2025-07-13 23:15:00+00:00,2025-07,23,OTHER,M15-0591 MTF,1,LONG,-1.0354009631268326,-1.0,4.0,stop,1,1,True,True,True,False,STRONG_ALIGNED,TREND,18.8611016141013,18-22,27.97404530884345,25+,0.7515218373592293,0.6-1.0 ATR,4.231413968188184
2025,secondary,2025-07-14 05:00:00+00:00,2025-07,5,ASIA,Structural Portfolio MTF,1,LONG,-1.0531660525783708,-1.0,4.0,stop,1,1,True,True,True,False,STRONG_ALIGNED,TREND,21.764353600349807,18-22,19.805995646697177,15-20,0.5353088617710816,<0.6 ATR,3.7922032399835466
2025,secondary,2025-07-14 13:45:00+00:00,2025-07,13,NEW_YORK,Structural Portfolio MTF,1,LONG,-1.0320015108937373,-1.0,3.0,stop,0,1,False,True,False,False,NEUTRAL_MIX,MIXED,23.852224196349525,22-30,27.763649085982205,25+,0.7211319090213677,0.6-1.0 ATR,4.409734141865667
2025,secondary,2025-07-14 15:30:00+00:00,2025-07,15,NEW_YORK,Structural Portfolio MTF,1,LONG,2.29130547885003,2.3426203632694573,3.0,time_exit,0,1,False,True,False,False,NEUTRAL_MIX,MIXED,23.852224196349525,22-30,32.022179335496176,25+,0.622748724067276,0.6-1.0 ATR,5.026104236003176
2025,secondary,2025-07-15 14:15:00+00:00,2025-07,14,NEW_YORK,Structural Frequency M15,1,LONG,-1.0254548546119047,-1.0,3.0,stop,0,1,False,True,False,False,NEUTRAL_MIX,MIXED,19.36652315481478,18-22,27.581481670266633,25+,1.0069350809465338,1.0-1.5 ATR,5.591224406153201
2025,secondary,2025-07-15 17:00:00+00:00,2025-07,17,OTHER,Structural Portfolio MTF,1,LONG,0.8634262168066624,0.8977014249156037,3.0,time_exit,0,0,False,False,False,False,NEUTRAL_MIX,MIXED,18.923230300879748,18-22,36.232576963221646,25+,0.7460378897573856,0.6-1.0 ATR,5.736974031428374
2025,secondary,2025-07-16 10:30:00+00:00,2025-07,10,LONDON,Structural Frequency M15,-1,SHORT,1.9266945184721813,2.0,2.0,target,0,0,False,False,False,False,NEUTRAL_MIX,MIXED,17.39289856043143,<18,18.320031289078702,15-20,0.9037723207763355,0.6-1.0 ATR,2.544888737048834
2025,secondary,2025-07-16 16:15:00+00:00,2025-07,16,NEW_YORK,Outcome First M15,-1,SHORT,0.9799620379058621,0.9937820774299896,2.0,time_exit,0,1,False,False,False,False,NEUTRAL_MIX,MIXED,17.122363628084546,<18,25.80129255626474,25+,1.5380703616249272,1.5+ ATR,10.409146681095693
2025,secondary,2025-07-17 18:00:00+00:00,2025-07,18,OTHER,Structural Portfolio MTF,-1,SHORT,-1.0846190048483502,-1.0,2.0,stop,0,0,False,False,False,False,NEUTRAL_MIX,MIXED,15.51414794793863,<18,28.04678270498956,25+,0.4330915157361677,<0.6 ATR,3.740548916656147
2025,secondary,2025-07-18 05:15:00+00:00,2025-07,5,ASIA,Structural Portfolio MTF,1,LONG,-1.05636784445989,-1.0,3.0,stop,0,0,False,False,False,False,NEUTRAL_MIX,MIXED,13.851110850715488,<18,15.354701222351562,15-20,1.4498428190651382,1.0-1.5 ATR,2.745125159544074
2025,secondary,2025-07-21 11:15:00+00:00,2025-07,11,LONDON,Outcome First M15,1,LONG,2.9509301693268255,3.0,3.0,target,1,1,True,True,True,False,ALIGNED_WEAK,MIXED,11.764234067164413,<18,23.153769502878934,20-25,1.630261055151707,1.5+ ATR,2.766428104105129
2025,secondary,2025-07-22 11:45:00+00:00,2025-07,11,LONDON,Outcome First M15,1,LONG,2.9037557909033245,3.0,3.0,target,1,1,True,True,True,False,STRONG_ALIGNED,TREND,21.513603204143095,18-22,13.311070611435817,<15,1.2374022077198272,1.0-1.5 ATR,2.4163525661631744
2025,secondary,2025-07-22 13:15:00+00:00,2025-07,13,NEW_YORK,M15-0591 MTF,1,LONG,2.3398904046861753,2.3760615934044487,4.0,time_exit,1,1,True,True,True,False,STRONG_ALIGNED,TREND,22.270668324754,22-30,31.92111139297394,25+,2.01459650654865,1.5+ ATR,3.7724675761599595
2025,secondary,2025-07-23 00:30:00+00:00,2025-07,0,ASIA,Structural Portfolio MTF,1,LONG,-1.0530657249296198,-1.0,4.0,stop,1,1,True,True,True,False,STRONG_ALIGNED,TREND,28.86334877655015,22-30,38.90219519801727,25+,1.9703157294802334,1.5+ ATR,3.4816754986825313
2025,secondary,2025-07-23 03:15:00+00:00,2025-07,3,ASIA,Structural Portfolio MTF,1,LONG,-1.0597305723000157,-1.0,4.0,stop,1,1,True,True,True,False,STRONG_ALIGNED,TREND,28.86334877655015,22-30,21.934979364639467,20-25,0.7283519761233882,0.6-1.0 ATR,3.7344581866548907
2025,secondary,2025-07-23 06:30:00+00:00,2025-07,6,OTHER,Structural Portfolio MTF,1,LONG,-1.0444296877595916,-1.0,4.0,stop,1,1,True,True,True,False,STRONG_ALIGNED,TREND,30.032831079205575,30+,15.24725484444443,15-20,0.8958473392357026,0.6-1.0 ATR,3.4604110144979527
2025,secondary,2025-07-23 14:15:00+00:00,2025-07,14,NEW_YORK,Structural Portfolio MTF,1,LONG,-1.0294692069516387,-1.0,3.0,stop,0,1,False,True,False,False,NEUTRAL_MIX,MIXED,31.736394010202357,30+,20.936307195395592,20-25,1.4533768836079484,1.0-1.5 ATR,4.740683629765863
2025,secondary,2025-07-24 08:45:00+00:00,2025-07,8,LONDON,Outcome First M15,1,LONG,-1.041718386830058,-1.0,2.0,stop,-1,0,False,False,False,False,NEUTRAL_MIX,MIXED,24.777990209617258,22-30,52.29209737743151,25+,0.6227452523845722,0.6-1.0 ATR,4.464104687036578
2025,secondary,2025-07-25 01:30:00+00:00,2025-07,1,ASIA,Structural Portfolio MTF,-1,SHORT,2.9444671090250965,3.0,3.0,target,-1,0,True,False,False,False,NEUTRAL_MIX,MIXED,25.227718679121065,22-30,13.028470269104682,<15,1.770865558143424,1.5+ ATR,2.744420646531379
2025,secondary,2025-07-28 05:30:00+00:00,2025-07,5,ASIA,Structural Portfolio MTF,-1,SHORT,-1.059031653351544,-1.0,4.0,stop,-1,-1,True,True,True,False,STRONG_ALIGNED,TREND,35.682848726797374,30+,15.945399529622367,15-20,0.3812797734912964,<0.6 ATR,3.357114877296171
2025,secondary,2025-07-28 06:45:00+00:00,2025-07,6,OTHER,Structural Portfolio MTF,-1,SHORT,2.951841586480359,3.0,3.0,target,0,-1,False,True,False,False,NEUTRAL_MIX,MIXED,35.682848726797374,30+,17.30696534859966,15-20,1.0238843852247315,1.0-1.5 ATR,3.5257887043640883
2025,secondary,2025-07-28 22:15:00+00:00,2025-07,22,OTHER,V1 Legacy M15,-1,SHORT,-1.0503365208562385,-1.0,3.0,stop,-1,-1,True,True,True,False,STRONG_ALIGNED,TREND,40.43606413240808,30+,22.62359822616579,20-25,0.6842993193388701,0.6-1.0 ATR,2.9080841435329834
2025,secondary,2025-07-29 04:30:00+00:00,2025-07,4,ASIA,V1 Legacy M15,-1,SHORT,-1.0387283291337481,-1.0,2.0,stop,-1,-1,True,True,True,False,STRONG_ALIGNED,TREND,43.35622973829798,30+,20.08554100383831,20-25,1.451151982867357,1.0-1.5 ATR,3.1836775572405247
2025,secondary,2025-07-30 15:30:00+00:00,2025-07,15,NEW_YORK,V1 Legacy M15,-1,SHORT,-1.0200432130024342,-1.0,3.0,stop,-1,-1,True,True,True,False,STRONG_ALIGNED,TREND,40.66338728073131,30+,39.9093522497392,25+,1.8775575110188985,1.5+ ATR,5.571067697587428
2025,secondary,2025-07-31 09:45:00+00:00,2025-07,9,LONDON,Structural Frequency M15,-1,SHORT,1.9658462800989436,2.0,2.0,target,0,-1,False,True,False,False,NEUTRAL_MIX,MIXED,43.218668810128754,30+,50.61400398226442,25+,0.8672663797176586,0.6-1.0 ATR,4.485357775849993
2025,secondary,2025-08-01 07:45:00+00:00,2025-08,7,LONDON,V1 Legacy M15,-1,SHORT,-1.0373207732678535,-1.0,2.0,stop,-1,-1,True,True,True,False,STRONG_ALIGNED,TREND,38.11092483699781,30+,16.735838035588745,15-20,1.5135553848287449,1.5+ ATR,3.4884749199961513
2025,secondary,2025-08-04 08:30:00+00:00,2025-08,8,LONDON,Structural Frequency M15,1,LONG,1.9550586731878277,2.0,2.0,target,1,0,True,False,False,False,NEUTRAL_MIX,MIXED,31.957933935689077,30+,15.77569173638308,15-20,0.9391439242521219,0.6-1.0 ATR,3.7374463161174925
2025,secondary,2025-08-04 23:15:00+00:00,2025-08,23,OTHER,V1 Legacy M15,1,LONG,-1.0609903070625837,-1.0,3.0,stop,1,1,True,True,True,False,STRONG_ALIGNED,TREND,31.621495448425172,30+,23.954069640841134,20-25,1.760052919405067,1.5+ ATR,2.3976551804059953
2025,secondary,2025-08-05 07:00:00+00:00,2025-08,7,LONDON,M15-0591 MTF,-1,SHORT,-1.075507194009469,-1.0,3.0,stop,0,1,False,False,False,False,NEUTRAL_MIX,MIXED,32.12327691226389,30+,20.066996563078206,20-25,0.8748241531847579,0.6-1.0 ATR,2.709115873598674
2025,secondary,2025-08-05 14:30:00+00:00,2025-08,14,NEW_YORK,M15-0591 MTF,1,LONG,-0.10246020133681062,-0.07229347357993215,4.0,time_exit,1,1,True,True,True,False,STRONG_ALIGNED,TREND,30.070161716984927,30+,33.26084239661562,25+,1.8282342535657827,1.5+ ATR,5.168921860843907
2025,secondary,2025-08-06 06:30:00+00:00,2025-08,6,OTHER,Structural Portfolio MTF,1,LONG,-1.049579105948515,-1.0,3.0,stop,0,1,False,True,False,False,NEUTRAL_MIX,MIXED,27.199685479686018,22-30,17.99674383311435,15-20,1.022290727441416,1.0-1.5 ATR,2.8172025067743287
2025,secondary,2025-08-06 14:00:00+00:00,2025-08,14,NEW_YORK,Outcome First M15,1,LONG,1.4400594119542043,1.4704758899923387,3.0,time_exit,1,1,True,True,True,False,STRONG_ALIGNED,TREND,24.27591884779598,22-30,20.382199597881733,20-25,1.939004957132153,1.5+ ATR,4.0484682471417175
2025,secondary,2025-08-07 11:30:00+00:00,2025-08,11,LONDON,Structural Portfolio MTF,1,LONG,1.437753818616712,1.4694062327617037,3.0,time_exit,0,1,False,True,False,False,NEUTRAL_MIX,MIXED,19.59802469729597,18-22,16.356936349212695,15-20,0.8390824588802449,0.6-1.0 ATR,4.945878627397674
2025,secondary,2025-08-12 01:45:00+00:00,2025-08,1,ASIA,Structural Portfolio MTF,-1,SHORT,-1.0423301834328214,-1.0,3.0,stop,-1,0,True,False,False,False,NEUTRAL_MIX,MIXED,23.959134775345493,22-30,18.28143308582317,15-20,1.409988043040512,1.0-1.5 ATR,3.836911970071517
2025,secondary,2025-08-12 08:45:00+00:00,2025-08,8,LONDON,Structural Frequency M15,-1,SHORT,-1.0291191200334315,-1.0,3.0,stop,0,0,False,False,False,False,NEUTRAL_MIX,MIXED,24.950132487460735,22-30,16.768012747120817,15-20,1.082731202514693,1.0-1.5 ATR,4.544064111732577
2025,secondary,2025-08-13 08:15:00+00:00,2025-08,8,LONDON,Structural Portfolio MTF,-1,SHORT,-1.0449099758298337,-1.0,3.0,stop,0,-1,False,True,False,False,NEUTRAL_MIX,MIXED,29.334751822688045,22-30,16.313882406750437,15-20,0.8297482553128541,0.6-1.0 ATR,3.5793989092269562
2025,secondary,2025-08-13 11:15:00+00:00,2025-08,11,LONDON,Structural Frequency M15,-1,SHORT,-1.0733274953314622,-1.0,2.0,stop,0,-1,False,True,False,False,NEUTRAL_MIX,MIXED,29.334751822688045,22-30,29.302468532752375,25+,1.5767314816739668,1.5+ ATR,3.659469013629481
2025,secondary,2025-08-13 15:15:00+00:00,2025-08,15,NEW_YORK,Structural Frequency M15,-1,SHORT,-1.0260829972778314,-1.0,2.0,stop,0,0,False,False,False,False,NEUTRAL_MIX,MIXED,28.391660803354675,22-30,20.546033209886456,20-25,1.237617709819843,1.0-1.5 ATR,4.355141298668457
2025,secondary,2025-08-14 04:15:00+00:00,2025-08,4,ASIA,Structural Portfolio MTF,1,LONG,-1.062727330626121,-1.0,3.0,stop,1,0,True,False,False,False,NEUTRAL_MIX,MIXED,23.799213370874956,22-30,25.736524754302582,25+,0.5486580188403727,<0.6 ATR,3.371863595304802
2025,secondary,2025-08-14 16:15:00+00:00,2025-08,16,NEW_YORK,V1 Legacy M15,-1,SHORT,-1.036940392514328,-1.0,3.0,stop,-1,-1,True,True,True,False,STRONG_ALIGNED,TREND,21.855510244666313,18-22,33.772867196023114,25+,1.5361460923307784,1.5+ ATR,5.663523829820023
2025,secondary,2025-08-15 10:30:00+00:00,2025-08,10,LONDON,V1 Legacy M15,-1,SHORT,-1.0463381751895302,-1.0,2.0,stop,-1,-1,True,True,True,False,STRONG_ALIGNED,TREND,20.67381586351217,18-22,14.422948640617083,<15,1.0602407484826442,1.0-1.5 ATR,3.5369325366590423
2025,secondary,2025-08-15 17:15:00+00:00,2025-08,17,OTHER,V1 Legacy M15,-1,SHORT,-1.040139067933599,-1.0,2.0,stop,-1,-1,True,True,True,False,STRONG_ALIGNED,TREND,19.898037393748446,18-22,12.274036032470338,<15,1.0870744923292701,1.0-1.5 ATR,3.504819611613068
2025,secondary,2025-08-19 04:00:00+00:00,2025-08,4,ASIA,Structural Portfolio MTF,-1,SHORT,-1.0824277665677045,-1.0,3.0,stop,0,-1,False,True,False,False,NEUTRAL_MIX,MIXED,15.714787755767045,<18,17.14407170374862,15-20,0.4509017659560238,<0.6 ATR,2.994000250005737
2025,secondary,2025-08-20 08:30:00+00:00,2025-08,8,LONDON,Structural Frequency M15,-1,SHORT,-1.053856662525267,-1.0,2.0,stop,0,-1,False,True,False,False,NEUTRAL_MIX,MIXED,16.542829163281482,<18,36.063097305911334,25+,0.7997673679795945,0.6-1.0 ATR,2.575749002117957
2025,secondary,2025-08-20 15:30:00+00:00,2025-08,15,NEW_YORK,Structural Portfolio MTF,-1,SHORT,-1.0357853455054378,-1.0,3.0,stop,0,-1,False,True,False,False,NEUTRAL_MIX,MIXED,15.727432987168461,<18,51.60890029349146,25+,0.9020544097992762,0.6-1.0 ATR,3.8689462210786445
2025,secondary,2025-08-21 11:45:00+00:00,2025-08,11,LONDON,Structural Portfolio MTF,1,LONG,-0.6313386104472192,-0.5937771893525621,3.0,time_exit,0,0,False,False,False,False,NEUTRAL_MIX,MIXED,14.43785402480282,<18,22.883993146055204,20-25,1.2508334527889964,1.0-1.5 ATR,3.253830468736859
2025,secondary,2025-08-22 07:30:00+00:00,2025-08,7,LONDON,Outcome First M15,1,LONG,-1.0488196457227645,-1.0,3.0,stop,-1,-1,False,False,False,True,ALIGNED_WEAK,MIXED,11.56202691077978,<18,33.564880061183395,25+,1.1101167535921403,1.0-1.5 ATR,2.459200792318667
2025,secondary,2025-08-22 16:00:00+00:00,2025-08,16,NEW_YORK,Outcome First M15,-1,SHORT,0.44488265626107315,0.4746525645870711,2.0,time_exit,1,0,False,False,False,False,NEUTRAL_MIX,MIXED,13.812633052337375,<18,42.490472940050786,25+,1.0297389213799129,1.0-1.5 ATR,5.535383660512633
2025,secondary,2025-08-25 09:45:00+00:00,2025-08,9,LONDON,Outcome First M15,1,LONG,-1.075594487237502,-1.0,3.0,stop,1,1,True,True,True,False,ALIGNED_WEAK,MIXED,17.307190863162308,<18,12.257417679302522,<15,1.8387015453542468,1.5+ ATR,2.229834423296793
2025,secondary,2025-08-26 08:00:00+00:00,2025-08,8,LONDON,Outcome First M15,1,LONG,0.9467226789379698,0.9811626084044737,3.0,time_exit,1,1,True,True,True,False,STRONG_ALIGNED,TREND,18.326529569247107,18-22,11.727297920930894,<15,0.8107528593668755,0.6-1.0 ATR,3.946948768702688
2025,secondary,2025-08-27 08:00:00+00:00,2025-08,8,LONDON,Outcome First M15,1,LONG,1.1291647893465662,1.171865130140336,3.0,time_exit,1,1,True,True,True,False,STRONG_ALIGNED,TREND,21.14218105860276,18-22,28.32186563582073,25+,1.335640002668807,1.0-1.5 ATR,2.890000293707342
2025,secondary,2025-08-28 03:00:00+00:00,2025-08,3,ASIA,Structural Portfolio MTF,1,LONG,3.951525087731045,4.0,4.0,target,1,1,True,True,True,False,STRONG_ALIGNED,TREND,22.005462544667772,22-30,28.81373570533803,25+,1.174781639702667,1.0-1.5 ATR,2.8601059860371425
2025,secondary,2025-08-29 02:30:00+00:00,2025-08,2,ASIA,Structural Portfolio MTF,1,LONG,-1.0781916117743577,-1.0,4.0,stop,1,1,True,True,True,False,STRONG_ALIGNED,TREND,24.234899919895,22-30,21.366924999676417,20-25,0.7908194375609826,0.6-1.0 ATR,2.2381847434844966
2025,secondary,2025-08-29 06:00:00+00:00,2025-08,6,OTHER,Structural Portfolio MTF,1,LONG,-1.096134375273609,-1.0,4.0,stop,1,1,True,True,True,False,STRONG_ALIGNED,TREND,24.409550063218084,22-30,19.95756948907957,15-20,0.6893189112358332,0.6-1.0 ATR,2.0745114876307196
2025,secondary,2025-08-29 11:45:00+00:00,2025-08,11,LONDON,Structural Portfolio MTF,1,LONG,2.9152914513080557,3.0,3.0,target,0,1,False,True,False,False,NEUTRAL_MIX,MIXED,24.398730777902934,22-30,18.08378704343329,15-20,0.7027892104227326,0.6-1.0 ATR,2.2339557533272285
2025,secondary,2025-08-29 17:00:00+00:00,2025-08,17,OTHER,V1 Legacy M15,1,LONG,-1.0483797971127329,-1.0,3.0,stop,1,1,True,True,True,False,STRONG_ALIGNED,TREND,25.72730951510228,22-30,47.76962341729025,25+,0.8557943759398926,0.6-1.0 ATR,3.8911216217595386
2025,secondary,2025-09-01 02:15:00+00:00,2025-09,2,ASIA,M15-0591 MTF,1,LONG,0.8604523071562986,0.8878950892734429,4.0,time_exit,1,1,True,True,True,False,STRONG_ALIGNED,TREND,30.16948088119758,30+,22.282524142698346,20-25,3.0163679968355686,1.5+ ATR,5.354121253422275
2025,secondary,2025-09-01 13:15:00+00:00,2025-09,13,NEW_YORK,V1 Legacy M15,1,LONG,1.9674765415695015,2.0,2.0,target,1,1,True,True,True,False,STRONG_ALIGNED,TREND,36.2282077638923,30+,15.385800434314492,15-20,2.071584914403736,1.5+ ATR,4.320363571761139
2025,secondary,2025-09-02 12:00:00+00:00,2025-09,12,OTHER,Outcome First M15,1,LONG,-1.0302723819232302,-1.0,3.0,stop,1,1,True,True,True,False,STRONG_ALIGNED,TREND,45.71912071864606,30+,22.7422016363948,20-25,1.289809158652659,1.0-1.5 ATR,4.876690445096954
2025,secondary,2025-09-02 15:00:00+00:00,2025-09,15,NEW_YORK,M15-0591 MTF,1,LONG,1.7199831572791144,1.7413400882808139,4.0,time_exit,1,1,True,True,True,False,STRONG_ALIGNED,TREND,45.71912071864606,30+,23.06474498827187,20-25,0.7776008182095827,0.6-1.0 ATR,7.548860369663063
2025,secondary,2025-09-03 08:30:00+00:00,2025-09,8,LONDON,Outcome First M15,1,LONG,2.970187352852105,3.0,3.0,target,1,1,True,True,True,False,STRONG_ALIGNED,TREND,54.49369375477671,30+,13.617585172698746,<15,1.228343634645831,1.0-1.5 ATR,4.371740813024753
2025,secondary,2025-09-03 22:45:00+00:00,2025-09,22,OTHER,Structural Portfolio MTF,1,LONG,-1.1104514014633007,-1.0,4.0,stop,1,1,True,True,True,False,STRONG_ALIGNED,TREND,59.551078040946706,30+,23.424415053469072,20-25,0.6095784533809951,0.6-1.0 ATR,3.9535518137705083
2025,secondary,2025-09-04 15:45:00+00:00,2025-09,15,NEW_YORK,Structural Frequency M15,1,LONG,-0.2829176770357939,-0.2596417151939153,2.0,time_exit,1,1,True,True,True,False,STRONG_ALIGNED,TREND,53.99807428557587,30+,13.419777552529203,<15,0.9459244396183266,0.6-1.0 ATR,6.617864744593793
2025,secondary,2025-09-05 09:45:00+00:00,2025-09,9,LONDON,Structural Frequency M15,1,LONG,1.9497909610889972,2.0,2.0,target,0,1,False,True,False,False,NEUTRAL_MIX,MIXED,47.914128651295734,30+,24.21581644207734,20-25,1.0351062157245745,1.0-1.5 ATR,3.5358690194299087
2025,secondary,2025-09-05 16:30:00+00:00,2025-09,16,NEW_YORK,V1 Legacy M15,1,LONG,-1.0195805989474718,-1.0,3.0,stop,1,1,True,True,True,False,STRONG_ALIGNED,TREND,47.29304986799471,30+,34.57815402889243,25+,0.4596559192607303,<0.6 ATR,7.527369615004181
2025,secondary,2025-09-08 06:00:00+00:00,2025-09,6,OTHER,V1 Legacy M15,1,LONG,1.9664773906100481,2.0,2.0,target,1,1,True,True,True,False,STRONG_ALIGNED,TREND,47.642945653783855,30+,14.571709480373787,<15,1.061123949824526,1.0-1.5 ATR,4.127698748788408
2025,secondary,2025-09-08 08:30:00+00:00,2025-09,8,LONDON,M15-0591 MTF,1,LONG,2.501588781030515,2.5432002831267644,4.0,time_exit,1,1,True,True,True,False,STRONG_ALIGNED,TREND,47.89875555535408,30+,37.204636437880005,25+,1.904815068540056,1.5+ ATR,4.908612995783475
2025,secondary,2025-09-09 00:15:00+00:00,2025-09,0,ASIA,Structural Portfolio MTF,1,LONG,3.960691935483095,4.0,4.0,target,1,1,True,True,True,False,STRONG_ALIGNED,TREND,50.81587479767079,30+,16.417994718440706,15-20,1.0822363520911087,1.0-1.5 ATR,3.4280866585483656
2025,secondary,2025-09-09 16:00:00+00:00,2025-09,16,NEW_YORK,Outcome First M15,1,LONG,-1.0188641226225674,-1.0,3.0,stop,1,1,True,True,True,False,STRONG_ALIGNED,TREND,54.54356741676174,30+,24.20829287241255,20-25,0.49273889686093825,<0.6 ATR,8.544078875892339
2025,secondary,2025-09-10 06:15:00+00:00,2025-09,6,OTHER,V1 Legacy M15,1,LONG,-1.0544201460294729,-1.0,2.0,stop,1,1,True,True,True,False,STRONG_ALIGNED,TREND,56.022053852920116,30+,19.854284409175698,15-20,1.389495257531683,1.0-1.5 ATR,4.102209035333716
2025,secondary,2025-09-10 18:30:00+00:00,2025-09,18,OTHER,V1 Legacy M15,1,LONG,-1.0498207179645958,-1.0,2.0,stop,1,1,True,True,True,False,STRONG_ALIGNED,TREND,57.07296718338055,30+,14.948929839160899,<15,0.5677325596294414,<0.6 ATR,4.033589339132927
2025,secondary,2025-09-11 06:30:00+00:00,2025-09,6,OTHER,Structural Portfolio MTF,1,LONG,-1.032968266151383,-1.0,3.0,stop,0,1,False,True,False,False,NEUTRAL_MIX,MIXED,55.420179624607165,30+,32.93453248231297,25+,0.7713613374135153,0.6-1.0 ATR,4.109617433808046
2025,secondary,2025-09-11 13:00:00+00:00,2025-09,13,NEW_YORK,Outcome First M15,1,LONG,1.434394785050379,1.4563636001928055,2.0,time_exit,-1,0,False,False,False,False,NEUTRAL_MIX,MIXED,51.195014100419264,30+,30.685787644594487,25+,1.6461736207253739,1.5+ ATR,6.505996612484141
2025,secondary,2025-09-12 10:45:00+00:00,2025-09,10,LONDON,Structural Portfolio MTF,1,LONG,-1.0346306151994338,-1.0,4.0,stop,1,1,True,True,True,False,STRONG_ALIGNED,TREND,45.89212339193591,30+,26.632502658861803,25+,0.46431109077228105,<0.6 ATR,3.790562049837834
2025,secondary,2025-09-12 17:00:00+00:00,2025-09,17,OTHER,Structural Portfolio MTF,1,LONG,-1.0542970241324165,-1.0,4.0,stop,1,1,True,True,True,False,STRONG_ALIGNED,TREND,43.44360554192935,30+,17.54038050742535,15-20,0.6286033747588355,0.6-1.0 ATR,3.706629797992788
2025,secondary,2025-10-15 06:45:00+00:00,2025-10,6,OTHER,V1 Legacy M15,1,LONG,-1.0339583544918791,-1.0,3.0,stop,1,1,True,True,True,False,STRONG_ALIGNED,TREND,41.282286719629525,30+,55.61370436234787,25+,0.24980662037846776,<0.6 ATR,27.501272742858237
2025,secondary,2025-10-15 14:15:00+00:00,2025-10,14,NEW_YORK,V1 Legacy M15,1,LONG,-1.014755487377283,-1.0,3.0,stop,1,1,True,True,True,False,STRONG_ALIGNED,TREND,47.87470384681596,30+,46.26140654403923,25+,1.556547991930681,1.5+ ATR,13.305082854729179
2025,secondary,2025-10-15 19:15:00+00:00,2025-10,19,OTHER,V1 Legacy M15,1,LONG,1.970781930026391,2.0,2.0,target,1,1,True,True,True,False,STRONG_ALIGNED,TREND,50.68250855008557,30+,17.118206888330953,15-20,0.6313194077936719,0.6-1.0 ATR,9.53558519773399
2025,secondary,2025-10-16 03:00:00+00:00,2025-10,3,ASIA,V1 Legacy M15,1,LONG,-1.0245534270470542,-1.0,2.0,stop,1,1,True,True,True,False,STRONG_ALIGNED,TREND,55.71833253227419,30+,14.576179278735943,<15,0.706783344566036,0.6-1.0 ATR,7.852477060573455
2025,secondary,2025-10-16 06:30:00+00:00,2025-10,6,OTHER,Structural Portfolio MTF,1,LONG,3.980801416376239,4.0,4.0,target,1,1,True,True,True,False,STRONG_ALIGNED,TREND,58.02185458790153,30+,16.960577693673713,15-20,0.605893370834331,0.6-1.0 ATR,8.846441070348272
2025,secondary,2025-10-17 04:00:00+00:00,2025-10,4,ASIA,V1 Legacy M15,1,LONG,-1.0117623990103228,-1.0,3.0,stop,1,1,True,True,True,False,STRONG_ALIGNED,TREND,68.35123098962627,30+,27.997553557555406,25+,0.6755204931542271,0.6-1.0 ATR,16.727841885649937
2025,secondary,2025-10-20 07:30:00+00:00,2025-10,7,LONDON,Structural Frequency M15,1,LONG,1.9873862723026454,2.0,2.0,target,0,1,False,True,False,False,NEUTRAL_MIX,MIXED,59.12259298197514,30+,18.605071917189537,15-20,0.5300802713777436,<0.6 ATR,12.545269762097487
2025,secondary,2025-10-20 18:30:00+00:00,2025-10,18,OTHER,V1 Legacy M15,1,LONG,-1.0202864375257292,-1.0,3.0,stop,1,1,True,True,True,False,STRONG_ALIGNED,TREND,55.20379540521474,30+,34.33347917347196,25+,1.2954009187118332,1.0-1.5 ATR,9.911989264889153
2025,secondary,2025-10-22 07:30:00+00:00,2025-10,7,LONDON,Structural Portfolio MTF,-1,SHORT,2.9802123159738856,3.0,3.0,target,0,0,False,False,False,False,NEUTRAL_MIX,MIXED,43.06530662293249,30+,16.370141878835245,15-20,0.5326448391505084,<0.6 ATR,15.714035666521864
2025,secondary,2025-10-22 08:30:00+00:00,2025-10,8,LONDON,Structural Frequency M15,-1,SHORT,0.36101626880999776,0.36826591196975,3.0,time_exit,-1,0,True,False,False,False,NEUTRAL_MIX,MIXED,42.07829814342389,30+,20.005624470267925,20-25,2.7209907703349594,1.5+ ATR,20.5954392094839
2025,secondary,2025-10-24 00:15:00+00:00,2025-10,0,ASIA,Structural Portfolio MTF,1,LONG,-1.0175736954921177,-1.0,2.0,stop,0,0,False,False,False,False,NEUTRAL_MIX,MIXED,33.761472473281025,30+,16.667713124122038,15-20,1.4893761300745245,1.0-1.5 ATR,9.507336470668584
2025,secondary,2025-10-24 08:30:00+00:00,2025-10,8,LONDON,M15-0591 MTF,-1,SHORT,-1.0157478527533126,-1.0,3.0,stop,-1,0,True,False,False,False,NEUTRAL_MIX,MIXED,31.700209529637178,30+,30.360946451507456,25+,0.9279223555139611,0.6-1.0 ATR,11.197057532087882
2025,secondary,2025-10-27 08:45:00+00:00,2025-10,8,LONDON,Structural Portfolio MTF,-1,SHORT,2.9752692077486507,3.0,3.0,target,-1,0,True,False,False,False,NEUTRAL_MIX,MIXED,25.74815597857356,22-30,29.453543718607207,25+,0.5487468578064886,<0.6 ATR,8.820096062775962
2025,secondary,2025-10-28 08:30:00+00:00,2025-10,8,LONDON,V1 Legacy M15,-1,SHORT,-1.0111356224359291,-1.0,3.0,stop,-1,-1,True,True,True,False,STRONG_ALIGNED,TREND,29.845201796163195,22-30,47.90783134559139,25+,1.1462175392339058,1.0-1.5 ATR,11.934907233353888
2025,secondary,2025-10-28 17:00:00+00:00,2025-10,17,OTHER,Structural Frequency M15,-1,SHORT,2.9680127824931946,3.0,3.0,target,-1,-1,True,True,True,False,STRONG_ALIGNED,TREND,31.402909245634902,30+,21.04635686842584,20-25,0.6458408988783867,0.6-1.0 ATR,10.745680572494793
2025,secondary,2025-10-29 11:45:00+00:00,2025-10,11,LONDON,Structural Frequency M15,-1,SHORT,1.9681070890296473,2.0,2.0,target,0,-1,False,True,False,False,NEUTRAL_MIX,MIXED,31.72671966701082,30+,42.60641030773813,25+,0.7237861032681171,0.6-1.0 ATR,8.483169229522835
2025,secondary,2025-10-29 20:15:00+00:00,2025-10,20,OTHER,M15-0591 MTF,-1,SHORT,-1.0245215502098572,-1.0,4.0,stop,-1,-1,True,True,True,False,STRONG_ALIGNED,TREND,29.73366234925361,22-30,49.29452218089325,25+,1.0183199906855833,1.0-1.5 ATR,16.497761169050204
2025,secondary,2025-10-30 02:15:00+00:00,2025-10,2,ASIA,V1 Legacy M15,-1,SHORT,-1.0124318058660942,-1.0,3.0,stop,-1,-1,True,True,True,False,STRONG_ALIGNED,TREND,30.060266292656365,30+,35.30582369060865,25+,1.4923238573408588,1.0-1.5 ATR,14.715304517834426
2025,secondary,2025-10-30 05:30:00+00:00,2025-10,5,ASIA,Structural Portfolio MTF,-1,SHORT,-1.011974268792221,-1.0,3.0,stop,0,-1,False,True,False,False,NEUTRAL_MIX,MIXED,29.999762791864267,22-30,26.391055694996716,25+,1.1470831528562573,1.0-1.5 ATR,14.0007286830168
2025,secondary,2025-10-30 10:45:00+00:00,2025-10,10,LONDON,Structural Frequency M15,-1,SHORT,-1.012879277061842,-1.0,3.0,stop,0,-1,False,True,False,False,NEUTRAL_MIX,MIXED,29.496147711828968,22-30,18.778233435480015,15-20,1.180818098494951,1.0-1.5 ATR,12.499808411484027
2025,secondary,2025-11-03 08:45:00+00:00,2025-11,8,LONDON,Outcome First M15,-1,SHORT,1.965912117830718,2.0,2.0,target,1,0,False,False,False,False,NEUTRAL_MIX,MIXED,18.28931086391167,18-22,16.78292481448691,15-20,0.6934280382888718,0.6-1.0 ATR,7.931608899997755
2025,secondary,2025-11-03 11:30:00+00:00,2025-11,11,LONDON,Structural Frequency M15,1,LONG,-1.0301592002265842,-1.0,2.0,stop,0,0,False,False,False,False,NEUTRAL_MIX,MIXED,18.28931086391167,18-22,17.9984644954686,15-20,0.9735137592388321,0.6-1.0 ATR,8.54636097439997
2025,secondary,2025-11-04 18:45:00+00:00,2025-11,18,OTHER,V1 Legacy M15,-1,SHORT,-1.0140032534589574,-1.0,3.0,stop,-1,-1,True,True,True,False,STRONG_ALIGNED,TREND,19.810875394047052,18-22,28.590911300063706,25+,1.750622732244027,1.5+ ATR,11.041785099649836
2025,secondary,2025-11-07 07:15:00+00:00,2025-11,7,LONDON,M15-0591 MTF,1,LONG,-1.0561773654690787,-1.0,3.0,stop,1,0,True,False,False,False,NEUTRAL_MIX,MIXED,16.116254421978006,<18,15.410737461681004,15-20,0.8653882095630532,0.6-1.0 ATR,5.477310584567676
2025,secondary,2025-11-07 12:15:00+00:00,2025-11,12,OTHER,Structural Portfolio MTF,1,LONG,-1.031347321719869,-1.0,3.0,stop,1,0,True,False,False,False,NEUTRAL_MIX,MIXED,14.084298902541157,<18,12.474236924478271,<15,1.0962296687232145,1.0-1.5 ATR,5.883803534995206
2025,secondary,2025-11-07 14:15:00+00:00,2025-11,14,NEW_YORK,Structural Frequency M15,1,LONG,-1.0327597179580357,-1.0,2.0,stop,0,0,False,False,False,False,NEUTRAL_MIX,MIXED,14.084298902541157,<18,10.80782530815982,<15,1.345842291095919,1.0-1.5 ATR,6.486644131899531
2025,secondary,2025-11-07 16:15:00+00:00,2025-11,16,NEW_YORK,Structural Frequency M15,1,LONG,1.9749432576492416,2.0,2.0,target,0,0,False,False,False,False,NEUTRAL_MIX,MIXED,13.513113389188742,<18,13.043399929478941,<15,1.3428525893649048,1.0-1.5 ATR,7.908537455345389
2025,secondary,2025-11-10 18:00:00+00:00,2025-11,18,OTHER,V1 Legacy M15,1,LONG,2.9713209438263397,3.0,3.0,target,1,1,True,True,True,False,STRONG_ALIGNED,TREND,19.655071542430402,18-22,22.19488109520804,20-25,1.1877648631283553,1.0-1.5 ATR,6.7437590121186854
2025,secondary,2025-11-11 03:30:00+00:00,2025-11,3,ASIA,M15-0591 MTF,1,LONG,-1.0518086662566528,-1.0,4.0,stop,1,1,True,True,True,False,STRONG_ALIGNED,TREND,24.12116188615852,22-30,45.667933217329065,25+,0.6117760070340521,0.6-1.0 ATR,5.737394012910249
2025,secondary,2025-11-11 08:15:00+00:00,2025-11,8,LONDON,Outcome First M15,1,LONG,-1.0329095041598682,-1.0,3.0,stop,1,1,True,True,True,False,STRONG_ALIGNED,TREND,28.967441398272506,22-30,29.429885105633545,25+,1.3252181605265516,1.0-1.5 ATR,6.398946416965934
2025,secondary,2025-11-11 23:30:00+00:00,2025-11,23,OTHER,V1 Legacy M15,1,LONG,-1.03095028796616,-1.0,3.0,stop,1,1,True,True,True,False,STRONG_ALIGNED,TREND,31.295403494292998,30+,25.523224717885068,25+,1.16836754066208,1.0-1.5 ATR,5.409256745030128
2025,secondary,2025-11-12 12:30:00+00:00,2025-11,12,NEW_YORK,V1 Legacy M15,1,LONG,1.9707412675443419,2.0,2.0,target,1,1,True,True,True,False,STRONG_ALIGNED,TREND,30.616561823124666,30+,14.365943944234889,<15,1.1399190718840235,1.0-1.5 ATR,6.675912516686028
2025,secondary,2025-11-12 16:00:00+00:00,2025-11,16,NEW_YORK,M15-0591 MTF,1,LONG,1.0969067436615925,1.1222164161434363,4.0,time_exit,1,1,True,True,True,False,STRONG_ALIGNED,TREND,31.538134792357965,30+,20.69062557027744,20-25,1.1232213209490824,1.0-1.5 ATR,9.766552499849345
2025,secondary,2025-11-13 08:00:00+00:00,2025-11,8,LONDON,V1 Legacy M15,1,LONG,-1.0272448080049512,-1.0,2.0,stop,1,1,True,True,True,False,STRONG_ALIGNED,TREND,35.68501121592397,30+,19.129452889557108,15-20,1.0046951901888648,1.0-1.5 ATR,7.7834551975217465
2025,secondary,2025-11-14 03:30:00+00:00,2025-11,3,ASIA,V1 Legacy M15,1,LONG,-1.0182089262536818,-1.0,3.0,stop,1,1,True,True,True,False,STRONG_ALIGNED,TREND,32.24744913490493,30+,22.51847870652303,20-25,0.7427609546552877,0.6-1.0 ATR,8.845376104952662
2025,secondary,2025-11-17 16:45:00+00:00,2025-11,16,NEW_YORK,Outcome First M15,1,LONG,-1.0229489569230088,-1.0,2.0,stop,-1,0,False,False,False,False,NEUTRAL_MIX,MIXED,32.004025993186275,30+,14.940001845350151,<15,0.5258453573843773,<0.6 ATR,10.497382780856285
2025,secondary,2025-11-18 15:15:00+00:00,2025-11,15,NEW_YORK,Structural Portfolio MTF,-1,SHORT,-1.0171286724361754,-1.0,3.0,stop,0,-1,False,True,False,False,NEUTRAL_MIX,MIXED,36.974866937869635,30+,31.35446149289992,25+,1.3454972737096622,1.0-1.5 ATR,10.89559992907404
2025,secondary,2025-11-20 08:30:00+00:00,2025-11,8,LONDON,M15-0591 MTF,-1,SHORT,-1.0221252316544438,-1.0,4.0,stop,-1,-1,True,True,True,False,STRONG_ALIGNED,TREND,23.556481743558756,22-30,23.890995223031865,20-25,1.117058546917769,1.0-1.5 ATR,10.742498710663702
2025,secondary,2025-11-20 16:00:00+00:00,2025-11,16,NEW_YORK,Structural Frequency M15,-1,SHORT,0.30299571897874256,0.31359744853583005,3.0,time_exit,-1,-1,True,True,True,False,STRONG_ALIGNED,TREND,22.022394118931125,22-30,14.768894938791558,<15,1.3302780206939466,1.0-1.5 ATR,13.83169511468109
2025,secondary,2025-11-21 10:30:00+00:00,2025-11,10,LONDON,Structural Portfolio MTF,-1,SHORT,-1.0126015742815484,-1.0,4.0,stop,-1,-1,True,True,True,False,STRONG_ALIGNED,TREND,20.809128754768935,18-22,24.411533991191085,20-25,0.975818360609373,0.6-1.0 ATR,10.903668581676893
2025,secondary,2025-11-21 14:45:00+00:00,2025-11,14,NEW_YORK,Structural Portfolio MTF,-1,SHORT,-1.018160518625878,-1.0,3.0,stop,0,-1,False,True,False,False,NEUTRAL_MIX,MIXED,21.350014371236206,18-22,24.784438687755483,20-25,0.8841257829300149,0.6-1.0 ATR,10.30396372992241
2025,secondary,2025-11-24 11:00:00+00:00,2025-11,11,LONDON,Structural Frequency M15,-1,SHORT,-1.0292564955253727,-1.0,2.0,stop,0,-1,False,True,False,False,NEUTRAL_MIX,MIXED,19.338613589357454,18-22,28.55725681854605,25+,1.037840579788609,1.0-1.5 ATR,7.207272625169051
2025,secondary,2025-11-24 13:00:00+00:00,2025-11,13,NEW_YORK,Structural Portfolio MTF,1,LONG,2.9738323977325662,3.0,3.0,target,0,0,False,False,False,False,NEUTRAL_MIX,MIXED,19.11265380192222,18-22,27.24598751041601,25+,1.030274042596289,1.0-1.5 ATR,6.639010318811251
2025,secondary,2025-11-25 16:30:00+00:00,2025-11,16,NEW_YORK,Structural Frequency M15,1,LONG,0.8074353605800539,0.8249331995525093,2.0,time_exit,0,1,False,True,False,False,NEUTRAL_MIX,MIXED,17.12477214883423,<18,20.119410770056355,20-25,1.038989748880838,1.0-1.5 ATR,10.125220206774214
2025,secondary,2025-11-26 11:45:00+00:00,2025-11,11,LONDON,V1 Legacy M15,1,LONG,-1.0265846012954294,-1.0,2.0,stop,1,1,True,True,True,False,STRONG_ALIGNED,TREND,18.970190974813292,18-22,13.106049448178828,<15,1.3051140856901147,1.0-1.5 ATR,5.999475513942984
2025,secondary,2025-11-26 15:45:00+00:00,2025-11,15,NEW_YORK,Structural Portfolio MTF,1,LONG,0.12250300634306832,0.13807717635351843,3.0,time_exit,0,1,False,True,False,False,NEUTRAL_MIX,MIXED,19.900442877050278,18-22,17.325914517777182,15-20,0.9047345166101852,0.6-1.0 ATR,8.941849627126475
2025,secondary,2025-11-27 09:30:00+00:00,2025-11,9,LONDON,Outcome First M15,-1,SHORT,-1.032233430308027,-1.0,3.0,stop,1,1,False,False,False,True,ALIGNED_WEAK,MIXED,17.745363323479914,<18,20.284219703222366,20-25,1.6633270339233304,1.5+ ATR,5.296613245814401
2025,secondary,2025-11-28 14:00:00+00:00,2025-11,14,NEW_YORK,Outcome First M15,1,LONG,2.9722372650416595,3.0,3.0,target,1,1,True,True,True,False,ALIGNED_WEAK,MIXED,17.558221709231006,<18,22.356094660040718,20-25,1.4520695357060083,1.0-1.5 ATR,7.850863694662433
2025,secondary,2025-12-01 01:30:00+00:00,2025-12,1,ASIA,V1 Legacy M15,1,LONG,-1.0200226876624476,-1.0,3.0,stop,1,1,True,True,True,False,STRONG_ALIGNED,TREND,22.111214838103642,22-30,30.541771959947518,25+,1.6803609074615298,1.5+ ATR,8.77787618987303
2025,secondary,2025-12-01 06:15:00+00:00,2025-12,6,OTHER,Structural Portfolio MTF,1,LONG,0.1101005362772667,0.13287219448604745,4.0,time_exit,1,1,True,True,True,False,STRONG_ALIGNED,TREND,24.26405816503079,22-30,21.544521065409004,20-25,0.6307519496848311,0.6-1.0 ATR,8.59291834564807
2025,secondary,2025-12-02 15:00:00+00:00,2025-12,15,NEW_YORK,M15-0591 MTF,1,LONG,-1.0556882989388563,-1.0,4.0,stop,1,1,True,True,True,False,STRONG_ALIGNED,TREND,25.179188747224387,22-30,29.447147020157526,25+,1.349265237328657,1.0-1.5 ATR,8.493511640964766
2025,secondary,2025-12-03 12:00:00+00:00,2025-12,12,OTHER,Structural Frequency M15,1,LONG,1.9656764393908568,2.0,2.0,target,0,1,False,True,False,False,NEUTRAL_MIX,MIXED,18.840515999494162,18-22,33.80634820326634,25+,1.1463493966225462,1.0-1.5 ATR,5.513153335816321
2025,secondary,2025-12-05 04:45:00+00:00,2025-12,4,ASIA,M15-0591 MTF,1,LONG,2.940593328957117,3.0,3.0,target,0,1,False,True,False,False,NEUTRAL_MIX,MIXED,11.63292076769089,<18,15.0982394490675,15-20,0.7780306926832963,0.6-1.0 ATR,4.999802754032062
2025,secondary,2025-12-08 08:00:00+00:00,2025-12,8,LONDON,Structural Frequency M15,-1,SHORT,1.9661516198986626,2.0,2.0,target,0,0,False,False,False,False,NEUTRAL_MIX,MIXED,11.736688290861885,<18,15.501486300482014,15-20,0.9276015752465332,0.6-1.0 ATR,5.1854159461955565
2025,secondary,2025-12-09 15:00:00+00:00,2025-12,15,NEW_YORK,Structural Frequency M15,1,LONG,-0.16305974511689492,-0.13659357537964895,3.0,time_exit,0,1,False,True,False,False,NEUTRAL_MIX,MIXED,10.055224113146698,<18,21.17131763060732,20-25,1.2280658546367917,1.0-1.5 ATR,6.465451319259996
2025,secondary,2025-12-10 09:00:00+00:00,2025-12,9,LONDON,M15-0591 MTF,-1,SHORT,-1.0619590784495787,-1.0,3.0,stop,0,0,False,False,False,False,NEUTRAL_MIX,MIXED,7.702320466224028,<18,17.529742550012305,15-20,1.1850531806289673,1.0-1.5 ATR,4.438619368295752
2025,secondary,2025-12-11 00:45:00+00:00,2025-12,0,ASIA,M15-0591 MTF,1,LONG,-1.035598847446374,-1.0,4.0,stop,1,1,True,True,True,False,ALIGNED_WEAK,MIXED,8.367260087330664,<18,24.339252318581863,20-25,0.35642138115967587,<0.6 ATR,8.276720073306224
2025,secondary,2025-12-11 07:45:00+00:00,2025-12,7,LONDON,Structural Frequency M15,1,LONG,-1.0391786025356256,-1.0,2.0,stop,0,1,False,True,False,False,NEUTRAL_MIX,MIXED,9.372467441010336,<18,31.10762896830539,25+,1.083550392191469,1.0-1.5 ATR,6.054171589318398
2025,secondary,2025-12-11 14:00:00+00:00,2025-12,14,NEW_YORK,Structural Portfolio MTF,1,LONG,3.9740710779754984,4.0,4.0,target,1,1,True,True,True,False,ALIGNED_WEAK,MIXED,10.856993034289447,<18,16.997512556945203,15-20,0.8627850443918461,0.6-1.0 ATR,6.189258882857963
2025,secondary,2025-12-12 08:30:00+00:00,2025-12,8,LONDON,M15-0591 MTF,1,LONG,3.9471547647855125,4.0,4.0,target,1,1,True,True,True,False,STRONG_ALIGNED,TREND,22.92973892143956,22-30,32.64904250423269,25+,0.9697348317111217,0.6-1.0 ATR,5.042615610053821
2025,secondary,2025-12-12 11:00:00+00:00,2025-12,11,LONDON,M15-0591 MTF,1,LONG,-1.0305010766057126,-1.0,4.0,stop,1,1,True,True,True,False,STRONG_ALIGNED,TREND,22.92973892143956,22-30,52.133391407354466,25+,0.8759023911060526,0.6-1.0 ATR,6.484740831484461
2025,secondary,2025-12-15 01:15:00+00:00,2025-12,1,ASIA,V1 Legacy M15,1,LONG,1.9687381403430244,2.0,2.0,target,1,1,True,True,True,False,STRONG_ALIGNED,TREND,32.7196155160563,30+,19.001535662545407,15-20,1.0729943121252212,1.0-1.5 ATR,7.7633216745586955
2025,secondary,2025-12-16 01:45:00+00:00,2025-12,1,ASIA,Structural Portfolio MTF,1,LONG,-1.0266819845872126,-1.0,3.0,stop,0,1,False,True,False,False,NEUTRAL_MIX,MIXED,35.31810924965016,30+,27.005669555196178,25+,1.1005195446558498,1.0-1.5 ATR,6.306112448161791
2025,secondary,2025-12-16 06:15:00+00:00,2025-12,6,OTHER,Structural Portfolio MTF,1,LONG,2.9720953960312317,3.0,3.0,target,0,1,False,True,False,False,NEUTRAL_MIX,MIXED,33.39267651463953,30+,36.91845429529499,25+,0.8210729884833408,0.6-1.0 ATR,7.112644164299696
2025,secondary,2025-12-17 00:15:00+00:00,2025-12,0,ASIA,V1 Legacy M15,1,LONG,1.9631575931078504,2.0,2.0,target,1,1,True,True,True,False,STRONG_ALIGNED,TREND,28.351089836181426,22-30,11.747096723662345,<15,1.0383081970821877,1.0-1.5 ATR,5.653427389377769
2025,secondary,2025-12-17 14:00:00+00:00,2025-12,14,NEW_YORK,M15-0591 MTF,1,LONG,-1.029489636355592,-1.0,4.0,stop,1,1,True,True,True,False,STRONG_ALIGNED,TREND,29.0313863216894,22-30,26.52601111202838,25+,1.5971736627357664,1.5+ ATR,6.8433384891149
2025,secondary,2025-12-17 15:00:00+00:00,2025-12,15,NEW_YORK,Structural Portfolio MTF,1,LONG,-1.0267218795611934,-1.0,4.0,stop,1,1,True,True,True,False,STRONG_ALIGNED,TREND,29.0313863216894,22-30,26.68578626976238,25+,0.9814470379152126,0.6-1.0 ATR,8.151229450947838
2025,secondary,2025-12-18 02:15:00+00:00,2025-12,2,ASIA,Structural Portfolio MTF,1,LONG,-1.0601652808523414,-1.0,4.0,stop,1,1,True,True,True,False,STRONG_ALIGNED,TREND,30.929150779199322,30+,12.693246554034426,<15,0.8905090227282221,0.6-1.0 ATR,5.783209230403704
2025,secondary,2025-12-19 08:15:00+00:00,2025-12,8,LONDON,Outcome First M15,-1,SHORT,-1.0570630374521683,-1.0,2.0,stop,0,1,False,False,False,False,NEUTRAL_MIX,MIXED,27.162611407178474,22-30,12.170487455879863,<15,0.71899922826711,0.6-1.0 ATR,5.04868413940989
2025,secondary,2025-12-19 13:30:00+00:00,2025-12,13,NEW_YORK,Structural Frequency M15,1,LONG,-1.0296311424497062,-1.0,3.0,stop,0,1,False,True,False,False,NEUTRAL_MIX,MIXED,26.573530835806032,22-30,12.206666196365292,<15,1.617341981896004,1.5+ ATR,4.989668289287951
2025,secondary,2025-12-19 16:30:00+00:00,2025-12,16,NEW_YORK,M15-0591 MTF,1,LONG,-1.055072724070144,-1.0,4.0,stop,1,1,True,True,True,False,STRONG_ALIGNED,TREND,26.620759154850404,22-30,18.80204270049884,15-20,0.7360914796725202,0.6-1.0 ATR,7.702846937615145
2025,secondary,2025-12-21 23:30:00+00:00,2025-12,23,OTHER,Structural Portfolio MTF,1,LONG,3.964604358236967,4.0,4.0,target,1,1,True,True,True,False,STRONG_ALIGNED,TREND,26.877264650355457,22-30,20.57304531651139,20-25,1.015615272060964,1.0-1.5 ATR,5.1495877857245675
2025,secondary,2025-12-22 13:00:00+00:00,2025-12,13,NEW_YORK,Outcome First M15,1,LONG,2.9553052061476333,3.0,3.0,target,1,1,True,True,True,False,STRONG_ALIGNED,TREND,32.14860265604088,30+,41.778267340394635,25+,1.3814566553158092,1.0-1.5 ATR,4.893385524611224
2025,secondary,2025-12-23 01:45:00+00:00,2025-12,1,ASIA,M15-0591 MTF,1,LONG,0.5185061717567298,0.5469288538215737,4.0,time_exit,1,1,True,True,True,False,STRONG_ALIGNED,TREND,38.103894747339226,30+,48.16347924564806,25+,1.2340848150241324,1.0-1.5 ATR,7.3819885708766595
2025,secondary,2025-12-23 12:00:00+00:00,2025-12,12,OTHER,V1 Legacy M15,1,LONG,-1.035543293311392,-1.0,2.0,stop,1,1,True,True,True,False,STRONG_ALIGNED,TREND,44.80172023059753,30+,21.99182710493966,20-25,1.3014143427328273,1.0-1.5 ATR,5.32497589157351
2025,secondary,2025-12-23 19:00:00+00:00,2025-12,19,OTHER,V1 Legacy M15,1,LONG,0.6702493540217579,0.699117700644591,3.0,time_exit,1,1,True,True,True,False,STRONG_ALIGNED,TREND,44.00806336086339,30+,22.846523672611514,20-25,0.9643514106568116,0.6-1.0 ATR,8.938650272859435
2025,secondary,2025-12-24 16:30:00+00:00,2025-12,16,NEW_YORK,Structural Portfolio MTF,1,LONG,1.8798641837192833,1.900931568997087,3.0,time_exit,0,1,False,True,False,False,NEUTRAL_MIX,MIXED,40.91022669503256,30+,31.354093330535605,25+,0.4714076817897647,<0.6 ATR,10.606530595803628
2025,secondary,2025-12-30 08:45:00+00:00,2025-12,8,LONDON,Structural Frequency M15,-1,SHORT,-1.017168018529227,-1.0,3.0,stop,-1,0,True,False,False,False,NEUTRAL_MIX,MIXED,34.61846098280367,30+,17.629817570821178,15-20,1.0384443534518206,1.0-1.5 ATR,9.899423080137817
2025,secondary,2025-12-30 12:00:00+00:00,2025-12,12,OTHER,Structural Frequency M15,-1,SHORT,-1.0523711339818218,-1.0,2.0,stop,0,0,False,False,False,False,NEUTRAL_MIX,MIXED,33.71228987416137,30+,24.388770380461708,20-25,0.5041143227992039,<0.6 ATR,8.014055180116664
2025,secondary,2025-12-30 12:45:00+00:00,2025-12,12,NEW_YORK,M15-0591 MTF,1,LONG,-1.025380561560034,-1.0,3.0,stop,0,0,False,False,False,False,NEUTRAL_MIX,MIXED,33.71228987416137,30+,28.495701373294565,25+,1.165938378833867,1.0-1.5 ATR,8.499591556383544
2025,secondary,2025-12-30 13:45:00+00:00,2025-12,13,NEW_YORK,Structural Portfolio MTF,-1,SHORT,2.982993122432732,3.0,3.0,target,0,0,False,False,False,False,NEUTRAL_MIX,MIXED,33.71228987416137,30+,29.252261364115697,25+,1.9541635992245512,1.5+ ATR,9.00641072578794
2025,secondary,2025-12-31 15:15:00+00:00,2025-12,15,NEW_YORK,Structural Frequency M15,-1,SHORT,0.5476098719670129,0.5662038075437063,2.0,time_exit,0,-1,False,True,False,False,NEUTRAL_MIX,MIXED,30.471780628958577,30+,21.88108399913389,20-25,1.4521138002633684,1.0-1.5 ATR,11.954985894942956
2026,dukascopy,2026-01-02 15:00:00+00:00,2026-01,15,NEW_YORK,Structural Frequency M15,-1,SHORT,-1.0169824810346855,-1.0,3.0,stop,0,0,False,False,False,False,NEUTRAL_MIX,MIXED,23.440848109356466,22-30,41.082960653336826,25+,1.116218214914468,1.0-1.5 ATR,9.720321577830337
2026,dukascopy,2026-01-05 11:30:00+00:00,2026-01,11,LONDON,Outcome First M15,-1,SHORT,-1.0187837615974564,-1.0,3.0,stop,1,0,False,False,False,False,NEUTRAL_MIX,MIXED,19.769298994698847,18-22,44.32453751996904,25+,2.9476270622925607,1.5+ ATR,7.846989972337413
2026,dukascopy,2026-01-05 23:00:00+00:00,2026-01,23,OTHER,V1 Legacy M15,1,LONG,-1.0464568173545035,-1.0,2.0,stop,1,1,True,True,True,False,STRONG_ALIGNED,TREND,20.499905527689315,18-22,10.154235607952328,<15,0.5881403900675171,<0.6 ATR,6.9150156470857675
2026,dukascopy,2026-01-06 03:15:00+00:00,2026-01,3,ASIA,V1 Legacy M15,1,LONG,0.7142272061446007,0.7320485547985144,2.0,time_exit,1,1,True,True,True,False,STRONG_ALIGNED,TREND,20.93513879341582,18-22,11.99660651041039,<15,1.3021385576600641,1.0-1.5 ATR,8.793227059165966
2026,dukascopy,2026-01-06 23:15:00+00:00,2026-01,23,OTHER,V1 Legacy M15,1,LONG,-1.0467777833624496,-1.0,2.0,stop,1,1,True,True,True,False,STRONG_ALIGNED,TREND,21.798796055680604,18-22,21.36119272752956,20-25,0.7905267704198232,0.6-1.0 ATR,6.071900635889986
2026,dukascopy,2026-01-07 07:45:00+00:00,2026-01,7,LONDON,Structural Frequency M15,1,LONG,-1.024481745797428,-1.0,2.0,stop,0,1,False,True,False,False,NEUTRAL_MIX,MIXED,21.856386879409268,18-22,38.35130254710144,25+,0.8161448191944473,0.6-1.0 ATR,7.952020091736247
2026,dukascopy,2026-01-07 17:00:00+00:00,2026-01,17,OTHER,Structural Frequency M15,1,LONG,-1.0180003588704896,-1.0,3.0,stop,1,1,True,True,True,False,STRONG_ALIGNED,TREND,18.6882009021984,18-22,33.2021654326355,25+,0.5959892995670976,<0.6 ATR,10.688111354728685
2026,dukascopy,2026-01-08 13:00:00+00:00,2026-01,13,NEW_YORK,Outcome First M15,1,LONG,1.9785362874258436,2.0,2.0,target,-1,0,False,False,False,False,NEUTRAL_MIX,MIXED,15.78368051152218,<18,27.48892555793187,25+,0.544858023698,<0.6 ATR,7.372562805877554
2026,dukascopy,2026-01-09 12:00:00+00:00,2026-01,12,OTHER,Outcome First M15,1,LONG,-1.0514600243027399,-1.0,3.0,stop,1,1,True,True,True,False,ALIGNED_WEAK,MIXED,13.243371345028095,<18,10.089659025296879,<15,1.5054278017924625,1.5+ ATR,4.99060797937599
2026,dukascopy,2026-01-09 14:00:00+00:00,2026-01,14,NEW_YORK,Structural Portfolio MTF,1,LONG,3.981646069390869,4.0,4.0,target,1,1,True,True,True,False,ALIGNED_WEAK,MIXED,13.243371345028095,<18,13.382770052797348,<15,1.1932340160288364,1.0-1.5 ATR,8.378071581692744
2026,dukascopy,2026-01-12 01:30:00+00:00,2026-01,1,ASIA,M15-0591 MTF,1,LONG,0.41606964380811806,0.43710931769693656,4.0,time_exit,1,1,True,True,True,False,STRONG_ALIGNED,TREND,18.694838332819376,18-22,48.15711590556991,25+,0.8951704471841153,0.6-1.0 ATR,11.357613549444244
2026,dukascopy,2026-01-12 13:00:00+00:00,2026-01,13,NEW_YORK,Outcome First M15,1,LONG,2.9642298364467417,3.0,3.0,target,1,1,True,True,True,False,STRONG_ALIGNED,TREND,26.715198680621526,22-30,21.061799796639118,20-25,0.7636561028042569,0.6-1.0 ATR,6.927201891760323
2026,dukascopy,2026-01-13 00:15:00+00:00,2026-01,0,ASIA,Structural Portfolio MTF,1,LONG,-1.029190408737036,-1.0,4.0,stop,1,1,True,True,True,False,STRONG_ALIGNED,TREND,33.20774437707111,30+,19.318742051784458,15-20,0.7850031362443979,0.6-1.0 ATR,9.515885548861913
2026,dukascopy,2026-01-13 03:00:00+00:00,2026-01,3,ASIA,Structural Portfolio MTF,1,LONG,-1.0235413450343724,-1.0,4.0,stop,1,1,True,True,True,False,STRONG_ALIGNED,TREND,33.20774437707111,30+,19.508793028061106,15-20,0.6450010960556627,0.6-1.0 ATR,9.240294375384591
2026,dukascopy,2026-01-13 13:00:00+00:00,2026-01,13,NEW_YORK,Outcome First M15,1,LONG,-1.0286351891638474,-1.0,3.0,stop,1,1,True,True,True,False,STRONG_ALIGNED,TREND,35.91780247760612,30+,16.32557802242841,15-20,1.4734238010509886,1.0-1.5 ATR,6.596879996825767
2026,dukascopy,2026-01-14 00:30:00+00:00,2026-01,0,ASIA,M15-0591 MTF,1,LONG,1.8658441115390159,1.8993367054709893,4.0,time_exit,1,1,True,True,True,False,STRONG_ALIGNED,TREND,39.414261943261884,30+,28.74347903889082,25+,0.90423678856825,0.6-1.0 ATR,8.460173371305197
2026,dukascopy,2026-01-15 14:30:00+00:00,2026-01,14,NEW_YORK,Structural Portfolio MTF,1,LONG,-0.013696239663069586,0.00802192852261041,3.0,time_exit,0,1,False,True,False,False,NEUTRAL_MIX,MIXED,38.563608901940064,30+,23.571511252963063,20-25,1.2417184920003987,1.0-1.5 ATR,8.31911585963287
2026,dukascopy,2026-01-19 07:00:00+00:00,2026-01,7,LONDON,V1 Legacy M15,1,LONG,-1.0310867708895497,-1.0,3.0,stop,1,1,True,True,True,False,STRONG_ALIGNED,TREND,27.95994807297111,22-30,30.99812020592817,25+,0.8522176148620126,0.6-1.0 ATR,7.803171260519386
2026,dukascopy,2026-01-19 12:45:00+00:00,2026-01,12,NEW_YORK,Structural Portfolio MTF,1,LONG,3.963102100326852,4.0,4.0,target,1,1,True,True,True,False,STRONG_ALIGNED,TREND,27.26201391841787,22-30,14.375566532155286,<15,0.6123921970024033,0.6-1.0 ATR,6.2051737736058525
2026,dukascopy,2026-01-20 08:15:00+00:00,2026-01,8,LONDON,V1 Legacy M15,1,LONG,2.970189166039291,3.0,3.0,target,1,1,True,True,True,False,STRONG_ALIGNED,TREND,27.00939153839953,22-30,49.01662456970257,25+,1.4641667269475624,1.0-1.5 ATR,7.273761795013092
2026,dukascopy,2026-01-21 00:15:00+00:00,2026-01,0,ASIA,M15-0591 MTF,1,LONG,3.9747598111657862,4.0,4.0,target,1,1,True,True,True,False,STRONG_ALIGNED,TREND,32.69354212870873,30+,20.199157822643095,20-25,0.9749107376318024,0.6-1.0 ATR,7.556589250308984
2026,dukascopy,2026-01-21 04:30:00+00:00,2026-01,4,ASIA,V1 Legacy M15,1,LONG,-1.0202229612192164,-1.0,3.0,stop,1,1,True,True,True,False,STRONG_ALIGNED,TREND,35.17987963995331,30+,53.59936415525193,25+,0.869869111846331,0.6-1.0 ATR,11.806373924695363
2026,dukascopy,2026-01-21 20:30:00+00:00,2026-01,20,OTHER,Structural Portfolio MTF,1,LONG,0.36189539031282464,0.3728277082711357,3.0,time_exit,0,1,False,True,False,False,NEUTRAL_MIX,MIXED,39.27768336524532,30+,33.88751910373191,25+,0.8040933473113018,0.6-1.0 ATR,20.30858737309989
2026,dukascopy,2026-01-22 15:00:00+00:00,2026-01,15,NEW_YORK,Structural Portfolio MTF,1,LONG,3.9805952134060663,4.0,4.0,target,1,1,True,True,True,False,STRONG_ALIGNED,TREND,35.47970118111108,30+,15.036903675194434,15-20,1.2737845794769251,1.0-1.5 ATR,9.509457246666884
2026,dukascopy,2026-01-22 23:15:00+00:00,2026-01,23,OTHER,M15-0591 MTF,1,LONG,-1.0247259795225758,-1.0,4.0,stop,1,1,True,True,True,False,STRONG_ALIGNED,TREND,36.54640560418129,30+,38.55981954017471,25+,2.2258980688455647,1.5+ ATR,10.753861704194989
2026,dukascopy,2026-01-23 10:30:00+00:00,2026-01,10,LONDON,Outcome First M15,1,LONG,2.983903124073598,3.0,3.0,target,1,1,True,True,True,False,STRONG_ALIGNED,TREND,40.186337954032346,30+,32.306951065285034,25+,0.9936083948406332,0.6-1.0 ATR,11.181467525526026
2026,dukascopy,2026-01-26 01:15:00+00:00,2026-01,1,ASIA,V1 Legacy M15,1,LONG,0.885251410749436,0.9000743694729174,3.0,time_exit,1,1,True,True,True,False,STRONG_ALIGNED,TREND,40.613973293113595,30+,28.955197276471008,25+,2.195847640518281,1.5+ ATR,13.694028422164278
2026,dukascopy,2026-01-26 20:30:00+00:00,2026-01,20,OTHER,Structural Portfolio MTF,1,LONG,-1.0100519198477598,-1.0,3.0,stop,0,1,False,True,False,False,NEUTRAL_MIX,MIXED,43.8599496858746,30+,28.94534558474808,25+,0.7879349842619017,0.6-1.0 ATR,20.44584936800429
2026,dukascopy,2026-01-27 06:00:00+00:00,2026-01,6,OTHER,V1 Legacy M15,1,LONG,-1.0186526023290594,-1.0,2.0,stop,1,1,True,True,True,False,STRONG_ALIGNED,TREND,41.193964061340395,30+,12.780722326519799,<15,0.7613677365996566,0.6-1.0 ATR,14.00111862844158
2026,dukascopy,2026-01-27 16:00:00+00:00,2026-01,16,NEW_YORK,Structural Frequency M15,1,LONG,2.9885878185278973,3.0,3.0,target,1,1,True,True,True,False,STRONG_ALIGNED,TREND,38.58789422721133,30+,17.21267541119019,15-20,0.7444762465601337,0.6-1.0 ATR,15.165023803198045
2026,dukascopy,2026-01-28 02:15:00+00:00,2026-01,2,ASIA,M15-0591 MTF,1,LONG,1.9666760636184406,1.9868496349011602,4.0,time_exit,1,1,True,True,True,False,STRONG_ALIGNED,TREND,38.05869934580534,30+,46.955214365346365,25+,0.9536691995707954,0.6-1.0 ATR,16.47321734524971
2026,dukascopy,2026-01-28 12:45:00+00:00,2026-01,12,NEW_YORK,Outcome First M15,1,LONG,-1.0214333612114301,-1.0,3.0,stop,1,1,True,True,True,False,STRONG_ALIGNED,TREND,41.726811472841106,30+,34.245213524029616,25+,0.8726495809078866,0.6-1.0 ATR,13.350146788451015
2026,dukascopy,2026-01-28 16:30:00+00:00,2026-01,16,NEW_YORK,Structural Portfolio MTF,1,LONG,3.9901918802265026,4.0,4.0,target,1,1,True,True,True,False,STRONG_ALIGNED,TREND,42.894418615750716,30+,18.725566175584778,15-20,0.5888238039178354,<0.6 ATR,18.80019103566222
2026,dukascopy,2026-01-29 11:45:00+00:00,2026-01,11,LONDON,Outcome First M15,1,LONG,-1.0119830167005688,-1.0,3.0,stop,1,1,True,True,True,False,STRONG_ALIGNED,TREND,51.15915434297424,30+,30.863903993266558,25+,0.490328671914139,<0.6 ATR,22.576693214338825
2026,dukascopy,2026-01-30 10:30:00+00:00,2026-01,10,LONDON,Outcome First M15,1,LONG,-1.0040937721776173,-1.0,2.0,stop,-1,0,False,False,False,False,NEUTRAL_MIX,MIXED,38.37215595237405,30+,58.34479965576169,25+,0.8201048985686552,0.6-1.0 ATR,54.944190771989746
2026,dukascopy,2026-02-02 10:45:00+00:00,2026-02,10,LONDON,Structural Portfolio MTF,-1,SHORT,-1.0070894614415171,-1.0,3.0,stop,-1,0,True,False,False,False,NEUTRAL_MIX,MIXED,41.945007191199636,30+,26.2446287937149,25+,0.6741495622804023,0.6-1.0 ATR,54.765295515600805
2026,dukascopy,2026-02-02 13:45:00+00:00,2026-02,13,NEW_YORK,Structural Frequency M15,-1,SHORT,-1.003550227660586,-1.0,2.0,stop,0,-1,False,True,False,False,NEUTRAL_MIX,MIXED,42.79006320718999,30+,16.883242407616713,15-20,1.4494012664287876,1.0-1.5 ATR,50.2621335356607
2026,dukascopy,2026-02-03 09:15:00+00:00,2026-02,9,LONDON,Structural Portfolio MTF,-1,SHORT,-1.0136461691451213,-1.0,3.0,stop,0,-1,False,True,False,False,NEUTRAL_MIX,MIXED,41.28973991521313,30+,30.435812357102783,25+,0.6077757401262073,0.6-1.0 ATR,26.045791160918597
2026,dukascopy,2026-02-03 19:45:00+00:00,2026-02,19,OTHER,Structural Portfolio MTF,1,LONG,1.9921310142778281,2.0,2.0,target,0,0,False,False,False,False,NEUTRAL_MIX,MIXED,38.376069920066904,30+,17.66200546516856,15-20,0.891380310785185,0.6-1.0 ATR,29.990565953213757
2026,dukascopy,2026-02-05 09:15:00+00:00,2026-02,9,LONDON,V1 Legacy M15,-1,SHORT,1.9942135501243996,2.0,2.0,target,-1,-1,True,True,True,False,STRONG_ALIGNED,TREND,25.934659995984514,22-30,21.36309089788057,20-25,1.685676597717656,1.5+ ATR,30.581192187040493
2026,dukascopy,2026-02-09 11:45:00+00:00,2026-02,11,LONDON,Structural Frequency M15,1,LONG,1.98200409305311,2.0,2.0,target,1,0,True,False,False,False,NEUTRAL_MIX,MIXED,20.4420158447196,18-22,17.597100290969497,15-20,0.7372557968644324,0.6-1.0 ATR,15.706895828082953
2026,dukascopy,2026-02-10 08:45:00+00:00,2026-02,8,LONDON,Outcome First M15,1,LONG,-1.0165255341712625,-1.0,3.0,stop,1,1,True,True,True,False,ALIGNED_WEAK,MIXED,14.973742955403713,<18,18.16794473233785,15-20,1.132654024756952,1.0-1.5 ATR,12.996024980495621
2026,dukascopy,2026-02-11 09:45:00+00:00,2026-02,9,LONDON,Outcome First M15,1,LONG,-1.0254451960158717,-1.0,3.0,stop,1,1,True,True,True,False,ALIGNED_WEAK,MIXED,11.477459175645466,<18,10.890499835940025,<15,1.3581737273361567,1.0-1.5 ATR,9.129907132220255
2026,dukascopy,2026-02-12 10:30:00+00:00,2026-02,10,LONDON,Outcome First M15,-1,SHORT,-1.0246911744177485,-1.0,3.0,stop,1,1,False,False,False,True,ALIGNED_WEAK,MIXED,8.647947574323634,<18,13.934274353738786,<15,0.48251750364159035,<0.6 ATR,9.802753194033277
2026,dukascopy,2026-02-12 14:30:00+00:00,2026-02,14,NEW_YORK,Outcome First M15,-1,SHORT,2.9796196747790615,3.0,3.0,target,1,1,False,False,False,True,ALIGNED_WEAK,MIXED,8.242734727756922,<18,11.381400311690218,<15,1.2939970188908023,1.0-1.5 ATR,10.463702622442112
2026,dukascopy,2026-02-13 05:00:00+00:00,2026-02,5,ASIA,Structural Portfolio MTF,-1,SHORT,-1.022580482169673,-1.0,3.0,stop,-1,0,True,False,False,False,NEUTRAL_MIX,MIXED,13.131848241870646,<18,20.32304486975669,20-25,0.36889964262195923,<0.6 ATR,14.583912203768174
2026,dukascopy,2026-02-13 16:15:00+00:00,2026-02,16,NEW_YORK,Structural Portfolio MTF,-1,SHORT,-1.020180248012916,-1.0,3.0,stop,-1,0,True,False,False,False,NEUTRAL_MIX,MIXED,14.694093790857256,<18,14.907993864365563,<15,1.1728446381180389,1.0-1.5 ATR,18.831991281847458
2026,dukascopy,2026-02-16 11:30:00+00:00,2026-02,11,LONDON,Structural Frequency M15,-1,SHORT,1.9614314479357362,2.0,2.0,target,0,0,False,False,False,False,NEUTRAL_MIX,MIXED,14.522852847478898,<18,20.42300959423299,20-25,0.6824637792341243,0.6-1.0 ATR,8.464918103760933
2026,dukascopy,2026-02-18 00:00:00+00:00,2026-02,0,ASIA,V1 Legacy M15,-1,SHORT,-1.0182016015484614,-1.0,3.0,stop,-1,-1,True,True,True,False,STRONG_ALIGNED,TREND,30.089434012737183,30+,27.038872963042795,25+,1.6312261100359746,1.5+ ATR,13.946564403323753
2026,dukascopy,2026-02-18 08:15:00+00:00,2026-02,8,LONDON,Structural Frequency M15,-1,SHORT,-1.0356374653497273,-1.0,2.0,stop,0,-1,False,True,False,False,NEUTRAL_MIX,MIXED,31.17126667227628,30+,31.42551762468388,25+,0.673711333474428,0.6-1.0 ATR,8.312165347019388
2026,dukascopy,2026-02-19 14:00:00+00:00,2026-02,14,NEW_YORK,Structural Portfolio MTF,1,LONG,-1.0193736612984767,-1.0,3.0,stop,1,0,True,False,False,False,NEUTRAL_MIX,MIXED,22.54806200531686,22-30,28.69386839801241,25+,0.7335652636564557,0.6-1.0 ATR,9.746917355874329
2026,dukascopy,2026-02-19 15:15:00+00:00,2026-02,15,NEW_YORK,Structural Portfolio MTF,1,LONG,0.46885828433257587,0.481881416127507,3.0,time_exit,1,0,True,False,False,False,NEUTRAL_MIX,MIXED,22.54806200531686,22-30,25.62265142263623,25+,0.8275459741044554,0.6-1.0 ATR,12.941879164586677
2026,dukascopy,2026-02-20 08:45:00+00:00,2026-02,8,LONDON,Structural Portfolio MTF,1,LONG,-1.0269472966057283,-1.0,3.0,stop,1,0,True,False,False,False,NEUTRAL_MIX,MIXED,16.569580721445618,<18,21.431435697290723,20-25,1.0301447579837077,1.0-1.5 ATR,9.3773228715033
2026,dukascopy,2026-02-20 15:30:00+00:00,2026-02,15,NEW_YORK,Outcome First M15,-1,SHORT,-1.012474450626891,-1.0,3.0,stop,1,1,False,False,False,True,ALIGNED_WEAK,MIXED,16.15956668937383,<18,20.676035625326715,20-25,2.046954252817404,1.5+ ATR,16.434172846656747
2026,dukascopy,2026-02-23 02:45:00+00:00,2026-02,2,ASIA,V1 Legacy M15,1,LONG,-1.017542694813791,-1.0,3.0,stop,1,1,True,True,True,False,STRONG_ALIGNED,TREND,20.04934448179658,18-22,38.34679793824789,25+,1.084849909709086,1.0-1.5 ATR,14.342997921411062
2026,dukascopy,2026-02-23 09:00:00+00:00,2026-02,9,LONDON,Outcome First M15,1,LONG,2.9732759644981694,3.0,3.0,target,1,1,True,True,True,False,STRONG_ALIGNED,TREND,23.69977260076992,22-30,27.925077647702693,25+,1.2838025156262522,1.0-1.5 ATR,11.263414601541186
2026,dukascopy,2026-02-23 16:30:00+00:00,2026-02,16,NEW_YORK,V1 Legacy M15,1,LONG,-1.0129369537554236,-1.0,2.0,stop,1,1,True,True,True,False,STRONG_ALIGNED,TREND,27.056324056106305,22-30,17.602674456023376,15-20,1.2912430552317047,1.0-1.5 ATR,13.668998976209375
2026,dukascopy,2026-02-24 07:45:00+00:00,2026-02,7,LONDON,Structural Frequency M15,1,LONG,-1.0212521365561364,-1.0,2.0,stop,0,1,False,True,False,False,NEUTRAL_MIX,MIXED,30.83288485805802,30+,30.807840586134542,25+,0.8019881885652357,0.6-1.0 ATR,11.617378077186158
2026,dukascopy,2026-02-24 15:00:00+00:00,2026-02,15,NEW_YORK,Structural Frequency M15,1,LONG,1.9857275408154538,2.0,2.0,target,0,1,False,True,False,False,NEUTRAL_MIX,MIXED,30.14920293876845,30+,39.11012942258565,25+,0.824331122096071,0.6-1.0 ATR,15.366397871514678
2026,dukascopy,2026-02-25 12:00:00+00:00,2026-02,12,OTHER,Outcome First M15,1,LONG,-1.018946589751141,-1.0,3.0,stop,1,1,True,True,True,False,STRONG_ALIGNED,TREND,20.85167850264535,18-22,22.168977420893924,20-25,1.082539725287341,1.0-1.5 ATR,9.468474699419755
2026,dukascopy,2026-02-26 10:15:00+00:00,2026-02,10,LONDON,Structural Portfolio MTF,1,LONG,-1.0244045395628956,-1.0,4.0,stop,1,1,True,True,True,False,ALIGNED_WEAK,MIXED,16.285211896290456,<18,19.62498742450093,15-20,0.5337246953657645,<0.6 ATR,8.669263461434156
2026,dukascopy,2026-02-27 02:00:00+00:00,2026-02,2,ASIA,Structural Portfolio MTF,1,LONG,1.3800822004581628,1.398460974875634,4.0,time_exit,1,1,True,True,True,False,ALIGNED_WEAK,MIXED,16.333213510678807,<18,25.75676314496633,25+,0.7022104467360707,0.6-1.0 ATR,10.196373513495985
2026,dukascopy,2026-03-02 00:00:00+00:00,2026-03,0,ASIA,M15-0591 MTF,1,LONG,-1.0147232900694707,-1.0,4.0,stop,1,1,True,True,True,False,STRONG_ALIGNED,TREND,18.466145722638,18-22,47.48457403133076,25+,0.9051501311573315,0.6-1.0 ATR,18.08539758931382
2026,dukascopy,2026-03-02 03:45:00+00:00,2026-03,3,ASIA,V1 Legacy M15,1,LONG,-1.0141183615867373,-1.0,3.0,stop,1,1,True,True,True,False,STRONG_ALIGNED,TREND,18.466145722638,18-22,31.205066492265296,25+,0.6149404020439935,0.6-1.0 ATR,18.712382471133168
2026,dukascopy,2026-03-03 01:15:00+00:00,2026-03,1,ASIA,V1 Legacy M15,1,LONG,-1.0135063119365346,-1.0,3.0,stop,1,1,True,True,True,False,STRONG_ALIGNED,TREND,22.314361355782264,22-30,23.334792695782962,20-25,1.5997045326729251,1.5+ ATR,15.627885956057042
2026,dukascopy,2026-03-03 16:00:00+00:00,2026-03,16,NEW_YORK,Outcome First M15,1,LONG,0.6586279058558872,0.663539620280191,2.0,time_exit,-1,0,False,False,False,False,NEUTRAL_MIX,MIXED,23.13634077992309,22-30,51.83786286098322,25+,1.016333353474196,1.0-1.5 ATR,42.085601002649874
2026,dukascopy,2026-03-04 12:45:00+00:00,2026-03,12,NEW_YORK,Structural Portfolio MTF,-1,SHORT,0.42070258027677027,0.4332199348259739,3.0,time_exit,0,0,False,False,False,False,NEUTRAL_MIX,MIXED,25.702505137662996,22-30,13.585913374309683,<15,1.4935855025882998,1.0-1.5 ATR,14.823389730036908
2026,dukascopy,2026-03-06 09:15:00+00:00,2026-03,9,LONDON,M15-0591 MTF,-1,SHORT,-1.0220754012816624,-1.0,4.0,stop,-1,-1,True,True,True,False,STRONG_ALIGNED,TREND,27.711258021735272,22-30,19.20930954358466,15-20,1.3529576571055713,1.0-1.5 ATR,10.948605761757586
2026,dukascopy,2026-03-06 20:00:00+00:00,2026-03,20,OTHER,Structural Portfolio MTF,-1,SHORT,-1.0316139549802021,-1.0,2.0,stop_same_bar,0,0,False,False,False,False,NEUTRAL_MIX,MIXED,26.679003970136876,22-30,33.039752612807405,25+,0.478527866816633,<0.6 ATR,15.004350839092687
2026,dukascopy,2026-03-08 22:30:00+00:00,2026-03,22,OTHER,Structural Portfolio MTF,-1,SHORT,1.9881612719053436,2.0,2.0,target,0,0,False,False,False,False,NEUTRAL_MIX,MIXED,25.985538103801854,22-30,30.911368823432607,25+,1.8169106562296897,1.5+ ATR,18.404867562058648
2026,dukascopy,2026-03-09 13:45:00+00:00,2026-03,13,NEW_YORK,V1 Legacy M15,-1,SHORT,-1.0132927171990451,-1.0,2.0,stop,-1,-1,True,True,True,False,STRONG_ALIGNED,TREND,27.907272939305972,22-30,12.28409168702895,<15,2.4292546989376835,1.5+ ATR,15.203428449125093
2026,dukascopy,2026-03-09 19:00:00+00:00,2026-03,19,OTHER,M15-0591 MTF,1,LONG,2.974981544508133,3.0,3.0,target,0,-1,False,False,False,False,NEUTRAL_MIX,MIXED,28.225605705103476,22-30,17.574933178310154,15-20,0.8464671072631975,0.6-1.0 ATR,12.927850244980203
2026,dukascopy,2026-03-10 11:30:00+00:00,2026-03,11,LONDON,Structural Frequency M15,1,LONG,1.9813101768251817,2.0,2.0,target,1,0,True,False,False,False,NEUTRAL_MIX,MIXED,24.90683566439512,22-30,17.87368392766039,15-20,0.9597200377403974,0.6-1.0 ATR,10.479097658187168
2026,dukascopy,2026-03-11 00:30:00+00:00,2026-03,0,ASIA,V1 Legacy M15,1,LONG,-1.01947638722668,-1.0,3.0,stop,1,1,True,True,True,False,STRONG_ALIGNED,TREND,20.07940545715947,18-22,39.37583924722932,25+,2.026964174391532,1.5+ ATR,11.909435946122157
2026,dukascopy,2026-03-12 00:45:00+00:00,2026-03,0,ASIA,Structural Portfolio MTF,1,LONG,-1.0171831090559196,-1.0,2.0,stop,0,0,False,False,False,False,NEUTRAL_MIX,MIXED,15.48527165356343,<18,44.56071017950058,25+,0.8190043610749733,0.6-1.0 ATR,12.441936190211308
2026,dukascopy,2026-03-13 02:45:00+00:00,2026-03,2,ASIA,Structural Portfolio MTF,-1,SHORT,3.9547348384505066,4.0,4.0,target,-1,-1,True,True,True,False,ALIGNED_WEAK,MIXED,17.490347276726624,<18,25.910020610162643,25+,0.6649636947115448,0.6-1.0 ATR,9.263663639068305
2026,dukascopy,2026-03-13 14:15:00+00:00,2026-03,14,NEW_YORK,V1 Legacy M15,-1,SHORT,1.9844403260383514,2.0,2.0,target,-1,-1,True,True,True,False,STRONG_ALIGNED,TREND,20.16385693938341,18-22,21.193059327799386,20-25,1.4793124906886768,1.0-1.5 ATR,11.633782658042804
2026,dukascopy,2026-03-13 19:45:00+00:00,2026-03,19,OTHER,V1 Legacy M15,-1,SHORT,0.18987377988973647,0.20927663957914514,3.0,time_exit,-1,-1,True,True,True,False,STRONG_ALIGNED,TREND,21.630119836724955,18-22,39.611067205634185,25+,1.0415930531558268,1.0-1.5 ATR,13.28733900256689
2026,dukascopy,2026-03-16 14:45:00+00:00,2026-03,14,NEW_YORK,Structural Portfolio MTF,-1,SHORT,-1.013100680692491,-1.0,3.0,stop,0,-1,False,True,False,False,NEUTRAL_MIX,MIXED,31.84611508943499,30+,17.980490578355273,15-20,1.1617830574411496,1.0-1.5 ATR,12.822531628934987
2026,dukascopy,2026-03-17 06:00:00+00:00,2026-03,6,OTHER,Structural Portfolio MTF,-1,SHORT,0.857461185608002,0.8778464489542486,3.0,time_exit,0,-1,False,True,False,False,NEUTRAL_MIX,MIXED,34.96512140438397,30+,31.01956040328873,25+,1.555772702151662,1.5+ ATR,8.484529894208825
2026,dukascopy,2026-03-18 02:00:00+00:00,2026-03,2,ASIA,Structural Portfolio MTF,-1,SHORT,3.972132947288861,4.0,4.0,target,-1,-1,True,True,True,False,STRONG_ALIGNED,TREND,36.12689941396915,30+,17.740615738745717,15-20,1.370645259983995,1.0-1.5 ATR,7.77006298487831
2026,dukascopy,2026-03-18 12:30:00+00:00,2026-03,12,NEW_YORK,M15-0591 MTF,-1,SHORT,2.0449614326897785,2.05992801895516,4.0,time_exit,-1,-1,True,True,True,False,STRONG_ALIGNED,TREND,37.17962318837651,30+,45.86854612638245,25+,1.1266860932534124,1.0-1.5 ATR,14.884358740573933
2026,dukascopy,2026-03-19 05:45:00+00:00,2026-03,5,ASIA,V1 Legacy M15,-1,SHORT,1.9771274548440774,2.0,2.0,target,-1,-1,True,True,True,False,STRONG_ALIGNED,TREND,44.4671049937782,30+,19.721449569181473,15-20,1.432342113557468,1.0-1.5 ATR,10.023443326917123
2026,dukascopy,2026-03-19 08:00:00+00:00,2026-03,8,LONDON,M15-0591 MTF,-1,SHORT,3.9897030256632062,4.0,4.0,target,-1,-1,True,True,True,False,STRONG_ALIGNED,TREND,46.360078238060225,30+,37.33866274913178,25+,1.5154939185263814,1.5+ ATR,18.541809806352116
2026,dukascopy,2026-03-19 23:00:00+00:00,2026-03,23,OTHER,Structural Portfolio MTF,-1,SHORT,-1.010652575657039,-1.0,4.0,stop,-1,-1,True,True,True,False,STRONG_ALIGNED,TREND,52.954966797044975,30+,24.494049620195398,20-25,0.6488085865156966,0.6-1.0 ATR,22.15907788336982
2026,dukascopy,2026-03-20 11:00:00+00:00,2026-03,11,LONDON,V1 Legacy M15,-1,SHORT,-1.009482739565086,-1.0,2.0,stop,-1,-1,True,True,True,False,STRONG_ALIGNED,TREND,54.472091536616595,30+,21.54346310722037,20-25,1.235758215315961,1.0-1.5 ATR,18.05369345191538
2026,dukascopy,2026-03-20 15:00:00+00:00,2026-03,15,NEW_YORK,M15-0591 MTF,-1,SHORT,-1.0165931942135205,-1.0,4.0,stop,-1,-1,True,True,True,False,STRONG_ALIGNED,TREND,54.635753443954464,30+,31.47439797589603,25+,1.4082122114673805,1.0-1.5 ATR,24.527553247112316
2026,dukascopy,2026-03-20 18:45:00+00:00,2026-03,18,OTHER,V1 Legacy M15,-1,SHORT,2.9923919515817685,3.0,3.0,target,-1,-1,True,True,True,False,STRONG_ALIGNED,TREND,55.34730202008235,30+,36.33677211531436,25+,1.3528138329477704,1.0-1.5 ATR,24.186624355180292
2026,dukascopy,2026-03-23 05:45:00+00:00,2026-03,5,ASIA,V1 Legacy M15,-1,SHORT,2.993121069501168,3.0,3.0,target,-1,-1,True,True,True,False,STRONG_ALIGNED,TREND,59.51434271556835,30+,45.53736067477307,25+,1.221594486016347,1.0-1.5 ATR,29.55972740001092
2026,dukascopy,2026-03-23 15:45:00+00:00,2026-03,15,NEW_YORK,Structural Frequency M15,-1,SHORT,-0.04142384345976139,-0.037418083561433516,2.0,time_exit,0,-1,False,True,False,False,NEUTRAL_MIX,MIXED,61.510271482374776,30+,31.984698862045107,25+,1.0483233120938964,1.0-1.5 ATR,47.80013896658573
2026,dukascopy,2026-03-24 12:45:00+00:00,2026-03,12,NEW_YORK,Structural Frequency M15,-1,SHORT,-1.0067483288470334,-1.0,2.0,stop,0,-1,False,True,False,False,NEUTRAL_MIX,MIXED,59.69112846709613,30+,22.273206376236693,20-25,1.7028370268816053,1.5+ ATR,26.37363370130802
2026,dukascopy,2026-03-25 11:30:00+00:00,2026-03,11,LONDON,Structural Frequency M15,1,LONG,-1.0152200669418874,-1.0,3.0,stop,1,0,True,False,False,False,NEUTRAL_MIX,MIXED,51.57701549638871,30+,17.39190531041234,15-20,1.3711900035543343,1.0-1.5 ATR,13.599136481205418
2026,dukascopy,2026-03-26 12:00:00+00:00,2026-03,12,OTHER,Outcome First M15,-1,SHORT,-1.0124685263135973,-1.0,3.0,stop,-1,-1,True,True,True,False,STRONG_ALIGNED,TREND,40.5186507880578,30+,29.997657351886055,25+,1.3557172775603221,1.0-1.5 ATR,17.415135434791384
2026,dukascopy,2026-03-26 15:45:00+00:00,2026-03,15,NEW_YORK,Outcome First M15,-1,SHORT,0.37819843023265015,0.38890333819186595,3.0,time_exit,-1,-1,True,True,True,False,STRONG_ALIGNED,TREND,40.5186507880578,30+,18.88113809997946,15-20,0.9291463258880932,0.6-1.0 ATR,18.856018166196304
2026,dukascopy,2026-03-27 11:00:00+00:00,2026-03,11,LONDON,M15-0591 MTF,-1,SHORT,-1.0257965099987034,-1.0,4.0,stop,-1,-1,True,True,True,False,STRONG_ALIGNED,TREND,37.41829160680572,30+,22.025137186184374,20-25,0.7340593238943526,0.6-1.0 ATR,11.398261322547258
2026,dukascopy,2026-03-30 15:45:00+00:00,2026-03,15,NEW_YORK,Structural Frequency M15,1,LONG,-1.0109060190428523,-1.0,2.0,stop,1,0,True,False,False,False,NEUTRAL_MIX,MIXED,24.070620172588388,22-30,25.49581164147773,25+,1.563739244566149,1.5+ ATR,16.895399979125138
2026,dukascopy,2026-03-31 14:15:00+00:00,2026-03,14,NEW_YORK,M15-0591 MTF,1,LONG,2.9853991977310095,3.0,3.0,target,1,0,True,False,False,False,NEUTRAL_MIX,MIXED,19.110535074757262,18-22,16.30040447377945,15-20,1.427531913741853,1.0-1.5 ATR,16.903299861612513
2026,dukascopy,2026-04-02 19:15:00+00:00,2026-04,19,OTHER,V1 Legacy M15,1,LONG,-1.0154370019534993,-1.0,2.0,stop,1,1,True,True,True,False,STRONG_ALIGNED,TREND,23.359496565886293,22-30,17.358387676779188,15-20,0.823864072800346,0.6-1.0 ATR,16.261177592637353
2026,dukascopy,2026-04-06 08:00:00+00:00,2026-04,8,LONDON,Structural Portfolio MTF,1,LONG,-1.0113656716013775,-1.0,3.0,stop,0,1,False,True,False,False,NEUTRAL_MIX,MIXED,18.09485694166824,18-22,18.226598882463776,15-20,1.711457413181884,1.5+ ATR,15.05734224031302
2026,dukascopy,2026-04-07 10:00:00+00:00,2026-04,10,LONDON,Structural Portfolio MTF,-1,SHORT,-1.0187495706686311,-1.0,3.0,stop,0,0,False,False,False,False,NEUTRAL_MIX,MIXED,15.16512771052228,<18,23.383220118122214,20-25,1.228445441216655,1.0-1.5 ATR,13.925730379248394
2026,dukascopy,2026-04-10 03:15:00+00:00,2026-04,3,ASIA,Structural Portfolio MTF,1,LONG,-1.0206429768285934,-1.0,3.0,stop,0,1,False,True,False,False,NEUTRAL_MIX,MIXED,14.931731785514355,<18,11.858854090898094,<15,0.8791099713753662,0.6-1.0 ATR,9.975998777808055
2026,dukascopy,2026-04-10 09:30:00+00:00,2026-04,9,LONDON,Structural Frequency M15,1,LONG,-1.024900267178452,-1.0,3.0,stop,0,1,False,True,False,False,NEUTRAL_MIX,MIXED,14.338073750683707,<18,19.411973572578173,15-20,1.7800317495196596,1.5+ ATR,9.09534338607689
2026,dukascopy,2026-04-13 08:45:00+00:00,2026-04,8,LONDON,Structural Frequency M15,-1,SHORT,-1.0241638338585868,-1.0,2.0,stop,0,0,False,False,False,False,NEUTRAL_MIX,MIXED,13.466749437725696,<18,20.64032626721308,20-25,1.6610813192873228,1.5+ ATR,9.283109635244067
2026,dukascopy,2026-04-13 14:30:00+00:00,2026-04,14,NEW_YORK,Structural Frequency M15,-1,SHORT,-1.0155069434865933,-1.0,2.0,stop,0,0,False,False,False,False,NEUTRAL_MIX,MIXED,13.151615517755756,<18,15.887073603226622,15-20,1.6226222688676541,1.5+ ATR,11.561532440382365
2026,dukascopy,2026-04-14 11:30:00+00:00,2026-04,11,LONDON,Structural Portfolio MTF,1,LONG,1.5893749479609718,1.6064671177968146,4.0,time_exit,1,1,True,True,True,False,ALIGNED_WEAK,MIXED,10.924450889919196,<18,18.147094594286532,15-20,0.8084323795495876,0.6-1.0 ATR,9.95754277492594
2026,dukascopy,2026-04-15 09:00:00+00:00,2026-04,9,LONDON,Outcome First M15,1,LONG,-1.0323964706709514,-1.0,3.0,stop,1,1,True,True,True,False,ALIGNED_WEAK,MIXED,15.679248520984652,<18,19.819558901109197,15-20,1.3180030310152926,1.0-1.5 ATR,8.826231599056797
2026,dukascopy,2026-04-15 12:00:00+00:00,2026-04,12,OTHER,Outcome First M15,1,LONG,-1.0233045647909933,-1.0,3.0,stop,1,1,True,True,True,False,ALIGNED_WEAK,MIXED,15.8392500247405,<18,26.69671767219531,25+,1.20231048667072,1.0-1.5 ATR,9.404392729959925
2026,dukascopy,2026-04-16 00:45:00+00:00,2026-04,0,ASIA,M15-0591 MTF,1,LONG,-1.0256409067271288,-1.0,4.0,stop,1,1,True,True,True,False,ALIGNED_WEAK,MIXED,17.194434686849533,<18,28.600852542123796,25+,2.0974806066087424,1.5+ ATR,8.046319926307515
2026,dukascopy,2026-04-16 04:45:00+00:00,2026-04,4,ASIA,V1 Legacy M15,1,LONG,-1.039769291861199,-1.0,2.0,stop,1,1,True,True,True,False,STRONG_ALIGNED,TREND,18.064650842291133,18-22,15.135813776886426,15-20,0.9344589744907819,0.6-1.0 ATR,6.955896596254607
2026,dukascopy,2026-04-16 11:00:00+00:00,2026-04,11,LONDON,Outcome First M15,1,LONG,-1.0372249819736576,-1.0,3.0,stop,1,1,True,True,True,False,STRONG_ALIGNED,TREND,18.893828492442086,18-22,28.43442542740027,25+,1.4020253313798317,1.0-1.5 ATR,7.6032863040423875
2026,dukascopy,2026-04-16 14:15:00+00:00,2026-04,14,NEW_YORK,Outcome First M15,-1,SHORT,0.3592380908487217,0.3792446858215971,2.0,time_exit,0,1,False,False,False,False,NEUTRAL_MIX,MIXED,19.24466704685649,18-22,22.059543234717317,20-25,2.0008616992552004,1.5+ ATR,10.150626606306965
2026,dukascopy,2026-04-17 09:00:00+00:00,2026-04,9,LONDON,Structural Frequency M15,1,LONG,1.9733840331389916,2.0,2.0,target,0,0,False,False,False,False,NEUTRAL_MIX,MIXED,14.645352863141476,<18,14.169545697627278,<15,0.7768521777103182,0.6-1.0 ATR,7.517517704863697
2026,dukascopy,2026-04-20 15:15:00+00:00,2026-04,15,NEW_YORK,Outcome First M15,-1,SHORT,-1.0157300411571941,-1.0,2.0,stop,0,1,False,False,False,False,NEUTRAL_MIX,MIXED,14.772304367599146,<18,22.145948312347684,20-25,1.2664157133164824,1.0-1.5 ATR,11.591770258089644
2026,dukascopy,2026-04-21 12:30:00+00:00,2026-04,12,NEW_YORK,Structural Portfolio MTF,-1,SHORT,2.974548010026836,3.0,3.0,target,-1,0,True,False,False,False,NEUTRAL_MIX,MIXED,11.521024586235272,<18,21.979355396960184,20-25,1.5780000642628953,1.5+ ATR,7.9024077897139735
2026,dukascopy,2026-04-22 08:30:00+00:00,2026-04,8,LONDON,Structural Frequency M15,-1,SHORT,1.974616855297879,2.0,2.0,target,0,0,False,False,False,False,NEUTRAL_MIX,MIXED,18.142178325642682,18-22,29.668748734743684,25+,0.8918034173092836,0.6-1.0 ATR,6.593381328074553
2026,dukascopy,2026-04-23 01:30:00+00:00,2026-04,1,ASIA,Structural Portfolio MTF,-1,SHORT,1.887090983677967,1.9048441650904149,3.0,time_exit,0,-1,False,True,False,False,NEUTRAL_MIX,MIXED,21.75381488210907,18-22,14.239748220898573,<15,1.0557642708878967,1.0-1.5 ATR,10.920998482268232
2026,dukascopy,2026-04-24 02:30:00+00:00,2026-04,2,ASIA,V1 Legacy M15,-1,SHORT,-1.01637897934701,-1.0,2.0,stop,-1,-1,True,True,True,False,STRONG_ALIGNED,TREND,29.159222378319654,22-30,20.1088118736265,20-25,1.389006077084685,1.0-1.5 ATR,10.23753620275369
2026,dukascopy,2026-04-24 13:00:00+00:00,2026-04,13,NEW_YORK,Structural Frequency M15,-1,SHORT,-1.0269614914249554,-1.0,3.0,stop,0,-1,False,True,False,False,NEUTRAL_MIX,MIXED,32.666919483838676,30+,23.027459787821925,20-25,1.0705323100049298,1.0-1.5 ATR,10.051074497649369
2026,dukascopy,2026-04-27 12:45:00+00:00,2026-04,12,NEW_YORK,V1 Legacy M15,-1,SHORT,1.967738069994887,2.0,2.0,target,-1,-1,True,True,True,False,STRONG_ALIGNED,TREND,30.31697339690923,30+,12.549086009579879,<15,1.5922992446884328,1.5+ ATR,6.738683093516148
2026,dukascopy,2026-04-27 15:15:00+00:00,2026-04,15,NEW_YORK,Structural Portfolio MTF,-1,SHORT,-1.0196299263494506,-1.0,4.0,stop,-1,-1,True,True,True,False,STRONG_ALIGNED,TREND,30.31697339690923,30+,21.539079366835775,20-25,1.352917842650488,1.0-1.5 ATR,9.024938259428634
2026,dukascopy,2026-04-28 01:15:00+00:00,2026-04,1,ASIA,Structural Portfolio MTF,-1,SHORT,3.966878494553947,4.0,4.0,target,-1,-1,True,True,True,False,STRONG_ALIGNED,TREND,31.0881010121353,30+,25.85847649144847,25+,1.276819099557451,1.0-1.5 ATR,5.020288310396968
2026,dukascopy,2026-04-28 08:15:00+00:00,2026-04,8,LONDON,V1 Legacy M15,-1,SHORT,2.9770962064622246,3.0,3.0,target,-1,-1,True,True,True,False,STRONG_ALIGNED,TREND,32.419234968973875,30+,45.28759508666388,25+,1.7981123392185536,1.5+ ATR,10.516584302078702
2026,dukascopy,2026-04-28 23:15:00+00:00,2026-04,23,OTHER,V1 Legacy M15,-1,SHORT,-1.0475566872739157,-1.0,2.0,stop,-1,-1,True,True,True,False,STRONG_ALIGNED,TREND,37.65543052700779,30+,9.664143870127575,<15,0.7644903994999913,0.6-1.0 ATR,6.5272238909270275
2026,dukascopy,2026-04-29 01:30:00+00:00,2026-04,1,ASIA,M15-0591 MTF,-1,SHORT,-1.02186917129106,-1.0,4.0,stop,-1,-1,True,True,True,False,STRONG_ALIGNED,TREND,39.12253898627848,30+,15.675866742784294,15-20,0.8968950710778998,0.6-1.0 ATR,8.217237710028368
2026,dukascopy,2026-04-29 06:00:00+00:00,2026-04,6,OTHER,V1 Legacy M15,-1,SHORT,1.9739795199384396,2.0,2.0,target,-1,-1,True,True,True,False,STRONG_ALIGNED,TREND,40.642127483188816,30+,11.078798325948295,<15,1.64759614260226,1.5+ ATR,7.6292968130813925
2026,dukascopy,2026-04-29 13:30:00+00:00,2026-04,13,NEW_YORK,M15-0591 MTF,-1,SHORT,-1.0194245232682597,-1.0,4.0,stop,-1,-1,True,True,True,False,STRONG_ALIGNED,TREND,43.77487702516255,30+,25.296688666623766,25+,1.7683081488133605,1.5+ ATR,9.681570495215116
2026,dukascopy,2026-04-29 18:15:00+00:00,2026-04,18,OTHER,V1 Legacy M15,-1,SHORT,-1.0150418525863871,-1.0,2.0,stop,-1,-1,True,True,True,False,STRONG_ALIGNED,TREND,45.69734755536816,30+,21.483441044646828,20-25,2.3142111290887635,1.5+ ATR,11.952237050597526
2026,dukascopy,2026-04-30 02:00:00+00:00,2026-04,2,ASIA,M15-0591 MTF,1,LONG,-1.0322095525703412,-1.0,3.0,stop,0,-1,False,False,False,False,NEUTRAL_MIX,MIXED,49.14013916813433,30+,28.241610092627482,25+,0.9588276538257582,0.6-1.0 ATR,8.815974347706529
2026,dukascopy,2026-04-30 05:00:00+00:00,2026-04,5,ASIA,M15-0591 MTF,-1,SHORT,-1.0283792333223558,-1.0,4.0,stop,-1,-1,True,True,True,False,STRONG_ALIGNED,TREND,49.526968490312086,30+,22.43827657340042,20-25,0.95764997350265,0.6-1.0 ATR,7.995614485315875
2026,dukascopy,2026-04-30 07:15:00+00:00,2026-04,7,LONDON,M15-0591 MTF,1,LONG,2.9746759372894442,3.0,3.0,target,0,-1,False,False,False,False,NEUTRAL_MIX,MIXED,49.526968490312086,30+,23.418291639930978,20-25,1.0401450096124496,1.0-1.5 ATR,9.037201460498288
2026,dukascopy,2026-04-30 11:00:00+00:00,2026-04,11,LONDON,M15-0591 MTF,1,LONG,-1.0313499242637196,-1.0,3.0,stop,0,-1,False,False,False,False,NEUTRAL_MIX,MIXED,48.740094914724615,30+,55.020708322549375,25+,0.583755687083277,<0.6 ATR,10.163498414283726
2026,dukascopy,2026-05-01 10:00:00+00:00,2026-05,10,LONDON,V1 Legacy M15,-1,SHORT,-1.041872331142439,-1.0,3.0,stop,-1,-1,True,True,True,False,STRONG_ALIGNED,TREND,37.545736184263326,30+,48.234067190518346,25+,1.4106890610923841,1.0-1.5 ATR,7.464437267164823
2026,dukascopy,2026-05-01 15:00:00+00:00,2026-05,15,NEW_YORK,Structural Portfolio MTF,-1,SHORT,1.7506618848415216,1.7664054449663893,3.0,time_exit,0,-1,False,True,False,False,NEUTRAL_MIX,MIXED,37.25075554846476,30+,44.50082449463865,25+,0.6152884841154268,0.6-1.0 ATR,13.213314095563243
2026,dukascopy,2026-05-04 08:30:00+00:00,2026-05,8,LONDON,M15-0591 MTF,-1,SHORT,3.97320298074048,4.0,4.0,target,-1,-1,True,True,True,False,STRONG_ALIGNED,TREND,25.373849729247297,22-30,17.35616959531877,15-20,0.7713980177177124,0.6-1.0 ATR,9.044617486369992
2026,dukascopy,2026-05-05 04:00:00+00:00,2026-05,4,ASIA,Structural Portfolio MTF,-1,SHORT,-1.0353071597523862,-1.0,4.0,stop,-1,-1,True,True,True,False,STRONG_ALIGNED,TREND,25.015046282128665,22-30,20.37883232232284,20-25,0.6704258261767008,0.6-1.0 ATR,6.72706781855319
2026,dukascopy,2026-05-05 10:30:00+00:00,2026-05,10,LONDON,Structural Frequency M15,-1,SHORT,-1.0338566236764384,-1.0,2.0,stop,0,-1,False,True,False,False,NEUTRAL_MIX,MIXED,24.076829692750955,22-30,26.47952418039751,25+,1.103721334632338,1.0-1.5 ATR,7.320688426025095
2026,dukascopy,2026-05-05 16:00:00+00:00,2026-05,16,NEW_YORK,Structural Frequency M15,-1,SHORT,-1.025044713355204,-1.0,2.0,stop,0,-1,False,True,False,False,NEUTRAL_MIX,MIXED,21.414857446677054,18-22,18.650634981272937,15-20,0.8136032994790593,0.6-1.0 ATR,9.205960699515908
2026,dukascopy,2026-05-07 01:30:00+00:00,2026-05,1,ASIA,Structural Portfolio MTF,1,LONG,2.9761373830988735,3.0,3.0,target,1,0,True,False,False,False,NEUTRAL_MIX,MIXED,26.268745647688533,22-30,14.166448299644282,<15,1.4735816712126957,1.0-1.5 ATR,8.720249614277874
2026,dukascopy,2026-05-08 06:30:00+00:00,2026-05,6,OTHER,V1 Legacy M15,1,LONG,-1.0188716170038437,-1.0,2.0,stop,1,1,True,True,True,False,STRONG_ALIGNED,TREND,31.684119835540375,30+,12.574553184648568,<15,1.2763722580258592,1.0-1.5 ATR,10.122438746813788
2026,dukascopy,2026-05-08 18:15:00+00:00,2026-05,18,OTHER,V1 Legacy M15,1,LONG,-1.027222317245687,-1.0,2.0,stop,1,1,True,True,True,False,STRONG_ALIGNED,TREND,31.789435332031804,30+,9.914047679596198,<15,0.9182889601369353,0.6-1.0 ATR,8.86431216464323
2026,dukascopy,2026-05-11 14:30:00+00:00,2026-05,14,NEW_YORK,Structural Portfolio MTF,-1,SHORT,-1.0190402132368723,-1.0,3.0,stop,0,0,False,False,False,False,NEUTRAL_MIX,MIXED,25.74511094524153,22-30,34.83524318068466,25+,0.7856494582847958,0.6-1.0 ATR,11.951895213547614
2026,dukascopy,2026-05-12 12:00:00+00:00,2026-05,12,OTHER,Structural Frequency M15,1,LONG,-1.0210168209903587,-1.0,2.0,stop,0,1,False,True,False,False,NEUTRAL_MIX,MIXED,25.141656259770574,22-30,25.96418765801228,25+,0.8046109469119784,0.6-1.0 ATR,8.339434139881378
2026,dukascopy,2026-05-12 13:30:00+00:00,2026-05,13,NEW_YORK,Outcome First M15,-1,SHORT,1.97874695842679,2.0,2.0,target,0,1,False,False,False,False,NEUTRAL_MIX,MIXED,25.141656259770574,22-30,25.100983046788443,25+,1.4821073821602018,1.0-1.5 ATR,10.896646352615551
2026,dukascopy,2026-05-13 07:15:00+00:00,2026-05,7,LONDON,Structural Frequency M15,-1,SHORT,0.06277861146952142,0.09671700576537143,3.0,time_exit,-1,0,True,False,False,False,NEUTRAL_MIX,MIXED,19.780882838355957,18-22,15.961718087753063,15-20,1.0787207711669167,1.0-1.5 ATR,8.148540600076974
2026,dukascopy,2026-05-14 01:30:00+00:00,2026-05,1,ASIA,Structural Portfolio MTF,-1,SHORT,-1.031274504378259,-1.0,2.0,stop,0,0,False,False,False,False,NEUTRAL_MIX,MIXED,17.191535198464,<18,13.326657016100407,<15,1.0641367129034653,1.0-1.5 ATR,7.546022895959522
2026,dukascopy,2026-05-14 08:15:00+00:00,2026-05,8,LONDON,Structural Portfolio MTF,-1,SHORT,2.977505887840668,3.0,3.0,target,0,0,False,False,False,False,NEUTRAL_MIX,MIXED,16.70186498080482,<18,14.47506014659232,<15,0.8535752031169873,0.6-1.0 ATR,10.356439558832479
2026,dukascopy,2026-05-15 13:45:00+00:00,2026-05,13,NEW_YORK,V1 Legacy M15,-1,SHORT,-1.0112314179277375,-1.0,3.0,stop,-1,-1,True,True,True,False,STRONG_ALIGNED,TREND,24.99063974914459,22-30,36.21649523055365,25+,2.2319892012456726,1.5+ ATR,14.02336533820668
2026,dukascopy,2026-05-15 20:00:00+00:00,2026-05,20,OTHER,V1 Legacy M15,-1,SHORT,1.974683682481051,2.0,2.0,target,-1,-1,True,True,True,False,STRONG_ALIGNED,TREND,30.12308354530471,30+,14.257114767551787,<15,0.9478109709307758,0.6-1.0 ATR,10.054747510087406
2026,dukascopy,2026-05-18 01:15:00+00:00,2026-05,1,ASIA,M15-0591 MTF,-1,SHORT,-1.0183170111091675,-1.0,4.0,stop,-1,-1,True,True,True,False,STRONG_ALIGNED,TREND,34.085979490292985,30+,21.75517635720782,20-25,1.6634957908491124,1.5+ ATR,15.936319253605381
2026,dukascopy,2026-05-18 15:00:00+00:00,2026-05,15,NEW_YORK,Structural Portfolio MTF,-1,SHORT,-1.0116436781116325,-1.0,4.0,stop,-1,-1,True,True,True,False,STRONG_ALIGNED,TREND,38.620762230965596,30+,20.510546344464924,20-25,0.7852237395337551,0.6-1.0 ATR,13.957805206587095
2026,dukascopy,2026-05-19 00:45:00+00:00,2026-05,0,ASIA,Structural Portfolio MTF,-1,SHORT,2.976656583157882,3.0,3.0,target,0,-1,False,True,False,False,NEUTRAL_MIX,MIXED,37.75483154344523,30+,30.875219100398027,25+,0.8867764852696176,0.6-1.0 ATR,8.998885437940109
2026,dukascopy,2026-05-19 14:15:00+00:00,2026-05,14,NEW_YORK,M15-0591 MTF,-1,SHORT,0.5315467469566237,0.5443847247321677,4.0,time_exit,-1,-1,True,True,True,False,STRONG_ALIGNED,TREND,36.786997743552064,30+,24.230722861892477,20-25,1.3594696477587298,1.0-1.5 ATR,16.087155778766782
2026,dukascopy,2026-05-20 13:30:00+00:00,2026-05,13,NEW_YORK,Structural Frequency M15,-1,SHORT,-1.0254520864163599,-1.0,2.0,stop,0,-1,False,True,False,False,NEUTRAL_MIX,MIXED,42.27573576140514,30+,21.043504272489667,20-25,1.728258047530392,1.5+ ATR,9.281021444060654
2026,dukascopy,2026-05-21 01:45:00+00:00,2026-05,1,ASIA,M15-0591 MTF,1,LONG,-1.039282024458189,-1.0,3.0,stop,0,0,False,False,False,False,NEUTRAL_MIX,MIXED,36.92163858683882,30+,46.4660380418069,25+,1.0978899082581928,1.0-1.5 ATR,8.54366173643177
2026,dukascopy,2026-05-21 08:15:00+00:00,2026-05,8,LONDON,Outcome First M15,1,LONG,-1.0195478543844712,-1.0,3.0,stop,0,-1,False,False,False,False,NEUTRAL_MIX,MIXED,32.945490663523856,30+,18.949793925795873,15-20,1.878645186282489,1.5+ ATR,9.277962718703268
2026,dukascopy,2026-05-22 10:45:00+00:00,2026-05,10,LONDON,Outcome First M15,-1,SHORT,-1.0178586684280668,-1.0,3.0,stop,1,-1,False,True,False,False,OPPOSED_HTF,MIXED,24.486456427321514,22-30,20.678834276448736,20-25,1.5604863327046645,1.5+ ATR,8.490942677488786
2026,dukascopy,2026-05-25 07:15:00+00:00,2026-05,7,LONDON,Structural Frequency M15,1,LONG,-1.0418992947322667,-1.0,2.0,stop,1,0,True,False,False,False,NEUTRAL_MIX,MIXED,21.78088169431949,18-22,16.595195965248962,15-20,0.6277377394661181,0.6-1.0 ATR,6.515459789750145
2026,dukascopy,2026-05-26 11:30:00+00:00,2026-05,11,LONDON,Structural Portfolio MTF,-1,SHORT,0.8277439142222796,0.8531323181676184,4.0,time_exit,-1,-1,True,True,True,False,ALIGNED_WEAK,MIXED,17.879076523967527,<18,20.70352039633796,20-25,1.2097510085464036,1.0-1.5 ATR,8.166969839414795
2026,dukascopy,2026-05-27 08:30:00+00:00,2026-05,8,LONDON,Outcome First M15,1,LONG,-1.0317901313068254,-1.0,3.0,stop,-1,-1,False,False,False,True,ALIGNED_WEAK,MIXED,16.90666904442387,<18,24.286630108652616,20-25,0.8414901546352199,0.6-1.0 ATR,8.104669986254374
2026,dukascopy,2026-05-27 12:00:00+00:00,2026-05,12,OTHER,M15-0591 MTF,-1,SHORT,-1.0177668644606455,-1.0,4.0,stop,-1,-1,True,True,True,False,STRONG_ALIGNED,TREND,18.31116584961384,18-22,36.8274022604843,25+,1.873830336774176,1.5+ ATR,10.587938305105558
2026,dukascopy,2026-05-27 13:30:00+00:00,2026-05,13,NEW_YORK,M15-0591 MTF,-1,SHORT,-1.0122308655287446,-1.0,4.0,stop,-1,-1,True,True,True,False,STRONG_ALIGNED,TREND,18.31116584961384,18-22,36.96797519006985,25+,1.4041835798834335,1.0-1.5 ATR,14.124221564851904
2026,dukascopy,2026-05-28 00:00:00+00:00,2026-05,0,ASIA,V1 Legacy M15,-1,SHORT,1.9721496124133793,2.0,2.0,target,-1,-1,True,True,True,False,STRONG_ALIGNED,TREND,22.857854589752765,22-30,10.653373885013927,<15,1.0025096318473936,1.0-1.5 ATR,6.773002257831241
2026,dukascopy,2026-05-28 03:30:00+00:00,2026-05,3,ASIA,V1 Legacy M15,-1,SHORT,-1.0169212002661652,-1.0,3.0,stop,-1,-1,True,True,True,False,STRONG_ALIGNED,TREND,22.857854589752765,22-30,33.28430750754848,25+,1.2252150564026245,1.0-1.5 ATR,10.006406578121085
2026,dukascopy,2026-05-29 08:30:00+00:00,2026-05,8,LONDON,Outcome First M15,-1,SHORT,-1.0443933156302105,-1.0,2.0,stop,1,0,False,False,False,False,NEUTRAL_MIX,MIXED,21.76035870363503,18-22,28.867158537507297,25+,0.6858549797815809,0.6-1.0 ATR,7.946286256805248
2026,dukascopy,2026-06-01 05:30:00+00:00,2026-06,5,ASIA,Structural Portfolio MTF,1,LONG,-1.0357487028796264,-1.0,2.0,stop,0,0,False,False,False,False,NEUTRAL_MIX,MIXED,21.65183719712292,18-22,43.15542203693943,25+,0.8097866220665175,0.6-1.0 ATR,7.4464060478198775
2026,dukascopy,2026-06-04 00:45:00+00:00,2026-06,0,ASIA,Structural Portfolio MTF,-1,SHORT,-1.024782857145231,-1.0,3.0,stop,0,-1,False,True,False,False,NEUTRAL_MIX,MIXED,19.550007763050978,18-22,20.275738610956584,20-25,1.061502126406565,1.0-1.5 ATR,8.280718221221267
2026,dukascopy,2026-06-04 14:00:00+00:00,2026-06,14,NEW_YORK,Structural Frequency M15,-1,SHORT,1.9782062282723678,2.0,2.0,target,0,0,False,False,False,False,NEUTRAL_MIX,MIXED,17.746254449942704,<18,49.077634504230375,25+,1.8552420208226605,1.5+ ATR,10.7802646638693
2026,dukascopy,2026-06-08 09:30:00+00:00,2026-06,9,LONDON,V1 Legacy M15,-1,SHORT,-1.0231780562900852,-1.0,3.0,stop,-1,-1,True,True,True,False,STRONG_ALIGNED,TREND,27.83516320627809,22-30,31.071230660005682,25+,1.0553479508056212,1.0-1.5 ATR,10.944257759900275
2026,dukascopy,2026-06-08 14:15:00+00:00,2026-06,14,NEW_YORK,Outcome First M15,-1,SHORT,-1.0151712528169785,-1.0,3.0,stop,-1,-1,True,True,True,False,STRONG_ALIGNED,TREND,29.163066034305846,22-30,23.842631875263795,20-25,1.119546687077243,1.0-1.5 ATR,12.710501638077526
2026,dukascopy,2026-06-09 13:30:00+00:00,2026-06,13,NEW_YORK,Structural Frequency M15,-1,SHORT,-1.0283646091339138,-1.0,2.0,stop,0,-1,False,True,False,False,NEUTRAL_MIX,MIXED,31.398194940242092,30+,18.976071379514767,15-20,1.5727427249024901,1.5+ ATR,7.490099819555741
2026,dukascopy,2026-06-09 15:15:00+00:00,2026-06,15,NEW_YORK,M15-0591 MTF,-1,SHORT,3.984376478244898,4.0,4.0,target,-1,-1,True,True,True,False,STRONG_ALIGNED,TREND,31.398194940242092,30+,20.11445260268203,20-25,0.9512850128314863,0.6-1.0 ATR,13.182169203606849
2026,dukascopy,2026-06-10 07:45:00+00:00,2026-06,7,LONDON,Outcome First M15,-1,SHORT,2.9850944440693934,3.0,3.0,target,-1,-1,True,True,True,False,STRONG_ALIGNED,TREND,37.456448097393604,30+,37.6762015219216,25+,0.8579900561409767,0.6-1.0 ATR,10.769355581531896
2026,dukascopy,2026-06-10 17:45:00+00:00,2026-06,17,OTHER,V1 Legacy M15,-1,SHORT,0.34208611035757286,0.35394818944022094,3.0,time_exit,-1,-1,True,True,True,False,STRONG_ALIGNED,TREND,43.29375984428671,30+,30.57530478779342,25+,0.693317782066801,0.6-1.0 ATR,15.313324242672223
2026,dukascopy,2026-06-12 08:00:00+00:00,2026-06,8,LONDON,Structural Frequency M15,1,LONG,1.9835342832809306,2.0,2.0,target,1,0,True,False,False,False,NEUTRAL_MIX,MIXED,40.64266425919095,30+,18.70795558940336,15-20,1.8472296197217999,1.5+ ATR,11.130180991303517
2026,dukascopy,2026-06-15 07:30:00+00:00,2026-06,7,LONDON,Structural Frequency M15,1,LONG,1.9743626452304388,2.0,2.0,target,1,0,True,False,False,False,NEUTRAL_MIX,MIXED,30.516116413402845,30+,29.828126699347038,25+,0.660933077617324,0.6-1.0 ATR,8.472869931381794
2026,dukascopy,2026-06-16 08:30:00+00:00,2026-06,8,LONDON,V1 Legacy M15,1,LONG,-1.022464157036448,-1.0,2.0,stop,1,0,True,False,False,False,NEUTRAL_MIX,MIXED,28.656977854099743,22-30,21.05516316901393,20-25,0.8762683640354869,0.6-1.0 ATR,6.744509151035051
2026,dukascopy,2026-06-16 16:15:00+00:00,2026-06,16,NEW_YORK,Structural Frequency M15,1,LONG,-1.0167966453111175,-1.0,3.0,stop,1,0,True,False,False,False,NEUTRAL_MIX,MIXED,28.20471707457226,22-30,23.873764803548788,20-25,1.334036992284844,1.0-1.5 ATR,9.137677643497982
2026,dukascopy,2026-06-17 09:30:00+00:00,2026-06,9,LONDON,Structural Frequency M15,1,LONG,1.9721283719610132,2.0,2.0,target,0,0,False,False,False,False,NEUTRAL_MIX,MIXED,26.431601457277505,22-30,23.934838923129117,20-25,1.2904268298723187,1.0-1.5 ATR,6.222747244641739
2026,dukascopy,2026-06-17 17:45:00+00:00,2026-06,17,OTHER,V1 Legacy M15,1,LONG,-1.0196427755824948,-1.0,2.0,stop,1,1,True,True,True,False,STRONG_ALIGNED,TREND,26.180287691681176,22-30,19.617870571059335,15-20,2.4064905977798654,1.5+ ATR,8.963259619588522
2026,dukascopy,2026-06-18 03:00:00+00:00,2026-06,3,ASIA,Structural Portfolio MTF,-1,SHORT,3.978932464403102,4.0,4.0,target,-1,-1,True,True,True,False,STRONG_ALIGNED,TREND,24.28457082684801,22-30,22.885273246932016,20-25,0.648176045310404,0.6-1.0 ATR,12.913158486120226
2026,dukascopy,2026-06-18 23:45:00+00:00,2026-06,23,OTHER,M15-0591 MTF,-1,SHORT,3.9705378918903707,4.0,4.0,target,-1,-1,True,True,True,False,STRONG_ALIGNED,TREND,20.573953113608063,18-22,33.00652967586181,25+,0.6584124318387373,0.6-1.0 ATR,7.8825972126718264
2026,dukascopy,2026-06-19 04:45:00+00:00,2026-06,4,ASIA,M15-0591 MTF,-1,SHORT,-1.019678453640929,-1.0,4.0,stop,-1,-1,True,True,True,False,STRONG_ALIGNED,TREND,21.966431511229164,18-22,47.085455220278135,25+,1.5551695923011037,1.5+ ATR,8.989373293567349
2026,dukascopy,2026-06-19 10:15:00+00:00,2026-06,10,LONDON,Outcome First M15,-1,SHORT,-1.0251310401285247,-1.0,3.0,stop,-1,-1,True,True,True,False,STRONG_ALIGNED,TREND,23.256277285905558,22-30,26.69725404580193,25+,1.1235847315459297,1.0-1.5 ATR,9.033586622377161
2026,dukascopy,2026-06-22 08:00:00+00:00,2026-06,8,LONDON,Structural Frequency M15,-1,SHORT,-1.0235311492116912,-1.0,2.0,stop,0,-1,False,True,False,False,NEUTRAL_MIX,MIXED,23.204709596431826,22-30,26.542607338118525,25+,0.9284656681989617,0.6-1.0 ATR,7.97013853442116
2026,dukascopy,2026-06-22 23:00:00+00:00,2026-06,23,OTHER,Structural Portfolio MTF,-1,SHORT,-1.0766535413955087,-1.0,3.0,stop,0,-1,False,True,False,False,NEUTRAL_MIX,MIXED,20.563635185246238,18-22,9.156362596267968,<15,0.41603207589931085,<0.6 ATR,5.384200233017399
2026,dukascopy,2026-06-23 00:15:00+00:00,2026-06,0,ASIA,V1 Legacy M15,-1,SHORT,-1.024332663986075,-1.0,2.0,stop,-1,-1,True,True,True,False,STRONG_ALIGNED,TREND,19.88808837962991,18-22,8.953464847853095,<15,2.40208488644521,1.5+ ATR,5.824107249058654
2026,dukascopy,2026-06-23 01:30:00+00:00,2026-06,1,ASIA,Structural Portfolio MTF,-1,SHORT,2.980264493306969,3.0,3.0,target,0,-1,False,True,False,False,NEUTRAL_MIX,MIXED,19.88808837962991,18-22,10.749547479109992,<15,2.0440025612410775,1.5+ ATR,7.299403769308855
2026,dukascopy,2026-06-23 14:45:00+00:00,2026-06,14,NEW_YORK,Outcome First M15,-1,SHORT,2.979323598496289,3.0,3.0,target,-1,-1,True,True,True,False,STRONG_ALIGNED,TREND,23.02635091475814,22-30,21.89081958649826,20-25,0.8992986799376289,0.6-1.0 ATR,11.349955501667415
2026,dukascopy,2026-06-24 03:15:00+00:00,2026-06,3,ASIA,M15-0591 MTF,-1,SHORT,-1.0196430795994618,-1.0,4.0,stop,-1,-1,True,True,True,False,STRONG_ALIGNED,TREND,25.568170484824815,22-30,39.822852578565126,25+,1.0221081276686341,1.0-1.5 ATR,12.33724657758349
2026,dukascopy,2026-06-24 08:00:00+00:00,2026-06,8,LONDON,Outcome First M15,-1,SHORT,2.980305802954022,3.0,3.0,target,-1,-1,True,True,True,False,STRONG_ALIGNED,TREND,28.590944571304203,22-30,24.914279322289524,20-25,1.1777216304972007,1.0-1.5 ATR,10.596731584806943
2026,dukascopy,2026-06-24 17:30:00+00:00,2026-06,17,OTHER,V1 Legacy M15,-1,SHORT,0.13384464565220472,0.14584388350831823,2.0,time_exit,-1,-1,True,True,True,False,STRONG_ALIGNED,TREND,32.53220934269419,30+,13.823732070166468,<15,1.1330883174483255,1.0-1.5 ATR,15.047370745465079
2026,dukascopy,2026-06-25 11:30:00+00:00,2026-06,11,LONDON,V1 Legacy M15,-1,SHORT,-1.0303148612415935,-1.0,2.0,stop,-1,-1,True,True,True,False,STRONG_ALIGNED,TREND,40.901041316330215,30+,17.44804998681881,15-20,0.762625898295274,0.6-1.0 ATR,9.191924921077918
2026,dukascopy,2026-06-25 17:00:00+00:00,2026-06,17,OTHER,Structural Portfolio MTF,-1,SHORT,-1.0242634580808754,-1.0,3.0,stop,0,-1,False,True,False,False,NEUTRAL_MIX,MIXED,42.39578145547902,30+,27.706694992032716,25+,0.7382424045558752,0.6-1.0 ATR,13.030950187407969
2026,dukascopy,2026-06-29 06:15:00+00:00,2026-06,6,OTHER,Structural Portfolio MTF,1,LONG,-1.0189323535630963,-1.0,2.0,stop,0,0,False,False,False,False,NEUTRAL_MIX,MIXED,33.30695043418596,30+,18.155888428023136,15-20,1.0967428248743765,1.0-1.5 ATR,9.819986742319106
2026,dukascopy,2026-06-29 19:00:00+00:00,2026-06,19,OTHER,V1 Legacy M15,-1,SHORT,2.9680411983133936,3.0,3.0,target,-1,-1,True,True,True,False,STRONG_ALIGNED,TREND,32.425059904062515,30+,37.43688909147385,25+,1.1529456596788634,1.0-1.5 ATR,7.8433878683570555
2026,dukascopy,2026-06-30 08:45:00+00:00,2026-06,8,LONDON,Structural Frequency M15,-1,SHORT,-1.0193706910385814,-1.0,2.0,stop,0,-1,False,True,False,False,NEUTRAL_MIX,MIXED,34.91999599713477,30+,39.23103013165963,25+,1.0561470322507918,1.0-1.5 ATR,10.90757219233889
2026,dukascopy,2026-06-30 20:30:00+00:00,2026-06,20,OTHER,M15-0591 MTF,-1,SHORT,3.9618430718473445,4.0,4.0,target,-1,-1,True,True,True,False,STRONG_ALIGNED,TREND,33.79445144423647,30+,15.535899038395453,15-20,1.2852180366878663,1.0-1.5 ATR,6.7148139487992795
2026,dukascopy,2026-07-01 05:15:00+00:00,2026-07,5,ASIA,V1 Legacy M15,-1,SHORT,-1.0346043899630009,-1.0,3.0,stop,-1,-1,True,True,True,False,STRONG_ALIGNED,TREND,33.75129381429667,30+,37.04782585813286,25+,1.0034518039425306,1.0-1.5 ATR,7.274888511155902
2026,dukascopy,2026-07-02 11:45:00+00:00,2026-07,11,LONDON,Structural Frequency M15,1,LONG,1.9722010693380716,2.0,2.0,target,1,0,True,False,False,False,NEUTRAL_MIX,MIXED,28.078248734232115,22-30,15.484149937349448,15-20,1.0474620555532488,1.0-1.5 ATR,7.84753963775629
2026,dukascopy,2026-07-03 00:30:00+00:00,2026-07,0,ASIA,M15-0591 MTF,1,LONG,2.9727711425992984,3.0,3.0,target,1,0,True,False,False,False,NEUTRAL_MIX,MIXED,29.995473274106608,22-30,17.706492335313698,15-20,1.131810946520897,1.0-1.5 ATR,8.022541244994294
2026,dukascopy,2026-07-03 07:00:00+00:00,2026-07,7,LONDON,Structural Portfolio MTF,1,LONG,-1.0311718950749742,-1.0,3.0,stop,1,0,True,False,False,False,NEUTRAL_MIX,MIXED,31.557127170720136,30+,35.53262917702322,25+,0.5585125877595868,<0.6 ATR,7.466259653569456
2026,dukascopy,2026-07-03 15:15:00+00:00,2026-07,15,NEW_YORK,Structural Portfolio MTF,1,LONG,-1.0237474891674234,-1.0,4.0,stop,1,1,True,True,True,False,STRONG_ALIGNED,TREND,34.4043722807839,30+,25.495012833109588,25+,0.8569448625247129,0.6-1.0 ATR,6.581520289863082
2026,dukascopy,2026-07-07 09:00:00+00:00,2026-07,9,LONDON,Structural Portfolio MTF,-1,SHORT,-1.0292339855999566,-1.0,3.0,stop,0,0,False,False,False,False,NEUTRAL_MIX,MIXED,31.042423412042183,30+,32.383016074371184,25+,1.1868635818128177,1.0-1.5 ATR,7.827352816580992
2026,dukascopy,2026-07-08 10:45:00+00:00,2026-07,10,LONDON,Outcome First M15,1,LONG,-1.0229929235057067,-1.0,2.0,stop,-1,0,False,False,False,False,NEUTRAL_MIX,MIXED,22.87094721318427,22-30,36.697058870252434,25+,0.7379719030635531,0.6-1.0 ATR,11.341895220202005
2026,dukascopy,2026-07-09 03:15:00+00:00,2026-07,3,ASIA,V1 Legacy M15,-1,SHORT,-1.0166285924256278,-1.0,2.0,stop,-1,-1,True,True,True,False,STRONG_ALIGNED,TREND,23.057939892400746,22-30,16.164375450548963,15-20,1.3482721571135303,1.0-1.5 ATR,9.093119616329712
2026,dukascopy,2026-07-09 09:15:00+00:00,2026-07,9,LONDON,Structural Frequency M15,-1,SHORT,-1.0408942857380818,-1.0,2.0,stop,0,0,False,False,False,False,NEUTRAL_MIX,MIXED,23.06314574836532,22-30,39.361330361631715,25+,0.47761669788823025,<0.6 ATR,8.06085720416191
2026,dukascopy,2026-07-10 02:30:00+00:00,2026-07,2,ASIA,Structural Portfolio MTF,1,LONG,-1.0233453221724462,-1.0,4.0,stop,1,1,True,True,True,False,STRONG_ALIGNED,TREND,18.92998905400473,18-22,16.308366553113284,15-20,0.8625787851151546,0.6-1.0 ATR,7.315273814852764
2026,dukascopy,2026-07-10 08:15:00+00:00,2026-07,8,LONDON,M15-0591 MTF,-1,SHORT,-1.0518806183536527,-1.0,3.0,stop,0,0,False,False,False,False,NEUTRAL_MIX,MIXED,17.827266018123566,<18,24.027560993468356,20-25,0.9053924441378465,0.6-1.0 ATR,6.063668893579629
2026,dukascopy,2026-07-10 16:15:00+00:00,2026-07,16,NEW_YORK,Structural Frequency M15,1,LONG,-1.0208074399660108,-1.0,3.0,stop,1,1,True,True,True,False,STRONG_ALIGNED,TREND,18.304641956345964,18-22,25.42286642220696,25+,0.6656302904846552,0.6-1.0 ATR,10.125741115375456
2026,dukascopy,2026-07-13 13:45:00+00:00,2026-07,13,NEW_YORK,Outcome First M15,-1,SHORT,2.9701973107745268,3.0,3.0,target,-1,-1,True,True,True,False,STRONG_ALIGNED,TREND,24.630143677955548,22-30,17.869964590962493,15-20,1.4710776215790808,1.0-1.5 ATR,8.347622056012364
2026,dukascopy,2026-07-13 23:45:00+00:00,2026-07,23,OTHER,V1 Legacy M15,-1,SHORT,-1.0363300608529697,-1.0,3.0,stop,-1,-1,True,True,True,False,STRONG_ALIGNED,TREND,28.569349425150808,22-30,38.44739001262603,25+,0.6380491363113279,0.6-1.0 ATR,5.9713269451726125
2026,dukascopy,2026-07-15 02:00:00+00:00,2026-07,2,ASIA,M15-0591 MTF,-1,SHORT,-0.08298687726720633,-0.06156420552953955,4.0,time_exit,-1,-1,True,True,True,False,STRONG_ALIGNED,TREND,26.210537655543035,22-30,16.39269866699282,15-20,0.924533383575614,0.6-1.0 ATR,7.7228146942472415
2026,dukascopy,2026-07-15 19:15:00+00:00,2026-07,19,OTHER,Structural Portfolio MTF,-1,SHORT,1.689518123813265,1.708658230498917,3.0,time_exit,0,-1,False,True,False,False,NEUTRAL_MIX,MIXED,21.403929008366056,18-22,24.50197944639706,20-25,0.5986394024245383,<0.6 ATR,9.454773569992877
2026,dukascopy,2026-07-16 17:45:00+00:00,2026-07,17,OTHER,V1 Legacy M15,-1,SHORT,-1.0242968001519885,-1.0,3.0,stop,-1,-1,True,True,True,False,STRONG_ALIGNED,TREND,18.003250635132858,18-22,28.912676675520153,25+,0.7969042990862871,0.6-1.0 ATR,10.86705142628697
2026,dukascopy,2026-07-17 11:00:00+00:00,2026-07,11,LONDON,Outcome First M15,-1,SHORT,2.9580994711516184,3.0,3.0,target,-1,-1,True,True,True,False,STRONG_ALIGNED,TREND,18.922954667293293,18-22,15.518086105538337,15-20,1.050348967921161,1.0-1.5 ATR,6.540683344124114
2026,dukascopy,2026-07-20 22:45:00+00:00,2026-07,22,OTHER,V1 Legacy M15,-1,SHORT,-1.0549450883486728,-1.0,2.0,stop,-1,-1,True,True,True,False,STRONG_ALIGNED,TREND,19.532698047518007,18-22,15.030998168202668,15-20,1.3199296246055132,1.0-1.5 ATR,5.568478699912959
2026,dukascopy,2026-07-21 07:30:00+00:00,2026-07,7,LONDON,Outcome First M15,-1,SHORT,-1.026939914990223,-1.0,2.0,stop,1,0,False,False,False,False,NEUTRAL_MIX,MIXED,18.621640595211794,18-22,59.4950827795847,25+,0.7204433901620821,0.6-1.0 ATR,7.453743171676226
2026,dukascopy,2026-07-22 12:15:00+00:00,2026-07,12,OTHER,V1 Legacy M15,1,LONG,-1.0269305891181635,-1.0,2.0,stop,1,1,True,True,True,False,STRONG_ALIGNED,TREND,26.29755970969246,22-30,13.175629718817133,<15,0.9134779829530222,0.6-1.0 ATR,6.152310296337939
2026,dukascopy,2026-07-22 14:45:00+00:00,2026-07,14,NEW_YORK,M15-0591 MTF,1,LONG,-1.044714268842172,-1.0,4.0,stop,1,1,True,True,True,False,STRONG_ALIGNED,TREND,26.29755970969246,22-30,19.243526413276104,15-20,0.7533764422428063,0.6-1.0 ATR,9.0924000485162
2026,dukascopy,2026-07-23 00:15:00+00:00,2026-07,0,ASIA,Structural Portfolio MTF,1,LONG,-1.0352660442193748,-1.0,4.0,stop,1,1,True,True,True,False,STRONG_ALIGNED,TREND,31.9249792168783,30+,28.584416450939024,25+,1.1459517966879142,1.0-1.5 ATR,7.3126985133409566
2026,dukascopy,2026-07-23 03:00:00+00:00,2026-07,3,ASIA,Structural Portfolio MTF,1,LONG,-1.0241886932199264,-1.0,4.0,stop,1,1,True,True,True,False,STRONG_ALIGNED,TREND,31.9249792168783,30+,23.799957347600966,20-25,0.9394905561550786,0.6-1.0 ATR,7.961761777162318
2026,dukascopy,2026-07-23 14:45:00+00:00,2026-07,14,NEW_YORK,Structural Portfolio MTF,1,LONG,-1.0222320074565447,-1.0,3.0,stop,0,0,False,False,False,False,NEUTRAL_MIX,MIXED,31.370542821731167,30+,48.95130112543476,25+,0.8446821342756533,0.6-1.0 ATR,10.67857319811194
2026,dukascopy,2026-07-24 11:45:00+00:00,2026-07,11,LONDON,Structural Frequency M15,-1,SHORT,-1.0446851825274281,-1.0,2.0,stop,0,0,False,False,False,False,NEUTRAL_MIX,MIXED,23.542055854740312,22-30,40.97461406299674,25+,0.9295622393388656,0.6-1.0 ATR,5.5510000101443575
2026,dukascopy,2026-07-24 14:15:00+00:00,2026-07,14,NEW_YORK,Structural Frequency M15,1,LONG,2.972974616739222,3.0,3.0,target,0,0,False,False,False,False,NEUTRAL_MIX,MIXED,22.227816121195065,22-30,29.629055780420263,25+,1.580062463629577,1.5+ ATR,8.081958969309282
2026,dukascopy,2026-07-27 06:15:00+00:00,2026-07,6,OTHER,Structural Portfolio MTF,1,LONG,-1.0383454890939552,-1.0,4.0,stop,1,1,True,True,True,False,STRONG_ALIGNED,TREND,20.27727682014971,18-22,27.74277015253922,25+,0.7089138202393159,0.6-1.0 ATR,6.869664352651315
2026,dukascopy,2026-07-27 14:30:00+00:00,2026-07,14,NEW_YORK,M15-0591 MTF,-1,SHORT,-1.018254465312345,-1.0,3.0,stop,0,1,False,False,False,False,NEUTRAL_MIX,MIXED,21.993985129544015,18-22,24.55525311600751,20-25,1.366139673114315,1.0-1.5 ATR,8.520358663960613
2026,dukascopy,2026-07-28 09:15:00+00:00,2026-07,9,LONDON,Structural Frequency M15,-1,SHORT,1.9725247534996277,2.0,2.0,target,-1,0,True,False,False,False,NEUTRAL_MIX,MIXED,18.76781522427179,18-22,28.95317108703478,25+,0.9289136455894975,0.6-1.0 ATR,5.673293771732236
2026,dukascopy,2026-07-28 17:00:00+00:00,2026-07,17,OTHER,Structural Frequency M15,-1,SHORT,0.5200146507956671,0.559139335630031,3.0,time_exit,-1,-1,True,True,True,False,STRONG_ALIGNED,TREND,18.635102582251083,18-22,20.518091302838126,20-25,0.6099281402259438,0.6-1.0 ATR,7.394313694608457
2026,dukascopy,2026-07-29 10:45:00+00:00,2026-07,10,LONDON,Outcome First M15,-1,SHORT,-1.0370114587314965,-1.0,3.0,stop,-1,-1,True,True,True,False,STRONG_ALIGNED,TREND,18.15633442420535,18-22,18.437077554252603,15-20,1.6643341691885696,1.5+ ATR,4.908869956075756
2026,dukascopy,2026-07-29 19:45:00+00:00,2026-07,19,OTHER,Structural Portfolio MTF,-1,SHORT,-0.0011686860175776966,0.007187427735680301,3.0,time_exit,0,-1,False,True,False,False,NEUTRAL_MIX,MIXED,18.125846273100326,18-22,42.10897375065891,25+,1.357197869092537,1.0-1.5 ATR,16.96141773004097
2026,dukascopy,2026-07-31 14:45:00+00:00,2026-07,14,NEW_YORK,Outcome First M15,1,LONG,0.8925684561849798,0.9113300871479768,2.0,time_exit,-1,0,False,False,False,False,NEUTRAL_MIX,MIXED,17.81645521143963,<18,32.35318681538661,25+,0.7679073763757559,0.6-1.0 ATR,8.399450504619361
2026,dukascopy,2026-08-03 12:00:00+00:00,2026-08,12,OTHER,Structural Portfolio MTF,1,LONG,-1.0228736621999097,-1.0,3.0,stop,0,0,False,False,False,False,NEUTRAL_MIX,MIXED,13.660145261415934,<18,24.438380485176207,20-25,1.635461654532117,1.5+ ATR,6.401862110912727
2026,dukascopy,2026-08-03 13:15:00+00:00,2026-08,13,NEW_YORK,M15-0591 MTF,-1,SHORT,-1.0258334168505772,-1.0,3.0,stop,-1,0,True,False,False,False,NEUTRAL_MIX,MIXED,13.660145261415934,<18,22.450802679550304,20-25,2.0118015627752106,1.5+ ATR,7.510681112682111
2026,dukascopy,2026-08-04 11:00:00+00:00,2026-08,11,LONDON,Outcome First M15,1,LONG,1.95400560084228,2.0,2.0,target,-1,0,False,False,False,False,NEUTRAL_MIX,MIXED,14.242130106045478,<18,17.987397681766776,15-20,1.457422956697445,1.0-1.5 ATR,5.6332308766455075
2026,dukascopy,2026-08-04 13:45:00+00:00,2026-08,13,NEW_YORK,Structural Portfolio MTF,1,LONG,2.9824486573174203,3.0,3.0,target,1,0,True,False,False,False,NEUTRAL_MIX,MIXED,13.244411469836042,<18,29.53221030533123,25+,1.5077316407462027,1.5+ ATR,10.340036368994937
2026,dukascopy,2026-08-05 07:30:00+00:00,2026-08,7,LONDON,Outcome First M15,-1,SHORT,-1.0257546847142247,-1.0,3.0,stop,1,1,False,False,False,True,ALIGNED_WEAK,MIXED,13.586719773431778,<18,58.017811012620925,25+,0.6775534557067505,0.6-1.0 ATR,9.28340036793086
2026,dukascopy,2026-08-05 18:30:00+00:00,2026-08,18,OTHER,V1 Legacy M15,1,LONG,-0.09261390185463136,-0.07686250247935099,3.0,time_exit,1,1,True,True,True,False,STRONG_ALIGNED,TREND,20.879922626033242,18-22,42.92037502782212,25+,1.3169078685120001,1.0-1.5 ATR,11.413099093243657
2026,dukascopy,2026-08-07 01:30:00+00:00,2026-08,1,ASIA,Structural Portfolio MTF,1,LONG,2.970909928815369,3.0,3.0,target,0,1,False,True,False,False,NEUTRAL_MIX,MIXED,35.204046166379285,30+,10.488565618329844,<15,1.2042621228750747,1.0-1.5 ATR,8.361966891359524
2026,dukascopy,2026-08-07 09:00:00+00:00,2026-08,9,LONDON,Structural Portfolio MTF,1,LONG,0.732196059657962,0.7499691522244125,4.0,time_exit,1,1,True,True,True,False,STRONG_ALIGNED,TREND,37.09960460626114,30+,42.63144575193896,25+,0.8552067519776527,0.6-1.0 ATR,9.576631593541968
2026,dukascopy,2026-08-10 05:00:00+00:00,2026-08,5,ASIA,V1 Legacy M15,1,LONG,-1.0251345824600064,-1.0,2.0,stop,1,1,True,True,True,False,STRONG_ALIGNED,TREND,45.75238438579824,30+,14.807499697305117,<15,0.9671325125727177,0.6-1.0 ATR,8.034059344495688
2026,dukascopy,2026-08-10 16:00:00+00:00,2026-08,16,NEW_YORK,V1 Legacy M15,1,LONG,1.9739085491846473,2.0,2.0,target,1,1,True,True,True,False,STRONG_ALIGNED,TREND,46.97765363696521,30+,18.24271233570613,15-20,1.2804970536028508,1.0-1.5 ATR,8.535747871693468
2026,dukascopy,2026-08-10 22:45:00+00:00,2026-08,22,OTHER,V1 Legacy M15,1,LONG,2.9574140652328422,3.0,3.0,target,1,1,True,True,True,False,STRONG_ALIGNED,TREND,47.50159595556623,30+,36.060841224654745,25+,0.8144826743006426,0.6-1.0 ATR,6.507197964095478
2026,dukascopy,2026-08-11 02:15:00+00:00,2026-08,2,ASIA,M15-0591 MTF,1,LONG,-1.0215689745021477,-1.0,4.0,stop,1,1,True,True,True,False,STRONG_ALIGNED,TREND,48.10091939785928,30+,45.7918701943859,25+,1.369957059844019,1.0-1.5 ATR,9.31416054854526
2026,dukascopy,2026-08-11 08:45:00+00:00,2026-08,8,LONDON,Structural Frequency M15,1,LONG,1.089263946860805,1.111984872514566,2.0,time_exit,0,1,False,True,False,False,NEUTRAL_MIX,MIXED,48.34714874715614,30+,33.50903692545475,25+,0.7836693279073264,0.6-1.0 ATR,9.238590489860227
2026,dukascopy,2026-08-12 02:00:00+00:00,2026-08,2,ASIA,V1 Legacy M15,1,LONG,0.45127320080750966,0.47363890293422356,3.0,time_exit,1,1,True,True,True,False,STRONG_ALIGNED,TREND,45.730556534939765,30+,22.742722854036657,20-25,0.8868371857568123,0.6-1.0 ATR,7.363245593302518
2026,dukascopy,2026-08-12 18:45:00+00:00,2026-08,18,OTHER,Structural Portfolio MTF,1,LONG,-1.0239803599713053,-1.0,3.0,stop,0,1,False,True,False,False,NEUTRAL_MIX,MIXED,45.407743393751126,30+,27.044466731385654,25+,0.5522268414015092,<0.6 ATR,10.539147255553527
2026,dukascopy,2026-08-13 08:15:00+00:00,2026-08,8,LONDON,Structural Portfolio MTF,-1,SHORT,-1.0262501110104154,-1.0,3.0,stop,0,0,False,False,False,False,NEUTRAL_MIX,MIXED,43.113243772506976,30+,31.9507608679511,25+,0.7910235704704615,0.6-1.0 ATR,8.217201411753285
2026,dukascopy,2026-08-14 10:45:00+00:00,2026-08,10,LONDON,Structural Portfolio MTF,-1,SHORT,-1.0585870066134513,-1.0,3.0,stop,0,0,False,False,False,False,NEUTRAL_MIX,MIXED,32.21026079556872,30+,24.358140917495625,20-25,0.6170324267077673,0.6-1.0 ATR,6.077476381603584
2026,dukascopy,2026-08-17 07:00:00+00:00,2026-08,7,LONDON,V1 Legacy M15,1,LONG,-1.0375611331149786,-1.0,3.0,stop,1,1,True,True,True,False,STRONG_ALIGNED,TREND,27.7730251111108,22-30,22.390285575761553,20-25,1.137278071811175,1.0-1.5 ATR,7.315713022365473
2026,dukascopy,2026-08-17 16:00:00+00:00,2026-08,16,NEW_YORK,V1 Legacy M15,1,LONG,-1.0303716036679145,-1.0,3.0,stop,1,1,True,True,True,False,STRONG_ALIGNED,TREND,29.475870309756555,22-30,31.572405652155243,25+,1.1165999207935484,1.0-1.5 ATR,9.072184057474132
2026,dukascopy,2026-08-17 23:45:00+00:00,2026-08,23,OTHER,V1 Legacy M15,1,LONG,-1.0319578375420764,-1.0,2.0,stop,1,1,True,True,True,False,STRONG_ALIGNED,TREND,30.352334813103074,30+,15.02180545722109,15-20,0.5055070635948083,<0.6 ATR,5.875288821641399
2026,dukascopy,2026-08-19 11:45:00+00:00,2026-08,11,LONDON,Structural Frequency M15,-1,SHORT,-1.0384449776892015,-1.0,2.0,stop,0,0,False,False,False,False,NEUTRAL_MIX,MIXED,22.86629596361839,22-30,33.05835663016346,25+,1.3357320119865819,1.0-1.5 ATR,6.393498039549682
2026,dukascopy,2026-08-19 19:15:00+00:00,2026-08,19,OTHER,V1 Legacy M15,1,LONG,-1.0138733191533378,-1.0,3.0,stop,1,1,True,True,True,False,STRONG_ALIGNED,TREND,23.140532329211585,22-30,50.153500016872584,25+,1.0119568463313064,1.0-1.5 ATR,11.087429311513269
2026,dukascopy,2026-08-20 16:00:00+00:00,2026-08,16,NEW_YORK,M15-0591 MTF,1,LONG,0.42179371684364636,0.44045835641719716,4.0,time_exit,1,1,True,True,True,False,STRONG_ALIGNED,TREND,29.396462261605038,22-30,25.273159713561355,25+,1.035425390313187,1.0-1.5 ATR,12.873935799438806
2026,dukascopy,2026-08-21 06:30:00+00:00,2026-08,6,OTHER,M15-0591 MTF,1,LONG,3.9694347588229166,4.0,4.0,target,1,1,True,True,True,False,STRONG_ALIGNED,TREND,31.852546730460713,30+,28.060011599498086,25+,1.0311564160693882,1.0-1.5 ATR,9.096583072968052
2026,dukascopy,2026-08-24 01:15:00+00:00,2026-08,1,ASIA,Structural Portfolio MTF,1,LONG,0.5511310576540099,0.567023445681072,4.0,time_exit,1,1,True,True,True,False,STRONG_ALIGNED,TREND,40.8099271431461,30+,18.40800681212375,15-20,1.2419094095222,1.0-1.5 ATR,13.116898764997051
2026,dukascopy,2026-08-24 22:15:00+00:00,2026-08,22,OTHER,V1 Legacy M15,1,LONG,2.9629643242018866,3.0,3.0,target,1,1,True,True,True,False,STRONG_ALIGNED,TREND,47.645957773197615,30+,30.81792678338433,25+,1.0741840485327994,1.0-1.5 ATR,9.9796678368493
2026,dukascopy,2026-08-25 00:45:00+00:00,2026-08,0,ASIA,M15-0591 MTF,1,LONG,-1.023938043844096,-1.0,4.0,stop,1,1,True,True,True,False,STRONG_ALIGNED,TREND,48.52866931103011,30+,30.467675708427926,25+,1.5219857110379618,1.5+ ATR,10.013234611517099
2026,dukascopy,2026-08-25 14:30:00+00:00,2026-08,14,NEW_YORK,Structural Portfolio MTF,1,LONG,0.3784247307180053,0.40173014485078784,3.0,time_exit,0,1,False,True,False,False,NEUTRAL_MIX,MIXED,46.618057659498994,30+,20.069603557467865,20-25,0.9483521453367517,0.6-1.0 ATR,10.491883261851703
2026,dukascopy,2026-08-27 10:00:00+00:00,2026-08,10,LONDON,Structural Portfolio MTF,-1,SHORT,-1.020243540877859,-1.0,3.0,stop,-1,0,True,False,False,False,NEUTRAL_MIX,MIXED,28.10433909075152,22-30,32.30729025595952,25+,0.8195075081638987,0.6-1.0 ATR,8.261059151450203
2026,dukascopy,2026-08-27 19:45:00+00:00,2026-08,19,OTHER,Structural Portfolio MTF,-1,SHORT,1.9492951683820057,2.0,2.0,target,0,0,False,False,False,False,NEUTRAL_MIX,MIXED,25.116800318996347,22-30,22.730119555373584,20-25,0.67903610514117,0.6-1.0 ATR,8.011356036612437
2026,dukascopy,2026-08-31 12:45:00+00:00,2026-08,12,NEW_YORK,V1 Legacy M15,-1,SHORT,-0.0022063363204839308,0.01592830937672354,3.0,time_exit,-1,-1,True,True,True,False,STRONG_ALIGNED,TREND,34.02295496323553,30+,27.054167534496628,25+,1.3045932197297367,1.0-1.5 ATR,8.44707747468086
2026,dukascopy,2026-09-01 07:30:00+00:00,2026-09,7,LONDON,Outcome First M15,-1,SHORT,2.971157729376229,3.0,3.0,target,-1,-1,True,True,True,False,STRONG_ALIGNED,TREND,39.50994942907146,30+,20.16235247009649,20-25,1.0092025938461235,1.0-1.5 ATR,7.6496038031164115
2026,dukascopy,2026-09-01 10:00:00+00:00,2026-09,10,LONDON,V1 Legacy M15,-1,SHORT,-1.0216303843301882,-1.0,3.0,stop,-1,-1,True,True,True,False,STRONG_ALIGNED,TREND,40.96200894060556,30+,43.90931349289018,25+,0.8926815358906045,0.6-1.0 ATR,10.272420377611382
2026,dukascopy,2026-09-01 16:30:00+00:00,2026-09,16,NEW_YORK,V1 Legacy M15,-1,SHORT,2.981201480413683,3.0,3.0,target,-1,-1,True,True,True,False,STRONG_ALIGNED,TREND,44.91907385092347,30+,33.77239732031723,25+,1.1139149071840646,1.0-1.5 ATR,11.733391766020164
2026,dukascopy,2026-09-02 09:00:00+00:00,2026-09,9,LONDON,V1 Legacy M15,-1,SHORT,-1.0218443640452193,-1.0,2.0,stop,-1,-1,True,True,True,False,STRONG_ALIGNED,TREND,52.51522456079758,30+,17.97439858153811,15-20,1.1405947025716678,1.0-1.5 ATR,8.828727660488045
2026,dukascopy,2026-09-03 13:45:00+00:00,2026-09,13,NEW_YORK,Outcome First M15,-1,SHORT,-1.016258709272087,-1.0,2.0,stop,1,0,False,False,False,False,NEUTRAL_MIX,MIXED,42.16969771264959,30+,35.260384906812945,25+,1.2432902647461939,1.0-1.5 ATR,11.702818249743498
2026,dukascopy,2026-09-04 02:15:00+00:00,2026-09,2,ASIA,Structural Portfolio MTF,1,LONG,-1.034449142029347,-1.0,3.0,stop,1,0,True,False,False,False,NEUTRAL_MIX,MIXED,37.04114105419327,30+,9.918037190965366,<15,0.7316984324037477,0.6-1.0 ATR,7.421090109707989
2026,dukascopy,2026-09-04 04:45:00+00:00,2026-09,4,ASIA,Structural Portfolio MTF,1,LONG,-1.0510983704631038,-1.0,3.0,stop,1,0,True,False,False,False,NEUTRAL_MIX,MIXED,35.69869765449216,30+,10.909310528810469,<15,0.5200225417262996,<0.6 ATR,6.442028433764781
2026,dukascopy,2026-09-07 02:15:00+00:00,2026-09,2,ASIA,M15-0591 MTF,-1,SHORT,-1.0309404254787065,-1.0,4.0,stop,-1,-1,True,True,True,False,STRONG_ALIGNED,TREND,30.642522853720827,30+,23.408143517290014,20-25,0.8477723484070003,0.6-1.0 ATR,9.224174408017348
2026,dukascopy,2026-09-07 09:00:00+00:00,2026-09,9,LONDON,Outcome First M15,-1,SHORT,-1.0318716544118194,-1.0,3.0,stop,-1,-1,True,True,True,False,STRONG_ALIGNED,TREND,31.28815302043877,30+,17.28793437873879,15-20,0.6354910987960236,0.6-1.0 ATR,8.591780451912445
2026,dukascopy,2026-09-08 02:30:00+00:00,2026-09,2,ASIA,Structural Portfolio MTF,-1,SHORT,-1.0256167555107816,-1.0,3.0,stop,0,-1,False,True,False,False,NEUTRAL_MIX,MIXED,30.402275963122698,30+,24.042265105454906,20-25,0.691124830851538,0.6-1.0 ATR,7.798880548625759
2026,dukascopy,2026-09-08 04:45:00+00:00,2026-09,4,ASIA,Structural Portfolio MTF,-1,SHORT,1.9398857775691614,2.0,2.0,target,0,0,False,False,False,False,NEUTRAL_MIX,MIXED,29.301817059907066,22-30,25.659728123131046,25+,0.6194266291569916,0.6-1.0 ATR,7.3939346234324415
2026,dukascopy,2026-09-08 16:15:00+00:00,2026-09,16,NEW_YORK,V1 Legacy M15,-1,SHORT,-1.0181867977974803,-1.0,2.0,stop,-1,-1,True,True,True,False,STRONG_ALIGNED,TREND,28.323714006236393,22-30,21.05439381117688,20-25,1.4182652210406892,1.0-1.5 ATR,10.364775065987523
2026,dukascopy,2026-09-09 08:30:00+00:00,2026-09,8,LONDON,Structural Portfolio MTF,-1,SHORT,-1.0318204767647154,-1.0,3.0,stop,0,0,False,False,False,False,NEUTRAL_MIX,MIXED,27.388785674496578,22-30,35.45959898766111,25+,0.7961323050681409,0.6-1.0 ATR,6.7576707611929345
2026,dukascopy,2026-09-09 12:45:00+00:00,2026-09,12,NEW_YORK,Structural Frequency M15,-1,SHORT,-1.021526769259248,-1.0,2.0,stop,0,0,False,False,False,False,NEUTRAL_MIX,MIXED,25.904439570400893,22-30,21.771135927875545,20-25,0.9817061685621047,0.6-1.0 ATR,6.875784441577522
2026,dukascopy,2026-09-09 16:00:00+00:00,2026-09,16,NEW_YORK,Outcome First M15,1,LONG,-0.1582533033799251,-0.1408076870873778,2.0,time_exit,0,-1,False,False,False,False,NEUTRAL_MIX,MIXED,24.2625860782663,22-30,26.23165580235908,25+,0.6775028719108923,0.6-1.0 ATR,13.416917295659369
2026,dukascopy,2026-09-10 18:00:00+00:00,2026-09,18,OTHER,V1 Legacy M15,-1,SHORT,2.9732300358312083,3.0,3.0,target,-1,-1,True,True,True,False,STRONG_ALIGNED,TREND,19.070847350548615,18-22,30.776086529180397,25+,0.8182091970629162,0.6-1.0 ATR,11.121850050899171
2026,dukascopy,2026-09-11 11:00:00+00:00,2026-09,11,LONDON,Outcome First M15,-1,SHORT,-1.03285846543791,-1.0,3.0,stop_same_bar,-1,-1,True,True,True,False,STRONG_ALIGNED,TREND,18.648781349629715,18-22,19.11588697627941,15-20,1.1299569401380636,1.0-1.5 ATR,7.699408438463868
2026,dukascopy,2026-09-11 14:30:00+00:00,2026-09,14,NEW_YORK,Structural Frequency M15,-1,SHORT,1.9848543793793385,2.0,2.0,target,0,-1,False,True,False,False,NEUTRAL_MIX,MIXED,17.718780260476876,<18,14.554754819365877,<15,0.7346404419622979,0.6-1.0 ATR,15.054983864565266
2026,dukascopy,2026-09-15 08:00:00+00:00,2026-09,8,LONDON,M15-0591 MTF,-1,SHORT,-1.0330568615794817,-1.0,4.0,stop,-1,-1,True,True,True,False,ALIGNED_WEAK,MIXED,13.695253122338181,<18,28.161454602273984,25+,1.8302636952444578,1.5+ ATR,7.563391021724287
2026,dukascopy,2026-09-15 14:45:00+00:00,2026-09,14,NEW_YORK,Structural Portfolio MTF,-1,SHORT,-1.0184178587028558,-1.0,3.0,stop,0,-1,False,True,False,False,NEUTRAL_MIX,MIXED,13.79246434791657,<18,20.587790487580765,20-25,1.1990340497044016,1.0-1.5 ATR,8.745372996359023
2026,dukascopy,2026-09-15 19:30:00+00:00,2026-09,19,OTHER,Structural Portfolio MTF,-1,SHORT,-1.0409141694226274,-1.0,3.0,stop,0,-1,False,True,False,False,NEUTRAL_MIX,MIXED,13.345559577253933,<18,20.85454968552945,20-25,0.5597278415393248,<0.6 ATR,7.41431762369832
2026,dukascopy,2026-09-16 04:00:00+00:00,2026-09,4,ASIA,Structural Portfolio MTF,-1,SHORT,-1.0291685951620573,-1.0,2.0,stop,0,0,False,False,False,False,NEUTRAL_MIX,MIXED,12.199992094833139,<18,27.624246916863864,25+,0.580351977334865,<0.6 ATR,8.73607775626532
